Building Voxboard Watch for simulator 91AFFCAE-0DB7-4971-B587-FD609AC919C2 at Sat Jun 20 10:15:42 AST 2026
Command line invocation:
    /Applications/Xcode.app/Contents/Developer/usr/bin/xcodebuild -project Voxboard.xcodeproj -scheme "Voxboard Watch" -configuration Debug -destination id=91AFFCAE-0DB7-4971-B587-FD609AC919C2 -derivedDataPath /tmp/voxboard-watch-sim-derived build

Resolve Package Graph

Fetching from https://github.com/FluidInference/FluidAudio.git (cached)

Fetching from https://github.com/LicenseKit/LicenseKit.git (cached)

Fetching from https://github.com/KeyboardKit/KeyboardKit.git (cached)

Fetching from https://github.com/mykolaharmash/notelet (cached)

Fetching from https://github.com/CodyBontecou/ExportKit (cached)

Creating working copy of package ‘KeyboardKit’

Creating working copy of package ‘notelet’

Creating working copy of package ‘FluidAudio’

Creating working copy of package ‘LicenseKit’

Creating working copy of package ‘ExportKit’

Checking out 10.2.2 of package ‘KeyboardKit’

Checking out 1.1.0 of package ‘notelet’

Checking out 0.13.4 of package ‘FluidAudio’

Checking out 2.1.3 of package ‘LicenseKit’

Checking out main (17993dc) of package ‘ExportKit’


Resolved source packages:
  FluidAudio: https://github.com/FluidInference/FluidAudio.git @ 0.13.4
  VoxboardShared: /Users/codybontecou/projects/Voxboard/Packages/VoxboardShared @ local
  ExportKit: https://github.com/CodyBontecou/ExportKit @ main (17993dc)
  KeyboardKit: https://github.com/KeyboardKit/KeyboardKit.git @ 10.2.2
  Notelet: https://github.com/mykolaharmash/notelet @ 1.1.0
  LicenseKit: https://github.com/LicenseKit/LicenseKit.git @ 2.1.3

2026-06-20 10:15:44.558 xcodebuild[19415:3454497] [MT] IDERunDestination: Supported platforms for the buildables in the current scheme is empty.
ComputePackagePrebuildTargetDependencyGraph

Prepare packages

CreateBuildRequest

SendProjectDescription

CreateBuildOperation

ComputeTargetDependencyGraph
note: Building targets in dependency order
note: Target dependency graph (18 targets)
    Target 'Voxboard' in project 'Voxboard'
        ➜ Explicit dependency on target 'Voxboard Keyboard' in project 'Voxboard'
        ➜ Explicit dependency on target 'Voxboard WidgetExtension' in project 'Voxboard'
        ➜ Explicit dependency on target 'Voxboard Watch' in project 'Voxboard'
        ➜ Explicit dependency on target 'KeyboardKit' in project 'KeyboardKit'
        ➜ Explicit dependency on target 'Notelet' in project 'Notelet'
        ➜ Explicit dependency on target 'VoxboardShared' in project 'VoxboardShared'
    Target 'Notelet' in project 'Notelet'
        ➜ Explicit dependency on target 'Notelet' in project 'Notelet'
    Target 'Notelet' in project 'Notelet' (no dependencies)
    Target 'KeyboardKit' in project 'KeyboardKit'
        ➜ Explicit dependency on target 'KeyboardKitDependencies' in project 'KeyboardKit'
        ➜ Explicit dependency on target 'LicenseKit' in project 'LicenseKit'
    Target 'KeyboardKitDependencies' in project 'KeyboardKit'
        ➜ Explicit dependency on target 'LicenseKit' in project 'LicenseKit'
    Target 'LicenseKit' in project 'LicenseKit' (no dependencies)
    Target 'Voxboard WidgetExtension' in project 'Voxboard'
        ➜ Explicit dependency on target 'VoxboardShared' in project 'VoxboardShared'
    Target 'Voxboard Keyboard' in project 'Voxboard'
        ➜ Explicit dependency on target 'VoxboardShared' in project 'VoxboardShared'
    Target 'VoxboardShared' in project 'VoxboardShared'
        ➜ Explicit dependency on target 'VoxboardShared' in project 'VoxboardShared'
        ➜ Explicit dependency on target 'FluidAudio' in project 'FluidAudio'
        ➜ Explicit dependency on target 'ExportKit' in project 'ExportKit'
    Target 'VoxboardShared' in project 'VoxboardShared'
        ➜ Explicit dependency on target 'FluidAudio' in project 'FluidAudio'
        ➜ Explicit dependency on target 'ExportKit' in project 'ExportKit'
    Target 'ExportKit' in project 'ExportKit'
        ➜ Explicit dependency on target 'ExportKit' in project 'ExportKit'
    Target 'ExportKit' in project 'ExportKit' (no dependencies)
    Target 'FluidAudio' in project 'FluidAudio'
        ➜ Explicit dependency on target 'FluidAudio' in project 'FluidAudio'
        ➜ Explicit dependency on target 'FastClusterWrapper' in project 'FluidAudio'
        ➜ Explicit dependency on target 'MachTaskSelfWrapper' in project 'FluidAudio'
    Target 'FluidAudio' in project 'FluidAudio'
        ➜ Explicit dependency on target 'FastClusterWrapper' in project 'FluidAudio'
        ➜ Explicit dependency on target 'MachTaskSelfWrapper' in project 'FluidAudio'
    Target 'MachTaskSelfWrapper' in project 'FluidAudio' (no dependencies)
    Target 'FastClusterWrapper' in project 'FluidAudio' (no dependencies)
    Target 'Voxboard Watch' in project 'Voxboard'
        ➜ Explicit dependency on target 'Voxboard Watch WidgetExtension' in project 'Voxboard'
    Target 'Voxboard Watch WidgetExtension' in project 'Voxboard' (no dependencies)

GatherProvisioningInputs

CreateBuildDescription

ExecuteExternalTool /Applications/Xcode.app/Contents/Developer/usr/bin/actool --version --output-format xml1

ExecuteExternalTool /Applications/Xcode.app/Contents/Developer/Toolchains/XcodeDefault.xctoolchain/usr/bin/clang -v -E -dM -arch arm64 -isysroot /Applications/Xcode.app/Contents/Developer/Platforms/iPhoneSimulator.platform/Developer/SDKs/iPhoneSimulator26.5.sdk -x c++ -c /dev/null

ExecuteExternalTool /Applications/Xcode.app/Contents/Developer/Toolchains/XcodeDefault.xctoolchain/usr/bin/clang -v -E -dM -arch arm64 -isysroot /Applications/Xcode.app/Contents/Developer/Platforms/iPhoneSimulator.platform/Developer/SDKs/iPhoneSimulator26.5.sdk -x c -c /dev/null

ExecuteExternalTool /Applications/Xcode.app/Contents/Developer/usr/bin/actool --print-asset-tag-combinations --output-format xml1 /Users/codybontecou/projects/Voxboard/Voxboard Watch/Assets.xcassets

ExecuteExternalTool /Applications/Xcode.app/Contents/Developer/Toolchains/XcodeDefault.xctoolchain/usr/bin/swiftc --version

ExecuteExternalTool /Applications/Xcode.app/Contents/Developer/usr/bin/xcstringstool compile --dry-run --output-directory /tmp/voxboard-watch-sim-derived/Build/Intermediates.noindex/Voxboard.build/Debug-iphonesimulator/Voxboard Keyboard.build /Users/codybontecou/projects/Voxboard/Voxboard Keyboard/Localizable.xcstrings

ExecuteExternalTool /Applications/Xcode.app/Contents/Developer/usr/bin/actool --print-asset-tag-combinations --output-format xml1 /Users/codybontecou/projects/Voxboard/Voxboard/Assets.xcassets

ExecuteExternalTool /Applications/Xcode.app/Contents/Developer/Toolchains/XcodeDefault.xctoolchain/usr/bin/clang -v -E -dM -isysroot /Applications/Xcode.app/Contents/Developer/Platforms/WatchSimulator.platform/Developer/SDKs/WatchSimulator26.5.sdk -x c -c /dev/null

ExecuteExternalTool /Applications/Xcode.app/Contents/Developer/Toolchains/XcodeDefault.xctoolchain/usr/bin/clang -v -E -dM -isysroot /Applications/Xcode.app/Contents/Developer/Platforms/iPhoneSimulator.platform/Developer/SDKs/iPhoneSimulator26.5.sdk -x c -c /dev/null

ExecuteExternalTool /Applications/Xcode.app/Contents/Developer/Toolchains/XcodeDefault.xctoolchain/usr/bin/ld -version_details

ExecuteExternalTool /Applications/Xcode.app/Contents/Developer/usr/bin/xcstringstool compile --dry-run --output-directory /tmp/voxboard-watch-sim-derived/Build/Intermediates.noindex/Voxboard.build/Debug-iphonesimulator/Voxboard.build /Users/codybontecou/projects/Voxboard/Voxboard/Localizable.xcstrings

Build description signature: 789241491676dc1e30f0d1680643b075
Build description path: /tmp/voxboard-watch-sim-derived/Build/Intermediates.noindex/XCBuildData/789241491676dc1e30f0d1680643b075.xcbuilddata
ClangStatCache /Applications/Xcode.app/Contents/Developer/Toolchains/XcodeDefault.xctoolchain/usr/bin/clang-stat-cache /Applications/Xcode.app/Contents/Developer/Platforms/iPhoneSimulator.platform/Developer/SDKs/iPhoneSimulator26.5.sdk /tmp/voxboard-watch-sim-derived/SDKStatCaches.noindex/iphonesimulator26.5-23F73-6cfe768891a92b912361537c460fe42b.sdkstatcache
    cd /Users/codybontecou/projects/Voxboard/Voxboard.xcodeproj
    /Applications/Xcode.app/Contents/Developer/Toolchains/XcodeDefault.xctoolchain/usr/bin/clang-stat-cache /Applications/Xcode.app/Contents/Developer/Platforms/iPhoneSimulator.platform/Developer/SDKs/iPhoneSimulator26.5.sdk -o /tmp/voxboard-watch-sim-derived/SDKStatCaches.noindex/iphonesimulator26.5-23F73-6cfe768891a92b912361537c460fe42b.sdkstatcache

ClangStatCache /Applications/Xcode.app/Contents/Developer/Toolchains/XcodeDefault.xctoolchain/usr/bin/clang-stat-cache /Applications/Xcode.app/Contents/Developer/Platforms/WatchSimulator.platform/Developer/SDKs/WatchSimulator26.5.sdk /tmp/voxboard-watch-sim-derived/SDKStatCaches.noindex/watchsimulator26.5-23T570-1651579a441f1322ae888f0ed545cb80.sdkstatcache
    cd /Users/codybontecou/projects/Voxboard/Voxboard.xcodeproj
    /Applications/Xcode.app/Contents/Developer/Toolchains/XcodeDefault.xctoolchain/usr/bin/clang-stat-cache /Applications/Xcode.app/Contents/Developer/Platforms/WatchSimulator.platform/Developer/SDKs/WatchSimulator26.5.sdk -o /tmp/voxboard-watch-sim-derived/SDKStatCaches.noindex/watchsimulator26.5-23T570-1651579a441f1322ae888f0ed545cb80.sdkstatcache

CreateBuildDirectory /tmp/voxboard-watch-sim-derived/Build/Products
    cd /Users/codybontecou/projects/Voxboard/Voxboard.xcodeproj
    builtin-create-build-directory /tmp/voxboard-watch-sim-derived/Build/Products

CreateBuildDirectory /tmp/voxboard-watch-sim-derived/Build/Intermediates.noindex
    cd /Users/codybontecou/projects/Voxboard/Voxboard.xcodeproj
    builtin-create-build-directory /tmp/voxboard-watch-sim-derived/Build/Intermediates.noindex

CreateBuildDirectory /tmp/voxboard-watch-sim-derived/Build/Intermediates.noindex/SwiftExplicitPrecompiledModules
    cd /Users/codybontecou/projects/Voxboard/Voxboard.xcodeproj
    builtin-create-build-directory /tmp/voxboard-watch-sim-derived/Build/Intermediates.noindex/SwiftExplicitPrecompiledModules

CreateBuildDirectory /tmp/voxboard-watch-sim-derived/Build/Intermediates.noindex/ExplicitPrecompiledModules
    cd /Users/codybontecou/projects/Voxboard/Voxboard.xcodeproj
    builtin-create-build-directory /tmp/voxboard-watch-sim-derived/Build/Intermediates.noindex/ExplicitPrecompiledModules

CreateBuildDirectory /tmp/voxboard-watch-sim-derived/Build/Products/Debug-watchsimulator
    cd /Users/codybontecou/projects/Voxboard/Voxboard.xcodeproj
    builtin-create-build-directory /tmp/voxboard-watch-sim-derived/Build/Products/Debug-watchsimulator

CreateBuildDirectory /tmp/voxboard-watch-sim-derived/Build/Products/Debug-iphonesimulator
    cd /Users/codybontecou/projects/Voxboard/Voxboard.xcodeproj
    builtin-create-build-directory /tmp/voxboard-watch-sim-derived/Build/Products/Debug-iphonesimulator

CreateBuildDirectory /tmp/voxboard-watch-sim-derived/Build/Intermediates.noindex/EagerLinkingTBDs/Debug-iphonesimulator
    cd /Users/codybontecou/projects/Voxboard/Voxboard.xcodeproj
    builtin-create-build-directory /tmp/voxboard-watch-sim-derived/Build/Intermediates.noindex/EagerLinkingTBDs/Debug-iphonesimulator

CreateBuildDirectory /tmp/voxboard-watch-sim-derived/Build/Intermediates.noindex/EagerLinkingTBDs/Debug-watchsimulator
    cd /Users/codybontecou/projects/Voxboard/Voxboard.xcodeproj
    builtin-create-build-directory /tmp/voxboard-watch-sim-derived/Build/Intermediates.noindex/EagerLinkingTBDs/Debug-watchsimulator

WriteAuxiliaryFile /tmp/voxboard-watch-sim-derived/Build/Intermediates.noindex/Voxboard.build/Debug-watchsimulator/Voxboard-8d6c3ba71b53f8320d7c577fe4b80237-VFS-watchsimulator/all-product-headers.yaml
    cd /Users/codybontecou/projects/Voxboard/Voxboard.xcodeproj
    write-file /tmp/voxboard-watch-sim-derived/Build/Intermediates.noindex/Voxboard.build/Debug-watchsimulator/Voxboard-8d6c3ba71b53f8320d7c577fe4b80237-VFS-watchsimulator/all-product-headers.yaml

WriteAuxiliaryFile /tmp/voxboard-watch-sim-derived/Build/Intermediates.noindex/Voxboard.build/Debug-iphonesimulator/Voxboard-8d6c3ba71b53f8320d7c577fe4b80237-VFS-iphonesimulator/all-product-headers.yaml
    cd /Users/codybontecou/projects/Voxboard/Voxboard.xcodeproj
    write-file /tmp/voxboard-watch-sim-derived/Build/Intermediates.noindex/Voxboard.build/Debug-iphonesimulator/Voxboard-8d6c3ba71b53f8320d7c577fe4b80237-VFS-iphonesimulator/all-product-headers.yaml

CreateBuildDirectory /tmp/voxboard-watch-sim-derived/Build/Products/Debug-watchsimulator/PackageFrameworks
    cd /Users/codybontecou/projects/Voxboard/Voxboard.xcodeproj
    builtin-create-build-directory /tmp/voxboard-watch-sim-derived/Build/Products/Debug-watchsimulator/PackageFrameworks

CreateBuildDirectory /tmp/voxboard-watch-sim-derived/Build/Products/Debug-iphonesimulator/PackageFrameworks
    cd /Users/codybontecou/projects/Voxboard/Voxboard.xcodeproj
    builtin-create-build-directory /tmp/voxboard-watch-sim-derived/Build/Products/Debug-iphonesimulator/PackageFrameworks

WriteAuxiliaryFile /tmp/voxboard-watch-sim-derived/Build/Intermediates.noindex/Voxboard.build/Debug-watchsimulator/Voxboard\ Watch\ WidgetExtension.build/Voxboard\ Watch\ WidgetExtension.hmap (in target 'Voxboard Watch WidgetExtension' from project 'Voxboard')
    cd /Users/codybontecou/projects/Voxboard
    write-file /tmp/voxboard-watch-sim-derived/Build/Intermediates.noindex/Voxboard.build/Debug-watchsimulator/Voxboard\ Watch\ WidgetExtension.build/Voxboard\ Watch\ WidgetExtension.hmap

WriteAuxiliaryFile /tmp/voxboard-watch-sim-derived/Build/Intermediates.noindex/Voxboard.build/Debug-watchsimulator/Voxboard\ Watch\ WidgetExtension.build/Voxboard\ Watch\ WidgetExtension-DebugEntryPoint-normal-x86_64.txt (in target 'Voxboard Watch WidgetExtension' from project 'Voxboard')
    cd /Users/codybontecou/projects/Voxboard
    write-file /tmp/voxboard-watch-sim-derived/Build/Intermediates.noindex/Voxboard.build/Debug-watchsimulator/Voxboard\ Watch\ WidgetExtension.build/Voxboard\ Watch\ WidgetExtension-DebugEntryPoint-normal-x86_64.txt

WriteAuxiliaryFile /tmp/voxboard-watch-sim-derived/Build/Intermediates.noindex/Voxboard.build/Debug-watchsimulator/Voxboard\ Watch\ WidgetExtension.build/Voxboard\ Watch\ WidgetExtension-generated-files.hmap (in target 'Voxboard Watch WidgetExtension' from project 'Voxboard')
    cd /Users/codybontecou/projects/Voxboard
    write-file /tmp/voxboard-watch-sim-derived/Build/Intermediates.noindex/Voxboard.build/Debug-watchsimulator/Voxboard\ Watch\ WidgetExtension.build/Voxboard\ Watch\ WidgetExtension-generated-files.hmap

WriteAuxiliaryFile /tmp/voxboard-watch-sim-derived/Build/Intermediates.noindex/Voxboard.build/Debug-watchsimulator/Voxboard\ Watch\ WidgetExtension.build/Voxboard\ Watch\ WidgetExtension-own-target-headers.hmap (in target 'Voxboard Watch WidgetExtension' from project 'Voxboard')
    cd /Users/codybontecou/projects/Voxboard
    write-file /tmp/voxboard-watch-sim-derived/Build/Intermediates.noindex/Voxboard.build/Debug-watchsimulator/Voxboard\ Watch\ WidgetExtension.build/Voxboard\ Watch\ WidgetExtension-own-target-headers.hmap

WriteAuxiliaryFile /tmp/voxboard-watch-sim-derived/Build/Intermediates.noindex/Voxboard.build/Debug-watchsimulator/Voxboard\ Watch\ WidgetExtension.build/Voxboard\ Watch\ WidgetExtension-project-headers.hmap (in target 'Voxboard Watch WidgetExtension' from project 'Voxboard')
    cd /Users/codybontecou/projects/Voxboard
    write-file /tmp/voxboard-watch-sim-derived/Build/Intermediates.noindex/Voxboard.build/Debug-watchsimulator/Voxboard\ Watch\ WidgetExtension.build/Voxboard\ Watch\ WidgetExtension-project-headers.hmap

WriteAuxiliaryFile /tmp/voxboard-watch-sim-derived/Build/Intermediates.noindex/Voxboard.build/Debug-watchsimulator/Voxboard\ Watch\ WidgetExtension.build/Voxboard\ Watch\ WidgetExtension-all-non-framework-target-headers.hmap (in target 'Voxboard Watch WidgetExtension' from project 'Voxboard')
    cd /Users/codybontecou/projects/Voxboard
    write-file /tmp/voxboard-watch-sim-derived/Build/Intermediates.noindex/Voxboard.build/Debug-watchsimulator/Voxboard\ Watch\ WidgetExtension.build/Voxboard\ Watch\ WidgetExtension-all-non-framework-target-headers.hmap

WriteAuxiliaryFile /tmp/voxboard-watch-sim-derived/Build/Intermediates.noindex/Voxboard.build/Debug-watchsimulator/Voxboard\ Watch\ WidgetExtension.build/Voxboard\ Watch\ WidgetExtension-all-target-headers.hmap (in target 'Voxboard Watch WidgetExtension' from project 'Voxboard')
    cd /Users/codybontecou/projects/Voxboard
    write-file /tmp/voxboard-watch-sim-derived/Build/Intermediates.noindex/Voxboard.build/Debug-watchsimulator/Voxboard\ Watch\ WidgetExtension.build/Voxboard\ Watch\ WidgetExtension-all-target-headers.hmap

WriteAuxiliaryFile /tmp/voxboard-watch-sim-derived/Build/Intermediates.noindex/Voxboard.build/Debug-watchsimulator/Voxboard\ Watch\ WidgetExtension.build/DerivedSources/Entitlements-Simulated.plist (in target 'Voxboard Watch WidgetExtension' from project 'Voxboard')
    cd /Users/codybontecou/projects/Voxboard
    write-file /tmp/voxboard-watch-sim-derived/Build/Intermediates.noindex/Voxboard.build/Debug-watchsimulator/Voxboard\ Watch\ WidgetExtension.build/DerivedSources/Entitlements-Simulated.plist

WriteAuxiliaryFile /tmp/voxboard-watch-sim-derived/Build/Intermediates.noindex/Voxboard.build/Debug-watchsimulator/Voxboard\ Watch.build/Voxboard\ Watch.hmap (in target 'Voxboard Watch' from project 'Voxboard')
    cd /Users/codybontecou/projects/Voxboard
    write-file /tmp/voxboard-watch-sim-derived/Build/Intermediates.noindex/Voxboard.build/Debug-watchsimulator/Voxboard\ Watch.build/Voxboard\ Watch.hmap

WriteAuxiliaryFile /tmp/voxboard-watch-sim-derived/Build/Intermediates.noindex/Voxboard.build/Debug-watchsimulator/Voxboard\ Watch.build/Voxboard\ Watch.DependencyStaticMetadataFileList (in target 'Voxboard Watch' from project 'Voxboard')
    cd /Users/codybontecou/projects/Voxboard
    write-file /tmp/voxboard-watch-sim-derived/Build/Intermediates.noindex/Voxboard.build/Debug-watchsimulator/Voxboard\ Watch.build/Voxboard\ Watch.DependencyStaticMetadataFileList

WriteAuxiliaryFile /tmp/voxboard-watch-sim-derived/Build/Intermediates.noindex/Voxboard.build/Debug-watchsimulator/Voxboard\ Watch.build/Voxboard\ Watch.DependencyMetadataFileList (in target 'Voxboard Watch' from project 'Voxboard')
    cd /Users/codybontecou/projects/Voxboard
    write-file /tmp/voxboard-watch-sim-derived/Build/Intermediates.noindex/Voxboard.build/Debug-watchsimulator/Voxboard\ Watch.build/Voxboard\ Watch.DependencyMetadataFileList

WriteAuxiliaryFile /tmp/voxboard-watch-sim-derived/Build/Intermediates.noindex/Voxboard.build/Debug-watchsimulator/Voxboard\ Watch.build/Voxboard\ Watch-project-headers.hmap (in target 'Voxboard Watch' from project 'Voxboard')
    cd /Users/codybontecou/projects/Voxboard
    write-file /tmp/voxboard-watch-sim-derived/Build/Intermediates.noindex/Voxboard.build/Debug-watchsimulator/Voxboard\ Watch.build/Voxboard\ Watch-project-headers.hmap

WriteAuxiliaryFile /tmp/voxboard-watch-sim-derived/Build/Intermediates.noindex/Voxboard.build/Debug-watchsimulator/Voxboard\ Watch.build/Voxboard\ Watch-own-target-headers.hmap (in target 'Voxboard Watch' from project 'Voxboard')
    cd /Users/codybontecou/projects/Voxboard
    write-file /tmp/voxboard-watch-sim-derived/Build/Intermediates.noindex/Voxboard.build/Debug-watchsimulator/Voxboard\ Watch.build/Voxboard\ Watch-own-target-headers.hmap

WriteAuxiliaryFile /tmp/voxboard-watch-sim-derived/Build/Intermediates.noindex/Voxboard.build/Debug-watchsimulator/Voxboard\ Watch.build/Voxboard\ Watch-generated-files.hmap (in target 'Voxboard Watch' from project 'Voxboard')
    cd /Users/codybontecou/projects/Voxboard
    write-file /tmp/voxboard-watch-sim-derived/Build/Intermediates.noindex/Voxboard.build/Debug-watchsimulator/Voxboard\ Watch.build/Voxboard\ Watch-generated-files.hmap

WriteAuxiliaryFile /tmp/voxboard-watch-sim-derived/Build/Intermediates.noindex/Voxboard.build/Debug-watchsimulator/Voxboard\ Watch.build/Voxboard\ Watch-all-target-headers.hmap (in target 'Voxboard Watch' from project 'Voxboard')
    cd /Users/codybontecou/projects/Voxboard
    write-file /tmp/voxboard-watch-sim-derived/Build/Intermediates.noindex/Voxboard.build/Debug-watchsimulator/Voxboard\ Watch.build/Voxboard\ Watch-all-target-headers.hmap

WriteAuxiliaryFile /tmp/voxboard-watch-sim-derived/Build/Intermediates.noindex/Voxboard.build/Debug-watchsimulator/Voxboard\ Watch.build/Voxboard\ Watch-all-non-framework-target-headers.hmap (in target 'Voxboard Watch' from project 'Voxboard')
    cd /Users/codybontecou/projects/Voxboard
    write-file /tmp/voxboard-watch-sim-derived/Build/Intermediates.noindex/Voxboard.build/Debug-watchsimulator/Voxboard\ Watch.build/Voxboard\ Watch-all-non-framework-target-headers.hmap

WriteAuxiliaryFile /tmp/voxboard-watch-sim-derived/Build/Intermediates.noindex/Voxboard.build/Debug-watchsimulator/Voxboard\ Watch.build/Voxboard\ Watch-DebugDylibPath-normal-x86_64.txt (in target 'Voxboard Watch' from project 'Voxboard')
    cd /Users/codybontecou/projects/Voxboard
    write-file /tmp/voxboard-watch-sim-derived/Build/Intermediates.noindex/Voxboard.build/Debug-watchsimulator/Voxboard\ Watch.build/Voxboard\ Watch-DebugDylibPath-normal-x86_64.txt

WriteAuxiliaryFile /tmp/voxboard-watch-sim-derived/Build/Intermediates.noindex/Voxboard.build/Debug-watchsimulator/Voxboard\ Watch.build/Voxboard\ Watch-DebugDylibPath-normal-arm64.txt (in target 'Voxboard Watch' from project 'Voxboard')
    cd /Users/codybontecou/projects/Voxboard
    write-file /tmp/voxboard-watch-sim-derived/Build/Intermediates.noindex/Voxboard.build/Debug-watchsimulator/Voxboard\ Watch.build/Voxboard\ Watch-DebugDylibPath-normal-arm64.txt

WriteAuxiliaryFile /tmp/voxboard-watch-sim-derived/Build/Intermediates.noindex/Voxboard.build/Debug-watchsimulator/Voxboard\ Watch.build/Voxboard\ Watch-DebugDylibInstallName-normal-x86_64.txt (in target 'Voxboard Watch' from project 'Voxboard')
    cd /Users/codybontecou/projects/Voxboard
    write-file /tmp/voxboard-watch-sim-derived/Build/Intermediates.noindex/Voxboard.build/Debug-watchsimulator/Voxboard\ Watch.build/Voxboard\ Watch-DebugDylibInstallName-normal-x86_64.txt

WriteAuxiliaryFile /tmp/voxboard-watch-sim-derived/Build/Intermediates.noindex/Voxboard.build/Debug-watchsimulator/Voxboard\ Watch.build/Voxboard\ Watch-DebugDylibInstallName-normal-arm64.txt (in target 'Voxboard Watch' from project 'Voxboard')
    cd /Users/codybontecou/projects/Voxboard
    write-file /tmp/voxboard-watch-sim-derived/Build/Intermediates.noindex/Voxboard.build/Debug-watchsimulator/Voxboard\ Watch.build/Voxboard\ Watch-DebugDylibInstallName-normal-arm64.txt

WriteAuxiliaryFile /tmp/voxboard-watch-sim-derived/Build/Intermediates.noindex/Voxboard.build/Debug-watchsimulator/Voxboard\ Watch.build/Objects-normal/x86_64/Voxboard\ Watch_const_extract_protocols.json (in target 'Voxboard Watch' from project 'Voxboard')
    cd /Users/codybontecou/projects/Voxboard
    write-file /tmp/voxboard-watch-sim-derived/Build/Intermediates.noindex/Voxboard.build/Debug-watchsimulator/Voxboard\ Watch.build/Objects-normal/x86_64/Voxboard\ Watch_const_extract_protocols.json

WriteAuxiliaryFile /tmp/voxboard-watch-sim-derived/Build/Intermediates.noindex/Voxboard.build/Debug-watchsimulator/Voxboard\ Watch.build/Objects-normal/x86_64/Voxboard\ Watch.SwiftConstValuesFileList (in target 'Voxboard Watch' from project 'Voxboard')
    cd /Users/codybontecou/projects/Voxboard
    write-file /tmp/voxboard-watch-sim-derived/Build/Intermediates.noindex/Voxboard.build/Debug-watchsimulator/Voxboard\ Watch.build/Objects-normal/x86_64/Voxboard\ Watch.SwiftConstValuesFileList

WriteAuxiliaryFile /tmp/voxboard-watch-sim-derived/Build/Intermediates.noindex/Voxboard.build/Debug-watchsimulator/Voxboard\ Watch.build/Objects-normal/x86_64/Voxboard\ Watch.SwiftFileList (in target 'Voxboard Watch' from project 'Voxboard')
    cd /Users/codybontecou/projects/Voxboard
    write-file /tmp/voxboard-watch-sim-derived/Build/Intermediates.noindex/Voxboard.build/Debug-watchsimulator/Voxboard\ Watch.build/Objects-normal/x86_64/Voxboard\ Watch.SwiftFileList

WriteAuxiliaryFile /tmp/voxboard-watch-sim-derived/Build/Intermediates.noindex/Voxboard.build/Debug-watchsimulator/Voxboard\ Watch.build/Objects-normal/x86_64/Voxboard\ Watch.LinkFileList (in target 'Voxboard Watch' from project 'Voxboard')
    cd /Users/codybontecou/projects/Voxboard
    write-file /tmp/voxboard-watch-sim-derived/Build/Intermediates.noindex/Voxboard.build/Debug-watchsimulator/Voxboard\ Watch.build/Objects-normal/x86_64/Voxboard\ Watch.LinkFileList

WriteAuxiliaryFile /tmp/voxboard-watch-sim-derived/Build/Intermediates.noindex/Voxboard.build/Debug-watchsimulator/Voxboard\ Watch.build/Objects-normal/x86_64/Voxboard\ Watch-OutputFileMap.json (in target 'Voxboard Watch' from project 'Voxboard')
    cd /Users/codybontecou/projects/Voxboard
    write-file /tmp/voxboard-watch-sim-derived/Build/Intermediates.noindex/Voxboard.build/Debug-watchsimulator/Voxboard\ Watch.build/Objects-normal/x86_64/Voxboard\ Watch-OutputFileMap.json

WriteAuxiliaryFile /tmp/voxboard-watch-sim-derived/Build/Intermediates.noindex/Voxboard.build/Debug-watchsimulator/Voxboard\ Watch.build/Objects-normal/arm64/Voxboard\ Watch_const_extract_protocols.json (in target 'Voxboard Watch' from project 'Voxboard')
    cd /Users/codybontecou/projects/Voxboard
    write-file /tmp/voxboard-watch-sim-derived/Build/Intermediates.noindex/Voxboard.build/Debug-watchsimulator/Voxboard\ Watch.build/Objects-normal/arm64/Voxboard\ Watch_const_extract_protocols.json

WriteAuxiliaryFile /tmp/voxboard-watch-sim-derived/Build/Intermediates.noindex/Voxboard.build/Debug-watchsimulator/Voxboard\ Watch.build/Objects-normal/arm64/Voxboard\ Watch.SwiftFileList (in target 'Voxboard Watch' from project 'Voxboard')
    cd /Users/codybontecou/projects/Voxboard
    write-file /tmp/voxboard-watch-sim-derived/Build/Intermediates.noindex/Voxboard.build/Debug-watchsimulator/Voxboard\ Watch.build/Objects-normal/arm64/Voxboard\ Watch.SwiftFileList

WriteAuxiliaryFile /tmp/voxboard-watch-sim-derived/Build/Intermediates.noindex/Voxboard.build/Debug-watchsimulator/Voxboard\ Watch.build/Objects-normal/arm64/Voxboard\ Watch.SwiftConstValuesFileList (in target 'Voxboard Watch' from project 'Voxboard')
    cd /Users/codybontecou/projects/Voxboard
    write-file /tmp/voxboard-watch-sim-derived/Build/Intermediates.noindex/Voxboard.build/Debug-watchsimulator/Voxboard\ Watch.build/Objects-normal/arm64/Voxboard\ Watch.SwiftConstValuesFileList

WriteAuxiliaryFile /tmp/voxboard-watch-sim-derived/Build/Intermediates.noindex/Voxboard.build/Debug-watchsimulator/Voxboard\ Watch.build/Objects-normal/arm64/Voxboard\ Watch.LinkFileList (in target 'Voxboard Watch' from project 'Voxboard')
    cd /Users/codybontecou/projects/Voxboard
    write-file /tmp/voxboard-watch-sim-derived/Build/Intermediates.noindex/Voxboard.build/Debug-watchsimulator/Voxboard\ Watch.build/Objects-normal/arm64/Voxboard\ Watch.LinkFileList

WriteAuxiliaryFile /tmp/voxboard-watch-sim-derived/Build/Intermediates.noindex/Voxboard.build/Debug-watchsimulator/Voxboard\ Watch.build/Objects-normal/arm64/Voxboard\ Watch-OutputFileMap.json (in target 'Voxboard Watch' from project 'Voxboard')
    cd /Users/codybontecou/projects/Voxboard
    write-file /tmp/voxboard-watch-sim-derived/Build/Intermediates.noindex/Voxboard.build/Debug-watchsimulator/Voxboard\ Watch.build/Objects-normal/arm64/Voxboard\ Watch-OutputFileMap.json

WriteAuxiliaryFile /tmp/voxboard-watch-sim-derived/Build/Intermediates.noindex/Voxboard.build/Debug-watchsimulator/Voxboard\ Watch\ WidgetExtension.build/Voxboard\ Watch\ WidgetExtension.DependencyStaticMetadataFileList (in target 'Voxboard Watch WidgetExtension' from project 'Voxboard')
    cd /Users/codybontecou/projects/Voxboard
    write-file /tmp/voxboard-watch-sim-derived/Build/Intermediates.noindex/Voxboard.build/Debug-watchsimulator/Voxboard\ Watch\ WidgetExtension.build/Voxboard\ Watch\ WidgetExtension.DependencyStaticMetadataFileList

WriteAuxiliaryFile /tmp/voxboard-watch-sim-derived/Build/Intermediates.noindex/Voxboard.build/Debug-watchsimulator/Voxboard\ Watch\ WidgetExtension.build/Voxboard\ Watch\ WidgetExtension.DependencyMetadataFileList (in target 'Voxboard Watch WidgetExtension' from project 'Voxboard')
    cd /Users/codybontecou/projects/Voxboard
    write-file /tmp/voxboard-watch-sim-derived/Build/Intermediates.noindex/Voxboard.build/Debug-watchsimulator/Voxboard\ Watch\ WidgetExtension.build/Voxboard\ Watch\ WidgetExtension.DependencyMetadataFileList

WriteAuxiliaryFile /tmp/voxboard-watch-sim-derived/Build/Intermediates.noindex/Voxboard.build/Debug-watchsimulator/Voxboard\ Watch.build/DerivedSources/Entitlements-Simulated.plist (in target 'Voxboard Watch' from project 'Voxboard')
    cd /Users/codybontecou/projects/Voxboard
    write-file /tmp/voxboard-watch-sim-derived/Build/Intermediates.noindex/Voxboard.build/Debug-watchsimulator/Voxboard\ Watch.build/DerivedSources/Entitlements-Simulated.plist

WriteAuxiliaryFile /tmp/voxboard-watch-sim-derived/Build/Intermediates.noindex/Voxboard.build/Debug-watchsimulator/Voxboard\ Watch\ WidgetExtension.build/Voxboard\ Watch\ WidgetExtension-DebugEntryPoint-normal-arm64.txt (in target 'Voxboard Watch WidgetExtension' from project 'Voxboard')
    cd /Users/codybontecou/projects/Voxboard
    write-file /tmp/voxboard-watch-sim-derived/Build/Intermediates.noindex/Voxboard.build/Debug-watchsimulator/Voxboard\ Watch\ WidgetExtension.build/Voxboard\ Watch\ WidgetExtension-DebugEntryPoint-normal-arm64.txt

WriteAuxiliaryFile /tmp/voxboard-watch-sim-derived/Build/Intermediates.noindex/Voxboard.build/Debug-watchsimulator/Voxboard\ Watch\ WidgetExtension.build/Voxboard\ Watch\ WidgetExtension-DebugDylibPath-normal-x86_64.txt (in target 'Voxboard Watch WidgetExtension' from project 'Voxboard')
    cd /Users/codybontecou/projects/Voxboard
    write-file /tmp/voxboard-watch-sim-derived/Build/Intermediates.noindex/Voxboard.build/Debug-watchsimulator/Voxboard\ Watch\ WidgetExtension.build/Voxboard\ Watch\ WidgetExtension-DebugDylibPath-normal-x86_64.txt

WriteAuxiliaryFile /tmp/voxboard-watch-sim-derived/Build/Intermediates.noindex/Voxboard.build/Debug-watchsimulator/Voxboard\ Watch\ WidgetExtension.build/Voxboard\ Watch\ WidgetExtension-DebugDylibPath-normal-arm64.txt (in target 'Voxboard Watch WidgetExtension' from project 'Voxboard')
    cd /Users/codybontecou/projects/Voxboard
    write-file /tmp/voxboard-watch-sim-derived/Build/Intermediates.noindex/Voxboard.build/Debug-watchsimulator/Voxboard\ Watch\ WidgetExtension.build/Voxboard\ Watch\ WidgetExtension-DebugDylibPath-normal-arm64.txt

WriteAuxiliaryFile /tmp/voxboard-watch-sim-derived/Build/Intermediates.noindex/Voxboard.build/Debug-watchsimulator/Voxboard\ Watch\ WidgetExtension.build/Voxboard\ Watch\ WidgetExtension-DebugDylibInstallName-normal-x86_64.txt (in target 'Voxboard Watch WidgetExtension' from project 'Voxboard')
    cd /Users/codybontecou/projects/Voxboard
    write-file /tmp/voxboard-watch-sim-derived/Build/Intermediates.noindex/Voxboard.build/Debug-watchsimulator/Voxboard\ Watch\ WidgetExtension.build/Voxboard\ Watch\ WidgetExtension-DebugDylibInstallName-normal-x86_64.txt

WriteAuxiliaryFile /tmp/voxboard-watch-sim-derived/Build/Intermediates.noindex/Voxboard.build/Debug-watchsimulator/Voxboard\ Watch\ WidgetExtension.build/Voxboard\ Watch\ WidgetExtension-DebugDylibInstallName-normal-arm64.txt (in target 'Voxboard Watch WidgetExtension' from project 'Voxboard')
    cd /Users/codybontecou/projects/Voxboard
    write-file /tmp/voxboard-watch-sim-derived/Build/Intermediates.noindex/Voxboard.build/Debug-watchsimulator/Voxboard\ Watch\ WidgetExtension.build/Voxboard\ Watch\ WidgetExtension-DebugDylibInstallName-normal-arm64.txt

WriteAuxiliaryFile /tmp/voxboard-watch-sim-derived/Build/Intermediates.noindex/Voxboard.build/Debug-watchsimulator/Voxboard\ Watch\ WidgetExtension.build/Objects-normal/x86_64/Voxboard\ Watch\ WidgetExtension_const_extract_protocols.json (in target 'Voxboard Watch WidgetExtension' from project 'Voxboard')
    cd /Users/codybontecou/projects/Voxboard
    write-file /tmp/voxboard-watch-sim-derived/Build/Intermediates.noindex/Voxboard.build/Debug-watchsimulator/Voxboard\ Watch\ WidgetExtension.build/Objects-normal/x86_64/Voxboard\ Watch\ WidgetExtension_const_extract_protocols.json

WriteAuxiliaryFile /tmp/voxboard-watch-sim-derived/Build/Intermediates.noindex/Voxboard.build/Debug-watchsimulator/Voxboard\ Watch\ WidgetExtension.build/Objects-normal/x86_64/Voxboard\ Watch\ WidgetExtension.SwiftFileList (in target 'Voxboard Watch WidgetExtension' from project 'Voxboard')
    cd /Users/codybontecou/projects/Voxboard
    write-file /tmp/voxboard-watch-sim-derived/Build/Intermediates.noindex/Voxboard.build/Debug-watchsimulator/Voxboard\ Watch\ WidgetExtension.build/Objects-normal/x86_64/Voxboard\ Watch\ WidgetExtension.SwiftFileList

WriteAuxiliaryFile /tmp/voxboard-watch-sim-derived/Build/Intermediates.noindex/Voxboard.build/Debug-watchsimulator/Voxboard\ Watch\ WidgetExtension.build/Objects-normal/x86_64/Voxboard\ Watch\ WidgetExtension.SwiftConstValuesFileList (in target 'Voxboard Watch WidgetExtension' from project 'Voxboard')
    cd /Users/codybontecou/projects/Voxboard
    write-file /tmp/voxboard-watch-sim-derived/Build/Intermediates.noindex/Voxboard.build/Debug-watchsimulator/Voxboard\ Watch\ WidgetExtension.build/Objects-normal/x86_64/Voxboard\ Watch\ WidgetExtension.SwiftConstValuesFileList

WriteAuxiliaryFile /tmp/voxboard-watch-sim-derived/Build/Intermediates.noindex/Voxboard.build/Debug-watchsimulator/Voxboard\ Watch\ WidgetExtension.build/Objects-normal/x86_64/Voxboard\ Watch\ WidgetExtension.LinkFileList (in target 'Voxboard Watch WidgetExtension' from project 'Voxboard')
    cd /Users/codybontecou/projects/Voxboard
    write-file /tmp/voxboard-watch-sim-derived/Build/Intermediates.noindex/Voxboard.build/Debug-watchsimulator/Voxboard\ Watch\ WidgetExtension.build/Objects-normal/x86_64/Voxboard\ Watch\ WidgetExtension.LinkFileList

WriteAuxiliaryFile /tmp/voxboard-watch-sim-derived/Build/Intermediates.noindex/Voxboard.build/Debug-watchsimulator/Voxboard\ Watch\ WidgetExtension.build/Objects-normal/x86_64/Voxboard\ Watch\ WidgetExtension-OutputFileMap.json (in target 'Voxboard Watch WidgetExtension' from project 'Voxboard')
    cd /Users/codybontecou/projects/Voxboard
    write-file /tmp/voxboard-watch-sim-derived/Build/Intermediates.noindex/Voxboard.build/Debug-watchsimulator/Voxboard\ Watch\ WidgetExtension.build/Objects-normal/x86_64/Voxboard\ Watch\ WidgetExtension-OutputFileMap.json

WriteAuxiliaryFile /tmp/voxboard-watch-sim-derived/Build/Intermediates.noindex/Voxboard.build/Debug-watchsimulator/Voxboard\ Watch\ WidgetExtension.build/Objects-normal/arm64/Voxboard\ Watch\ WidgetExtension_const_extract_protocols.json (in target 'Voxboard Watch WidgetExtension' from project 'Voxboard')
    cd /Users/codybontecou/projects/Voxboard
    write-file /tmp/voxboard-watch-sim-derived/Build/Intermediates.noindex/Voxboard.build/Debug-watchsimulator/Voxboard\ Watch\ WidgetExtension.build/Objects-normal/arm64/Voxboard\ Watch\ WidgetExtension_const_extract_protocols.json

WriteAuxiliaryFile /tmp/voxboard-watch-sim-derived/Build/Intermediates.noindex/Voxboard.build/Debug-watchsimulator/Voxboard\ Watch\ WidgetExtension.build/Objects-normal/arm64/Voxboard\ Watch\ WidgetExtension.SwiftFileList (in target 'Voxboard Watch WidgetExtension' from project 'Voxboard')
    cd /Users/codybontecou/projects/Voxboard
    write-file /tmp/voxboard-watch-sim-derived/Build/Intermediates.noindex/Voxboard.build/Debug-watchsimulator/Voxboard\ Watch\ WidgetExtension.build/Objects-normal/arm64/Voxboard\ Watch\ WidgetExtension.SwiftFileList

WriteAuxiliaryFile /tmp/voxboard-watch-sim-derived/Build/Intermediates.noindex/Voxboard.build/Debug-watchsimulator/Voxboard\ Watch\ WidgetExtension.build/Objects-normal/arm64/Voxboard\ Watch\ WidgetExtension.SwiftConstValuesFileList (in target 'Voxboard Watch WidgetExtension' from project 'Voxboard')
    cd /Users/codybontecou/projects/Voxboard
    write-file /tmp/voxboard-watch-sim-derived/Build/Intermediates.noindex/Voxboard.build/Debug-watchsimulator/Voxboard\ Watch\ WidgetExtension.build/Objects-normal/arm64/Voxboard\ Watch\ WidgetExtension.SwiftConstValuesFileList

WriteAuxiliaryFile /tmp/voxboard-watch-sim-derived/Build/Intermediates.noindex/Voxboard.build/Debug-watchsimulator/Voxboard\ Watch\ WidgetExtension.build/Objects-normal/arm64/Voxboard\ Watch\ WidgetExtension.LinkFileList (in target 'Voxboard Watch WidgetExtension' from project 'Voxboard')
    cd /Users/codybontecou/projects/Voxboard
    write-file /tmp/voxboard-watch-sim-derived/Build/Intermediates.noindex/Voxboard.build/Debug-watchsimulator/Voxboard\ Watch\ WidgetExtension.build/Objects-normal/arm64/Voxboard\ Watch\ WidgetExtension.LinkFileList

WriteAuxiliaryFile /tmp/voxboard-watch-sim-derived/Build/Intermediates.noindex/Voxboard.build/Debug-watchsimulator/Voxboard\ Watch\ WidgetExtension.build/Objects-normal/arm64/Voxboard\ Watch\ WidgetExtension-OutputFileMap.json (in target 'Voxboard Watch WidgetExtension' from project 'Voxboard')
    cd /Users/codybontecou/projects/Voxboard
    write-file /tmp/voxboard-watch-sim-derived/Build/Intermediates.noindex/Voxboard.build/Debug-watchsimulator/Voxboard\ Watch\ WidgetExtension.build/Objects-normal/arm64/Voxboard\ Watch\ WidgetExtension-OutputFileMap.json

WriteAuxiliaryFile /tmp/voxboard-watch-sim-derived/Build/Intermediates.noindex/Notelet.build/Debug-iphonesimulator/Notelet.build/Objects-normal/arm64/Notelet.SwiftConstValuesFileList (in target 'Notelet' from project 'Notelet')
    cd /tmp/voxboard-watch-sim-derived/SourcePackages/checkouts/notelet
    write-file /tmp/voxboard-watch-sim-derived/Build/Intermediates.noindex/Notelet.build/Debug-iphonesimulator/Notelet.build/Objects-normal/arm64/Notelet.SwiftConstValuesFileList

WriteAuxiliaryFile /tmp/voxboard-watch-sim-derived/Build/Intermediates.noindex/Notelet.build/Debug-iphonesimulator/Notelet.build/Objects-normal/arm64/Notelet.SwiftFileList (in target 'Notelet' from project 'Notelet')
    cd /tmp/voxboard-watch-sim-derived/SourcePackages/checkouts/notelet
    write-file /tmp/voxboard-watch-sim-derived/Build/Intermediates.noindex/Notelet.build/Debug-iphonesimulator/Notelet.build/Objects-normal/arm64/Notelet.SwiftFileList

WriteAuxiliaryFile /tmp/voxboard-watch-sim-derived/Build/Intermediates.noindex/Notelet.build/Debug-iphonesimulator/Notelet.build/Objects-normal/arm64/Notelet.LinkFileList (in target 'Notelet' from project 'Notelet')
    cd /tmp/voxboard-watch-sim-derived/SourcePackages/checkouts/notelet
    write-file /tmp/voxboard-watch-sim-derived/Build/Intermediates.noindex/Notelet.build/Debug-iphonesimulator/Notelet.build/Objects-normal/arm64/Notelet.LinkFileList

WriteAuxiliaryFile /tmp/voxboard-watch-sim-derived/Build/Intermediates.noindex/Notelet.build/Debug-iphonesimulator/Notelet.build/Objects-normal/arm64/Notelet_const_extract_protocols.json (in target 'Notelet' from project 'Notelet')
    cd /tmp/voxboard-watch-sim-derived/SourcePackages/checkouts/notelet
    write-file /tmp/voxboard-watch-sim-derived/Build/Intermediates.noindex/Notelet.build/Debug-iphonesimulator/Notelet.build/Objects-normal/arm64/Notelet_const_extract_protocols.json

WriteAuxiliaryFile /tmp/voxboard-watch-sim-derived/Build/Intermediates.noindex/Notelet.build/Debug-iphonesimulator/Notelet.build/Objects-normal/arm64/Notelet-OutputFileMap.json (in target 'Notelet' from project 'Notelet')
    cd /tmp/voxboard-watch-sim-derived/SourcePackages/checkouts/notelet
    write-file /tmp/voxboard-watch-sim-derived/Build/Intermediates.noindex/Notelet.build/Debug-iphonesimulator/Notelet.build/Objects-normal/arm64/Notelet-OutputFileMap.json

WriteAuxiliaryFile /tmp/voxboard-watch-sim-derived/Build/Intermediates.noindex/Notelet.build/Debug-iphonesimulator/Notelet.build/Notelet.modulemap (in target 'Notelet' from project 'Notelet')
    cd /tmp/voxboard-watch-sim-derived/SourcePackages/checkouts/notelet
    write-file /tmp/voxboard-watch-sim-derived/Build/Intermediates.noindex/Notelet.build/Debug-iphonesimulator/Notelet.build/Notelet.modulemap

WriteAuxiliaryFile /tmp/voxboard-watch-sim-derived/Build/Intermediates.noindex/Notelet.build/Debug-iphonesimulator/Notelet.build/Notelet.DependencyStaticMetadataFileList (in target 'Notelet' from project 'Notelet')
    cd /tmp/voxboard-watch-sim-derived/SourcePackages/checkouts/notelet
    write-file /tmp/voxboard-watch-sim-derived/Build/Intermediates.noindex/Notelet.build/Debug-iphonesimulator/Notelet.build/Notelet.DependencyStaticMetadataFileList

WriteAuxiliaryFile /tmp/voxboard-watch-sim-derived/Build/Intermediates.noindex/Notelet.build/Debug-iphonesimulator/Notelet.build/Notelet.DependencyMetadataFileList (in target 'Notelet' from project 'Notelet')
    cd /tmp/voxboard-watch-sim-derived/SourcePackages/checkouts/notelet
    write-file /tmp/voxboard-watch-sim-derived/Build/Intermediates.noindex/Notelet.build/Debug-iphonesimulator/Notelet.build/Notelet.DependencyMetadataFileList

WriteAuxiliaryFile /tmp/voxboard-watch-sim-derived/Build/Intermediates.noindex/FluidAudio.build/Debug-iphonesimulator/MachTaskSelfWrapper.build/MachTaskSelfWrapper.DependencyMetadataFileList (in target 'MachTaskSelfWrapper' from project 'FluidAudio')
    cd /tmp/voxboard-watch-sim-derived/SourcePackages/checkouts/FluidAudio
    write-file /tmp/voxboard-watch-sim-derived/Build/Intermediates.noindex/FluidAudio.build/Debug-iphonesimulator/MachTaskSelfWrapper.build/MachTaskSelfWrapper.DependencyMetadataFileList

WriteAuxiliaryFile /tmp/voxboard-watch-sim-derived/Build/Intermediates.noindex/FluidAudio.build/Debug-iphonesimulator/MachTaskSelfWrapper.build/MachTaskSelfWrapper.DependencyStaticMetadataFileList (in target 'MachTaskSelfWrapper' from project 'FluidAudio')
    cd /tmp/voxboard-watch-sim-derived/SourcePackages/checkouts/FluidAudio
    write-file /tmp/voxboard-watch-sim-derived/Build/Intermediates.noindex/FluidAudio.build/Debug-iphonesimulator/MachTaskSelfWrapper.build/MachTaskSelfWrapper.DependencyStaticMetadataFileList

WriteAuxiliaryFile /tmp/voxboard-watch-sim-derived/Build/Intermediates.noindex/FluidAudio.build/Debug-iphonesimulator/MachTaskSelfWrapper.build/Objects-normal/arm64/7187679823f38a2a940e0043cdf9d637-common-args.resp (in target 'MachTaskSelfWrapper' from project 'FluidAudio')
    cd /tmp/voxboard-watch-sim-derived/SourcePackages/checkouts/FluidAudio
    write-file /tmp/voxboard-watch-sim-derived/Build/Intermediates.noindex/FluidAudio.build/Debug-iphonesimulator/MachTaskSelfWrapper.build/Objects-normal/arm64/7187679823f38a2a940e0043cdf9d637-common-args.resp
-fmodules -gmodules '-fmodules-cache-path=/tmp/voxboard-watch-sim-derived/ModuleCache.noindex' '-fmodule-name=MachTaskSelfWrapper' -fpascal-strings -O0 -DSWIFT_PACKAGE '-DDEBUG=1' -g -I/tmp/voxboard-watch-sim-derived/Build/Products/Debug-iphonesimulator/include -I/tmp/voxboard-watch-sim-derived/SourcePackages/checkouts/FluidAudio/Sources/MachTaskSelfWrapper/include -I/tmp/voxboard-watch-sim-derived/Build/Intermediates.noindex/FluidAudio.build/Debug-iphonesimulator/MachTaskSelfWrapper.build/DerivedSources-normal/arm64 -I/tmp/voxboard-watch-sim-derived/Build/Intermediates.noindex/FluidAudio.build/Debug-iphonesimulator/MachTaskSelfWrapper.build/DerivedSources/arm64 -I/tmp/voxboard-watch-sim-derived/Build/Intermediates.noindex/FluidAudio.build/Debug-iphonesimulator/MachTaskSelfWrapper.build/DerivedSources -F/tmp/voxboard-watch-sim-derived/Build/Products/Debug-iphonesimulator -iframework /Applications/Xcode.app/Contents/Developer/Platforms/iPhoneSimulator.platform/Developer/Library/Frameworks -iframework /Applications/Xcode.app/Contents/Developer/Platforms/iPhoneSimulator.platform/Developer/SDKs/iPhoneSimulator26.5.sdk/Developer/Library/Frameworks -DXcode

WriteAuxiliaryFile /tmp/voxboard-watch-sim-derived/Build/Intermediates.noindex/FluidAudio.build/Debug-iphonesimulator/MachTaskSelfWrapper.build/Objects-normal/arm64/MachTaskSelfWrapper.LinkFileList (in target 'MachTaskSelfWrapper' from project 'FluidAudio')
    cd /tmp/voxboard-watch-sim-derived/SourcePackages/checkouts/FluidAudio
    write-file /tmp/voxboard-watch-sim-derived/Build/Intermediates.noindex/FluidAudio.build/Debug-iphonesimulator/MachTaskSelfWrapper.build/Objects-normal/arm64/MachTaskSelfWrapper.LinkFileList

WriteAuxiliaryFile /tmp/voxboard-watch-sim-derived/Build/Intermediates.noindex/FluidAudio.build/Debug-iphonesimulator/FluidAudio.build/Objects-normal/arm64/FluidAudio_const_extract_protocols.json (in target 'FluidAudio' from project 'FluidAudio')
    cd /tmp/voxboard-watch-sim-derived/SourcePackages/checkouts/FluidAudio
    write-file /tmp/voxboard-watch-sim-derived/Build/Intermediates.noindex/FluidAudio.build/Debug-iphonesimulator/FluidAudio.build/Objects-normal/arm64/FluidAudio_const_extract_protocols.json

WriteAuxiliaryFile /tmp/voxboard-watch-sim-derived/Build/Intermediates.noindex/FluidAudio.build/Debug-iphonesimulator/FluidAudio.build/Objects-normal/arm64/FluidAudio.SwiftFileList (in target 'FluidAudio' from project 'FluidAudio')
    cd /tmp/voxboard-watch-sim-derived/SourcePackages/checkouts/FluidAudio
    write-file /tmp/voxboard-watch-sim-derived/Build/Intermediates.noindex/FluidAudio.build/Debug-iphonesimulator/FluidAudio.build/Objects-normal/arm64/FluidAudio.SwiftFileList

WriteAuxiliaryFile /tmp/voxboard-watch-sim-derived/Build/Intermediates.noindex/FluidAudio.build/Debug-iphonesimulator/FluidAudio.build/Objects-normal/arm64/FluidAudio.SwiftConstValuesFileList (in target 'FluidAudio' from project 'FluidAudio')
    cd /tmp/voxboard-watch-sim-derived/SourcePackages/checkouts/FluidAudio
    write-file /tmp/voxboard-watch-sim-derived/Build/Intermediates.noindex/FluidAudio.build/Debug-iphonesimulator/FluidAudio.build/Objects-normal/arm64/FluidAudio.SwiftConstValuesFileList

Copy /tmp/voxboard-watch-sim-derived/Build/Intermediates.noindex/GeneratedModuleMaps-iphonesimulator/Notelet.modulemap /tmp/voxboard-watch-sim-derived/Build/Intermediates.noindex/Notelet.build/Debug-iphonesimulator/Notelet.build/Notelet.modulemap (in target 'Notelet' from project 'Notelet')
    cd /tmp/voxboard-watch-sim-derived/SourcePackages/checkouts/notelet
    builtin-copy -exclude .DS_Store -exclude CVS -exclude .svn -exclude .git -exclude .hg -resolve-src-symlinks /tmp/voxboard-watch-sim-derived/Build/Intermediates.noindex/Notelet.build/Debug-iphonesimulator/Notelet.build/Notelet.modulemap /tmp/voxboard-watch-sim-derived/Build/Intermediates.noindex/GeneratedModuleMaps-iphonesimulator

WriteAuxiliaryFile /tmp/voxboard-watch-sim-derived/Build/Intermediates.noindex/FluidAudio.build/Debug-iphonesimulator/FluidAudio.build/Objects-normal/arm64/FluidAudio.LinkFileList (in target 'FluidAudio' from project 'FluidAudio')
    cd /tmp/voxboard-watch-sim-derived/SourcePackages/checkouts/FluidAudio
    write-file /tmp/voxboard-watch-sim-derived/Build/Intermediates.noindex/FluidAudio.build/Debug-iphonesimulator/FluidAudio.build/Objects-normal/arm64/FluidAudio.LinkFileList

WriteAuxiliaryFile /tmp/voxboard-watch-sim-derived/Build/Intermediates.noindex/FluidAudio.build/Debug-iphonesimulator/FluidAudio.build/Objects-normal/arm64/FluidAudio-OutputFileMap.json (in target 'FluidAudio' from project 'FluidAudio')
    cd /tmp/voxboard-watch-sim-derived/SourcePackages/checkouts/FluidAudio
    write-file /tmp/voxboard-watch-sim-derived/Build/Intermediates.noindex/FluidAudio.build/Debug-iphonesimulator/FluidAudio.build/Objects-normal/arm64/FluidAudio-OutputFileMap.json

WriteAuxiliaryFile /tmp/voxboard-watch-sim-derived/Build/Intermediates.noindex/FluidAudio.build/Debug-iphonesimulator/FluidAudio.build/FluidAudio.modulemap (in target 'FluidAudio' from project 'FluidAudio')
    cd /tmp/voxboard-watch-sim-derived/SourcePackages/checkouts/FluidAudio
    write-file /tmp/voxboard-watch-sim-derived/Build/Intermediates.noindex/FluidAudio.build/Debug-iphonesimulator/FluidAudio.build/FluidAudio.modulemap

WriteAuxiliaryFile /tmp/voxboard-watch-sim-derived/Build/Intermediates.noindex/FluidAudio.build/Debug-iphonesimulator/FluidAudio.build/FluidAudio.DependencyStaticMetadataFileList (in target 'FluidAudio' from project 'FluidAudio')
    cd /tmp/voxboard-watch-sim-derived/SourcePackages/checkouts/FluidAudio
    write-file /tmp/voxboard-watch-sim-derived/Build/Intermediates.noindex/FluidAudio.build/Debug-iphonesimulator/FluidAudio.build/FluidAudio.DependencyStaticMetadataFileList

WriteAuxiliaryFile /tmp/voxboard-watch-sim-derived/Build/Intermediates.noindex/FluidAudio.build/Debug-iphonesimulator/FluidAudio.build/FluidAudio.DependencyMetadataFileList (in target 'FluidAudio' from project 'FluidAudio')
    cd /tmp/voxboard-watch-sim-derived/SourcePackages/checkouts/FluidAudio
    write-file /tmp/voxboard-watch-sim-derived/Build/Intermediates.noindex/FluidAudio.build/Debug-iphonesimulator/FluidAudio.build/FluidAudio.DependencyMetadataFileList

WriteAuxiliaryFile /tmp/voxboard-watch-sim-derived/Build/Intermediates.noindex/FluidAudio.build/Debug-iphonesimulator/FastClusterWrapper.build/Objects-normal/arm64/FastClusterWrapper.LinkFileList (in target 'FastClusterWrapper' from project 'FluidAudio')
    cd /tmp/voxboard-watch-sim-derived/SourcePackages/checkouts/FluidAudio
    write-file /tmp/voxboard-watch-sim-derived/Build/Intermediates.noindex/FluidAudio.build/Debug-iphonesimulator/FastClusterWrapper.build/Objects-normal/arm64/FastClusterWrapper.LinkFileList

WriteAuxiliaryFile /tmp/voxboard-watch-sim-derived/Build/Intermediates.noindex/FluidAudio.build/Debug-iphonesimulator/FastClusterWrapper.build/Objects-normal/arm64/82b82416624d2658e5098eb0a28c15c5-common-args.resp (in target 'FastClusterWrapper' from project 'FluidAudio')
    cd /tmp/voxboard-watch-sim-derived/SourcePackages/checkouts/FluidAudio
    write-file /tmp/voxboard-watch-sim-derived/Build/Intermediates.noindex/FluidAudio.build/Debug-iphonesimulator/FastClusterWrapper.build/Objects-normal/arm64/82b82416624d2658e5098eb0a28c15c5-common-args.resp
'-std=c++17' -fmodules -fno-cxx-modules -gmodules '-fmodules-cache-path=/tmp/voxboard-watch-sim-derived/ModuleCache.noindex' '-fmodule-name=FastClusterWrapper' '-D_LIBCPP_HARDENING_MODE=_LIBCPP_HARDENING_MODE_DEBUG' -fpascal-strings -O0 -DSWIFT_PACKAGE '-DDEBUG=1' -g -fvisibility-inlines-hidden -I/tmp/voxboard-watch-sim-derived/Build/Products/Debug-iphonesimulator/include -I/tmp/voxboard-watch-sim-derived/SourcePackages/checkouts/FluidAudio/Sources/FastClusterWrapper/include -I/tmp/voxboard-watch-sim-derived/Build/Intermediates.noindex/FluidAudio.build/Debug-iphonesimulator/FastClusterWrapper.build/DerivedSources-normal/arm64 -I/tmp/voxboard-watch-sim-derived/Build/Intermediates.noindex/FluidAudio.build/Debug-iphonesimulator/FastClusterWrapper.build/DerivedSources/arm64 -I/tmp/voxboard-watch-sim-derived/Build/Intermediates.noindex/FluidAudio.build/Debug-iphonesimulator/FastClusterWrapper.build/DerivedSources -F/tmp/voxboard-watch-sim-derived/Build/Products/Debug-iphonesimulator -iframework /Applications/Xcode.app/Contents/Developer/Platforms/iPhoneSimulator.platform/Developer/Library/Frameworks -iframework /Applications/Xcode.app/Contents/Developer/Platforms/iPhoneSimulator.platform/Developer/SDKs/iPhoneSimulator26.5.sdk/Developer/Library/Frameworks -DXcode

WriteAuxiliaryFile /tmp/voxboard-watch-sim-derived/Build/Intermediates.noindex/FluidAudio.build/Debug-iphonesimulator/FastClusterWrapper.build/FastClusterWrapper.DependencyStaticMetadataFileList (in target 'FastClusterWrapper' from project 'FluidAudio')
    cd /tmp/voxboard-watch-sim-derived/SourcePackages/checkouts/FluidAudio
    write-file /tmp/voxboard-watch-sim-derived/Build/Intermediates.noindex/FluidAudio.build/Debug-iphonesimulator/FastClusterWrapper.build/FastClusterWrapper.DependencyStaticMetadataFileList

WriteAuxiliaryFile /tmp/voxboard-watch-sim-derived/Build/Intermediates.noindex/FluidAudio.build/Debug-iphonesimulator/FastClusterWrapper.build/FastClusterWrapper.DependencyMetadataFileList (in target 'FastClusterWrapper' from project 'FluidAudio')
    cd /tmp/voxboard-watch-sim-derived/SourcePackages/checkouts/FluidAudio
    write-file /tmp/voxboard-watch-sim-derived/Build/Intermediates.noindex/FluidAudio.build/Debug-iphonesimulator/FastClusterWrapper.build/FastClusterWrapper.DependencyMetadataFileList

Copy /tmp/voxboard-watch-sim-derived/Build/Intermediates.noindex/GeneratedModuleMaps-iphonesimulator/FluidAudio.modulemap /tmp/voxboard-watch-sim-derived/Build/Intermediates.noindex/FluidAudio.build/Debug-iphonesimulator/FluidAudio.build/FluidAudio.modulemap (in target 'FluidAudio' from project 'FluidAudio')
    cd /tmp/voxboard-watch-sim-derived/SourcePackages/checkouts/FluidAudio
    builtin-copy -exclude .DS_Store -exclude CVS -exclude .svn -exclude .git -exclude .hg -resolve-src-symlinks /tmp/voxboard-watch-sim-derived/Build/Intermediates.noindex/FluidAudio.build/Debug-iphonesimulator/FluidAudio.build/FluidAudio.modulemap /tmp/voxboard-watch-sim-derived/Build/Intermediates.noindex/GeneratedModuleMaps-iphonesimulator

WriteAuxiliaryFile /tmp/voxboard-watch-sim-derived/Build/Intermediates.noindex/ExportKit.build/Debug-iphonesimulator/ExportKit.build/Objects-normal/arm64/ExportKit.LinkFileList (in target 'ExportKit' from project 'ExportKit')
    cd /tmp/voxboard-watch-sim-derived/SourcePackages/checkouts/ExportKit
    write-file /tmp/voxboard-watch-sim-derived/Build/Intermediates.noindex/ExportKit.build/Debug-iphonesimulator/ExportKit.build/Objects-normal/arm64/ExportKit.LinkFileList

WriteAuxiliaryFile /tmp/voxboard-watch-sim-derived/Build/Intermediates.noindex/ExportKit.build/Debug-iphonesimulator/ExportKit.build/Objects-normal/arm64/ExportKit_const_extract_protocols.json (in target 'ExportKit' from project 'ExportKit')
    cd /tmp/voxboard-watch-sim-derived/SourcePackages/checkouts/ExportKit
    write-file /tmp/voxboard-watch-sim-derived/Build/Intermediates.noindex/ExportKit.build/Debug-iphonesimulator/ExportKit.build/Objects-normal/arm64/ExportKit_const_extract_protocols.json

WriteAuxiliaryFile /tmp/voxboard-watch-sim-derived/Build/Intermediates.noindex/ExportKit.build/Debug-iphonesimulator/ExportKit.build/Objects-normal/arm64/ExportKit.SwiftFileList (in target 'ExportKit' from project 'ExportKit')
    cd /tmp/voxboard-watch-sim-derived/SourcePackages/checkouts/ExportKit
    write-file /tmp/voxboard-watch-sim-derived/Build/Intermediates.noindex/ExportKit.build/Debug-iphonesimulator/ExportKit.build/Objects-normal/arm64/ExportKit.SwiftFileList

WriteAuxiliaryFile /tmp/voxboard-watch-sim-derived/Build/Intermediates.noindex/ExportKit.build/Debug-iphonesimulator/ExportKit.build/Objects-normal/arm64/ExportKit.SwiftConstValuesFileList (in target 'ExportKit' from project 'ExportKit')
    cd /tmp/voxboard-watch-sim-derived/SourcePackages/checkouts/ExportKit
    write-file /tmp/voxboard-watch-sim-derived/Build/Intermediates.noindex/ExportKit.build/Debug-iphonesimulator/ExportKit.build/Objects-normal/arm64/ExportKit.SwiftConstValuesFileList

WriteAuxiliaryFile /tmp/voxboard-watch-sim-derived/Build/Intermediates.noindex/ExportKit.build/Debug-iphonesimulator/ExportKit.build/Objects-normal/arm64/ExportKit-OutputFileMap.json (in target 'ExportKit' from project 'ExportKit')
    cd /tmp/voxboard-watch-sim-derived/SourcePackages/checkouts/ExportKit
    write-file /tmp/voxboard-watch-sim-derived/Build/Intermediates.noindex/ExportKit.build/Debug-iphonesimulator/ExportKit.build/Objects-normal/arm64/ExportKit-OutputFileMap.json

WriteAuxiliaryFile /tmp/voxboard-watch-sim-derived/Build/Intermediates.noindex/ExportKit.build/Debug-iphonesimulator/ExportKit.build/ExportKit.modulemap (in target 'ExportKit' from project 'ExportKit')
    cd /tmp/voxboard-watch-sim-derived/SourcePackages/checkouts/ExportKit
    write-file /tmp/voxboard-watch-sim-derived/Build/Intermediates.noindex/ExportKit.build/Debug-iphonesimulator/ExportKit.build/ExportKit.modulemap

WriteAuxiliaryFile /tmp/voxboard-watch-sim-derived/Build/Intermediates.noindex/ExportKit.build/Debug-iphonesimulator/ExportKit.build/ExportKit.DependencyStaticMetadataFileList (in target 'ExportKit' from project 'ExportKit')
    cd /tmp/voxboard-watch-sim-derived/SourcePackages/checkouts/ExportKit
    write-file /tmp/voxboard-watch-sim-derived/Build/Intermediates.noindex/ExportKit.build/Debug-iphonesimulator/ExportKit.build/ExportKit.DependencyStaticMetadataFileList

WriteAuxiliaryFile /tmp/voxboard-watch-sim-derived/Build/Intermediates.noindex/ExportKit.build/Debug-iphonesimulator/ExportKit.build/ExportKit.DependencyMetadataFileList (in target 'ExportKit' from project 'ExportKit')
    cd /tmp/voxboard-watch-sim-derived/SourcePackages/checkouts/ExportKit
    write-file /tmp/voxboard-watch-sim-derived/Build/Intermediates.noindex/ExportKit.build/Debug-iphonesimulator/ExportKit.build/ExportKit.DependencyMetadataFileList

MkDir /tmp/voxboard-watch-sim-derived/Build/Products/Debug-watchsimulator/Voxboard\ Watch.app (in target 'Voxboard Watch' from project 'Voxboard')
    cd /Users/codybontecou/projects/Voxboard
    /bin/mkdir -p /tmp/voxboard-watch-sim-derived/Build/Products/Debug-watchsimulator/Voxboard\ Watch.app

MkDir /tmp/voxboard-watch-sim-derived/Build/Products/Debug-watchsimulator/Voxboard\ Watch.app/PlugIns (in target 'Voxboard Watch' from project 'Voxboard')
    cd /Users/codybontecou/projects/Voxboard
    /bin/mkdir -p /tmp/voxboard-watch-sim-derived/Build/Products/Debug-watchsimulator/Voxboard\ Watch.app/PlugIns

MkDir /tmp/voxboard-watch-sim-derived/Build/Products/Debug-watchsimulator/Voxboard\ Watch\ WidgetExtension.appex (in target 'Voxboard Watch WidgetExtension' from project 'Voxboard')
    cd /Users/codybontecou/projects/Voxboard
    /bin/mkdir -p /tmp/voxboard-watch-sim-derived/Build/Products/Debug-watchsimulator/Voxboard\ Watch\ WidgetExtension.appex

Copy /tmp/voxboard-watch-sim-derived/Build/Intermediates.noindex/GeneratedModuleMaps-iphonesimulator/ExportKit.modulemap /tmp/voxboard-watch-sim-derived/Build/Intermediates.noindex/ExportKit.build/Debug-iphonesimulator/ExportKit.build/ExportKit.modulemap (in target 'ExportKit' from project 'ExportKit')
    cd /tmp/voxboard-watch-sim-derived/SourcePackages/checkouts/ExportKit
    builtin-copy -exclude .DS_Store -exclude CVS -exclude .svn -exclude .git -exclude .hg -resolve-src-symlinks /tmp/voxboard-watch-sim-derived/Build/Intermediates.noindex/ExportKit.build/Debug-iphonesimulator/ExportKit.build/ExportKit.modulemap /tmp/voxboard-watch-sim-derived/Build/Intermediates.noindex/GeneratedModuleMaps-iphonesimulator

ProcessXCFramework /tmp/voxboard-watch-sim-derived/SourcePackages/artifacts/licensekit/LicenseKit/LicenseKit.xcframework /tmp/voxboard-watch-sim-derived/Build/Products/Debug-iphonesimulator/LicenseKit.framework ios simulator
    cd /Users/codybontecou/projects/Voxboard/Voxboard.xcodeproj
    builtin-process-xcframework --xcframework /tmp/voxboard-watch-sim-derived/SourcePackages/artifacts/licensekit/LicenseKit/LicenseKit.xcframework --platform ios --environment simulator --target-path /tmp/voxboard-watch-sim-derived/Build/Products/Debug-iphonesimulator

ProcessXCFramework /Users/codybontecou/projects/Voxboard/whisper.xcframework /tmp/voxboard-watch-sim-derived/Build/Products/Debug-iphonesimulator/whisper.framework ios simulator
    cd /Users/codybontecou/projects/Voxboard/Voxboard.xcodeproj
    builtin-process-xcframework --xcframework /Users/codybontecou/projects/Voxboard/whisper.xcframework --platform ios --environment simulator --target-path /tmp/voxboard-watch-sim-derived/Build/Products/Debug-iphonesimulator

ProcessProductPackaging /Users/codybontecou/projects/Voxboard/Voxboard\ Watch\ Widget/VoxboardWatchWidget.entitlements /tmp/voxboard-watch-sim-derived/Build/Intermediates.noindex/Voxboard.build/Debug-watchsimulator/Voxboard\ Watch\ WidgetExtension.build/Voxboard\ Watch\ WidgetExtension.appex.xcent (in target 'Voxboard Watch WidgetExtension' from project 'Voxboard')
    cd /Users/codybontecou/projects/Voxboard

    Entitlements:

    {
}

    builtin-productPackagingUtility /Users/codybontecou/projects/Voxboard/Voxboard\ Watch\ Widget/VoxboardWatchWidget.entitlements -entitlements -format xml -o /tmp/voxboard-watch-sim-derived/Build/Intermediates.noindex/Voxboard.build/Debug-watchsimulator/Voxboard\ Watch\ WidgetExtension.build/Voxboard\ Watch\ WidgetExtension.appex.xcent

ProcessProductPackaging /Users/codybontecou/projects/Voxboard/Voxboard\ Watch\ Widget/VoxboardWatchWidget.entitlements /tmp/voxboard-watch-sim-derived/Build/Intermediates.noindex/Voxboard.build/Debug-watchsimulator/Voxboard\ Watch\ WidgetExtension.build/Voxboard\ Watch\ WidgetExtension.appex-Simulated.xcent (in target 'Voxboard Watch WidgetExtension' from project 'Voxboard')
    cd /Users/codybontecou/projects/Voxboard

    Entitlements:

    {
    "application-identifier" = "67KC823C9A.bontecou.Voxboard.watchkitapp.Widget";
    "com.apple.security.application-groups" =     (
        "group.bontecou.Voxboard"
    );
}

    builtin-productPackagingUtility /Users/codybontecou/projects/Voxboard/Voxboard\ Watch\ Widget/VoxboardWatchWidget.entitlements -entitlements -format xml -o /tmp/voxboard-watch-sim-derived/Build/Intermediates.noindex/Voxboard.build/Debug-watchsimulator/Voxboard\ Watch\ WidgetExtension.build/Voxboard\ Watch\ WidgetExtension.appex-Simulated.xcent

ProcessProductPackagingDER /tmp/voxboard-watch-sim-derived/Build/Intermediates.noindex/Voxboard.build/Debug-watchsimulator/Voxboard\ Watch\ WidgetExtension.build/Voxboard\ Watch\ WidgetExtension.appex.xcent /tmp/voxboard-watch-sim-derived/Build/Intermediates.noindex/Voxboard.build/Debug-watchsimulator/Voxboard\ Watch\ WidgetExtension.build/Voxboard\ Watch\ WidgetExtension.appex.xcent.der (in target 'Voxboard Watch WidgetExtension' from project 'Voxboard')
    cd /Users/codybontecou/projects/Voxboard
    /usr/bin/derq query -f xml -i /tmp/voxboard-watch-sim-derived/Build/Intermediates.noindex/Voxboard.build/Debug-watchsimulator/Voxboard\ Watch\ WidgetExtension.build/Voxboard\ Watch\ WidgetExtension.appex.xcent -o /tmp/voxboard-watch-sim-derived/Build/Intermediates.noindex/Voxboard.build/Debug-watchsimulator/Voxboard\ Watch\ WidgetExtension.build/Voxboard\ Watch\ WidgetExtension.appex.xcent.der --raw

ProcessProductPackagingDER /tmp/voxboard-watch-sim-derived/Build/Intermediates.noindex/Voxboard.build/Debug-watchsimulator/Voxboard\ Watch\ WidgetExtension.build/Voxboard\ Watch\ WidgetExtension.appex-Simulated.xcent /tmp/voxboard-watch-sim-derived/Build/Intermediates.noindex/Voxboard.build/Debug-watchsimulator/Voxboard\ Watch\ WidgetExtension.build/Voxboard\ Watch\ WidgetExtension.appex-Simulated.xcent.der (in target 'Voxboard Watch WidgetExtension' from project 'Voxboard')
    cd /Users/codybontecou/projects/Voxboard
    /usr/bin/derq query -f xml -i /tmp/voxboard-watch-sim-derived/Build/Intermediates.noindex/Voxboard.build/Debug-watchsimulator/Voxboard\ Watch\ WidgetExtension.build/Voxboard\ Watch\ WidgetExtension.appex-Simulated.xcent -o /tmp/voxboard-watch-sim-derived/Build/Intermediates.noindex/Voxboard.build/Debug-watchsimulator/Voxboard\ Watch\ WidgetExtension.build/Voxboard\ Watch\ WidgetExtension.appex-Simulated.xcent.der --raw

ProcessXCFramework /tmp/voxboard-watch-sim-derived/SourcePackages/artifacts/keyboardkit/KeyboardKit/KeyboardKit.xcframework /tmp/voxboard-watch-sim-derived/Build/Products/Debug-iphonesimulator/KeyboardKit.framework ios simulator
    cd /Users/codybontecou/projects/Voxboard/Voxboard.xcodeproj
    builtin-process-xcframework --xcframework /tmp/voxboard-watch-sim-derived/SourcePackages/artifacts/keyboardkit/KeyboardKit/KeyboardKit.xcframework --platform ios --environment simulator --target-path /tmp/voxboard-watch-sim-derived/Build/Products/Debug-iphonesimulator

Ld /tmp/voxboard-watch-sim-derived/Build/Intermediates.noindex/Voxboard.build/Debug-watchsimulator/Voxboard\ Watch\ WidgetExtension.build/Objects-normal/x86_64/Binary/__preview.dylib normal x86_64 (in target 'Voxboard Watch WidgetExtension' from project 'Voxboard')
    cd /Users/codybontecou/projects/Voxboard
    /Applications/Xcode.app/Contents/Developer/Toolchains/XcodeDefault.xctoolchain/usr/bin/clang -Xlinker -reproducible -target x86_64-apple-watchos10.0-simulator -dynamiclib -isysroot /Applications/Xcode.app/Contents/Developer/Platforms/WatchSimulator.platform/Developer/SDKs/WatchSimulator26.5.sdk -O0 -L/tmp/voxboard-watch-sim-derived/Build/Products/Debug-watchsimulator -F/tmp/voxboard-watch-sim-derived/Build/Products/Debug-watchsimulator -install_name @rpath/Voxboard\ Watch\ WidgetExtension.debug.dylib -Xlinker -dead_strip -rdynamic -Xlinker -no_deduplicate -Xlinker -objc_abi_version -Xlinker 2 -Xlinker -dependency_info -Xlinker /tmp/voxboard-watch-sim-derived/Build/Intermediates.noindex/Voxboard.build/Debug-watchsimulator/Voxboard\ Watch\ WidgetExtension.build/Objects-normal/x86_64/Voxboard\ Watch\ WidgetExtension_dependency_info.dat -Xlinker -sectcreate -Xlinker __TEXT -Xlinker __entitlements -Xlinker /tmp/voxboard-watch-sim-derived/Build/Intermediates.noindex/Voxboard.build/Debug-watchsimulator/Voxboard\ Watch\ WidgetExtension.build/Voxboard\ Watch\ WidgetExtension.appex-Simulated.xcent -Xlinker -sectcreate -Xlinker __TEXT -Xlinker __ents_der -Xlinker /tmp/voxboard-watch-sim-derived/Build/Intermediates.noindex/Voxboard.build/Debug-watchsimulator/Voxboard\ Watch\ WidgetExtension.build/Voxboard\ Watch\ WidgetExtension.appex-Simulated.xcent.der -Xlinker -no_adhoc_codesign -o /tmp/voxboard-watch-sim-derived/Build/Intermediates.noindex/Voxboard.build/Debug-watchsimulator/Voxboard\ Watch\ WidgetExtension.build/Objects-normal/x86_64/Binary/__preview.dylib

MkDir /tmp/voxboard-watch-sim-derived/Build/Intermediates.noindex/Voxboard.build/Debug-watchsimulator/Voxboard\ Watch\ WidgetExtension.build/assetcatalog_output/thinned (in target 'Voxboard Watch WidgetExtension' from project 'Voxboard')
    cd /Users/codybontecou/projects/Voxboard
    /bin/mkdir -p /tmp/voxboard-watch-sim-derived/Build/Intermediates.noindex/Voxboard.build/Debug-watchsimulator/Voxboard\ Watch\ WidgetExtension.build/assetcatalog_output/thinned

MkDir /tmp/voxboard-watch-sim-derived/Build/Intermediates.noindex/Voxboard.build/Debug-watchsimulator/Voxboard\ Watch\ WidgetExtension.build/assetcatalog_output/unthinned (in target 'Voxboard Watch WidgetExtension' from project 'Voxboard')
    cd /Users/codybontecou/projects/Voxboard
    /bin/mkdir -p /tmp/voxboard-watch-sim-derived/Build/Intermediates.noindex/Voxboard.build/Debug-watchsimulator/Voxboard\ Watch\ WidgetExtension.build/assetcatalog_output/unthinned

Ld /tmp/voxboard-watch-sim-derived/Build/Intermediates.noindex/Voxboard.build/Debug-watchsimulator/Voxboard\ Watch\ WidgetExtension.build/Objects-normal/arm64/Binary/__preview.dylib normal arm64 (in target 'Voxboard Watch WidgetExtension' from project 'Voxboard')
    cd /Users/codybontecou/projects/Voxboard
    /Applications/Xcode.app/Contents/Developer/Toolchains/XcodeDefault.xctoolchain/usr/bin/clang -Xlinker -reproducible -target arm64-apple-watchos10.0-simulator -dynamiclib -isysroot /Applications/Xcode.app/Contents/Developer/Platforms/WatchSimulator.platform/Developer/SDKs/WatchSimulator26.5.sdk -O0 -L/tmp/voxboard-watch-sim-derived/Build/Products/Debug-watchsimulator -F/tmp/voxboard-watch-sim-derived/Build/Products/Debug-watchsimulator -install_name @rpath/Voxboard\ Watch\ WidgetExtension.debug.dylib -Xlinker -dead_strip -rdynamic -Xlinker -no_deduplicate -Xlinker -objc_abi_version -Xlinker 2 -Xlinker -dependency_info -Xlinker /tmp/voxboard-watch-sim-derived/Build/Intermediates.noindex/Voxboard.build/Debug-watchsimulator/Voxboard\ Watch\ WidgetExtension.build/Objects-normal/arm64/Voxboard\ Watch\ WidgetExtension_dependency_info.dat -Xlinker -sectcreate -Xlinker __TEXT -Xlinker __entitlements -Xlinker /tmp/voxboard-watch-sim-derived/Build/Intermediates.noindex/Voxboard.build/Debug-watchsimulator/Voxboard\ Watch\ WidgetExtension.build/Voxboard\ Watch\ WidgetExtension.appex-Simulated.xcent -Xlinker -sectcreate -Xlinker __TEXT -Xlinker __ents_der -Xlinker /tmp/voxboard-watch-sim-derived/Build/Intermediates.noindex/Voxboard.build/Debug-watchsimulator/Voxboard\ Watch\ WidgetExtension.build/Voxboard\ Watch\ WidgetExtension.appex-Simulated.xcent.der -Xlinker -no_adhoc_codesign -o /tmp/voxboard-watch-sim-derived/Build/Intermediates.noindex/Voxboard.build/Debug-watchsimulator/Voxboard\ Watch\ WidgetExtension.build/Objects-normal/arm64/Binary/__preview.dylib

GenerateAssetSymbols /Users/codybontecou/projects/Voxboard/Voxboard\ Watch\ Widget/Assets.xcassets (in target 'Voxboard Watch WidgetExtension' from project 'Voxboard')
    cd /Users/codybontecou/projects/Voxboard
    /Applications/Xcode.app/Contents/Developer/usr/bin/actool /Users/codybontecou/projects/Voxboard/Voxboard\ Watch\ Widget/Assets.xcassets --compile /tmp/voxboard-watch-sim-derived/Build/Products/Debug-watchsimulator/Voxboard\ Watch\ WidgetExtension.appex --output-format human-readable-text --notices --warnings --export-dependency-info /tmp/voxboard-watch-sim-derived/Build/Intermediates.noindex/Voxboard.build/Debug-watchsimulator/Voxboard\ Watch\ WidgetExtension.build/assetcatalog_dependencies --output-partial-info-plist /tmp/voxboard-watch-sim-derived/Build/Intermediates.noindex/Voxboard.build/Debug-watchsimulator/Voxboard\ Watch\ WidgetExtension.build/assetcatalog_generated_info.plist --accent-color AccentColor --widget-background-color WidgetBackground --compress-pngs --enable-on-demand-resources NO --standalone-icon-behavior all --development-region en --target-device watch --minimum-deployment-target 10.0 --platform watchsimulator --bundle-identifier bontecou.Voxboard.watchkitapp.Widget --generate-swift-asset-symbols /tmp/voxboard-watch-sim-derived/Build/Intermediates.noindex/Voxboard.build/Debug-watchsimulator/Voxboard\ Watch\ WidgetExtension.build/DerivedSources/GeneratedAssetSymbols.swift --generate-objc-asset-symbols /tmp/voxboard-watch-sim-derived/Build/Intermediates.noindex/Voxboard.build/Debug-watchsimulator/Voxboard\ Watch\ WidgetExtension.build/DerivedSources/GeneratedAssetSymbols.h --generate-asset-symbol-index /tmp/voxboard-watch-sim-derived/Build/Intermediates.noindex/Voxboard.build/Debug-watchsimulator/Voxboard\ Watch\ WidgetExtension.build/DerivedSources/GeneratedAssetSymbols-Index.plist
/* com.apple.actool.compilation-results */
/tmp/voxboard-watch-sim-derived/Build/Intermediates.noindex/Voxboard.build/Debug-watchsimulator/Voxboard Watch WidgetExtension.build/DerivedSources/GeneratedAssetSymbols-Index.plist
/tmp/voxboard-watch-sim-derived/Build/Intermediates.noindex/Voxboard.build/Debug-watchsimulator/Voxboard Watch WidgetExtension.build/DerivedSources/GeneratedAssetSymbols.h
/tmp/voxboard-watch-sim-derived/Build/Intermediates.noindex/Voxboard.build/Debug-watchsimulator/Voxboard Watch WidgetExtension.build/DerivedSources/GeneratedAssetSymbols.swift


CompileAssetCatalogVariant thinned /tmp/voxboard-watch-sim-derived/Build/Products/Debug-watchsimulator/Voxboard\ Watch\ WidgetExtension.appex /Users/codybontecou/projects/Voxboard/Voxboard\ Watch\ Widget/Assets.xcassets (in target 'Voxboard Watch WidgetExtension' from project 'Voxboard')
    cd /Users/codybontecou/projects/Voxboard
    /Applications/Xcode.app/Contents/Developer/usr/bin/actool /Users/codybontecou/projects/Voxboard/Voxboard\ Watch\ Widget/Assets.xcassets --compile /tmp/voxboard-watch-sim-derived/Build/Intermediates.noindex/Voxboard.build/Debug-watchsimulator/Voxboard\ Watch\ WidgetExtension.build/assetcatalog_output/thinned --output-format human-readable-text --notices --warnings --export-dependency-info /tmp/voxboard-watch-sim-derived/Build/Intermediates.noindex/Voxboard.build/Debug-watchsimulator/Voxboard\ Watch\ WidgetExtension.build/assetcatalog_dependencies_thinned --output-partial-info-plist /tmp/voxboard-watch-sim-derived/Build/Intermediates.noindex/Voxboard.build/Debug-watchsimulator/Voxboard\ Watch\ WidgetExtension.build/assetcatalog_generated_info.plist_thinned --accent-color AccentColor --widget-background-color WidgetBackground --compress-pngs --enable-on-demand-resources NO --standalone-icon-behavior all --filter-for-thinning-device-configuration iPhone18,3 --filter-for-device-os-version 26.5 --development-region en --target-device watch --minimum-deployment-target 10.0 --platform watchsimulator
/* com.apple.actool.compilation-results */
/tmp/voxboard-watch-sim-derived/Build/Intermediates.noindex/Voxboard.build/Debug-watchsimulator/Voxboard Watch WidgetExtension.build/assetcatalog_generated_info.plist_thinned
/tmp/voxboard-watch-sim-derived/Build/Intermediates.noindex/Voxboard.build/Debug-watchsimulator/Voxboard Watch WidgetExtension.build/assetcatalog_output/thinned/Assets.car


WriteAuxiliaryFile /tmp/voxboard-watch-sim-derived/Build/Intermediates.noindex/VoxboardShared.build/Debug-iphonesimulator/VoxboardShared.build/VoxboardShared.modulemap (in target 'VoxboardShared' from project 'VoxboardShared')
    cd /Users/codybontecou/projects/Voxboard/Packages/VoxboardShared
    write-file /tmp/voxboard-watch-sim-derived/Build/Intermediates.noindex/VoxboardShared.build/Debug-iphonesimulator/VoxboardShared.build/VoxboardShared.modulemap

WriteAuxiliaryFile /tmp/voxboard-watch-sim-derived/Build/Intermediates.noindex/VoxboardShared.build/Debug-iphonesimulator/VoxboardShared.build/VoxboardShared.DependencyStaticMetadataFileList (in target 'VoxboardShared' from project 'VoxboardShared')
    cd /Users/codybontecou/projects/Voxboard/Packages/VoxboardShared
    write-file /tmp/voxboard-watch-sim-derived/Build/Intermediates.noindex/VoxboardShared.build/Debug-iphonesimulator/VoxboardShared.build/VoxboardShared.DependencyStaticMetadataFileList

WriteAuxiliaryFile /tmp/voxboard-watch-sim-derived/Build/Intermediates.noindex/VoxboardShared.build/Debug-iphonesimulator/VoxboardShared.build/VoxboardShared.DependencyMetadataFileList (in target 'VoxboardShared' from project 'VoxboardShared')
    cd /Users/codybontecou/projects/Voxboard/Packages/VoxboardShared
    write-file /tmp/voxboard-watch-sim-derived/Build/Intermediates.noindex/VoxboardShared.build/Debug-iphonesimulator/VoxboardShared.build/VoxboardShared.DependencyMetadataFileList

WriteAuxiliaryFile /tmp/voxboard-watch-sim-derived/Build/Intermediates.noindex/VoxboardShared.build/Debug-iphonesimulator/VoxboardShared.build/Objects-normal/arm64/VoxboardShared_const_extract_protocols.json (in target 'VoxboardShared' from project 'VoxboardShared')
    cd /Users/codybontecou/projects/Voxboard/Packages/VoxboardShared
    write-file /tmp/voxboard-watch-sim-derived/Build/Intermediates.noindex/VoxboardShared.build/Debug-iphonesimulator/VoxboardShared.build/Objects-normal/arm64/VoxboardShared_const_extract_protocols.json

WriteAuxiliaryFile /tmp/voxboard-watch-sim-derived/Build/Intermediates.noindex/VoxboardShared.build/Debug-iphonesimulator/VoxboardShared.build/Objects-normal/arm64/VoxboardShared.SwiftFileList (in target 'VoxboardShared' from project 'VoxboardShared')
    cd /Users/codybontecou/projects/Voxboard/Packages/VoxboardShared
    write-file /tmp/voxboard-watch-sim-derived/Build/Intermediates.noindex/VoxboardShared.build/Debug-iphonesimulator/VoxboardShared.build/Objects-normal/arm64/VoxboardShared.SwiftFileList

WriteAuxiliaryFile /tmp/voxboard-watch-sim-derived/Build/Intermediates.noindex/VoxboardShared.build/Debug-iphonesimulator/VoxboardShared.build/Objects-normal/arm64/VoxboardShared.SwiftConstValuesFileList (in target 'VoxboardShared' from project 'VoxboardShared')
    cd /Users/codybontecou/projects/Voxboard/Packages/VoxboardShared
    write-file /tmp/voxboard-watch-sim-derived/Build/Intermediates.noindex/VoxboardShared.build/Debug-iphonesimulator/VoxboardShared.build/Objects-normal/arm64/VoxboardShared.SwiftConstValuesFileList

WriteAuxiliaryFile /tmp/voxboard-watch-sim-derived/Build/Intermediates.noindex/VoxboardShared.build/Debug-iphonesimulator/VoxboardShared.build/Objects-normal/arm64/VoxboardShared.LinkFileList (in target 'VoxboardShared' from project 'VoxboardShared')
    cd /Users/codybontecou/projects/Voxboard/Packages/VoxboardShared
    write-file /tmp/voxboard-watch-sim-derived/Build/Intermediates.noindex/VoxboardShared.build/Debug-iphonesimulator/VoxboardShared.build/Objects-normal/arm64/VoxboardShared.LinkFileList

WriteAuxiliaryFile /tmp/voxboard-watch-sim-derived/Build/Intermediates.noindex/VoxboardShared.build/Debug-iphonesimulator/VoxboardShared.build/Objects-normal/arm64/VoxboardShared-OutputFileMap.json (in target 'VoxboardShared' from project 'VoxboardShared')
    cd /Users/codybontecou/projects/Voxboard/Packages/VoxboardShared
    write-file /tmp/voxboard-watch-sim-derived/Build/Intermediates.noindex/VoxboardShared.build/Debug-iphonesimulator/VoxboardShared.build/Objects-normal/arm64/VoxboardShared-OutputFileMap.json

Copy /tmp/voxboard-watch-sim-derived/Build/Intermediates.noindex/GeneratedModuleMaps-iphonesimulator/VoxboardShared.modulemap /tmp/voxboard-watch-sim-derived/Build/Intermediates.noindex/VoxboardShared.build/Debug-iphonesimulator/VoxboardShared.build/VoxboardShared.modulemap (in target 'VoxboardShared' from project 'VoxboardShared')
    cd /Users/codybontecou/projects/Voxboard/Packages/VoxboardShared
    builtin-copy -exclude .DS_Store -exclude CVS -exclude .svn -exclude .git -exclude .hg -resolve-src-symlinks /tmp/voxboard-watch-sim-derived/Build/Intermediates.noindex/VoxboardShared.build/Debug-iphonesimulator/VoxboardShared.build/VoxboardShared.modulemap /tmp/voxboard-watch-sim-derived/Build/Intermediates.noindex/GeneratedModuleMaps-iphonesimulator

WriteAuxiliaryFile /tmp/voxboard-watch-sim-derived/Build/Intermediates.noindex/Voxboard.build/Debug-iphonesimulator/Voxboard\ WidgetExtension.build/Voxboard\ WidgetExtension.hmap (in target 'Voxboard WidgetExtension' from project 'Voxboard')
    cd /Users/codybontecou/projects/Voxboard
    write-file /tmp/voxboard-watch-sim-derived/Build/Intermediates.noindex/Voxboard.build/Debug-iphonesimulator/Voxboard\ WidgetExtension.build/Voxboard\ WidgetExtension.hmap

WriteAuxiliaryFile /tmp/voxboard-watch-sim-derived/Build/Intermediates.noindex/Voxboard.build/Debug-iphonesimulator/Voxboard\ WidgetExtension.build/Voxboard\ WidgetExtension.DependencyStaticMetadataFileList (in target 'Voxboard WidgetExtension' from project 'Voxboard')
    cd /Users/codybontecou/projects/Voxboard
    write-file /tmp/voxboard-watch-sim-derived/Build/Intermediates.noindex/Voxboard.build/Debug-iphonesimulator/Voxboard\ WidgetExtension.build/Voxboard\ WidgetExtension.DependencyStaticMetadataFileList

WriteAuxiliaryFile /tmp/voxboard-watch-sim-derived/Build/Intermediates.noindex/Voxboard.build/Debug-iphonesimulator/Voxboard\ WidgetExtension.build/Voxboard\ WidgetExtension.DependencyMetadataFileList (in target 'Voxboard WidgetExtension' from project 'Voxboard')
    cd /Users/codybontecou/projects/Voxboard
    write-file /tmp/voxboard-watch-sim-derived/Build/Intermediates.noindex/Voxboard.build/Debug-iphonesimulator/Voxboard\ WidgetExtension.build/Voxboard\ WidgetExtension.DependencyMetadataFileList

WriteAuxiliaryFile /tmp/voxboard-watch-sim-derived/Build/Intermediates.noindex/Voxboard.build/Debug-iphonesimulator/Voxboard\ WidgetExtension.build/Voxboard\ WidgetExtension-project-headers.hmap (in target 'Voxboard WidgetExtension' from project 'Voxboard')
    cd /Users/codybontecou/projects/Voxboard
    write-file /tmp/voxboard-watch-sim-derived/Build/Intermediates.noindex/Voxboard.build/Debug-iphonesimulator/Voxboard\ WidgetExtension.build/Voxboard\ WidgetExtension-project-headers.hmap

WriteAuxiliaryFile /tmp/voxboard-watch-sim-derived/Build/Intermediates.noindex/Voxboard.build/Debug-iphonesimulator/Voxboard\ WidgetExtension.build/Voxboard\ WidgetExtension-own-target-headers.hmap (in target 'Voxboard WidgetExtension' from project 'Voxboard')
    cd /Users/codybontecou/projects/Voxboard
    write-file /tmp/voxboard-watch-sim-derived/Build/Intermediates.noindex/Voxboard.build/Debug-iphonesimulator/Voxboard\ WidgetExtension.build/Voxboard\ WidgetExtension-own-target-headers.hmap

WriteAuxiliaryFile /tmp/voxboard-watch-sim-derived/Build/Intermediates.noindex/Voxboard.build/Debug-iphonesimulator/Voxboard\ WidgetExtension.build/Voxboard\ WidgetExtension-generated-files.hmap (in target 'Voxboard WidgetExtension' from project 'Voxboard')
    cd /Users/codybontecou/projects/Voxboard
    write-file /tmp/voxboard-watch-sim-derived/Build/Intermediates.noindex/Voxboard.build/Debug-iphonesimulator/Voxboard\ WidgetExtension.build/Voxboard\ WidgetExtension-generated-files.hmap

WriteAuxiliaryFile /tmp/voxboard-watch-sim-derived/Build/Intermediates.noindex/Voxboard.build/Debug-iphonesimulator/Voxboard\ WidgetExtension.build/Voxboard\ WidgetExtension-all-target-headers.hmap (in target 'Voxboard WidgetExtension' from project 'Voxboard')
    cd /Users/codybontecou/projects/Voxboard
    write-file /tmp/voxboard-watch-sim-derived/Build/Intermediates.noindex/Voxboard.build/Debug-iphonesimulator/Voxboard\ WidgetExtension.build/Voxboard\ WidgetExtension-all-target-headers.hmap

WriteAuxiliaryFile /tmp/voxboard-watch-sim-derived/Build/Intermediates.noindex/Voxboard.build/Debug-iphonesimulator/Voxboard\ WidgetExtension.build/Voxboard\ WidgetExtension-all-non-framework-target-headers.hmap (in target 'Voxboard WidgetExtension' from project 'Voxboard')
    cd /Users/codybontecou/projects/Voxboard
    write-file /tmp/voxboard-watch-sim-derived/Build/Intermediates.noindex/Voxboard.build/Debug-iphonesimulator/Voxboard\ WidgetExtension.build/Voxboard\ WidgetExtension-all-non-framework-target-headers.hmap

WriteAuxiliaryFile /tmp/voxboard-watch-sim-derived/Build/Intermediates.noindex/Voxboard.build/Debug-iphonesimulator/Voxboard\ WidgetExtension.build/Voxboard\ WidgetExtension-DebugEntryPoint-normal-arm64.txt (in target 'Voxboard WidgetExtension' from project 'Voxboard')
    cd /Users/codybontecou/projects/Voxboard
    write-file /tmp/voxboard-watch-sim-derived/Build/Intermediates.noindex/Voxboard.build/Debug-iphonesimulator/Voxboard\ WidgetExtension.build/Voxboard\ WidgetExtension-DebugEntryPoint-normal-arm64.txt

WriteAuxiliaryFile /tmp/voxboard-watch-sim-derived/Build/Intermediates.noindex/Voxboard.build/Debug-iphonesimulator/Voxboard\ WidgetExtension.build/Voxboard\ WidgetExtension-DebugDylibPath-normal-arm64.txt (in target 'Voxboard WidgetExtension' from project 'Voxboard')
    cd /Users/codybontecou/projects/Voxboard
    write-file /tmp/voxboard-watch-sim-derived/Build/Intermediates.noindex/Voxboard.build/Debug-iphonesimulator/Voxboard\ WidgetExtension.build/Voxboard\ WidgetExtension-DebugDylibPath-normal-arm64.txt

WriteAuxiliaryFile /tmp/voxboard-watch-sim-derived/Build/Intermediates.noindex/Voxboard.build/Debug-iphonesimulator/Voxboard\ WidgetExtension.build/Voxboard\ WidgetExtension-DebugDylibInstallName-normal-arm64.txt (in target 'Voxboard WidgetExtension' from project 'Voxboard')
    cd /Users/codybontecou/projects/Voxboard
    write-file /tmp/voxboard-watch-sim-derived/Build/Intermediates.noindex/Voxboard.build/Debug-iphonesimulator/Voxboard\ WidgetExtension.build/Voxboard\ WidgetExtension-DebugDylibInstallName-normal-arm64.txt

WriteAuxiliaryFile /tmp/voxboard-watch-sim-derived/Build/Intermediates.noindex/Voxboard.build/Debug-iphonesimulator/Voxboard\ WidgetExtension.build/Objects-normal/arm64/Voxboard\ WidgetExtension_const_extract_protocols.json (in target 'Voxboard WidgetExtension' from project 'Voxboard')
    cd /Users/codybontecou/projects/Voxboard
    write-file /tmp/voxboard-watch-sim-derived/Build/Intermediates.noindex/Voxboard.build/Debug-iphonesimulator/Voxboard\ WidgetExtension.build/Objects-normal/arm64/Voxboard\ WidgetExtension_const_extract_protocols.json

WriteAuxiliaryFile /tmp/voxboard-watch-sim-derived/Build/Intermediates.noindex/Voxboard.build/Debug-iphonesimulator/Voxboard\ WidgetExtension.build/Objects-normal/arm64/Voxboard\ WidgetExtension.SwiftConstValuesFileList (in target 'Voxboard WidgetExtension' from project 'Voxboard')
    cd /Users/codybontecou/projects/Voxboard
    write-file /tmp/voxboard-watch-sim-derived/Build/Intermediates.noindex/Voxboard.build/Debug-iphonesimulator/Voxboard\ WidgetExtension.build/Objects-normal/arm64/Voxboard\ WidgetExtension.SwiftConstValuesFileList

WriteAuxiliaryFile /tmp/voxboard-watch-sim-derived/Build/Intermediates.noindex/Voxboard.build/Debug-iphonesimulator/Voxboard\ WidgetExtension.build/Objects-normal/arm64/Voxboard\ WidgetExtension.SwiftFileList (in target 'Voxboard WidgetExtension' from project 'Voxboard')
    cd /Users/codybontecou/projects/Voxboard
    write-file /tmp/voxboard-watch-sim-derived/Build/Intermediates.noindex/Voxboard.build/Debug-iphonesimulator/Voxboard\ WidgetExtension.build/Objects-normal/arm64/Voxboard\ WidgetExtension.SwiftFileList

WriteAuxiliaryFile /tmp/voxboard-watch-sim-derived/Build/Intermediates.noindex/Voxboard.build/Debug-iphonesimulator/Voxboard\ WidgetExtension.build/Objects-normal/arm64/Voxboard\ WidgetExtension.LinkFileList (in target 'Voxboard WidgetExtension' from project 'Voxboard')
    cd /Users/codybontecou/projects/Voxboard
    write-file /tmp/voxboard-watch-sim-derived/Build/Intermediates.noindex/Voxboard.build/Debug-iphonesimulator/Voxboard\ WidgetExtension.build/Objects-normal/arm64/Voxboard\ WidgetExtension.LinkFileList

WriteAuxiliaryFile /tmp/voxboard-watch-sim-derived/Build/Intermediates.noindex/Voxboard.build/Debug-iphonesimulator/Voxboard\ WidgetExtension.build/Objects-normal/arm64/Voxboard\ WidgetExtension-OutputFileMap.json (in target 'Voxboard WidgetExtension' from project 'Voxboard')
    cd /Users/codybontecou/projects/Voxboard
    write-file /tmp/voxboard-watch-sim-derived/Build/Intermediates.noindex/Voxboard.build/Debug-iphonesimulator/Voxboard\ WidgetExtension.build/Objects-normal/arm64/Voxboard\ WidgetExtension-OutputFileMap.json

WriteAuxiliaryFile /tmp/voxboard-watch-sim-derived/Build/Intermediates.noindex/Voxboard.build/Debug-iphonesimulator/Voxboard\ Keyboard.build/Voxboard\ Keyboard.hmap (in target 'Voxboard Keyboard' from project 'Voxboard')
    cd /Users/codybontecou/projects/Voxboard
    write-file /tmp/voxboard-watch-sim-derived/Build/Intermediates.noindex/Voxboard.build/Debug-iphonesimulator/Voxboard\ Keyboard.build/Voxboard\ Keyboard.hmap

WriteAuxiliaryFile /tmp/voxboard-watch-sim-derived/Build/Intermediates.noindex/Voxboard.build/Debug-iphonesimulator/Voxboard\ Keyboard.build/Voxboard\ Keyboard.DependencyStaticMetadataFileList (in target 'Voxboard Keyboard' from project 'Voxboard')
    cd /Users/codybontecou/projects/Voxboard
    write-file /tmp/voxboard-watch-sim-derived/Build/Intermediates.noindex/Voxboard.build/Debug-iphonesimulator/Voxboard\ Keyboard.build/Voxboard\ Keyboard.DependencyStaticMetadataFileList

WriteAuxiliaryFile /tmp/voxboard-watch-sim-derived/Build/Intermediates.noindex/Voxboard.build/Debug-iphonesimulator/Voxboard\ Keyboard.build/Voxboard\ Keyboard.DependencyMetadataFileList (in target 'Voxboard Keyboard' from project 'Voxboard')
    cd /Users/codybontecou/projects/Voxboard
    write-file /tmp/voxboard-watch-sim-derived/Build/Intermediates.noindex/Voxboard.build/Debug-iphonesimulator/Voxboard\ Keyboard.build/Voxboard\ Keyboard.DependencyMetadataFileList

WriteAuxiliaryFile /tmp/voxboard-watch-sim-derived/Build/Intermediates.noindex/Voxboard.build/Debug-iphonesimulator/Voxboard\ WidgetExtension.build/DerivedSources/Entitlements-Simulated.plist (in target 'Voxboard WidgetExtension' from project 'Voxboard')
    cd /Users/codybontecou/projects/Voxboard
    write-file /tmp/voxboard-watch-sim-derived/Build/Intermediates.noindex/Voxboard.build/Debug-iphonesimulator/Voxboard\ WidgetExtension.build/DerivedSources/Entitlements-Simulated.plist

WriteAuxiliaryFile /tmp/voxboard-watch-sim-derived/Build/Intermediates.noindex/Voxboard.build/Debug-iphonesimulator/Voxboard\ Keyboard.build/Voxboard\ Keyboard-project-headers.hmap (in target 'Voxboard Keyboard' from project 'Voxboard')
    cd /Users/codybontecou/projects/Voxboard
    write-file /tmp/voxboard-watch-sim-derived/Build/Intermediates.noindex/Voxboard.build/Debug-iphonesimulator/Voxboard\ Keyboard.build/Voxboard\ Keyboard-project-headers.hmap

WriteAuxiliaryFile /tmp/voxboard-watch-sim-derived/Build/Intermediates.noindex/Voxboard.build/Debug-iphonesimulator/Voxboard\ Keyboard.build/Voxboard\ Keyboard-own-target-headers.hmap (in target 'Voxboard Keyboard' from project 'Voxboard')
    cd /Users/codybontecou/projects/Voxboard
    write-file /tmp/voxboard-watch-sim-derived/Build/Intermediates.noindex/Voxboard.build/Debug-iphonesimulator/Voxboard\ Keyboard.build/Voxboard\ Keyboard-own-target-headers.hmap

WriteAuxiliaryFile /tmp/voxboard-watch-sim-derived/Build/Intermediates.noindex/Voxboard.build/Debug-iphonesimulator/Voxboard\ Keyboard.build/Voxboard\ Keyboard-generated-files.hmap (in target 'Voxboard Keyboard' from project 'Voxboard')
    cd /Users/codybontecou/projects/Voxboard
    write-file /tmp/voxboard-watch-sim-derived/Build/Intermediates.noindex/Voxboard.build/Debug-iphonesimulator/Voxboard\ Keyboard.build/Voxboard\ Keyboard-generated-files.hmap

WriteAuxiliaryFile /tmp/voxboard-watch-sim-derived/Build/Intermediates.noindex/Voxboard.build/Debug-iphonesimulator/Voxboard\ Keyboard.build/Voxboard\ Keyboard-all-target-headers.hmap (in target 'Voxboard Keyboard' from project 'Voxboard')
    cd /Users/codybontecou/projects/Voxboard
    write-file /tmp/voxboard-watch-sim-derived/Build/Intermediates.noindex/Voxboard.build/Debug-iphonesimulator/Voxboard\ Keyboard.build/Voxboard\ Keyboard-all-target-headers.hmap

WriteAuxiliaryFile /tmp/voxboard-watch-sim-derived/Build/Intermediates.noindex/Voxboard.build/Debug-iphonesimulator/Voxboard\ Keyboard.build/Voxboard\ Keyboard-all-non-framework-target-headers.hmap (in target 'Voxboard Keyboard' from project 'Voxboard')
    cd /Users/codybontecou/projects/Voxboard
    write-file /tmp/voxboard-watch-sim-derived/Build/Intermediates.noindex/Voxboard.build/Debug-iphonesimulator/Voxboard\ Keyboard.build/Voxboard\ Keyboard-all-non-framework-target-headers.hmap

WriteAuxiliaryFile /tmp/voxboard-watch-sim-derived/Build/Intermediates.noindex/Voxboard.build/Debug-iphonesimulator/Voxboard\ Keyboard.build/Voxboard\ Keyboard-DebugEntryPoint-normal-arm64.txt (in target 'Voxboard Keyboard' from project 'Voxboard')
    cd /Users/codybontecou/projects/Voxboard
    write-file /tmp/voxboard-watch-sim-derived/Build/Intermediates.noindex/Voxboard.build/Debug-iphonesimulator/Voxboard\ Keyboard.build/Voxboard\ Keyboard-DebugEntryPoint-normal-arm64.txt

WriteAuxiliaryFile /tmp/voxboard-watch-sim-derived/Build/Intermediates.noindex/Voxboard.build/Debug-iphonesimulator/Voxboard\ Keyboard.build/Voxboard\ Keyboard-DebugDylibPath-normal-arm64.txt (in target 'Voxboard Keyboard' from project 'Voxboard')
    cd /Users/codybontecou/projects/Voxboard
    write-file /tmp/voxboard-watch-sim-derived/Build/Intermediates.noindex/Voxboard.build/Debug-iphonesimulator/Voxboard\ Keyboard.build/Voxboard\ Keyboard-DebugDylibPath-normal-arm64.txt

WriteAuxiliaryFile /tmp/voxboard-watch-sim-derived/Build/Intermediates.noindex/Voxboard.build/Debug-iphonesimulator/Voxboard\ Keyboard.build/Voxboard\ Keyboard-DebugDylibInstallName-normal-arm64.txt (in target 'Voxboard Keyboard' from project 'Voxboard')
    cd /Users/codybontecou/projects/Voxboard
    write-file /tmp/voxboard-watch-sim-derived/Build/Intermediates.noindex/Voxboard.build/Debug-iphonesimulator/Voxboard\ Keyboard.build/Voxboard\ Keyboard-DebugDylibInstallName-normal-arm64.txt

WriteAuxiliaryFile /tmp/voxboard-watch-sim-derived/Build/Intermediates.noindex/Voxboard.build/Debug-iphonesimulator/Voxboard\ Keyboard.build/Objects-normal/arm64/Voxboard\ Keyboard.SwiftConstValuesFileList (in target 'Voxboard Keyboard' from project 'Voxboard')
    cd /Users/codybontecou/projects/Voxboard
    write-file /tmp/voxboard-watch-sim-derived/Build/Intermediates.noindex/Voxboard.build/Debug-iphonesimulator/Voxboard\ Keyboard.build/Objects-normal/arm64/Voxboard\ Keyboard.SwiftConstValuesFileList

WriteAuxiliaryFile /tmp/voxboard-watch-sim-derived/Build/Intermediates.noindex/Voxboard.build/Debug-iphonesimulator/Voxboard\ Keyboard.build/Objects-normal/arm64/Voxboard\ Keyboard_const_extract_protocols.json (in target 'Voxboard Keyboard' from project 'Voxboard')
    cd /Users/codybontecou/projects/Voxboard
    write-file /tmp/voxboard-watch-sim-derived/Build/Intermediates.noindex/Voxboard.build/Debug-iphonesimulator/Voxboard\ Keyboard.build/Objects-normal/arm64/Voxboard\ Keyboard_const_extract_protocols.json

WriteAuxiliaryFile /tmp/voxboard-watch-sim-derived/Build/Intermediates.noindex/Voxboard.build/Debug-iphonesimulator/Voxboard\ Keyboard.build/Objects-normal/arm64/Voxboard\ Keyboard.SwiftFileList (in target 'Voxboard Keyboard' from project 'Voxboard')
    cd /Users/codybontecou/projects/Voxboard
    write-file /tmp/voxboard-watch-sim-derived/Build/Intermediates.noindex/Voxboard.build/Debug-iphonesimulator/Voxboard\ Keyboard.build/Objects-normal/arm64/Voxboard\ Keyboard.SwiftFileList

WriteAuxiliaryFile /tmp/voxboard-watch-sim-derived/Build/Intermediates.noindex/Voxboard.build/Debug-iphonesimulator/Voxboard\ Keyboard.build/Objects-normal/arm64/Voxboard\ Keyboard.LinkFileList (in target 'Voxboard Keyboard' from project 'Voxboard')
    cd /Users/codybontecou/projects/Voxboard
    write-file /tmp/voxboard-watch-sim-derived/Build/Intermediates.noindex/Voxboard.build/Debug-iphonesimulator/Voxboard\ Keyboard.build/Objects-normal/arm64/Voxboard\ Keyboard.LinkFileList

WriteAuxiliaryFile /tmp/voxboard-watch-sim-derived/Build/Intermediates.noindex/Voxboard.build/Debug-iphonesimulator/Voxboard\ Keyboard.build/Objects-normal/arm64/Voxboard\ Keyboard-OutputFileMap.json (in target 'Voxboard Keyboard' from project 'Voxboard')
    cd /Users/codybontecou/projects/Voxboard
    write-file /tmp/voxboard-watch-sim-derived/Build/Intermediates.noindex/Voxboard.build/Debug-iphonesimulator/Voxboard\ Keyboard.build/Objects-normal/arm64/Voxboard\ Keyboard-OutputFileMap.json

MkDir /tmp/voxboard-watch-sim-derived/Build/Products/Debug-iphonesimulator/Voxboard\ WidgetExtension.appex (in target 'Voxboard WidgetExtension' from project 'Voxboard')
    cd /Users/codybontecou/projects/Voxboard
    /bin/mkdir -p /tmp/voxboard-watch-sim-derived/Build/Products/Debug-iphonesimulator/Voxboard\ WidgetExtension.appex

WriteAuxiliaryFile /tmp/voxboard-watch-sim-derived/Build/Intermediates.noindex/Voxboard.build/Debug-iphonesimulator/Voxboard\ Keyboard.build/DerivedSources/Entitlements-Simulated.plist (in target 'Voxboard Keyboard' from project 'Voxboard')
    cd /Users/codybontecou/projects/Voxboard
    write-file /tmp/voxboard-watch-sim-derived/Build/Intermediates.noindex/Voxboard.build/Debug-iphonesimulator/Voxboard\ Keyboard.build/DerivedSources/Entitlements-Simulated.plist

CreateUniversalBinary /tmp/voxboard-watch-sim-derived/Build/Products/Debug-watchsimulator/Voxboard\ Watch\ WidgetExtension.appex/__preview.dylib normal arm64\ x86_64 (in target 'Voxboard Watch WidgetExtension' from project 'Voxboard')
    cd /Users/codybontecou/projects/Voxboard
    /Applications/Xcode.app/Contents/Developer/Toolchains/XcodeDefault.xctoolchain/usr/bin/lipo -create /tmp/voxboard-watch-sim-derived/Build/Intermediates.noindex/Voxboard.build/Debug-watchsimulator/Voxboard\ Watch\ WidgetExtension.build/Objects-normal/arm64/Binary/__preview.dylib /tmp/voxboard-watch-sim-derived/Build/Intermediates.noindex/Voxboard.build/Debug-watchsimulator/Voxboard\ Watch\ WidgetExtension.build/Objects-normal/x86_64/Binary/__preview.dylib -output /tmp/voxboard-watch-sim-derived/Build/Products/Debug-watchsimulator/Voxboard\ Watch\ WidgetExtension.appex/__preview.dylib

MkDir /tmp/voxboard-watch-sim-derived/Build/Products/Debug-iphonesimulator/Voxboard\ Keyboard.appex (in target 'Voxboard Keyboard' from project 'Voxboard')
    cd /Users/codybontecou/projects/Voxboard
    /bin/mkdir -p /tmp/voxboard-watch-sim-derived/Build/Products/Debug-iphonesimulator/Voxboard\ Keyboard.appex

WriteAuxiliaryFile /tmp/voxboard-watch-sim-derived/Build/Intermediates.noindex/KeyboardKit.build/Debug-iphonesimulator/KeyboardKitDependencies.build/Objects-normal/arm64/KeyboardKitDependencies-OutputFileMap.json (in target 'KeyboardKitDependencies' from project 'KeyboardKit')
    cd /tmp/voxboard-watch-sim-derived/SourcePackages/checkouts/KeyboardKit
    write-file /tmp/voxboard-watch-sim-derived/Build/Intermediates.noindex/KeyboardKit.build/Debug-iphonesimulator/KeyboardKitDependencies.build/Objects-normal/arm64/KeyboardKitDependencies-OutputFileMap.json

WriteAuxiliaryFile /tmp/voxboard-watch-sim-derived/Build/Intermediates.noindex/KeyboardKit.build/Debug-iphonesimulator/KeyboardKitDependencies.build/Objects-normal/arm64/KeyboardKitDependencies_const_extract_protocols.json (in target 'KeyboardKitDependencies' from project 'KeyboardKit')
    cd /tmp/voxboard-watch-sim-derived/SourcePackages/checkouts/KeyboardKit
    write-file /tmp/voxboard-watch-sim-derived/Build/Intermediates.noindex/KeyboardKit.build/Debug-iphonesimulator/KeyboardKitDependencies.build/Objects-normal/arm64/KeyboardKitDependencies_const_extract_protocols.json

WriteAuxiliaryFile /tmp/voxboard-watch-sim-derived/Build/Intermediates.noindex/KeyboardKit.build/Debug-iphonesimulator/KeyboardKitDependencies.build/Objects-normal/arm64/KeyboardKitDependencies.LinkFileList (in target 'KeyboardKitDependencies' from project 'KeyboardKit')
    cd /tmp/voxboard-watch-sim-derived/SourcePackages/checkouts/KeyboardKit
    write-file /tmp/voxboard-watch-sim-derived/Build/Intermediates.noindex/KeyboardKit.build/Debug-iphonesimulator/KeyboardKitDependencies.build/Objects-normal/arm64/KeyboardKitDependencies.LinkFileList

WriteAuxiliaryFile /tmp/voxboard-watch-sim-derived/Build/Intermediates.noindex/KeyboardKit.build/Debug-iphonesimulator/KeyboardKitDependencies.build/Objects-normal/arm64/KeyboardKitDependencies.SwiftConstValuesFileList (in target 'KeyboardKitDependencies' from project 'KeyboardKit')
    cd /tmp/voxboard-watch-sim-derived/SourcePackages/checkouts/KeyboardKit
    write-file /tmp/voxboard-watch-sim-derived/Build/Intermediates.noindex/KeyboardKit.build/Debug-iphonesimulator/KeyboardKitDependencies.build/Objects-normal/arm64/KeyboardKitDependencies.SwiftConstValuesFileList

WriteAuxiliaryFile /tmp/voxboard-watch-sim-derived/Build/Intermediates.noindex/KeyboardKit.build/Debug-iphonesimulator/KeyboardKitDependencies.build/Objects-normal/arm64/KeyboardKitDependencies.SwiftFileList (in target 'KeyboardKitDependencies' from project 'KeyboardKit')
    cd /tmp/voxboard-watch-sim-derived/SourcePackages/checkouts/KeyboardKit
    write-file /tmp/voxboard-watch-sim-derived/Build/Intermediates.noindex/KeyboardKit.build/Debug-iphonesimulator/KeyboardKitDependencies.build/Objects-normal/arm64/KeyboardKitDependencies.SwiftFileList

WriteAuxiliaryFile /tmp/voxboard-watch-sim-derived/Build/Intermediates.noindex/KeyboardKit.build/Debug-iphonesimulator/KeyboardKitDependencies.build/KeyboardKitDependencies.modulemap (in target 'KeyboardKitDependencies' from project 'KeyboardKit')
    cd /tmp/voxboard-watch-sim-derived/SourcePackages/checkouts/KeyboardKit
    write-file /tmp/voxboard-watch-sim-derived/Build/Intermediates.noindex/KeyboardKit.build/Debug-iphonesimulator/KeyboardKitDependencies.build/KeyboardKitDependencies.modulemap

WriteAuxiliaryFile /tmp/voxboard-watch-sim-derived/Build/Intermediates.noindex/KeyboardKit.build/Debug-iphonesimulator/KeyboardKitDependencies.build/KeyboardKitDependencies.DependencyStaticMetadataFileList (in target 'KeyboardKitDependencies' from project 'KeyboardKit')
    cd /tmp/voxboard-watch-sim-derived/SourcePackages/checkouts/KeyboardKit
    write-file /tmp/voxboard-watch-sim-derived/Build/Intermediates.noindex/KeyboardKit.build/Debug-iphonesimulator/KeyboardKitDependencies.build/KeyboardKitDependencies.DependencyStaticMetadataFileList

WriteAuxiliaryFile /tmp/voxboard-watch-sim-derived/Build/Intermediates.noindex/KeyboardKit.build/Debug-iphonesimulator/KeyboardKitDependencies.build/KeyboardKitDependencies.DependencyMetadataFileList (in target 'KeyboardKitDependencies' from project 'KeyboardKit')
    cd /tmp/voxboard-watch-sim-derived/SourcePackages/checkouts/KeyboardKit
    write-file /tmp/voxboard-watch-sim-derived/Build/Intermediates.noindex/KeyboardKit.build/Debug-iphonesimulator/KeyboardKitDependencies.build/KeyboardKitDependencies.DependencyMetadataFileList

Copy /tmp/voxboard-watch-sim-derived/Build/Intermediates.noindex/GeneratedModuleMaps-iphonesimulator/KeyboardKitDependencies.modulemap /tmp/voxboard-watch-sim-derived/Build/Intermediates.noindex/KeyboardKit.build/Debug-iphonesimulator/KeyboardKitDependencies.build/KeyboardKitDependencies.modulemap (in target 'KeyboardKitDependencies' from project 'KeyboardKit')
    cd /tmp/voxboard-watch-sim-derived/SourcePackages/checkouts/KeyboardKit
    builtin-copy -exclude .DS_Store -exclude CVS -exclude .svn -exclude .git -exclude .hg -resolve-src-symlinks /tmp/voxboard-watch-sim-derived/Build/Intermediates.noindex/KeyboardKit.build/Debug-iphonesimulator/KeyboardKitDependencies.build/KeyboardKitDependencies.modulemap /tmp/voxboard-watch-sim-derived/Build/Intermediates.noindex/GeneratedModuleMaps-iphonesimulator

WriteAuxiliaryFile /tmp/voxboard-watch-sim-derived/Build/Intermediates.noindex/Voxboard.build/Debug-iphonesimulator/Voxboard.build/Voxboard-project-headers.hmap (in target 'Voxboard' from project 'Voxboard')
    cd /Users/codybontecou/projects/Voxboard
    write-file /tmp/voxboard-watch-sim-derived/Build/Intermediates.noindex/Voxboard.build/Debug-iphonesimulator/Voxboard.build/Voxboard-project-headers.hmap

WriteAuxiliaryFile /tmp/voxboard-watch-sim-derived/Build/Intermediates.noindex/Voxboard.build/Debug-iphonesimulator/Voxboard.build/Voxboard-all-target-headers.hmap (in target 'Voxboard' from project 'Voxboard')
    cd /Users/codybontecou/projects/Voxboard
    write-file /tmp/voxboard-watch-sim-derived/Build/Intermediates.noindex/Voxboard.build/Debug-iphonesimulator/Voxboard.build/Voxboard-all-target-headers.hmap

WriteAuxiliaryFile /tmp/voxboard-watch-sim-derived/Build/Intermediates.noindex/Voxboard.build/Debug-iphonesimulator/Voxboard.build/Voxboard-generated-files.hmap (in target 'Voxboard' from project 'Voxboard')
    cd /Users/codybontecou/projects/Voxboard
    write-file /tmp/voxboard-watch-sim-derived/Build/Intermediates.noindex/Voxboard.build/Debug-iphonesimulator/Voxboard.build/Voxboard-generated-files.hmap

WriteAuxiliaryFile /tmp/voxboard-watch-sim-derived/Build/Intermediates.noindex/Voxboard.build/Debug-iphonesimulator/Voxboard.build/Voxboard.hmap (in target 'Voxboard' from project 'Voxboard')
    cd /Users/codybontecou/projects/Voxboard
    write-file /tmp/voxboard-watch-sim-derived/Build/Intermediates.noindex/Voxboard.build/Debug-iphonesimulator/Voxboard.build/Voxboard.hmap

WriteAuxiliaryFile /tmp/voxboard-watch-sim-derived/Build/Intermediates.noindex/Voxboard.build/Debug-iphonesimulator/Voxboard.build/Voxboard-own-target-headers.hmap (in target 'Voxboard' from project 'Voxboard')
    cd /Users/codybontecou/projects/Voxboard
    write-file /tmp/voxboard-watch-sim-derived/Build/Intermediates.noindex/Voxboard.build/Debug-iphonesimulator/Voxboard.build/Voxboard-own-target-headers.hmap

WriteAuxiliaryFile /tmp/voxboard-watch-sim-derived/Build/Intermediates.noindex/Voxboard.build/Debug-iphonesimulator/Voxboard.build/Voxboard.DependencyStaticMetadataFileList (in target 'Voxboard' from project 'Voxboard')
    cd /Users/codybontecou/projects/Voxboard
    write-file /tmp/voxboard-watch-sim-derived/Build/Intermediates.noindex/Voxboard.build/Debug-iphonesimulator/Voxboard.build/Voxboard.DependencyStaticMetadataFileList

WriteAuxiliaryFile /tmp/voxboard-watch-sim-derived/Build/Intermediates.noindex/Voxboard.build/Debug-iphonesimulator/Voxboard.build/Voxboard.DependencyMetadataFileList (in target 'Voxboard' from project 'Voxboard')
    cd /Users/codybontecou/projects/Voxboard
    write-file /tmp/voxboard-watch-sim-derived/Build/Intermediates.noindex/Voxboard.build/Debug-iphonesimulator/Voxboard.build/Voxboard.DependencyMetadataFileList

WriteAuxiliaryFile /tmp/voxboard-watch-sim-derived/Build/Intermediates.noindex/Voxboard.build/Debug-iphonesimulator/Voxboard.build/Voxboard-all-non-framework-target-headers.hmap (in target 'Voxboard' from project 'Voxboard')
    cd /Users/codybontecou/projects/Voxboard
    write-file /tmp/voxboard-watch-sim-derived/Build/Intermediates.noindex/Voxboard.build/Debug-iphonesimulator/Voxboard.build/Voxboard-all-non-framework-target-headers.hmap

WriteAuxiliaryFile /tmp/voxboard-watch-sim-derived/Build/Intermediates.noindex/Voxboard.build/Debug-iphonesimulator/Voxboard.build/Voxboard-DebugDylibPath-normal-arm64.txt (in target 'Voxboard' from project 'Voxboard')
    cd /Users/codybontecou/projects/Voxboard
    write-file /tmp/voxboard-watch-sim-derived/Build/Intermediates.noindex/Voxboard.build/Debug-iphonesimulator/Voxboard.build/Voxboard-DebugDylibPath-normal-arm64.txt

WriteAuxiliaryFile /tmp/voxboard-watch-sim-derived/Build/Intermediates.noindex/Voxboard.build/Debug-iphonesimulator/Voxboard.build/Voxboard-DebugDylibInstallName-normal-arm64.txt (in target 'Voxboard' from project 'Voxboard')
    cd /Users/codybontecou/projects/Voxboard
    write-file /tmp/voxboard-watch-sim-derived/Build/Intermediates.noindex/Voxboard.build/Debug-iphonesimulator/Voxboard.build/Voxboard-DebugDylibInstallName-normal-arm64.txt

WriteAuxiliaryFile /tmp/voxboard-watch-sim-derived/Build/Intermediates.noindex/Voxboard.build/Debug-iphonesimulator/Voxboard.build/Objects-normal/arm64/Voxboard.SwiftConstValuesFileList (in target 'Voxboard' from project 'Voxboard')
    cd /Users/codybontecou/projects/Voxboard
    write-file /tmp/voxboard-watch-sim-derived/Build/Intermediates.noindex/Voxboard.build/Debug-iphonesimulator/Voxboard.build/Objects-normal/arm64/Voxboard.SwiftConstValuesFileList

WriteAuxiliaryFile /tmp/voxboard-watch-sim-derived/Build/Intermediates.noindex/Voxboard.build/Debug-iphonesimulator/Voxboard.build/Objects-normal/arm64/Voxboard.LinkFileList (in target 'Voxboard' from project 'Voxboard')
    cd /Users/codybontecou/projects/Voxboard
    write-file /tmp/voxboard-watch-sim-derived/Build/Intermediates.noindex/Voxboard.build/Debug-iphonesimulator/Voxboard.build/Objects-normal/arm64/Voxboard.LinkFileList

WriteAuxiliaryFile /tmp/voxboard-watch-sim-derived/Build/Intermediates.noindex/Voxboard.build/Debug-iphonesimulator/Voxboard.build/Objects-normal/arm64/Voxboard.SwiftFileList (in target 'Voxboard' from project 'Voxboard')
    cd /Users/codybontecou/projects/Voxboard
    write-file /tmp/voxboard-watch-sim-derived/Build/Intermediates.noindex/Voxboard.build/Debug-iphonesimulator/Voxboard.build/Objects-normal/arm64/Voxboard.SwiftFileList

WriteAuxiliaryFile /tmp/voxboard-watch-sim-derived/Build/Intermediates.noindex/Voxboard.build/Debug-iphonesimulator/Voxboard.build/Objects-normal/arm64/Voxboard_const_extract_protocols.json (in target 'Voxboard' from project 'Voxboard')
    cd /Users/codybontecou/projects/Voxboard
    write-file /tmp/voxboard-watch-sim-derived/Build/Intermediates.noindex/Voxboard.build/Debug-iphonesimulator/Voxboard.build/Objects-normal/arm64/Voxboard_const_extract_protocols.json

WriteAuxiliaryFile /tmp/voxboard-watch-sim-derived/Build/Intermediates.noindex/Voxboard.build/Debug-iphonesimulator/Voxboard.build/Objects-normal/arm64/Voxboard-OutputFileMap.json (in target 'Voxboard' from project 'Voxboard')
    cd /Users/codybontecou/projects/Voxboard
    write-file /tmp/voxboard-watch-sim-derived/Build/Intermediates.noindex/Voxboard.build/Debug-iphonesimulator/Voxboard.build/Objects-normal/arm64/Voxboard-OutputFileMap.json

WriteAuxiliaryFile /tmp/voxboard-watch-sim-derived/Build/Intermediates.noindex/Voxboard.build/Debug-iphonesimulator/Voxboard.build/DerivedSources/Entitlements-Simulated.plist (in target 'Voxboard' from project 'Voxboard')
    cd /Users/codybontecou/projects/Voxboard
    write-file /tmp/voxboard-watch-sim-derived/Build/Intermediates.noindex/Voxboard.build/Debug-iphonesimulator/Voxboard.build/DerivedSources/Entitlements-Simulated.plist

MkDir /tmp/voxboard-watch-sim-derived/Build/Products/Debug-iphonesimulator/Voxboard.app/Frameworks (in target 'Voxboard' from project 'Voxboard')
    cd /Users/codybontecou/projects/Voxboard
    /bin/mkdir -p /tmp/voxboard-watch-sim-derived/Build/Products/Debug-iphonesimulator/Voxboard.app/Frameworks

MkDir /tmp/voxboard-watch-sim-derived/Build/Products/Debug-iphonesimulator/Voxboard.app/PlugIns (in target 'Voxboard' from project 'Voxboard')
    cd /Users/codybontecou/projects/Voxboard
    /bin/mkdir -p /tmp/voxboard-watch-sim-derived/Build/Products/Debug-iphonesimulator/Voxboard.app/PlugIns

MkDir /tmp/voxboard-watch-sim-derived/Build/Products/Debug-iphonesimulator/Voxboard.app (in target 'Voxboard' from project 'Voxboard')
    cd /Users/codybontecou/projects/Voxboard
    /bin/mkdir -p /tmp/voxboard-watch-sim-derived/Build/Products/Debug-iphonesimulator/Voxboard.app

SwiftDriver Voxboard\ Watch\ WidgetExtension normal arm64 com.apple.xcode.tools.swift.compiler (in target 'Voxboard Watch WidgetExtension' from project 'Voxboard')
    cd /Users/codybontecou/projects/Voxboard
    builtin-SwiftDriver -- /Applications/Xcode.app/Contents/Developer/Toolchains/XcodeDefault.xctoolchain/usr/bin/swiftc -module-name Voxboard_Watch_WidgetExtension -Onone @/tmp/voxboard-watch-sim-derived/Build/Intermediates.noindex/Voxboard.build/Debug-watchsimulator/Voxboard\ Watch\ WidgetExtension.build/Objects-normal/arm64/Voxboard\ Watch\ WidgetExtension.SwiftFileList -DDEBUG -enable-bare-slash-regex -enable-experimental-feature DebugDescriptionMacro -sdk /Applications/Xcode.app/Contents/Developer/Platforms/WatchSimulator.platform/Developer/SDKs/WatchSimulator26.5.sdk -target arm64-apple-watchos10.0-simulator -g -module-cache-path /tmp/voxboard-watch-sim-derived/ModuleCache.noindex -Xfrontend -serialize-debugging-options -application-extension -enable-testing -index-store-path /tmp/voxboard-watch-sim-derived/Index.noindex/DataStore -Xcc -D_LIBCPP_HARDENING_MODE\=_LIBCPP_HARDENING_MODE_DEBUG -swift-version 5 -I /tmp/voxboard-watch-sim-derived/Build/Products/Debug-watchsimulator -F /tmp/voxboard-watch-sim-derived/Build/Products/Debug-watchsimulator -emit-localized-strings -emit-localized-strings-path /tmp/voxboard-watch-sim-derived/Build/Intermediates.noindex/Voxboard.build/Debug-watchsimulator/Voxboard\ Watch\ WidgetExtension.build/Objects-normal/arm64 -c -j10 -enable-batch-mode -incremental -Xcc -ivfsstatcache -Xcc /tmp/voxboard-watch-sim-derived/SDKStatCaches.noindex/watchsimulator26.5-23T570-1651579a441f1322ae888f0ed545cb80.sdkstatcache -output-file-map /tmp/voxboard-watch-sim-derived/Build/Intermediates.noindex/Voxboard.build/Debug-watchsimulator/Voxboard\ Watch\ WidgetExtension.build/Objects-normal/arm64/Voxboard\ Watch\ WidgetExtension-OutputFileMap.json -use-frontend-parseable-output -save-temps -no-color-diagnostics -explicit-module-build -module-cache-path /tmp/voxboard-watch-sim-derived/Build/Intermediates.noindex/SwiftExplicitPrecompiledModules -clang-scanner-module-cache-path /tmp/voxboard-watch-sim-derived/ModuleCache.noindex -sdk-module-cache-path /tmp/voxboard-watch-sim-derived/ModuleCache.noindex -serialize-diagnostics -emit-dependencies -emit-module -emit-module-path /tmp/voxboard-watch-sim-derived/Build/Intermediates.noindex/Voxboard.build/Debug-watchsimulator/Voxboard\ Watch\ WidgetExtension.build/Objects-normal/arm64/Voxboard_Watch_WidgetExtension.swiftmodule -validate-clang-modules-once -clang-build-session-file /tmp/voxboard-watch-sim-derived/ModuleCache.noindex/Session.modulevalidation -Xcc -I/tmp/voxboard-watch-sim-derived/Build/Intermediates.noindex/Voxboard.build/Debug-watchsimulator/Voxboard\ Watch\ WidgetExtension.build/swift-overrides.hmap -emit-const-values -Xfrontend -const-gather-protocols-file -Xfrontend /tmp/voxboard-watch-sim-derived/Build/Intermediates.noindex/Voxboard.build/Debug-watchsimulator/Voxboard\ Watch\ WidgetExtension.build/Objects-normal/arm64/Voxboard\ Watch\ WidgetExtension_const_extract_protocols.json -Xcc -iquote -Xcc /tmp/voxboard-watch-sim-derived/Build/Intermediates.noindex/Voxboard.build/Debug-watchsimulator/Voxboard\ Watch\ WidgetExtension.build/Voxboard\ Watch\ WidgetExtension-generated-files.hmap -Xcc -I/tmp/voxboard-watch-sim-derived/Build/Intermediates.noindex/Voxboard.build/Debug-watchsimulator/Voxboard\ Watch\ WidgetExtension.build/Voxboard\ Watch\ WidgetExtension-own-target-headers.hmap -Xcc -I/tmp/voxboard-watch-sim-derived/Build/Intermediates.noindex/Voxboard.build/Debug-watchsimulator/Voxboard\ Watch\ WidgetExtension.build/Voxboard\ Watch\ WidgetExtension-all-non-framework-target-headers.hmap -Xcc -ivfsoverlay -Xcc /tmp/voxboard-watch-sim-derived/Build/Intermediates.noindex/Voxboard.build/Debug-watchsimulator/Voxboard-8d6c3ba71b53f8320d7c577fe4b80237-VFS-watchsimulator/all-product-headers.yaml -Xcc -iquote -Xcc /tmp/voxboard-watch-sim-derived/Build/Intermediates.noindex/Voxboard.build/Debug-watchsimulator/Voxboard\ Watch\ WidgetExtension.build/Voxboard\ Watch\ WidgetExtension-project-headers.hmap -Xcc -I/tmp/voxboard-watch-sim-derived/Build/Products/Debug-watchsimulator/include -Xcc -I/tmp/voxboard-watch-sim-derived/Build/Intermediates.noindex/Voxboard.build/Debug-watchsimulator/Voxboard\ Watch\ WidgetExtension.build/DerivedSources-normal/arm64 -Xcc -I/tmp/voxboard-watch-sim-derived/Build/Intermediates.noindex/Voxboard.build/Debug-watchsimulator/Voxboard\ Watch\ WidgetExtension.build/DerivedSources/arm64 -Xcc -I/tmp/voxboard-watch-sim-derived/Build/Intermediates.noindex/Voxboard.build/Debug-watchsimulator/Voxboard\ Watch\ WidgetExtension.build/DerivedSources -Xcc -DDEBUG\=1 -emit-objc-header -emit-objc-header-path /tmp/voxboard-watch-sim-derived/Build/Intermediates.noindex/Voxboard.build/Debug-watchsimulator/Voxboard\ Watch\ WidgetExtension.build/Objects-normal/arm64/Voxboard_Watch_WidgetExtension-Swift.h -working-directory /Users/codybontecou/projects/Voxboard -experimental-emit-module-separately -disable-cmo

SwiftDriver Voxboard\ Watch\ WidgetExtension normal x86_64 com.apple.xcode.tools.swift.compiler (in target 'Voxboard Watch WidgetExtension' from project 'Voxboard')
    cd /Users/codybontecou/projects/Voxboard
    builtin-SwiftDriver -- /Applications/Xcode.app/Contents/Developer/Toolchains/XcodeDefault.xctoolchain/usr/bin/swiftc -module-name Voxboard_Watch_WidgetExtension -Onone @/tmp/voxboard-watch-sim-derived/Build/Intermediates.noindex/Voxboard.build/Debug-watchsimulator/Voxboard\ Watch\ WidgetExtension.build/Objects-normal/x86_64/Voxboard\ Watch\ WidgetExtension.SwiftFileList -DDEBUG -enable-bare-slash-regex -enable-experimental-feature DebugDescriptionMacro -sdk /Applications/Xcode.app/Contents/Developer/Platforms/WatchSimulator.platform/Developer/SDKs/WatchSimulator26.5.sdk -target x86_64-apple-watchos10.0-simulator -g -module-cache-path /tmp/voxboard-watch-sim-derived/ModuleCache.noindex -Xfrontend -serialize-debugging-options -application-extension -enable-testing -index-store-path /tmp/voxboard-watch-sim-derived/Index.noindex/DataStore -Xcc -D_LIBCPP_HARDENING_MODE\=_LIBCPP_HARDENING_MODE_DEBUG -swift-version 5 -I /tmp/voxboard-watch-sim-derived/Build/Products/Debug-watchsimulator -F /tmp/voxboard-watch-sim-derived/Build/Products/Debug-watchsimulator -emit-localized-strings -emit-localized-strings-path /tmp/voxboard-watch-sim-derived/Build/Intermediates.noindex/Voxboard.build/Debug-watchsimulator/Voxboard\ Watch\ WidgetExtension.build/Objects-normal/x86_64 -c -j10 -enable-batch-mode -incremental -Xcc -ivfsstatcache -Xcc /tmp/voxboard-watch-sim-derived/SDKStatCaches.noindex/watchsimulator26.5-23T570-1651579a441f1322ae888f0ed545cb80.sdkstatcache -output-file-map /tmp/voxboard-watch-sim-derived/Build/Intermediates.noindex/Voxboard.build/Debug-watchsimulator/Voxboard\ Watch\ WidgetExtension.build/Objects-normal/x86_64/Voxboard\ Watch\ WidgetExtension-OutputFileMap.json -use-frontend-parseable-output -save-temps -no-color-diagnostics -explicit-module-build -module-cache-path /tmp/voxboard-watch-sim-derived/Build/Intermediates.noindex/SwiftExplicitPrecompiledModules -clang-scanner-module-cache-path /tmp/voxboard-watch-sim-derived/ModuleCache.noindex -sdk-module-cache-path /tmp/voxboard-watch-sim-derived/ModuleCache.noindex -serialize-diagnostics -emit-dependencies -emit-module -emit-module-path /tmp/voxboard-watch-sim-derived/Build/Intermediates.noindex/Voxboard.build/Debug-watchsimulator/Voxboard\ Watch\ WidgetExtension.build/Objects-normal/x86_64/Voxboard_Watch_WidgetExtension.swiftmodule -validate-clang-modules-once -clang-build-session-file /tmp/voxboard-watch-sim-derived/ModuleCache.noindex/Session.modulevalidation -Xcc -I/tmp/voxboard-watch-sim-derived/Build/Intermediates.noindex/Voxboard.build/Debug-watchsimulator/Voxboard\ Watch\ WidgetExtension.build/swift-overrides.hmap -emit-const-values -Xfrontend -const-gather-protocols-file -Xfrontend /tmp/voxboard-watch-sim-derived/Build/Intermediates.noindex/Voxboard.build/Debug-watchsimulator/Voxboard\ Watch\ WidgetExtension.build/Objects-normal/x86_64/Voxboard\ Watch\ WidgetExtension_const_extract_protocols.json -Xcc -iquote -Xcc /tmp/voxboard-watch-sim-derived/Build/Intermediates.noindex/Voxboard.build/Debug-watchsimulator/Voxboard\ Watch\ WidgetExtension.build/Voxboard\ Watch\ WidgetExtension-generated-files.hmap -Xcc -I/tmp/voxboard-watch-sim-derived/Build/Intermediates.noindex/Voxboard.build/Debug-watchsimulator/Voxboard\ Watch\ WidgetExtension.build/Voxboard\ Watch\ WidgetExtension-own-target-headers.hmap -Xcc -I/tmp/voxboard-watch-sim-derived/Build/Intermediates.noindex/Voxboard.build/Debug-watchsimulator/Voxboard\ Watch\ WidgetExtension.build/Voxboard\ Watch\ WidgetExtension-all-non-framework-target-headers.hmap -Xcc -ivfsoverlay -Xcc /tmp/voxboard-watch-sim-derived/Build/Intermediates.noindex/Voxboard.build/Debug-watchsimulator/Voxboard-8d6c3ba71b53f8320d7c577fe4b80237-VFS-watchsimulator/all-product-headers.yaml -Xcc -iquote -Xcc /tmp/voxboard-watch-sim-derived/Build/Intermediates.noindex/Voxboard.build/Debug-watchsimulator/Voxboard\ Watch\ WidgetExtension.build/Voxboard\ Watch\ WidgetExtension-project-headers.hmap -Xcc -I/tmp/voxboard-watch-sim-derived/Build/Products/Debug-watchsimulator/include -Xcc -I/tmp/voxboard-watch-sim-derived/Build/Intermediates.noindex/Voxboard.build/Debug-watchsimulator/Voxboard\ Watch\ WidgetExtension.build/DerivedSources-normal/x86_64 -Xcc -I/tmp/voxboard-watch-sim-derived/Build/Intermediates.noindex/Voxboard.build/Debug-watchsimulator/Voxboard\ Watch\ WidgetExtension.build/DerivedSources/x86_64 -Xcc -I/tmp/voxboard-watch-sim-derived/Build/Intermediates.noindex/Voxboard.build/Debug-watchsimulator/Voxboard\ Watch\ WidgetExtension.build/DerivedSources -Xcc -DDEBUG\=1 -emit-objc-header -emit-objc-header-path /tmp/voxboard-watch-sim-derived/Build/Intermediates.noindex/Voxboard.build/Debug-watchsimulator/Voxboard\ Watch\ WidgetExtension.build/Objects-normal/x86_64/Voxboard_Watch_WidgetExtension-Swift.h -working-directory /Users/codybontecou/projects/Voxboard -experimental-emit-module-separately -disable-cmo

SwiftDriver Notelet normal arm64 com.apple.xcode.tools.swift.compiler (in target 'Notelet' from project 'Notelet')
    cd /Users/codybontecou/projects/Voxboard/Voxboard.xcodeproj
    builtin-SwiftDriver -- /Applications/Xcode.app/Contents/Developer/Toolchains/XcodeDefault.xctoolchain/usr/bin/swiftc -module-name Notelet -Onone @/tmp/voxboard-watch-sim-derived/Build/Intermediates.noindex/Notelet.build/Debug-iphonesimulator/Notelet.build/Objects-normal/arm64/Notelet.SwiftFileList -DSWIFT_PACKAGE -DDEBUG -DSWIFT_MODULE_RESOURCE_BUNDLE_UNAVAILABLE -DXcode -plugin-path /Applications/Xcode.app/Contents/Developer/Toolchains/XcodeDefault.xctoolchain/usr/lib/swift/host/plugins/testing -enable-experimental-feature DebugDescriptionMacro -sdk /Applications/Xcode.app/Contents/Developer/Platforms/iPhoneSimulator.platform/Developer/SDKs/iPhoneSimulator26.5.sdk -target arm64-apple-ios17.0-simulator -g -module-cache-path /tmp/voxboard-watch-sim-derived/ModuleCache.noindex -Xfrontend -serialize-debugging-options -enable-testing -suppress-warnings -index-store-path /tmp/voxboard-watch-sim-derived/Index.noindex/DataStore -Xcc -D_LIBCPP_HARDENING_MODE\=_LIBCPP_HARDENING_MODE_DEBUG -swift-version 6 -I /tmp/voxboard-watch-sim-derived/Build/Products/Debug-iphonesimulator -Isystem /Applications/Xcode.app/Contents/Developer/Platforms/iPhoneSimulator.platform/Developer/usr/lib -F /tmp/voxboard-watch-sim-derived/Build/Products/Debug-iphonesimulator -F /Applications/Xcode.app/Contents/Developer/Platforms/iPhoneSimulator.platform/Developer/Library/Frameworks -F /Applications/Xcode.app/Contents/Developer/Platforms/iPhoneSimulator.platform/Developer/SDKs/iPhoneSimulator26.5.sdk/Developer/Library/Frameworks -c -j10 -enable-batch-mode -incremental -Xcc -ivfsstatcache -Xcc /tmp/voxboard-watch-sim-derived/SDKStatCaches.noindex/iphonesimulator26.5-23F73-6cfe768891a92b912361537c460fe42b.sdkstatcache -output-file-map /tmp/voxboard-watch-sim-derived/Build/Intermediates.noindex/Notelet.build/Debug-iphonesimulator/Notelet.build/Objects-normal/arm64/Notelet-OutputFileMap.json -use-frontend-parseable-output -save-temps -no-color-diagnostics -explicit-module-build -module-cache-path /tmp/voxboard-watch-sim-derived/Build/Intermediates.noindex/SwiftExplicitPrecompiledModules -clang-scanner-module-cache-path /tmp/voxboard-watch-sim-derived/ModuleCache.noindex -sdk-module-cache-path /tmp/voxboard-watch-sim-derived/ModuleCache.noindex -serialize-diagnostics -emit-dependencies -emit-module -emit-module-path /tmp/voxboard-watch-sim-derived/Build/Intermediates.noindex/Notelet.build/Debug-iphonesimulator/Notelet.build/Objects-normal/arm64/Notelet.swiftmodule -user-module-version 1.1.0 -validate-clang-modules-once -clang-build-session-file /tmp/voxboard-watch-sim-derived/ModuleCache.noindex/Session.modulevalidation -package-name notelet -Xcc -I/tmp/voxboard-watch-sim-derived/Build/Intermediates.noindex/Notelet.build/Debug-iphonesimulator/Notelet.build/swift-overrides.hmap -emit-const-values -Xfrontend -const-gather-protocols-file -Xfrontend /tmp/voxboard-watch-sim-derived/Build/Intermediates.noindex/Notelet.build/Debug-iphonesimulator/Notelet.build/Objects-normal/arm64/Notelet_const_extract_protocols.json -Xcc -I/tmp/voxboard-watch-sim-derived/Build/Products/Debug-iphonesimulator/include -Xcc -I/tmp/voxboard-watch-sim-derived/Build/Intermediates.noindex/Notelet.build/Debug-iphonesimulator/Notelet.build/DerivedSources-normal/arm64 -Xcc -I/tmp/voxboard-watch-sim-derived/Build/Intermediates.noindex/Notelet.build/Debug-iphonesimulator/Notelet.build/DerivedSources/arm64 -Xcc -I/tmp/voxboard-watch-sim-derived/Build/Intermediates.noindex/Notelet.build/Debug-iphonesimulator/Notelet.build/DerivedSources -Xcc -DSWIFT_PACKAGE -Xcc -DDEBUG\=1 -emit-objc-header -emit-objc-header-path /tmp/voxboard-watch-sim-derived/Build/Intermediates.noindex/Notelet.build/Debug-iphonesimulator/Notelet.build/Objects-normal/arm64/Notelet-Swift.h -working-directory /Users/codybontecou/projects/Voxboard/Voxboard.xcodeproj -experimental-emit-module-separately -disable-cmo

SwiftDriver KeyboardKitDependencies normal arm64 com.apple.xcode.tools.swift.compiler (in target 'KeyboardKitDependencies' from project 'KeyboardKit')
    cd /Users/codybontecou/projects/Voxboard/Voxboard.xcodeproj
    builtin-SwiftDriver -- /Applications/Xcode.app/Contents/Developer/Toolchains/XcodeDefault.xctoolchain/usr/bin/swiftc -module-name KeyboardKitDependencies -Onone @/tmp/voxboard-watch-sim-derived/Build/Intermediates.noindex/KeyboardKit.build/Debug-iphonesimulator/KeyboardKitDependencies.build/Objects-normal/arm64/KeyboardKitDependencies.SwiftFileList -DSWIFT_PACKAGE -DDEBUG -DSWIFT_MODULE_RESOURCE_BUNDLE_UNAVAILABLE -DXcode -plugin-path /Applications/Xcode.app/Contents/Developer/Toolchains/XcodeDefault.xctoolchain/usr/lib/swift/host/plugins/testing -enable-experimental-feature DebugDescriptionMacro -sdk /Applications/Xcode.app/Contents/Developer/Platforms/iPhoneSimulator.platform/Developer/SDKs/iPhoneSimulator26.5.sdk -target arm64-apple-ios16.0-simulator -g -module-cache-path /tmp/voxboard-watch-sim-derived/ModuleCache.noindex -Xfrontend -serialize-debugging-options -enable-testing -suppress-warnings -index-store-path /tmp/voxboard-watch-sim-derived/Index.noindex/DataStore -Xcc -D_LIBCPP_HARDENING_MODE\=_LIBCPP_HARDENING_MODE_DEBUG -swift-version 5 -I /tmp/voxboard-watch-sim-derived/Build/Products/Debug-iphonesimulator -Isystem /Applications/Xcode.app/Contents/Developer/Platforms/iPhoneSimulator.platform/Developer/usr/lib -F /tmp/voxboard-watch-sim-derived/Build/Products/Debug-iphonesimulator -F /Applications/Xcode.app/Contents/Developer/Platforms/iPhoneSimulator.platform/Developer/Library/Frameworks -F /Applications/Xcode.app/Contents/Developer/Platforms/iPhoneSimulator.platform/Developer/SDKs/iPhoneSimulator26.5.sdk/Developer/Library/Frameworks -parse-as-library -emit-localized-strings -emit-localized-strings-path /tmp/voxboard-watch-sim-derived/Build/Intermediates.noindex/KeyboardKit.build/Debug-iphonesimulator/KeyboardKitDependencies.build/Objects-normal/arm64 -c -j10 -enable-batch-mode -incremental -Xcc -ivfsstatcache -Xcc /tmp/voxboard-watch-sim-derived/SDKStatCaches.noindex/iphonesimulator26.5-23F73-6cfe768891a92b912361537c460fe42b.sdkstatcache -output-file-map /tmp/voxboard-watch-sim-derived/Build/Intermediates.noindex/KeyboardKit.build/Debug-iphonesimulator/KeyboardKitDependencies.build/Objects-normal/arm64/KeyboardKitDependencies-OutputFileMap.json -use-frontend-parseable-output -save-temps -no-color-diagnostics -explicit-module-build -module-cache-path /tmp/voxboard-watch-sim-derived/Build/Intermediates.noindex/SwiftExplicitPrecompiledModules -clang-scanner-module-cache-path /tmp/voxboard-watch-sim-derived/ModuleCache.noindex -sdk-module-cache-path /tmp/voxboard-watch-sim-derived/ModuleCache.noindex -serialize-diagnostics -emit-dependencies -emit-module -emit-module-path /tmp/voxboard-watch-sim-derived/Build/Intermediates.noindex/KeyboardKit.build/Debug-iphonesimulator/KeyboardKitDependencies.build/Objects-normal/arm64/KeyboardKitDependencies.swiftmodule -validate-clang-modules-once -clang-build-session-file /tmp/voxboard-watch-sim-derived/ModuleCache.noindex/Session.modulevalidation -package-name keyboardkit -Xcc -I/tmp/voxboard-watch-sim-derived/Build/Intermediates.noindex/KeyboardKit.build/Debug-iphonesimulator/KeyboardKitDependencies.build/swift-overrides.hmap -emit-const-values -Xfrontend -const-gather-protocols-file -Xfrontend /tmp/voxboard-watch-sim-derived/Build/Intermediates.noindex/KeyboardKit.build/Debug-iphonesimulator/KeyboardKitDependencies.build/Objects-normal/arm64/KeyboardKitDependencies_const_extract_protocols.json -Xcc -I/tmp/voxboard-watch-sim-derived/Build/Products/Debug-iphonesimulator/include -Xcc -I/tmp/voxboard-watch-sim-derived/Build/Intermediates.noindex/KeyboardKit.build/Debug-iphonesimulator/KeyboardKitDependencies.build/DerivedSources-normal/arm64 -Xcc -I/tmp/voxboard-watch-sim-derived/Build/Intermediates.noindex/KeyboardKit.build/Debug-iphonesimulator/KeyboardKitDependencies.build/DerivedSources/arm64 -Xcc -I/tmp/voxboard-watch-sim-derived/Build/Intermediates.noindex/KeyboardKit.build/Debug-iphonesimulator/KeyboardKitDependencies.build/DerivedSources -Xcc -DSWIFT_PACKAGE -Xcc -DDEBUG\=1 -emit-objc-header -emit-objc-header-path /tmp/voxboard-watch-sim-derived/Build/Intermediates.noindex/KeyboardKit.build/Debug-iphonesimulator/KeyboardKitDependencies.build/Objects-normal/arm64/KeyboardKitDependencies-Swift.h -working-directory /Users/codybontecou/projects/Voxboard/Voxboard.xcodeproj -experimental-emit-module-separately -disable-cmo

SwiftDriver FluidAudio normal arm64 com.apple.xcode.tools.swift.compiler (in target 'FluidAudio' from project 'FluidAudio')
    cd /Users/codybontecou/projects/Voxboard/Voxboard.xcodeproj
    builtin-SwiftDriver -- /Applications/Xcode.app/Contents/Developer/Toolchains/XcodeDefault.xctoolchain/usr/bin/swiftc -module-name FluidAudio -Onone @/tmp/voxboard-watch-sim-derived/Build/Intermediates.noindex/FluidAudio.build/Debug-iphonesimulator/FluidAudio.build/Objects-normal/arm64/FluidAudio.SwiftFileList -DSWIFT_PACKAGE -DDEBUG -DSWIFT_MODULE_RESOURCE_BUNDLE_UNAVAILABLE -DXcode -plugin-path /Applications/Xcode.app/Contents/Developer/Toolchains/XcodeDefault.xctoolchain/usr/lib/swift/host/plugins/testing -enable-experimental-feature DebugDescriptionMacro -sdk /Applications/Xcode.app/Contents/Developer/Platforms/iPhoneSimulator.platform/Developer/SDKs/iPhoneSimulator26.5.sdk -target arm64-apple-ios17.0-simulator -g -module-cache-path /tmp/voxboard-watch-sim-derived/ModuleCache.noindex -Xfrontend -serialize-debugging-options -enable-testing -suppress-warnings -index-store-path /tmp/voxboard-watch-sim-derived/Index.noindex/DataStore -Xcc -D_LIBCPP_HARDENING_MODE\=_LIBCPP_HARDENING_MODE_DEBUG -swift-version 6 -I /tmp/voxboard-watch-sim-derived/Build/Products/Debug-iphonesimulator -Isystem /Applications/Xcode.app/Contents/Developer/Platforms/iPhoneSimulator.platform/Developer/usr/lib -F /tmp/voxboard-watch-sim-derived/Build/Products/Debug-iphonesimulator/PackageFrameworks -F /tmp/voxboard-watch-sim-derived/Build/Products/Debug-iphonesimulator/PackageFrameworks -F /tmp/voxboard-watch-sim-derived/Build/Products/Debug-iphonesimulator -F /Applications/Xcode.app/Contents/Developer/Platforms/iPhoneSimulator.platform/Developer/Library/Frameworks -F /Applications/Xcode.app/Contents/Developer/Platforms/iPhoneSimulator.platform/Developer/SDKs/iPhoneSimulator26.5.sdk/Developer/Library/Frameworks -c -j10 -enable-batch-mode -incremental -Xcc -ivfsstatcache -Xcc /tmp/voxboard-watch-sim-derived/SDKStatCaches.noindex/iphonesimulator26.5-23F73-6cfe768891a92b912361537c460fe42b.sdkstatcache -output-file-map /tmp/voxboard-watch-sim-derived/Build/Intermediates.noindex/FluidAudio.build/Debug-iphonesimulator/FluidAudio.build/Objects-normal/arm64/FluidAudio-OutputFileMap.json -use-frontend-parseable-output -save-temps -no-color-diagnostics -explicit-module-build -module-cache-path /tmp/voxboard-watch-sim-derived/Build/Intermediates.noindex/SwiftExplicitPrecompiledModules -clang-scanner-module-cache-path /tmp/voxboard-watch-sim-derived/ModuleCache.noindex -sdk-module-cache-path /tmp/voxboard-watch-sim-derived/ModuleCache.noindex -serialize-diagnostics -emit-dependencies -emit-module -emit-module-path /tmp/voxboard-watch-sim-derived/Build/Intermediates.noindex/FluidAudio.build/Debug-iphonesimulator/FluidAudio.build/Objects-normal/arm64/FluidAudio.swiftmodule -user-module-version 0.13.4 -validate-clang-modules-once -clang-build-session-file /tmp/voxboard-watch-sim-derived/ModuleCache.noindex/Session.modulevalidation -package-name fluidaudio -Xcc -I/tmp/voxboard-watch-sim-derived/Build/Intermediates.noindex/FluidAudio.build/Debug-iphonesimulator/FluidAudio.build/swift-overrides.hmap -emit-const-values -Xfrontend -const-gather-protocols-file -Xfrontend /tmp/voxboard-watch-sim-derived/Build/Intermediates.noindex/FluidAudio.build/Debug-iphonesimulator/FluidAudio.build/Objects-normal/arm64/FluidAudio_const_extract_protocols.json -Xcc -I/tmp/voxboard-watch-sim-derived/SourcePackages/checkouts/FluidAudio/Sources/MachTaskSelfWrapper/include -Xcc -I/tmp/voxboard-watch-sim-derived/SourcePackages/checkouts/FluidAudio/Sources/FastClusterWrapper/include -Xcc -I/tmp/voxboard-watch-sim-derived/Build/Products/Debug-iphonesimulator/include -Xcc -I/tmp/voxboard-watch-sim-derived/Build/Intermediates.noindex/FluidAudio.build/Debug-iphonesimulator/FluidAudio.build/DerivedSources-normal/arm64 -Xcc -I/tmp/voxboard-watch-sim-derived/Build/Intermediates.noindex/FluidAudio.build/Debug-iphonesimulator/FluidAudio.build/DerivedSources/arm64 -Xcc -I/tmp/voxboard-watch-sim-derived/Build/Intermediates.noindex/FluidAudio.build/Debug-iphonesimulator/FluidAudio.build/DerivedSources -Xcc -DSWIFT_PACKAGE -Xcc -DDEBUG\=1 -emit-objc-header -emit-objc-header-path /tmp/voxboard-watch-sim-derived/Build/Intermediates.noindex/FluidAudio.build/Debug-iphonesimulator/FluidAudio.build/Objects-normal/arm64/FluidAudio-Swift.h -working-directory /Users/codybontecou/projects/Voxboard/Voxboard.xcodeproj -experimental-emit-module-separately -disable-cmo

SwiftDriver ExportKit normal arm64 com.apple.xcode.tools.swift.compiler (in target 'ExportKit' from project 'ExportKit')
    cd /Users/codybontecou/projects/Voxboard/Voxboard.xcodeproj
    builtin-SwiftDriver -- /Applications/Xcode.app/Contents/Developer/Toolchains/XcodeDefault.xctoolchain/usr/bin/swiftc -module-name ExportKit -Onone @/tmp/voxboard-watch-sim-derived/Build/Intermediates.noindex/ExportKit.build/Debug-iphonesimulator/ExportKit.build/Objects-normal/arm64/ExportKit.SwiftFileList -DSWIFT_PACKAGE -DDEBUG -DSWIFT_MODULE_RESOURCE_BUNDLE_UNAVAILABLE -DXcode -plugin-path /Applications/Xcode.app/Contents/Developer/Toolchains/XcodeDefault.xctoolchain/usr/lib/swift/host/plugins/testing -enable-experimental-feature DebugDescriptionMacro -sdk /Applications/Xcode.app/Contents/Developer/Platforms/iPhoneSimulator.platform/Developer/SDKs/iPhoneSimulator26.5.sdk -target arm64-apple-ios17.0-simulator -g -module-cache-path /tmp/voxboard-watch-sim-derived/ModuleCache.noindex -Xfrontend -serialize-debugging-options -enable-testing -suppress-warnings -index-store-path /tmp/voxboard-watch-sim-derived/Index.noindex/DataStore -Xcc -D_LIBCPP_HARDENING_MODE\=_LIBCPP_HARDENING_MODE_DEBUG -swift-version 5 -I /tmp/voxboard-watch-sim-derived/Build/Products/Debug-iphonesimulator -Isystem /Applications/Xcode.app/Contents/Developer/Platforms/iPhoneSimulator.platform/Developer/usr/lib -F /tmp/voxboard-watch-sim-derived/Build/Products/Debug-iphonesimulator -F /Applications/Xcode.app/Contents/Developer/Platforms/iPhoneSimulator.platform/Developer/Library/Frameworks -F /Applications/Xcode.app/Contents/Developer/Platforms/iPhoneSimulator.platform/Developer/SDKs/iPhoneSimulator26.5.sdk/Developer/Library/Frameworks -c -j10 -enable-batch-mode -incremental -Xcc -ivfsstatcache -Xcc /tmp/voxboard-watch-sim-derived/SDKStatCaches.noindex/iphonesimulator26.5-23F73-6cfe768891a92b912361537c460fe42b.sdkstatcache -output-file-map /tmp/voxboard-watch-sim-derived/Build/Intermediates.noindex/ExportKit.build/Debug-iphonesimulator/ExportKit.build/Objects-normal/arm64/ExportKit-OutputFileMap.json -use-frontend-parseable-output -save-temps -no-color-diagnostics -explicit-module-build -module-cache-path /tmp/voxboard-watch-sim-derived/Build/Intermediates.noindex/SwiftExplicitPrecompiledModules -clang-scanner-module-cache-path /tmp/voxboard-watch-sim-derived/ModuleCache.noindex -sdk-module-cache-path /tmp/voxboard-watch-sim-derived/ModuleCache.noindex -serialize-diagnostics -emit-dependencies -emit-module -emit-module-path /tmp/voxboard-watch-sim-derived/Build/Intermediates.noindex/ExportKit.build/Debug-iphonesimulator/ExportKit.build/Objects-normal/arm64/ExportKit.swiftmodule -validate-clang-modules-once -clang-build-session-file /tmp/voxboard-watch-sim-derived/ModuleCache.noindex/Session.modulevalidation -package-name exportkit -Xcc -I/tmp/voxboard-watch-sim-derived/Build/Intermediates.noindex/ExportKit.build/Debug-iphonesimulator/ExportKit.build/swift-overrides.hmap -emit-const-values -Xfrontend -const-gather-protocols-file -Xfrontend /tmp/voxboard-watch-sim-derived/Build/Intermediates.noindex/ExportKit.build/Debug-iphonesimulator/ExportKit.build/Objects-normal/arm64/ExportKit_const_extract_protocols.json -Xcc -I/tmp/voxboard-watch-sim-derived/Build/Products/Debug-iphonesimulator/include -Xcc -I/tmp/voxboard-watch-sim-derived/Build/Intermediates.noindex/ExportKit.build/Debug-iphonesimulator/ExportKit.build/DerivedSources-normal/arm64 -Xcc -I/tmp/voxboard-watch-sim-derived/Build/Intermediates.noindex/ExportKit.build/Debug-iphonesimulator/ExportKit.build/DerivedSources/arm64 -Xcc -I/tmp/voxboard-watch-sim-derived/Build/Intermediates.noindex/ExportKit.build/Debug-iphonesimulator/ExportKit.build/DerivedSources -Xcc -DSWIFT_PACKAGE -Xcc -DDEBUG\=1 -emit-objc-header -emit-objc-header-path /tmp/voxboard-watch-sim-derived/Build/Intermediates.noindex/ExportKit.build/Debug-iphonesimulator/ExportKit.build/Objects-normal/arm64/ExportKit-Swift.h -working-directory /Users/codybontecou/projects/Voxboard/Voxboard.xcodeproj -experimental-emit-module-separately -disable-cmo

ScanDependencies /tmp/voxboard-watch-sim-derived/Build/Intermediates.noindex/FluidAudio.build/Debug-iphonesimulator/MachTaskSelfWrapper.build/Objects-normal/arm64/MachTaskSelf.o /tmp/voxboard-watch-sim-derived/SourcePackages/checkouts/FluidAudio/Sources/MachTaskSelfWrapper/MachTaskSelf.c normal arm64 c com.apple.compilers.llvm.clang.1_0.compiler (in target 'MachTaskSelfWrapper' from project 'FluidAudio')
    cd /Users/codybontecou/projects/Voxboard/Voxboard.xcodeproj

    Using response file: /tmp/voxboard-watch-sim-derived/Build/Intermediates.noindex/FluidAudio.build/Debug-iphonesimulator/MachTaskSelfWrapper.build/Objects-normal/arm64/7187679823f38a2a940e0043cdf9d637-common-args.resp

    builtin-ScanDependencies -o /tmp/voxboard-watch-sim-derived/Build/Intermediates.noindex/FluidAudio.build/Debug-iphonesimulator/MachTaskSelfWrapper.build/Objects-normal/arm64/MachTaskSelf.o.scan -- /Applications/Xcode.app/Contents/Developer/Toolchains/XcodeDefault.xctoolchain/usr/bin/clang -x c -ivfsstatcache /tmp/voxboard-watch-sim-derived/SDKStatCaches.noindex/iphonesimulator26.5-23F73-6cfe768891a92b912361537c460fe42b.sdkstatcache -target arm64-apple-ios17.0-simulator -fmessage-length\=0 -fdiagnostics-show-note-include-stack -fmacro-backtrace-limit\=0 -fno-color-diagnostics -fmodules-prune-interval\=86400 -fmodules-prune-after\=345600 -fbuild-session-file\=/tmp/voxboard-watch-sim-derived/ModuleCache.noindex/Session.modulevalidation -fmodules-validate-once-per-build-session -Wnon-modular-include-in-framework-module -Werror\=non-modular-include-in-framework-module -Wno-trigraphs -Wno-missing-field-initializers -Wno-missing-prototypes -Wno-return-type -Wno-missing-braces -Wparentheses -Wswitch -Wno-unused-function -Wno-unused-label -Wno-unused-parameter -Wno-unused-variable -Wunused-value -Wno-empty-body -Wno-uninitialized -Wno-unknown-pragmas -w -Wno-shadow -Wno-four-char-constants -Wno-conversion -Wno-constant-conversion -Wno-int-conversion -Wno-bool-conversion -Wno-enum-conversion -Wno-float-conversion -Wno-non-literal-null-conversion -Wno-objc-literal-conversion -Wshorten-64-to-32 -Wpointer-sign -Wno-newline-eof -Wno-implicit-fallthrough -isysroot /Applications/Xcode.app/Contents/Developer/Platforms/iPhoneSimulator.platform/Developer/SDKs/iPhoneSimulator26.5.sdk -fstrict-aliasing -Wdeprecated-declarations -Wno-sign-conversion -Wno-infinite-recursion -Wno-comma -Wno-block-capture-autoreleasing -Wno-strict-prototypes -Wno-semicolon-before-method-body -index-store-path /tmp/voxboard-watch-sim-derived/Index.noindex/DataStore @/tmp/voxboard-watch-sim-derived/Build/Intermediates.noindex/FluidAudio.build/Debug-iphonesimulator/MachTaskSelfWrapper.build/Objects-normal/arm64/7187679823f38a2a940e0043cdf9d637-common-args.resp -MMD -MT dependencies -MF /tmp/voxboard-watch-sim-derived/Build/Intermediates.noindex/FluidAudio.build/Debug-iphonesimulator/MachTaskSelfWrapper.build/Objects-normal/arm64/MachTaskSelf.d --serialize-diagnostics /tmp/voxboard-watch-sim-derived/Build/Intermediates.noindex/FluidAudio.build/Debug-iphonesimulator/MachTaskSelfWrapper.build/Objects-normal/arm64/MachTaskSelf.dia -c /tmp/voxboard-watch-sim-derived/SourcePackages/checkouts/FluidAudio/Sources/MachTaskSelfWrapper/MachTaskSelf.c -o /tmp/voxboard-watch-sim-derived/Build/Intermediates.noindex/FluidAudio.build/Debug-iphonesimulator/MachTaskSelfWrapper.build/Objects-normal/arm64/MachTaskSelf.o -index-unit-output-path /FluidAudio.build/Debug-iphonesimulator/MachTaskSelfWrapper.build/Objects-normal/arm64/MachTaskSelf.o

CompileC /tmp/voxboard-watch-sim-derived/Build/Intermediates.noindex/FluidAudio.build/Debug-iphonesimulator/FastClusterWrapper.build/Objects-normal/arm64/FastClusterWrapper.o /tmp/voxboard-watch-sim-derived/SourcePackages/checkouts/FluidAudio/Sources/FastClusterWrapper/FastClusterWrapper.cpp normal arm64 c++ com.apple.compilers.llvm.clang.1_0.compiler (in target 'FastClusterWrapper' from project 'FluidAudio')
    cd /Users/codybontecou/projects/Voxboard/Voxboard.xcodeproj

    Using response file: /tmp/voxboard-watch-sim-derived/Build/Intermediates.noindex/FluidAudio.build/Debug-iphonesimulator/FastClusterWrapper.build/Objects-normal/arm64/82b82416624d2658e5098eb0a28c15c5-common-args.resp

    /Applications/Xcode.app/Contents/Developer/Toolchains/XcodeDefault.xctoolchain/usr/bin/clang -x c++ -ivfsstatcache /tmp/voxboard-watch-sim-derived/SDKStatCaches.noindex/iphonesimulator26.5-23F73-6cfe768891a92b912361537c460fe42b.sdkstatcache -target arm64-apple-ios17.0-simulator -fmessage-length\=0 -fdiagnostics-show-note-include-stack -fmacro-backtrace-limit\=0 -fno-color-diagnostics -fmodules-prune-interval\=86400 -fmodules-prune-after\=345600 -fbuild-session-file\=/tmp/voxboard-watch-sim-derived/ModuleCache.noindex/Session.modulevalidation -fmodules-validate-once-per-build-session -Wnon-modular-include-in-framework-module -Werror\=non-modular-include-in-framework-module -Wno-trigraphs -Wno-missing-field-initializers -Wno-missing-prototypes -Wno-return-type -Wno-non-virtual-dtor -Wno-overloaded-virtual -Wno-exit-time-destructors -Wno-missing-braces -Wparentheses -Wswitch -Wno-unused-function -Wno-unused-label -Wno-unused-parameter -Wno-unused-variable -Wunused-value -Wno-empty-body -Wno-uninitialized -Wno-unknown-pragmas -w -Wno-shadow -Wno-four-char-constants -Wno-conversion -Wno-constant-conversion -Wno-int-conversion -Wno-bool-conversion -Wno-enum-conversion -Wno-float-conversion -Wno-non-literal-null-conversion -Wno-objc-literal-conversion -Wshorten-64-to-32 -Wno-newline-eof -Wno-c++11-extensions -Wno-implicit-fallthrough -isysroot /Applications/Xcode.app/Contents/Developer/Platforms/iPhoneSimulator.platform/Developer/SDKs/iPhoneSimulator26.5.sdk -fstrict-aliasing -Wdeprecated-declarations -Winvalid-offsetof -Wno-sign-conversion -Wno-infinite-recursion -Wno-move -Wno-comma -Wno-block-capture-autoreleasing -Wno-strict-prototypes -Wno-range-loop-analysis -Wno-semicolon-before-method-body -index-store-path /tmp/voxboard-watch-sim-derived/Index.noindex/DataStore @/tmp/voxboard-watch-sim-derived/Build/Intermediates.noindex/FluidAudio.build/Debug-iphonesimulator/FastClusterWrapper.build/Objects-normal/arm64/82b82416624d2658e5098eb0a28c15c5-common-args.resp -MMD -MT dependencies -MF /tmp/voxboard-watch-sim-derived/Build/Intermediates.noindex/FluidAudio.build/Debug-iphonesimulator/FastClusterWrapper.build/Objects-normal/arm64/FastClusterWrapper.d --serialize-diagnostics /tmp/voxboard-watch-sim-derived/Build/Intermediates.noindex/FluidAudio.build/Debug-iphonesimulator/FastClusterWrapper.build/Objects-normal/arm64/FastClusterWrapper.dia -c /tmp/voxboard-watch-sim-derived/SourcePackages/checkouts/FluidAudio/Sources/FastClusterWrapper/FastClusterWrapper.cpp -o /tmp/voxboard-watch-sim-derived/Build/Intermediates.noindex/FluidAudio.build/Debug-iphonesimulator/FastClusterWrapper.build/Objects-normal/arm64/FastClusterWrapper.o -index-unit-output-path /FluidAudio.build/Debug-iphonesimulator/FastClusterWrapper.build/Objects-normal/arm64/FastClusterWrapper.o

PrecompileModule /tmp/voxboard-watch-sim-derived/Build/Intermediates.noindex/ExplicitPrecompiledModules/_Builtin_stdarg-72RYQDRBHRKX11P1G9732F4KU.scan
    cd /
    builtin-precompileModule /tmp/voxboard-watch-sim-derived/Build/Intermediates.noindex/ExplicitPrecompiledModules/_Builtin_stdarg-72RYQDRBHRKX11P1G9732F4KU.scan

PrecompileModule /tmp/voxboard-watch-sim-derived/Build/Intermediates.noindex/ExplicitPrecompiledModules/_Builtin_stdbool-6V829Y5NR1XP55B69YI7JYIBP.scan
    cd /
    builtin-precompileModule /tmp/voxboard-watch-sim-derived/Build/Intermediates.noindex/ExplicitPrecompiledModules/_Builtin_stdbool-6V829Y5NR1XP55B69YI7JYIBP.scan

PrecompileModule /tmp/voxboard-watch-sim-derived/Build/Intermediates.noindex/ExplicitPrecompiledModules/_Builtin_stddef-2LTSQMXC82ZLQ5GNORX45QNH9.scan
    cd /
    builtin-precompileModule /tmp/voxboard-watch-sim-derived/Build/Intermediates.noindex/ExplicitPrecompiledModules/_Builtin_stddef-2LTSQMXC82ZLQ5GNORX45QNH9.scan

PrecompileModule /tmp/voxboard-watch-sim-derived/Build/Intermediates.noindex/ExplicitPrecompiledModules/ptrcheck-2OVKQ9OZ35L4551OAL8RDS2PF.scan
    cd /
    builtin-precompileModule /tmp/voxboard-watch-sim-derived/Build/Intermediates.noindex/ExplicitPrecompiledModules/ptrcheck-2OVKQ9OZ35L4551OAL8RDS2PF.scan

PrecompileModule /tmp/voxboard-watch-sim-derived/Build/Intermediates.noindex/ExplicitPrecompiledModules/_AvailabilityInternal-9K0GHDEYEQZPAPWKZWYZV1F0V.scan
    cd /
    builtin-precompileModule /tmp/voxboard-watch-sim-derived/Build/Intermediates.noindex/ExplicitPrecompiledModules/_AvailabilityInternal-9K0GHDEYEQZPAPWKZWYZV1F0V.scan

PrecompileModule /tmp/voxboard-watch-sim-derived/Build/Intermediates.noindex/ExplicitPrecompiledModules/_DarwinFoundation1-2HADDOZQZAEFFE4CH6N86Q1OZ.scan
    cd /
    builtin-precompileModule /tmp/voxboard-watch-sim-derived/Build/Intermediates.noindex/ExplicitPrecompiledModules/_DarwinFoundation1-2HADDOZQZAEFFE4CH6N86Q1OZ.scan

SwiftExplicitDependencyGeneratePcm arm64 /tmp/voxboard-watch-sim-derived/ModuleCache.noindex/SwiftShims-1Y1K4AE080RYKAV2I0IUGUQDJ.pcm

SwiftExplicitDependencyGeneratePcm arm64 /tmp/voxboard-watch-sim-derived/ModuleCache.noindex/_Builtin_stdbool-BY4M7FT0EJK0AOFDEWOPFH1PM.pcm

SwiftExplicitDependencyGeneratePcm arm64 /tmp/voxboard-watch-sim-derived/ModuleCache.noindex/ptrauth-D13T3D1QJ5KYE0ZJSGEIA3SQW.pcm

SwiftExplicitDependencyGeneratePcm arm64 /tmp/voxboard-watch-sim-derived/ModuleCache.noindex/ptrcheck-1P4FMZ2ZLILPGM18XJ8G18VFL.pcm

SwiftExplicitDependencyGeneratePcm arm64 /tmp/voxboard-watch-sim-derived/ModuleCache.noindex/_Builtin_stdarg-9OXSS41858SOKIJCQRKJQCCZQ.pcm

SwiftExplicitDependencyGeneratePcm arm64 /tmp/voxboard-watch-sim-derived/ModuleCache.noindex/_AvailabilityInternal-18MKKUBAUJ7MACHNR6WZTP8RS.pcm

SwiftExplicitDependencyGeneratePcm arm64 /tmp/voxboard-watch-sim-derived/ModuleCache.noindex/_Builtin_float-AW3AI3HACRIURJQK7J5229ND1.pcm

SwiftExplicitDependencyGeneratePcm arm64 /tmp/voxboard-watch-sim-derived/ModuleCache.noindex/_Builtin_stddef-2LLC9RS92I0IOA38P7P9H9ARU.pcm

SwiftExplicitDependencyGeneratePcm arm64 /tmp/voxboard-watch-sim-derived/ModuleCache.noindex/_SwiftConcurrencyShims-B496UBWP9PSMQLUCTMR74RB6T.pcm

PrecompileModule /tmp/voxboard-watch-sim-derived/Build/Intermediates.noindex/ExplicitPrecompiledModules/_Builtin_limits-48HNLQ54IM32MWV38ASX0E28N.scan
    cd /
    builtin-precompileModule /tmp/voxboard-watch-sim-derived/Build/Intermediates.noindex/ExplicitPrecompiledModules/_Builtin_limits-48HNLQ54IM32MWV38ASX0E28N.scan

PrecompileModule /tmp/voxboard-watch-sim-derived/Build/Intermediates.noindex/ExplicitPrecompiledModules/_DarwinFoundation2-C877UDESB6H41ZTZSVZNFVHA5.scan
    cd /
    builtin-precompileModule /tmp/voxboard-watch-sim-derived/Build/Intermediates.noindex/ExplicitPrecompiledModules/_DarwinFoundation2-C877UDESB6H41ZTZSVZNFVHA5.scan

SwiftExplicitDependencyGeneratePcm arm64 /tmp/voxboard-watch-sim-derived/ModuleCache.noindex/_DarwinFoundation1-ECML5MCDPQTM8RM9MNBTI5J0G.pcm

PrecompileModule /tmp/voxboard-watch-sim-derived/Build/Intermediates.noindex/ExplicitPrecompiledModules/_Builtin_stdint-3BTSFNZQADRJKKPJRW7DFR1AY.scan
    cd /
    builtin-precompileModule /tmp/voxboard-watch-sim-derived/Build/Intermediates.noindex/ExplicitPrecompiledModules/_Builtin_stdint-3BTSFNZQADRJKKPJRW7DFR1AY.scan

PrecompileModule /tmp/voxboard-watch-sim-derived/Build/Intermediates.noindex/ExplicitPrecompiledModules/_DarwinFoundation3-FC7FAGKL2SN9PW8F50YJAB0R.scan
    cd /
    builtin-precompileModule /tmp/voxboard-watch-sim-derived/Build/Intermediates.noindex/ExplicitPrecompiledModules/_DarwinFoundation3-FC7FAGKL2SN9PW8F50YJAB0R.scan

SwiftExplicitDependencyGeneratePcm arm64 /tmp/voxboard-watch-sim-derived/ModuleCache.noindex/_Builtin_limits-BPNYM1BTP43PL3XP48PQTZ0D2.pcm

SwiftExplicitDependencyGeneratePcm arm64 /tmp/voxboard-watch-sim-derived/ModuleCache.noindex/_DarwinFoundation2-D8PQZJT2RZTMAQBQPDX3TKIYD.pcm

PrecompileModule /tmp/voxboard-watch-sim-derived/Build/Intermediates.noindex/ExplicitPrecompiledModules/_Builtin_inttypes-BGALRF4KSV4H3M1OYNN2ATVWL.scan
    cd /
    builtin-precompileModule /tmp/voxboard-watch-sim-derived/Build/Intermediates.noindex/ExplicitPrecompiledModules/_Builtin_inttypes-BGALRF4KSV4H3M1OYNN2ATVWL.scan

PrecompileModule /tmp/voxboard-watch-sim-derived/Build/Intermediates.noindex/ExplicitPrecompiledModules/Darwin-CVIZAU6PZ6PPV3M1K4S4CQAN9.scan
    cd /
    builtin-precompileModule /tmp/voxboard-watch-sim-derived/Build/Intermediates.noindex/ExplicitPrecompiledModules/Darwin-CVIZAU6PZ6PPV3M1K4S4CQAN9.scan

SwiftExplicitDependencyGeneratePcm arm64 /tmp/voxboard-watch-sim-derived/ModuleCache.noindex/sys_types-3JH1OQMCFLB20LVW16JKTLQ1F.pcm

SwiftExplicitDependencyGeneratePcm arm64 /tmp/voxboard-watch-sim-derived/ModuleCache.noindex/_Builtin_stdint-7D42BO64GFTSSF8KLAXE0ADY.pcm

SwiftExplicitDependencyGeneratePcm x86_64 /tmp/voxboard-watch-sim-derived/ModuleCache.noindex/_Builtin_stdarg-2DJSU3SQUWVINCBDCFAZM6A3X.pcm

SwiftExplicitDependencyGeneratePcm x86_64 /tmp/voxboard-watch-sim-derived/ModuleCache.noindex/_Builtin_stddef-C0LEJ1AE524APDHZWBY6JB28F.pcm

SwiftExplicitDependencyGeneratePcm x86_64 /tmp/voxboard-watch-sim-derived/ModuleCache.noindex/_Builtin_stdbool-8P0AVG7QOXG0YIXYICTN8EQ05.pcm

SwiftExplicitDependencyGeneratePcm x86_64 /tmp/voxboard-watch-sim-derived/ModuleCache.noindex/DeveloperToolsSupport-6XGP4Z8T0FMX37E3BR1V0O1IP.pcm

SwiftExplicitDependencyGeneratePcm x86_64 /tmp/voxboard-watch-sim-derived/ModuleCache.noindex/ptrauth-D0FUX93BPL3WP99TPWPOAAM9I.pcm

SwiftExplicitDependencyGeneratePcm x86_64 /tmp/voxboard-watch-sim-derived/ModuleCache.noindex/SwiftShims-9MPK62N5QKI98RWA88W6A7SI3.pcm

SwiftExplicitDependencyGeneratePcm arm64 /tmp/voxboard-watch-sim-derived/ModuleCache.noindex/_AvailabilityInternal-EWD68085XGPUOZM3SVABDVYO8.pcm

SwiftExplicitDependencyGeneratePcm arm64 /tmp/voxboard-watch-sim-derived/ModuleCache.noindex/_SwiftConcurrencyShims-1QBGQ558BIBC88I1P1J4NI24J.pcm

SwiftExplicitDependencyGeneratePcm arm64 /tmp/voxboard-watch-sim-derived/ModuleCache.noindex/DeveloperToolsSupport-BIO3GVKGAN0PS7RD2ROKXN6H3.pcm

SwiftExplicitDependencyGeneratePcm arm64 /tmp/voxboard-watch-sim-derived/ModuleCache.noindex/_Builtin_stddef-CTPAZSBWKDVZHIGHSINQKYSYP.pcm

SwiftExplicitDependencyGeneratePcm arm64 /tmp/voxboard-watch-sim-derived/ModuleCache.noindex/_Builtin_stdbool-9843EPV2C99IC3ZYUIFLZE3FP.pcm

SwiftExplicitDependencyGeneratePcm arm64 /tmp/voxboard-watch-sim-derived/ModuleCache.noindex/_SwiftConcurrencyShims-5HL5A2MKUKCWA50QNGO8AUBZ2.pcm

SwiftExplicitDependencyGeneratePcm arm64 /tmp/voxboard-watch-sim-derived/ModuleCache.noindex/_AvailabilityInternal-BWKXKJ9LPC4WYL6TCTJU1SD8G.pcm

SwiftExplicitDependencyGeneratePcm arm64 /tmp/voxboard-watch-sim-derived/ModuleCache.noindex/ptrcheck-CTRJXUEV3JVGJEC458GK5I3B4.pcm

SwiftExplicitDependencyGeneratePcm arm64 /tmp/voxboard-watch-sim-derived/ModuleCache.noindex/DeveloperToolsSupport-CO2Y598ZDYISAH8OJ9YL1VXJ5.pcm

SwiftExplicitDependencyGeneratePcm arm64 /tmp/voxboard-watch-sim-derived/ModuleCache.noindex/_Builtin_float-23JKR1NBYPSBDOKRTWJ1LJSST.pcm

SwiftExplicitDependencyGeneratePcm arm64 /tmp/voxboard-watch-sim-derived/ModuleCache.noindex/_Builtin_stdarg-3J7ZJFQ2CTE2RALSNE6RTAQ1V.pcm

SwiftExplicitDependencyGeneratePcm arm64 /tmp/voxboard-watch-sim-derived/ModuleCache.noindex/ptrauth-D74MPLK6405WATKSROHW8E7ZA.pcm

SwiftExplicitDependencyGeneratePcm arm64 /tmp/voxboard-watch-sim-derived/ModuleCache.noindex/SwiftShims-4C2VLRHJ15JXZU2FTXZCLEWYA.pcm

SwiftExplicitDependencyGeneratePcm arm64 /tmp/voxboard-watch-sim-derived/ModuleCache.noindex/_DarwinFoundation3-45XAYY0RSGCXOXH67439GOQCC.pcm

SwiftExplicitDependencyGeneratePcm arm64 /tmp/voxboard-watch-sim-derived/ModuleCache.noindex/_Builtin_float-ER907CPXSNTEIA4X6JJC3EHUY.pcm

SwiftExplicitDependencyGeneratePcm arm64 /tmp/voxboard-watch-sim-derived/ModuleCache.noindex/_Builtin_stdbool-CVJOLAQ5A5TRCHVSWQ9SST65T.pcm

SwiftExplicitDependencyGeneratePcm arm64 /tmp/voxboard-watch-sim-derived/ModuleCache.noindex/_DarwinFoundation1-1M98VBMKJSJGO8SWQF3YAR2CH.pcm

SwiftExplicitDependencyGeneratePcm arm64 /tmp/voxboard-watch-sim-derived/ModuleCache.noindex/ptrcheck-DG3MNI3UOQT4DW63NKWWPS563.pcm

SwiftExplicitDependencyGeneratePcm arm64 /tmp/voxboard-watch-sim-derived/ModuleCache.noindex/ptrauth-E47VFGD83P0MVYPMJQ8XKBBR6.pcm

SwiftExplicitDependencyGeneratePcm x86_64 /tmp/voxboard-watch-sim-derived/ModuleCache.noindex/_SwiftConcurrencyShims-5HAONPY4MLB1ET1UNVP4Y5J96.pcm

SwiftExplicitDependencyGeneratePcm x86_64 /tmp/voxboard-watch-sim-derived/ModuleCache.noindex/_AvailabilityInternal-6C7BU50OENV6DC4M9B2OPLLG7.pcm

SwiftExplicitDependencyGeneratePcm arm64 /tmp/voxboard-watch-sim-derived/ModuleCache.noindex/SwiftShims-8N1NAKK3501CTOLM7VOPDSA75.pcm

SwiftExplicitDependencyGeneratePcm arm64 /tmp/voxboard-watch-sim-derived/ModuleCache.noindex/_Builtin_stdarg-2U4DP234WA91FD6WKM5ZMHYYU.pcm

SwiftExplicitDependencyGeneratePcm arm64 /tmp/voxboard-watch-sim-derived/ModuleCache.noindex/_Builtin_inttypes-BZCWNLST5ET4PE1QDPE3MVCCK.pcm

SwiftExplicitDependencyGeneratePcm arm64 /tmp/voxboard-watch-sim-derived/ModuleCache.noindex/_DarwinFoundation2-CYNMZ37OLPPNXJGAA8JD83G4P.pcm

SwiftExplicitDependencyGeneratePcm arm64 /tmp/voxboard-watch-sim-derived/ModuleCache.noindex/_Builtin_limits-1E4JZKE8TAU11XWKTBBA0O420.pcm

SwiftExplicitDependencyGeneratePcm arm64 /tmp/voxboard-watch-sim-derived/ModuleCache.noindex/_DarwinFoundation1-9M6KR6P8710WUAMKOG7RE1LCD.pcm

SwiftExplicitDependencyGeneratePcm arm64 /tmp/voxboard-watch-sim-derived/ModuleCache.noindex/ExtensionFoundation-2E6VAAYF5C8IZKXRBU67F0SG3.pcm

SwiftExplicitDependencyGeneratePcm arm64 /tmp/voxboard-watch-sim-derived/ModuleCache.noindex/_Builtin_stddef-AVPNTTPYHQUACHEBM4BZP6K8C.pcm

SwiftExplicitDependencyGeneratePcm x86_64 /tmp/voxboard-watch-sim-derived/ModuleCache.noindex/ptrcheck-E51CGKQKJLG6Y9UBSZE2RXKYJ.pcm

Ld /tmp/voxboard-watch-sim-derived/Build/Products/Debug-iphonesimulator/FastClusterWrapper.o normal (in target 'FastClusterWrapper' from project 'FluidAudio')
    cd /tmp/voxboard-watch-sim-derived/SourcePackages/checkouts/FluidAudio
    /Applications/Xcode.app/Contents/Developer/Toolchains/XcodeDefault.xctoolchain/usr/bin/clang++ -Xlinker -reproducible -target arm64-apple-ios17.0-simulator -r -isysroot /Applications/Xcode.app/Contents/Developer/Platforms/iPhoneSimulator.platform/Developer/SDKs/iPhoneSimulator26.5.sdk -O0 -w -F/tmp/voxboard-watch-sim-derived/Build/Intermediates.noindex/EagerLinkingTBDs/Debug-iphonesimulator -F/tmp/voxboard-watch-sim-derived/Build/Products/Debug-iphonesimulator -iframework /Applications/Xcode.app/Contents/Developer/Platforms/iPhoneSimulator.platform/Developer/Library/Frameworks -iframework /Applications/Xcode.app/Contents/Developer/Platforms/iPhoneSimulator.platform/Developer/SDKs/iPhoneSimulator26.5.sdk/Developer/Library/Frameworks -filelist /tmp/voxboard-watch-sim-derived/Build/Intermediates.noindex/FluidAudio.build/Debug-iphonesimulator/FastClusterWrapper.build/Objects-normal/arm64/FastClusterWrapper.LinkFileList -nostdlib -Xlinker -object_path_lto -Xlinker /tmp/voxboard-watch-sim-derived/Build/Intermediates.noindex/FluidAudio.build/Debug-iphonesimulator/FastClusterWrapper.build/Objects-normal/arm64/FastClusterWrapper_lto.o -Xlinker -no_deduplicate -Xlinker -objc_abi_version -Xlinker 2 -Xlinker -dependency_info -Xlinker /tmp/voxboard-watch-sim-derived/Build/Intermediates.noindex/FluidAudio.build/Debug-iphonesimulator/FastClusterWrapper.build/Objects-normal/arm64/FastClusterWrapper_dependency_info.dat -o /tmp/voxboard-watch-sim-derived/Build/Products/Debug-iphonesimulator/FastClusterWrapper.o

SwiftExplicitDependencyGeneratePcm x86_64 /tmp/voxboard-watch-sim-derived/ModuleCache.noindex/_Builtin_float-1YKHDJSLRM7DL9UYSC1FLCJC.pcm

CompileC /tmp/voxboard-watch-sim-derived/Build/Intermediates.noindex/FluidAudio.build/Debug-iphonesimulator/MachTaskSelfWrapper.build/Objects-normal/arm64/MachTaskSelf.o /tmp/voxboard-watch-sim-derived/SourcePackages/checkouts/FluidAudio/Sources/MachTaskSelfWrapper/MachTaskSelf.c normal arm64 c com.apple.compilers.llvm.clang.1_0.compiler (in target 'MachTaskSelfWrapper' from project 'FluidAudio')
    cd /Users/codybontecou/projects/Voxboard/Voxboard.xcodeproj

    Using response file: /tmp/voxboard-watch-sim-derived/Build/Intermediates.noindex/FluidAudio.build/Debug-iphonesimulator/MachTaskSelfWrapper.build/Objects-normal/arm64/7187679823f38a2a940e0043cdf9d637-common-args.resp

    /Applications/Xcode.app/Contents/Developer/Toolchains/XcodeDefault.xctoolchain/usr/bin/clang -x c -ivfsstatcache /tmp/voxboard-watch-sim-derived/SDKStatCaches.noindex/iphonesimulator26.5-23F73-6cfe768891a92b912361537c460fe42b.sdkstatcache -target arm64-apple-ios17.0-simulator -fmessage-length\=0 -fdiagnostics-show-note-include-stack -fmacro-backtrace-limit\=0 -fno-color-diagnostics -fmodules-prune-interval\=86400 -fmodules-prune-after\=345600 -fbuild-session-file\=/tmp/voxboard-watch-sim-derived/ModuleCache.noindex/Session.modulevalidation -fmodules-validate-once-per-build-session -Wnon-modular-include-in-framework-module -Werror\=non-modular-include-in-framework-module -Wno-trigraphs -Wno-missing-field-initializers -Wno-missing-prototypes -Wno-return-type -Wno-missing-braces -Wparentheses -Wswitch -Wno-unused-function -Wno-unused-label -Wno-unused-parameter -Wno-unused-variable -Wunused-value -Wno-empty-body -Wno-uninitialized -Wno-unknown-pragmas -w -Wno-shadow -Wno-four-char-constants -Wno-conversion -Wno-constant-conversion -Wno-int-conversion -Wno-bool-conversion -Wno-enum-conversion -Wno-float-conversion -Wno-non-literal-null-conversion -Wno-objc-literal-conversion -Wshorten-64-to-32 -Wpointer-sign -Wno-newline-eof -Wno-implicit-fallthrough -isysroot /Applications/Xcode.app/Contents/Developer/Platforms/iPhoneSimulator.platform/Developer/SDKs/iPhoneSimulator26.5.sdk -fstrict-aliasing -Wdeprecated-declarations -Wno-sign-conversion -Wno-infinite-recursion -Wno-comma -Wno-block-capture-autoreleasing -Wno-strict-prototypes -Wno-semicolon-before-method-body -index-store-path /tmp/voxboard-watch-sim-derived/Index.noindex/DataStore @/tmp/voxboard-watch-sim-derived/Build/Intermediates.noindex/FluidAudio.build/Debug-iphonesimulator/MachTaskSelfWrapper.build/Objects-normal/arm64/7187679823f38a2a940e0043cdf9d637-common-args.resp -MMD -MT dependencies -MF /tmp/voxboard-watch-sim-derived/Build/Intermediates.noindex/FluidAudio.build/Debug-iphonesimulator/MachTaskSelfWrapper.build/Objects-normal/arm64/MachTaskSelf.d --serialize-diagnostics /tmp/voxboard-watch-sim-derived/Build/Intermediates.noindex/FluidAudio.build/Debug-iphonesimulator/MachTaskSelfWrapper.build/Objects-normal/arm64/MachTaskSelf.dia -c /tmp/voxboard-watch-sim-derived/SourcePackages/checkouts/FluidAudio/Sources/MachTaskSelfWrapper/MachTaskSelf.c -o /tmp/voxboard-watch-sim-derived/Build/Intermediates.noindex/FluidAudio.build/Debug-iphonesimulator/MachTaskSelfWrapper.build/Objects-normal/arm64/MachTaskSelf.o -index-unit-output-path /FluidAudio.build/Debug-iphonesimulator/MachTaskSelfWrapper.build/Objects-normal/arm64/MachTaskSelf.o

SwiftExplicitDependencyGeneratePcm arm64 /tmp/voxboard-watch-sim-derived/ModuleCache.noindex/Darwin-5NTAUCTPYZTTRRBWEH385HCXO.pcm

Ld /tmp/voxboard-watch-sim-derived/Build/Products/Debug-iphonesimulator/MachTaskSelfWrapper.o normal (in target 'MachTaskSelfWrapper' from project 'FluidAudio')
    cd /tmp/voxboard-watch-sim-derived/SourcePackages/checkouts/FluidAudio
    /Applications/Xcode.app/Contents/Developer/Toolchains/XcodeDefault.xctoolchain/usr/bin/clang -Xlinker -reproducible -target arm64-apple-ios17.0-simulator -r -isysroot /Applications/Xcode.app/Contents/Developer/Platforms/iPhoneSimulator.platform/Developer/SDKs/iPhoneSimulator26.5.sdk -O0 -w -F/tmp/voxboard-watch-sim-derived/Build/Intermediates.noindex/EagerLinkingTBDs/Debug-iphonesimulator -F/tmp/voxboard-watch-sim-derived/Build/Products/Debug-iphonesimulator -iframework /Applications/Xcode.app/Contents/Developer/Platforms/iPhoneSimulator.platform/Developer/Library/Frameworks -iframework /Applications/Xcode.app/Contents/Developer/Platforms/iPhoneSimulator.platform/Developer/SDKs/iPhoneSimulator26.5.sdk/Developer/Library/Frameworks -filelist /tmp/voxboard-watch-sim-derived/Build/Intermediates.noindex/FluidAudio.build/Debug-iphonesimulator/MachTaskSelfWrapper.build/Objects-normal/arm64/MachTaskSelfWrapper.LinkFileList -nostdlib -Xlinker -object_path_lto -Xlinker /tmp/voxboard-watch-sim-derived/Build/Intermediates.noindex/FluidAudio.build/Debug-iphonesimulator/MachTaskSelfWrapper.build/Objects-normal/arm64/MachTaskSelfWrapper_lto.o -Xlinker -no_deduplicate -Xlinker -objc_abi_version -Xlinker 2 -Xlinker -dependency_info -Xlinker /tmp/voxboard-watch-sim-derived/Build/Intermediates.noindex/FluidAudio.build/Debug-iphonesimulator/MachTaskSelfWrapper.build/Objects-normal/arm64/MachTaskSelfWrapper_dependency_info.dat -o /tmp/voxboard-watch-sim-derived/Build/Products/Debug-iphonesimulator/MachTaskSelfWrapper.o

SwiftExplicitDependencyGeneratePcm arm64 /tmp/voxboard-watch-sim-derived/ModuleCache.noindex/_Builtin_limits-9NS6BE793D39SDU4AN1SF2VJ.pcm

RegisterExecutionPolicyException /tmp/voxboard-watch-sim-derived/Build/Products/Debug-iphonesimulator/FastClusterWrapper.o (in target 'FastClusterWrapper' from project 'FluidAudio')
    cd /tmp/voxboard-watch-sim-derived/SourcePackages/checkouts/FluidAudio
    builtin-RegisterExecutionPolicyException /tmp/voxboard-watch-sim-derived/Build/Products/Debug-iphonesimulator/FastClusterWrapper.o

SwiftExplicitDependencyGeneratePcm arm64 /tmp/voxboard-watch-sim-derived/Build/Intermediates.noindex/SwiftExplicitPrecompiledModules/FastClusterWrapper-EVAW39MMX94H8S3Y8AF9648CJ.pcm

SwiftExplicitDependencyGeneratePcm arm64 /tmp/voxboard-watch-sim-derived/ModuleCache.noindex/_DarwinFoundation2-230YVWFON6H3E9Z34BLT0RT88.pcm

SwiftExplicitDependencyGeneratePcm x86_64 /tmp/voxboard-watch-sim-derived/ModuleCache.noindex/_DarwinFoundation1-2OSYZEP3F8AWN29LBV7ESOSFR.pcm

SwiftExplicitDependencyGeneratePcm arm64 /tmp/voxboard-watch-sim-derived/ModuleCache.noindex/_Builtin_stdint-CWFSMOW9J9H6V2GY2BC2UIXJJ.pcm

SwiftExplicitDependencyGeneratePcm arm64 /tmp/voxboard-watch-sim-derived/ModuleCache.noindex/_Builtin_tgmath-A37V53OUXOMZPAIMYGJ8V15B0.pcm

SwiftExplicitDependencyGeneratePcm arm64 /tmp/voxboard-watch-sim-derived/ModuleCache.noindex/sys_types-91QZJ9JE8HQIHZQJNCF3JYFAS.pcm

RegisterExecutionPolicyException /tmp/voxboard-watch-sim-derived/Build/Products/Debug-iphonesimulator/MachTaskSelfWrapper.o (in target 'MachTaskSelfWrapper' from project 'FluidAudio')
    cd /tmp/voxboard-watch-sim-derived/SourcePackages/checkouts/FluidAudio
    builtin-RegisterExecutionPolicyException /tmp/voxboard-watch-sim-derived/Build/Products/Debug-iphonesimulator/MachTaskSelfWrapper.o

SwiftExplicitDependencyGeneratePcm arm64 /tmp/voxboard-watch-sim-derived/ModuleCache.noindex/_Builtin_intrinsics-DQRJ36FPO6803Y93654W9RV2K.pcm

SwiftExplicitDependencyGeneratePcm arm64 /tmp/voxboard-watch-sim-derived/ModuleCache.noindex/_Builtin_stdatomic-B8OYPWJDJKDXRUSX9TZ30QENQ.pcm

SwiftExplicitDependencyGeneratePcm arm64 /tmp/voxboard-watch-sim-derived/ModuleCache.noindex/_DarwinFoundation3-5MIZ5KTUEDSAHAWRI2GI1V444.pcm

SwiftExplicitDependencyGeneratePcm x86_64 /tmp/voxboard-watch-sim-derived/ModuleCache.noindex/_DarwinFoundation2-B6MM7YEH5EVVFVJVZH089R699.pcm

SwiftExplicitDependencyGeneratePcm x86_64 /tmp/voxboard-watch-sim-derived/ModuleCache.noindex/ExtensionFoundation-DFWQDR2NCGSOKXGHW0G10S0DP.pcm

SwiftExplicitDependencyGeneratePcm x86_64 /tmp/voxboard-watch-sim-derived/ModuleCache.noindex/_Builtin_limits-93XU0Z6C97WM0ZW1T388PEWJC.pcm

SwiftExplicitDependencyGeneratePcm arm64 /tmp/voxboard-watch-sim-derived/ModuleCache.noindex/_Builtin_tgmath-9FTCIXN650LPTJXIWTSRTTTL1.pcm

SwiftExplicitDependencyGeneratePcm arm64 /tmp/voxboard-watch-sim-derived/ModuleCache.noindex/sys_types-56GXWMMR96FC1FSSSTCPY6JWR.pcm

SwiftExplicitDependencyGeneratePcm arm64 /tmp/voxboard-watch-sim-derived/ModuleCache.noindex/_Builtin_stdint-CJ5H74JLPFUU6TIPOL9E0QYCI.pcm

SwiftExplicitDependencyGeneratePcm x86_64 /tmp/voxboard-watch-sim-derived/ModuleCache.noindex/_Builtin_stdint-DU3Q3OG60HSNEY3471U79ZMUH.pcm

SwiftExplicitDependencyGeneratePcm x86_64 /tmp/voxboard-watch-sim-derived/ModuleCache.noindex/sys_types-CMDKV0VI6PMSMW8JNK46EXVCD.pcm

SwiftExplicitDependencyGeneratePcm x86_64 /tmp/voxboard-watch-sim-derived/ModuleCache.noindex/_Builtin_tgmath-SEWT68Y1A94O697WV7JQ3849.pcm

SwiftExplicitDependencyGeneratePcm arm64 /tmp/voxboard-watch-sim-derived/ModuleCache.noindex/_Builtin_intrinsics-480UBD4VORK6PXTRJKJLONVA5.pcm

SwiftExplicitDependencyGeneratePcm arm64 /tmp/voxboard-watch-sim-derived/ModuleCache.noindex/_DarwinFoundation3-8D42PPP1713QPRL0112RCI6GZ.pcm

SwiftExplicitDependencyGeneratePcm arm64 /tmp/voxboard-watch-sim-derived/ModuleCache.noindex/_Builtin_stdatomic-B3D1V298Y1SZ3WNBFR4LWZ8IS.pcm

SwiftExplicitDependencyGeneratePcm arm64 /tmp/voxboard-watch-sim-derived/ModuleCache.noindex/_Builtin_inttypes-87472BK6F2D1BHZF6RF9JHD8.pcm

SwiftExplicitDependencyGeneratePcm x86_64 /tmp/voxboard-watch-sim-derived/ModuleCache.noindex/_Builtin_stdatomic-1NLT8JFP59AT4EYLNQRHGVMKW.pcm

SwiftExplicitDependencyGeneratePcm x86_64 /tmp/voxboard-watch-sim-derived/ModuleCache.noindex/_DarwinFoundation3-1HYU9B0ZU2TTUX4ZHU6XLVQG8.pcm

SwiftExplicitDependencyGeneratePcm arm64 /tmp/voxboard-watch-sim-derived/ModuleCache.noindex/Darwin-4F3G61ZISTLREWX0P05VXIR4E.pcm

SwiftExplicitDependencyGeneratePcm arm64 /tmp/voxboard-watch-sim-derived/ModuleCache.noindex/ObjectiveC-BY598J9HIMGQXK0JEMW8FK74V.pcm

SwiftExplicitDependencyGeneratePcm arm64 /tmp/voxboard-watch-sim-derived/ModuleCache.noindex/_Builtin_inttypes-1VSLWW6AFMFWW8BGJHL1FPDI9.pcm

SwiftExplicitDependencyGeneratePcm arm64 /tmp/voxboard-watch-sim-derived/ModuleCache.noindex/simd-2CTS1DIS93UXMYFHXZRS1TDAU.pcm

SwiftExplicitDependencyGeneratePcm x86_64 /tmp/voxboard-watch-sim-derived/ModuleCache.noindex/_Builtin_intrinsics-1CBLTEWIHD0LW8QRLB0PYCC9S.pcm

SwiftExplicitDependencyGeneratePcm x86_64 /tmp/voxboard-watch-sim-derived/ModuleCache.noindex/_Builtin_inttypes-DBKQQT50IMNSDED3HXLGFLGS5.pcm

SwiftExplicitDependencyGeneratePcm arm64 /tmp/voxboard-watch-sim-derived/ModuleCache.noindex/Darwin-50W74AKS3J3R1LK2V3POELMIX.pcm

SwiftExplicitDependencyGeneratePcm arm64 /tmp/voxboard-watch-sim-derived/ModuleCache.noindex/os_object-693H7KETLE1LP8K053ENST80E.pcm

SwiftExplicitDependencyGeneratePcm x86_64 /tmp/voxboard-watch-sim-derived/ModuleCache.noindex/Darwin-46C7AM4BOZR1QYUPP4F8KLXQO.pcm

SwiftExplicitDependencyGeneratePcm arm64 /tmp/voxboard-watch-sim-derived/ModuleCache.noindex/simd-901IFPF8PFCJGK4XB7W1BJ9F2.pcm

SwiftExplicitDependencyGeneratePcm arm64 /tmp/voxboard-watch-sim-derived/ModuleCache.noindex/os_workgroup-145D7L9MC42XA11JXSYEATK3O.pcm

SwiftExplicitDependencyGeneratePcm arm64 /tmp/voxboard-watch-sim-derived/ModuleCache.noindex/MachO-7XYXPZV0DS3WBU9U0IP0P4P34.pcm

SwiftExplicitDependencyGeneratePcm arm64 /tmp/voxboard-watch-sim-derived/ModuleCache.noindex/ObjectiveC-7CDLUW6HE3T5WSVN30ZKTSY4I.pcm

SwiftExplicitDependencyGeneratePcm arm64 /tmp/voxboard-watch-sim-derived/ModuleCache.noindex/Dispatch-9N2D252VF4DEIRQVFG64XJ03R.pcm

LinkAssetCatalog /Users/codybontecou/projects/Voxboard/Voxboard\ Watch\ Widget/Assets.xcassets (in target 'Voxboard Watch WidgetExtension' from project 'Voxboard')
    cd /Users/codybontecou/projects/Voxboard
    builtin-linkAssetCatalog --thinned /tmp/voxboard-watch-sim-derived/Build/Intermediates.noindex/Voxboard.build/Debug-watchsimulator/Voxboard\ Watch\ WidgetExtension.build/assetcatalog_output/thinned --thinned-dependencies /tmp/voxboard-watch-sim-derived/Build/Intermediates.noindex/Voxboard.build/Debug-watchsimulator/Voxboard\ Watch\ WidgetExtension.build/assetcatalog_dependencies_thinned --thinned-info-plist-content /tmp/voxboard-watch-sim-derived/Build/Intermediates.noindex/Voxboard.build/Debug-watchsimulator/Voxboard\ Watch\ WidgetExtension.build/assetcatalog_generated_info.plist_thinned --unthinned /tmp/voxboard-watch-sim-derived/Build/Intermediates.noindex/Voxboard.build/Debug-watchsimulator/Voxboard\ Watch\ WidgetExtension.build/assetcatalog_output/unthinned --unthinned-dependencies /tmp/voxboard-watch-sim-derived/Build/Intermediates.noindex/Voxboard.build/Debug-watchsimulator/Voxboard\ Watch\ WidgetExtension.build/assetcatalog_dependencies_unthinned --unthinned-info-plist-content /tmp/voxboard-watch-sim-derived/Build/Intermediates.noindex/Voxboard.build/Debug-watchsimulator/Voxboard\ Watch\ WidgetExtension.build/assetcatalog_generated_info.plist_unthinned --output /tmp/voxboard-watch-sim-derived/Build/Products/Debug-watchsimulator/Voxboard\ Watch\ WidgetExtension.appex --plist-output /tmp/voxboard-watch-sim-derived/Build/Intermediates.noindex/Voxboard.build/Debug-watchsimulator/Voxboard\ Watch\ WidgetExtension.build/assetcatalog_generated_info.plist
note: Emplaced /tmp/voxboard-watch-sim-derived/Build/Products/Debug-watchsimulator/Voxboard Watch WidgetExtension.appex/Assets.car (in target 'Voxboard Watch WidgetExtension' from project 'Voxboard')

SwiftExplicitDependencyGeneratePcm arm64 /tmp/voxboard-watch-sim-derived/ModuleCache.noindex/os_object-BZ4M31ZAGPI3NNZ23KQT5CBCN.pcm

ProcessInfoPlistFile /tmp/voxboard-watch-sim-derived/Build/Products/Debug-watchsimulator/Voxboard\ Watch\ WidgetExtension.appex/Info.plist /Users/codybontecou/projects/Voxboard/Voxboard\ Watch\ Widget/Info.plist (in target 'Voxboard Watch WidgetExtension' from project 'Voxboard')
    cd /Users/codybontecou/projects/Voxboard
    builtin-infoPlistUtility /Users/codybontecou/projects/Voxboard/Voxboard\ Watch\ Widget/Info.plist -producttype com.apple.product-type.app-extension -expandbuildsettings -format binary -platform watchsimulator -additionalcontentfile /tmp/voxboard-watch-sim-derived/Build/Intermediates.noindex/Voxboard.build/Debug-watchsimulator/Voxboard\ Watch\ WidgetExtension.build/assetcatalog_generated_info.plist -o /tmp/voxboard-watch-sim-derived/Build/Products/Debug-watchsimulator/Voxboard\ Watch\ WidgetExtension.appex/Info.plist

SwiftExplicitDependencyGeneratePcm arm64 /tmp/voxboard-watch-sim-derived/ModuleCache.noindex/CoreFoundation-4XCO5UABF2L8B271B81ZUF2HZ.pcm

SwiftExplicitDependencyGeneratePcm arm64 /tmp/voxboard-watch-sim-derived/ModuleCache.noindex/XPC-2JZUJMDGT0WBCZN0CT1Z85A4B.pcm

SwiftExplicitDependencyGeneratePcm arm64 /tmp/voxboard-watch-sim-derived/ModuleCache.noindex/ObjectiveC-DPQXN9WLB5PN71J584KG5FA0I.pcm

SwiftExplicitDependencyGeneratePcm arm64 /tmp/voxboard-watch-sim-derived/Build/Intermediates.noindex/SwiftExplicitPrecompiledModules/MachTaskSelfWrapper-423Y7LX253FEOT488OTIR5YX9.pcm

SwiftExplicitDependencyGeneratePcm arm64 /tmp/voxboard-watch-sim-derived/ModuleCache.noindex/MachO-E3F4E5EPA57VU0GE7NVUX4MV5.pcm

SwiftExplicitDependencyGeneratePcm x86_64 /tmp/voxboard-watch-sim-derived/ModuleCache.noindex/MachO-1CP6JKTILWBE0R7X0UYD4GNWS.pcm

SwiftExplicitDependencyGeneratePcm x86_64 /tmp/voxboard-watch-sim-derived/ModuleCache.noindex/ObjectiveC-B79KTBD3NJE5I4FRW916DBZLI.pcm

SwiftExplicitDependencyGeneratePcm arm64 /tmp/voxboard-watch-sim-derived/ModuleCache.noindex/os_workgroup-7S7ARK3UPD9FWIUTNKGPGSKE4.pcm

SwiftExplicitDependencyGeneratePcm arm64 /tmp/voxboard-watch-sim-derived/ModuleCache.noindex/Spatial-DMSECPQ10OR3GXBN7VUUNVZ8U.pcm

SwiftExplicitDependencyGeneratePcm arm64 /tmp/voxboard-watch-sim-derived/ModuleCache.noindex/os_object-8H95TL9JCN9A9P92E4SAOFGWK.pcm

SwiftExplicitDependencyGeneratePcm x86_64 /tmp/voxboard-watch-sim-derived/ModuleCache.noindex/simd-E8MEGH4DOZAEX0ZFJXQ4XJPB0.pcm

SwiftExplicitDependencyGeneratePcm arm64 /tmp/voxboard-watch-sim-derived/ModuleCache.noindex/Security-6BXURAXI48NNL267MATLW7ZRB.pcm

SwiftExplicitDependencyGeneratePcm arm64 /tmp/voxboard-watch-sim-derived/ModuleCache.noindex/CFNetwork-BED41XQ93ZTDQV56U5J9XBGCG.pcm

SwiftExplicitDependencyGeneratePcm x86_64 /tmp/voxboard-watch-sim-derived/ModuleCache.noindex/os_object-DGZELNPTZV54AXGYLABMQ7UHD.pcm

SwiftExplicitDependencyGeneratePcm arm64 /tmp/voxboard-watch-sim-derived/ModuleCache.noindex/os_workgroup-8YPJPHBJOPKCU334PAJ0JLLYR.pcm

SwiftExplicitDependencyGeneratePcm arm64 /tmp/voxboard-watch-sim-derived/ModuleCache.noindex/Dispatch-19QNMORYPWGMDMB8XAGV1Z8X.pcm

SwiftExplicitDependencyGeneratePcm arm64 /tmp/voxboard-watch-sim-derived/ModuleCache.noindex/Spatial-DIECHC39WP63UFBCJQGC3B2K8.pcm

SwiftExplicitDependencyGeneratePcm x86_64 /tmp/voxboard-watch-sim-derived/ModuleCache.noindex/os_workgroup-3NZXM9LS1SASH2GZYNRGOAYEO.pcm

SwiftExplicitDependencyGeneratePcm arm64 /tmp/voxboard-watch-sim-derived/ModuleCache.noindex/Foundation-16JUCLNGNJHL1CRMOA65JIT2P.pcm

SwiftExplicitDependencyGeneratePcm arm64 /tmp/voxboard-watch-sim-derived/ModuleCache.noindex/Dispatch-E4S3B1QVO3RHPVYUIHYJLE83S.pcm

SwiftExplicitDependencyGeneratePcm arm64 /tmp/voxboard-watch-sim-derived/ModuleCache.noindex/dnssd-F2K6CZBJY3IFCAQ5J0GJV64ZW.pcm

SwiftExplicitDependencyGeneratePcm arm64 /tmp/voxboard-watch-sim-derived/ModuleCache.noindex/XPC-9X13PCJO20TS11XM4HB6U76C1.pcm

SwiftExplicitDependencyGeneratePcm arm64 /tmp/voxboard-watch-sim-derived/ModuleCache.noindex/CoreFoundation-9SS5VY1TBMRHJSPWZ97EN0D0A.pcm

SwiftExplicitDependencyGeneratePcm x86_64 /tmp/voxboard-watch-sim-derived/ModuleCache.noindex/Dispatch-7F8ZL0POM5Z9BWPORIJ06WIZH.pcm

SwiftExplicitDependencyGeneratePcm arm64 /tmp/voxboard-watch-sim-derived/ModuleCache.noindex/CoreFoundation-7HUY66SZNYR2Y3UV6Z61JK27J.pcm

SwiftExplicitDependencyGeneratePcm arm64 /tmp/voxboard-watch-sim-derived/ModuleCache.noindex/XPC-5Z73NNYW7VP1XPQ2WO77QY7VE.pcm

SwiftExplicitDependencyGeneratePcm arm64 /tmp/voxboard-watch-sim-derived/ModuleCache.noindex/dnssd-2GTY16XYP7M2SQHQZ31LBLUZ1.pcm

SwiftExplicitDependencyGeneratePcm arm64 /tmp/voxboard-watch-sim-derived/ModuleCache.noindex/os-ECETU9ECGKARPX7OH7M2MS4W0.pcm

SwiftExplicitDependencyGeneratePcm x86_64 /tmp/voxboard-watch-sim-derived/ModuleCache.noindex/CoreFoundation-836BZDYH8FJTGTCP7692ZKGP5.pcm

SwiftExplicitDependencyGeneratePcm x86_64 /tmp/voxboard-watch-sim-derived/ModuleCache.noindex/dnssd-EQE7WNWDC124TIJ3RIRGX49KR.pcm

SwiftExplicitDependencyGeneratePcm x86_64 /tmp/voxboard-watch-sim-derived/ModuleCache.noindex/XPC-83SIWEJOM8ROOYSVAAHFEOZ5D.pcm

SwiftExplicitDependencyGeneratePcm arm64 /tmp/voxboard-watch-sim-derived/ModuleCache.noindex/os-AHLHN1ZZWVGGW108XXBA8990R.pcm

SwiftExplicitDependencyGeneratePcm arm64 /tmp/voxboard-watch-sim-derived/ModuleCache.noindex/Security-DYADQ1N9M7TLC7HAEH7YYKC6G.pcm

SwiftExplicitDependencyGeneratePcm arm64 /tmp/voxboard-watch-sim-derived/ModuleCache.noindex/CoreGraphics-433V5EEYAZW1GVPS9Y5VV9VKB.pcm

SwiftExplicitDependencyGeneratePcm arm64 /tmp/voxboard-watch-sim-derived/ModuleCache.noindex/Security-1H68X98074GNMR7W0SXH2PK7C.pcm

SwiftExplicitDependencyGeneratePcm arm64 /tmp/voxboard-watch-sim-derived/ModuleCache.noindex/CoreGraphics-6IBPCGXO39GXPHG7IJJ2W59AP.pcm

SwiftExplicitDependencyGeneratePcm arm64 /tmp/voxboard-watch-sim-derived/ModuleCache.noindex/CFNetwork-E23FQWFC3V750IVXG6HJA66C2.pcm

SwiftExplicitDependencyGeneratePcm arm64 /tmp/voxboard-watch-sim-derived/ModuleCache.noindex/CoreAudioTypes-1B7NYV3M1KU7J8IQ5DVVLQJ14.pcm

SwiftExplicitDependencyGeneratePcm x86_64 /tmp/voxboard-watch-sim-derived/ModuleCache.noindex/os-456L1SKWUHBHTOVTAB4UUKOK9.pcm

SwiftExplicitDependencyGeneratePcm x86_64 /tmp/voxboard-watch-sim-derived/ModuleCache.noindex/CoreGraphics-EIGR4UUZ5K4F0GUNZ0ZEY9PBJ.pcm

SwiftExplicitDependencyGeneratePcm x86_64 /tmp/voxboard-watch-sim-derived/ModuleCache.noindex/Security-DN3IPW17DN99WDJL6JBNJYKG7.pcm

SwiftExplicitDependencyGeneratePcm arm64 /tmp/voxboard-watch-sim-derived/ModuleCache.noindex/Foundation-BCDE3KHXGCFAPUT8XEETF1SOQ.pcm

SwiftExplicitDependencyGeneratePcm arm64 /tmp/voxboard-watch-sim-derived/ModuleCache.noindex/Foundation-EHGPEU0F6FQRMAW8J6AFSZ91E.pcm

SwiftExplicitDependencyGeneratePcm arm64 /tmp/voxboard-watch-sim-derived/ModuleCache.noindex/CoreVideo-D3BNMGAW7DAPXWLU1UC61OLB0.pcm

SwiftExplicitDependencyGeneratePcm arm64 /tmp/voxboard-watch-sim-derived/ModuleCache.noindex/CoreText-7SVY89YBY09GTURFONP04H44X.pcm

SwiftExplicitDependencyGeneratePcm arm64 /tmp/voxboard-watch-sim-derived/ModuleCache.noindex/CoreAudio-5PX1MYF600HJ4YMS067XCUALF.pcm

SwiftExplicitDependencyGeneratePcm arm64 /tmp/voxboard-watch-sim-derived/ModuleCache.noindex/ImageIO-7ZIKB802E4XYU86JFCV2A988E.pcm

SwiftExplicitDependencyGeneratePcm arm64 /tmp/voxboard-watch-sim-derived/ModuleCache.noindex/CoreText-AHU2AMWFC8HZ5T3VTGDFNDFN4.pcm

SwiftExplicitDependencyGeneratePcm x86_64 /tmp/voxboard-watch-sim-derived/ModuleCache.noindex/Spatial-EOHS77Q1UYVVCS502ATE1VUKJ.pcm

SwiftExplicitDependencyGeneratePcm x86_64 /tmp/voxboard-watch-sim-derived/ModuleCache.noindex/Foundation-CYAG2N3Z8DG820XRM3WVNZPWW.pcm

SwiftExplicitDependencyGeneratePcm x86_64 /tmp/voxboard-watch-sim-derived/ModuleCache.noindex/CoreVideo-1MGDTQH5ZHFIO1H3CM2S5BPYF.pcm

SwiftExplicitDependencyGeneratePcm x86_64 /tmp/voxboard-watch-sim-derived/ModuleCache.noindex/CoreText-8L9NEWRZEXFJV13XW5HAOB16X.pcm

SwiftEmitModule normal arm64 Emitting\ module\ for\ KeyboardKitDependencies (in target 'KeyboardKitDependencies' from project 'KeyboardKit')

SwiftCompile normal arm64 /tmp/voxboard-watch-sim-derived/SourcePackages/checkouts/KeyboardKit/Dependencies/KeyboardKitDependencies/KeyboardKitDependencies.swift (in target 'KeyboardKitDependencies' from project 'KeyboardKit')
    cd /Users/codybontecou/projects/Voxboard/Voxboard.xcodeproj


SwiftEmitModule normal arm64 Emitting\ module\ for\ ExportKit (in target 'ExportKit' from project 'ExportKit')
EmitSwiftModule normal arm64 (in target 'ExportKit' from project 'ExportKit')
    cd /Users/codybontecou/projects/Voxboard/Voxboard.xcodeproj


SwiftCompile normal arm64 Compiling\ KeyboardKitDependencies.swift /tmp/voxboard-watch-sim-derived/SourcePackages/checkouts/KeyboardKit/Dependencies/KeyboardKitDependencies/KeyboardKitDependencies.swift (in target 'KeyboardKitDependencies' from project 'KeyboardKit')
SwiftCompile normal arm64 /tmp/voxboard-watch-sim-derived/SourcePackages/checkouts/KeyboardKit/Dependencies/KeyboardKitDependencies/KeyboardKitDependencies.swift (in target 'KeyboardKitDependencies' from project 'KeyboardKit')
    cd /Users/codybontecou/projects/Voxboard/Voxboard.xcodeproj


SwiftCompile normal arm64 Compiling\ ExportPreviewBuilding.swift /tmp/voxboard-watch-sim-derived/SourcePackages/checkouts/ExportKit/Sources/ExportKit/ExportPreviewBuilding.swift (in target 'ExportKit' from project 'ExportKit')
SwiftCompile normal arm64 /tmp/voxboard-watch-sim-derived/SourcePackages/checkouts/ExportKit/Sources/ExportKit/ExportPreviewBuilding.swift (in target 'ExportKit' from project 'ExportKit')
    cd /Users/codybontecou/projects/Voxboard/Voxboard.xcodeproj


SwiftCompile normal arm64 Compiling\ ExportPlugins.swift /tmp/voxboard-watch-sim-derived/SourcePackages/checkouts/ExportKit/Sources/ExportKit/ExportPlugins.swift (in target 'ExportKit' from project 'ExportKit')

SwiftCompile normal arm64 /tmp/voxboard-watch-sim-derived/SourcePackages/checkouts/ExportKit/Sources/ExportKit/ExportPlugins.swift (in target 'ExportKit' from project 'ExportKit')
    cd /Users/codybontecou/projects/Voxboard/Voxboard.xcodeproj


SwiftCompile normal arm64 Compiling\ ExportDestinationWriting.swift /tmp/voxboard-watch-sim-derived/SourcePackages/checkouts/ExportKit/Sources/ExportKit/ExportDestinationWriting.swift (in target 'ExportKit' from project 'ExportKit')
SwiftCompile normal arm64 /tmp/voxboard-watch-sim-derived/SourcePackages/checkouts/ExportKit/Sources/ExportKit/ExportDestinationWriting.swift (in target 'ExportKit' from project 'ExportKit')
    cd /Users/codybontecou/projects/Voxboard/Voxboard.xcodeproj


SwiftDriverJobDiscovery normal arm64 Emitting module for KeyboardKitDependencies (in target 'KeyboardKitDependencies' from project 'KeyboardKit')

SwiftDriver\ Compilation\ Requirements KeyboardKitDependencies normal arm64 com.apple.xcode.tools.swift.compiler (in target 'KeyboardKitDependencies' from project 'KeyboardKit')
    cd /Users/codybontecou/projects/Voxboard/Voxboard.xcodeproj
    builtin-Swift-Compilation-Requirements -- /Applications/Xcode.app/Contents/Developer/Toolchains/XcodeDefault.xctoolchain/usr/bin/swiftc -module-name KeyboardKitDependencies -Onone @/tmp/voxboard-watch-sim-derived/Build/Intermediates.noindex/KeyboardKit.build/Debug-iphonesimulator/KeyboardKitDependencies.build/Objects-normal/arm64/KeyboardKitDependencies.SwiftFileList -DSWIFT_PACKAGE -DDEBUG -DSWIFT_MODULE_RESOURCE_BUNDLE_UNAVAILABLE -DXcode -plugin-path /Applications/Xcode.app/Contents/Developer/Toolchains/XcodeDefault.xctoolchain/usr/lib/swift/host/plugins/testing -enable-experimental-feature DebugDescriptionMacro -sdk /Applications/Xcode.app/Contents/Developer/Platforms/iPhoneSimulator.platform/Developer/SDKs/iPhoneSimulator26.5.sdk -target arm64-apple-ios16.0-simulator -g -module-cache-path /tmp/voxboard-watch-sim-derived/ModuleCache.noindex -Xfrontend -serialize-debugging-options -enable-testing -suppress-warnings -index-store-path /tmp/voxboard-watch-sim-derived/Index.noindex/DataStore -Xcc -D_LIBCPP_HARDENING_MODE\=_LIBCPP_HARDENING_MODE_DEBUG -swift-version 5 -I /tmp/voxboard-watch-sim-derived/Build/Products/Debug-iphonesimulator -Isystem /Applications/Xcode.app/Contents/Developer/Platforms/iPhoneSimulator.platform/Developer/usr/lib -F /tmp/voxboard-watch-sim-derived/Build/Products/Debug-iphonesimulator -F /Applications/Xcode.app/Contents/Developer/Platforms/iPhoneSimulator.platform/Developer/Library/Frameworks -F /Applications/Xcode.app/Contents/Developer/Platforms/iPhoneSimulator.platform/Developer/SDKs/iPhoneSimulator26.5.sdk/Developer/Library/Frameworks -parse-as-library -emit-localized-strings -emit-localized-strings-path /tmp/voxboard-watch-sim-derived/Build/Intermediates.noindex/KeyboardKit.build/Debug-iphonesimulator/KeyboardKitDependencies.build/Objects-normal/arm64 -c -j10 -enable-batch-mode -incremental -Xcc -ivfsstatcache -Xcc /tmp/voxboard-watch-sim-derived/SDKStatCaches.noindex/iphonesimulator26.5-23F73-6cfe768891a92b912361537c460fe42b.sdkstatcache -output-file-map /tmp/voxboard-watch-sim-derived/Build/Intermediates.noindex/KeyboardKit.build/Debug-iphonesimulator/KeyboardKitDependencies.build/Objects-normal/arm64/KeyboardKitDependencies-OutputFileMap.json -use-frontend-parseable-output -save-temps -no-color-diagnostics -explicit-module-build -module-cache-path /tmp/voxboard-watch-sim-derived/Build/Intermediates.noindex/SwiftExplicitPrecompiledModules -clang-scanner-module-cache-path /tmp/voxboard-watch-sim-derived/ModuleCache.noindex -sdk-module-cache-path /tmp/voxboard-watch-sim-derived/ModuleCache.noindex -serialize-diagnostics -emit-dependencies -emit-module -emit-module-path /tmp/voxboard-watch-sim-derived/Build/Intermediates.noindex/KeyboardKit.build/Debug-iphonesimulator/KeyboardKitDependencies.build/Objects-normal/arm64/KeyboardKitDependencies.swiftmodule -validate-clang-modules-once -clang-build-session-file /tmp/voxboard-watch-sim-derived/ModuleCache.noindex/Session.modulevalidation -package-name keyboardkit -Xcc -I/tmp/voxboard-watch-sim-derived/Build/Intermediates.noindex/KeyboardKit.build/Debug-iphonesimulator/KeyboardKitDependencies.build/swift-overrides.hmap -emit-const-values -Xfrontend -const-gather-protocols-file -Xfrontend /tmp/voxboard-watch-sim-derived/Build/Intermediates.noindex/KeyboardKit.build/Debug-iphonesimulator/KeyboardKitDependencies.build/Objects-normal/arm64/KeyboardKitDependencies_const_extract_protocols.json -Xcc -I/tmp/voxboard-watch-sim-derived/Build/Products/Debug-iphonesimulator/include -Xcc -I/tmp/voxboard-watch-sim-derived/Build/Intermediates.noindex/KeyboardKit.build/Debug-iphonesimulator/KeyboardKitDependencies.build/DerivedSources-normal/arm64 -Xcc -I/tmp/voxboard-watch-sim-derived/Build/Intermediates.noindex/KeyboardKit.build/Debug-iphonesimulator/KeyboardKitDependencies.build/DerivedSources/arm64 -Xcc -I/tmp/voxboard-watch-sim-derived/Build/Intermediates.noindex/KeyboardKit.build/Debug-iphonesimulator/KeyboardKitDependencies.build/DerivedSources -Xcc -DSWIFT_PACKAGE -Xcc -DDEBUG\=1 -emit-objc-header -emit-objc-header-path /tmp/voxboard-watch-sim-derived/Build/Intermediates.noindex/KeyboardKit.build/Debug-iphonesimulator/KeyboardKitDependencies.build/Objects-normal/arm64/KeyboardKitDependencies-Swift.h -working-directory /Users/codybontecou/projects/Voxboard/Voxboard.xcodeproj -experimental-emit-module-separately -disable-cmo

SwiftCompile normal arm64 Compiling\ ExportPortableSnapshots.swift /tmp/voxboard-watch-sim-derived/SourcePackages/checkouts/ExportKit/Sources/ExportKit/ExportPortableSnapshots.swift (in target 'ExportKit' from project 'ExportKit')

SwiftCompile normal arm64 /tmp/voxboard-watch-sim-derived/SourcePackages/checkouts/ExportKit/Sources/ExportKit/ExportPortableSnapshots.swift (in target 'ExportKit' from project 'ExportKit')
    cd /Users/codybontecou/projects/Voxboard/Voxboard.xcodeproj


SwiftMergeGeneratedHeaders /tmp/voxboard-watch-sim-derived/Build/Intermediates.noindex/GeneratedModuleMaps-iphonesimulator/KeyboardKitDependencies-Swift.h /tmp/voxboard-watch-sim-derived/Build/Intermediates.noindex/KeyboardKit.build/Debug-iphonesimulator/KeyboardKitDependencies.build/Objects-normal/arm64/KeyboardKitDependencies-Swift.h (in target 'KeyboardKitDependencies' from project 'KeyboardKit')
    cd /tmp/voxboard-watch-sim-derived/SourcePackages/checkouts/KeyboardKit
    builtin-swiftHeaderTool -arch arm64 /tmp/voxboard-watch-sim-derived/Build/Intermediates.noindex/KeyboardKit.build/Debug-iphonesimulator/KeyboardKitDependencies.build/Objects-normal/arm64/KeyboardKitDependencies-Swift.h -o /tmp/voxboard-watch-sim-derived/Build/Intermediates.noindex/GeneratedModuleMaps-iphonesimulator/KeyboardKitDependencies-Swift.h

Copy /tmp/voxboard-watch-sim-derived/Build/Products/Debug-iphonesimulator/KeyboardKitDependencies.swiftmodule/arm64-apple-ios-simulator.swiftmodule /tmp/voxboard-watch-sim-derived/Build/Intermediates.noindex/KeyboardKit.build/Debug-iphonesimulator/KeyboardKitDependencies.build/Objects-normal/arm64/KeyboardKitDependencies.swiftmodule (in target 'KeyboardKitDependencies' from project 'KeyboardKit')
    cd /tmp/voxboard-watch-sim-derived/SourcePackages/checkouts/KeyboardKit
    builtin-copy -exclude .DS_Store -exclude CVS -exclude .svn -exclude .git -exclude .hg -resolve-src-symlinks -rename /tmp/voxboard-watch-sim-derived/Build/Intermediates.noindex/KeyboardKit.build/Debug-iphonesimulator/KeyboardKitDependencies.build/Objects-normal/arm64/KeyboardKitDependencies.swiftmodule /tmp/voxboard-watch-sim-derived/Build/Products/Debug-iphonesimulator/KeyboardKitDependencies.swiftmodule/arm64-apple-ios-simulator.swiftmodule

Copy /tmp/voxboard-watch-sim-derived/Build/Products/Debug-iphonesimulator/KeyboardKitDependencies.swiftmodule/arm64-apple-ios-simulator.swiftdoc /tmp/voxboard-watch-sim-derived/Build/Intermediates.noindex/KeyboardKit.build/Debug-iphonesimulator/KeyboardKitDependencies.build/Objects-normal/arm64/KeyboardKitDependencies.swiftdoc (in target 'KeyboardKitDependencies' from project 'KeyboardKit')
    cd /tmp/voxboard-watch-sim-derived/SourcePackages/checkouts/KeyboardKit
    builtin-copy -exclude .DS_Store -exclude CVS -exclude .svn -exclude .git -exclude .hg -resolve-src-symlinks -rename /tmp/voxboard-watch-sim-derived/Build/Intermediates.noindex/KeyboardKit.build/Debug-iphonesimulator/KeyboardKitDependencies.build/Objects-normal/arm64/KeyboardKitDependencies.swiftdoc /tmp/voxboard-watch-sim-derived/Build/Products/Debug-iphonesimulator/KeyboardKitDependencies.swiftmodule/arm64-apple-ios-simulator.swiftdoc

Copy /tmp/voxboard-watch-sim-derived/Build/Products/Debug-iphonesimulator/KeyboardKitDependencies.swiftmodule/arm64-apple-ios-simulator.abi.json /tmp/voxboard-watch-sim-derived/Build/Intermediates.noindex/KeyboardKit.build/Debug-iphonesimulator/KeyboardKitDependencies.build/Objects-normal/arm64/KeyboardKitDependencies.abi.json (in target 'KeyboardKitDependencies' from project 'KeyboardKit')
    cd /tmp/voxboard-watch-sim-derived/SourcePackages/checkouts/KeyboardKit
    builtin-copy -exclude .DS_Store -exclude CVS -exclude .svn -exclude .git -exclude .hg -resolve-src-symlinks -rename /tmp/voxboard-watch-sim-derived/Build/Intermediates.noindex/KeyboardKit.build/Debug-iphonesimulator/KeyboardKitDependencies.build/Objects-normal/arm64/KeyboardKitDependencies.abi.json /tmp/voxboard-watch-sim-derived/Build/Products/Debug-iphonesimulator/KeyboardKitDependencies.swiftmodule/arm64-apple-ios-simulator.abi.json

Copy /tmp/voxboard-watch-sim-derived/Build/Products/Debug-iphonesimulator/KeyboardKitDependencies.swiftmodule/Project/arm64-apple-ios-simulator.swiftsourceinfo /tmp/voxboard-watch-sim-derived/Build/Intermediates.noindex/KeyboardKit.build/Debug-iphonesimulator/KeyboardKitDependencies.build/Objects-normal/arm64/KeyboardKitDependencies.swiftsourceinfo (in target 'KeyboardKitDependencies' from project 'KeyboardKit')
    cd /tmp/voxboard-watch-sim-derived/SourcePackages/checkouts/KeyboardKit
    builtin-copy -exclude .DS_Store -exclude CVS -exclude .svn -exclude .git -exclude .hg -resolve-src-symlinks -rename /tmp/voxboard-watch-sim-derived/Build/Intermediates.noindex/KeyboardKit.build/Debug-iphonesimulator/KeyboardKitDependencies.build/Objects-normal/arm64/KeyboardKitDependencies.swiftsourceinfo /tmp/voxboard-watch-sim-derived/Build/Products/Debug-iphonesimulator/KeyboardKitDependencies.swiftmodule/Project/arm64-apple-ios-simulator.swiftsourceinfo

SwiftCompile normal arm64 Compiling\ ExportPathPlanning.swift /tmp/voxboard-watch-sim-derived/SourcePackages/checkouts/ExportKit/Sources/ExportKit/ExportPathPlanning.swift (in target 'ExportKit' from project 'ExportKit')

SwiftCompile normal arm64 /tmp/voxboard-watch-sim-derived/SourcePackages/checkouts/ExportKit/Sources/ExportKit/ExportPathPlanning.swift (in target 'ExportKit' from project 'ExportKit')
    cd /Users/codybontecou/projects/Voxboard/Voxboard.xcodeproj


SwiftExplicitDependencyGeneratePcm arm64 /tmp/voxboard-watch-sim-derived/ModuleCache.noindex/CoreTransferable-5NUX7BE21K5W2OAKTWR5D4OAN.pcm

SwiftExplicitDependencyGeneratePcm arm64 /tmp/voxboard-watch-sim-derived/ModuleCache.noindex/UIUtilities-C5Q9RM8ZZ0P3I1T2QX1FOC4TG.pcm

SwiftExplicitDependencyGeneratePcm arm64 /tmp/voxboard-watch-sim-derived/ModuleCache.noindex/UIUtilities-8APGT5MX4L3AM3WX9XND7Y8VK.pcm

SwiftExplicitDependencyGeneratePcm x86_64 /tmp/voxboard-watch-sim-derived/ModuleCache.noindex/SceneKit-963HOZ4YXPRES8YGVZWBRKV4K.pcm

SwiftDriverJobDiscovery normal arm64 Emitting module for ExportKit (in target 'ExportKit' from project 'ExportKit')

SwiftDriver\ Compilation\ Requirements ExportKit normal arm64 com.apple.xcode.tools.swift.compiler (in target 'ExportKit' from project 'ExportKit')
    cd /Users/codybontecou/projects/Voxboard/Voxboard.xcodeproj
    builtin-Swift-Compilation-Requirements -- /Applications/Xcode.app/Contents/Developer/Toolchains/XcodeDefault.xctoolchain/usr/bin/swiftc -module-name ExportKit -Onone @/tmp/voxboard-watch-sim-derived/Build/Intermediates.noindex/ExportKit.build/Debug-iphonesimulator/ExportKit.build/Objects-normal/arm64/ExportKit.SwiftFileList -DSWIFT_PACKAGE -DDEBUG -DSWIFT_MODULE_RESOURCE_BUNDLE_UNAVAILABLE -DXcode -plugin-path /Applications/Xcode.app/Contents/Developer/Toolchains/XcodeDefault.xctoolchain/usr/lib/swift/host/plugins/testing -enable-experimental-feature DebugDescriptionMacro -sdk /Applications/Xcode.app/Contents/Developer/Platforms/iPhoneSimulator.platform/Developer/SDKs/iPhoneSimulator26.5.sdk -target arm64-apple-ios17.0-simulator -g -module-cache-path /tmp/voxboard-watch-sim-derived/ModuleCache.noindex -Xfrontend -serialize-debugging-options -enable-testing -suppress-warnings -index-store-path /tmp/voxboard-watch-sim-derived/Index.noindex/DataStore -Xcc -D_LIBCPP_HARDENING_MODE\=_LIBCPP_HARDENING_MODE_DEBUG -swift-version 5 -I /tmp/voxboard-watch-sim-derived/Build/Products/Debug-iphonesimulator -Isystem /Applications/Xcode.app/Contents/Developer/Platforms/iPhoneSimulator.platform/Developer/usr/lib -F /tmp/voxboard-watch-sim-derived/Build/Products/Debug-iphonesimulator -F /Applications/Xcode.app/Contents/Developer/Platforms/iPhoneSimulator.platform/Developer/Library/Frameworks -F /Applications/Xcode.app/Contents/Developer/Platforms/iPhoneSimulator.platform/Developer/SDKs/iPhoneSimulator26.5.sdk/Developer/Library/Frameworks -c -j10 -enable-batch-mode -incremental -Xcc -ivfsstatcache -Xcc /tmp/voxboard-watch-sim-derived/SDKStatCaches.noindex/iphonesimulator26.5-23F73-6cfe768891a92b912361537c460fe42b.sdkstatcache -output-file-map /tmp/voxboard-watch-sim-derived/Build/Intermediates.noindex/ExportKit.build/Debug-iphonesimulator/ExportKit.build/Objects-normal/arm64/ExportKit-OutputFileMap.json -use-frontend-parseable-output -save-temps -no-color-diagnostics -explicit-module-build -module-cache-path /tmp/voxboard-watch-sim-derived/Build/Intermediates.noindex/SwiftExplicitPrecompiledModules -clang-scanner-module-cache-path /tmp/voxboard-watch-sim-derived/ModuleCache.noindex -sdk-module-cache-path /tmp/voxboard-watch-sim-derived/ModuleCache.noindex -serialize-diagnostics -emit-dependencies -emit-module -emit-module-path /tmp/voxboard-watch-sim-derived/Build/Intermediates.noindex/ExportKit.build/Debug-iphonesimulator/ExportKit.build/Objects-normal/arm64/ExportKit.swiftmodule -validate-clang-modules-once -clang-build-session-file /tmp/voxboard-watch-sim-derived/ModuleCache.noindex/Session.modulevalidation -package-name exportkit -Xcc -I/tmp/voxboard-watch-sim-derived/Build/Intermediates.noindex/ExportKit.build/Debug-iphonesimulator/ExportKit.build/swift-overrides.hmap -emit-const-values -Xfrontend -const-gather-protocols-file -Xfrontend /tmp/voxboard-watch-sim-derived/Build/Intermediates.noindex/ExportKit.build/Debug-iphonesimulator/ExportKit.build/Objects-normal/arm64/ExportKit_const_extract_protocols.json -Xcc -I/tmp/voxboard-watch-sim-derived/Build/Products/Debug-iphonesimulator/include -Xcc -I/tmp/voxboard-watch-sim-derived/Build/Intermediates.noindex/ExportKit.build/Debug-iphonesimulator/ExportKit.build/DerivedSources-normal/arm64 -Xcc -I/tmp/voxboard-watch-sim-derived/Build/Intermediates.noindex/ExportKit.build/Debug-iphonesimulator/ExportKit.build/DerivedSources/arm64 -Xcc -I/tmp/voxboard-watch-sim-derived/Build/Intermediates.noindex/ExportKit.build/Debug-iphonesimulator/ExportKit.build/DerivedSources -Xcc -DSWIFT_PACKAGE -Xcc -DDEBUG\=1 -emit-objc-header -emit-objc-header-path /tmp/voxboard-watch-sim-derived/Build/Intermediates.noindex/ExportKit.build/Debug-iphonesimulator/ExportKit.build/Objects-normal/arm64/ExportKit-Swift.h -working-directory /Users/codybontecou/projects/Voxboard/Voxboard.xcodeproj -experimental-emit-module-separately -disable-cmo

SwiftExplicitDependencyGeneratePcm x86_64 /tmp/voxboard-watch-sim-derived/ModuleCache.noindex/DataDetection-9HXFU4MXQ1J30J49NTOD2X121.pcm

SwiftMergeGeneratedHeaders /tmp/voxboard-watch-sim-derived/Build/Intermediates.noindex/GeneratedModuleMaps-iphonesimulator/ExportKit-Swift.h /tmp/voxboard-watch-sim-derived/Build/Intermediates.noindex/ExportKit.build/Debug-iphonesimulator/ExportKit.build/Objects-normal/arm64/ExportKit-Swift.h (in target 'ExportKit' from project 'ExportKit')
    cd /tmp/voxboard-watch-sim-derived/SourcePackages/checkouts/ExportKit
    builtin-swiftHeaderTool -arch arm64 /tmp/voxboard-watch-sim-derived/Build/Intermediates.noindex/ExportKit.build/Debug-iphonesimulator/ExportKit.build/Objects-normal/arm64/ExportKit-Swift.h -o /tmp/voxboard-watch-sim-derived/Build/Intermediates.noindex/GeneratedModuleMaps-iphonesimulator/ExportKit-Swift.h

Copy /tmp/voxboard-watch-sim-derived/Build/Products/Debug-iphonesimulator/ExportKit.swiftmodule/arm64-apple-ios-simulator.swiftmodule /tmp/voxboard-watch-sim-derived/Build/Intermediates.noindex/ExportKit.build/Debug-iphonesimulator/ExportKit.build/Objects-normal/arm64/ExportKit.swiftmodule (in target 'ExportKit' from project 'ExportKit')
    cd /tmp/voxboard-watch-sim-derived/SourcePackages/checkouts/ExportKit
    builtin-copy -exclude .DS_Store -exclude CVS -exclude .svn -exclude .git -exclude .hg -resolve-src-symlinks -rename /tmp/voxboard-watch-sim-derived/Build/Intermediates.noindex/ExportKit.build/Debug-iphonesimulator/ExportKit.build/Objects-normal/arm64/ExportKit.swiftmodule /tmp/voxboard-watch-sim-derived/Build/Products/Debug-iphonesimulator/ExportKit.swiftmodule/arm64-apple-ios-simulator.swiftmodule

Copy /tmp/voxboard-watch-sim-derived/Build/Products/Debug-iphonesimulator/ExportKit.swiftmodule/arm64-apple-ios-simulator.swiftdoc /tmp/voxboard-watch-sim-derived/Build/Intermediates.noindex/ExportKit.build/Debug-iphonesimulator/ExportKit.build/Objects-normal/arm64/ExportKit.swiftdoc (in target 'ExportKit' from project 'ExportKit')
    cd /tmp/voxboard-watch-sim-derived/SourcePackages/checkouts/ExportKit
    builtin-copy -exclude .DS_Store -exclude CVS -exclude .svn -exclude .git -exclude .hg -resolve-src-symlinks -rename /tmp/voxboard-watch-sim-derived/Build/Intermediates.noindex/ExportKit.build/Debug-iphonesimulator/ExportKit.build/Objects-normal/arm64/ExportKit.swiftdoc /tmp/voxboard-watch-sim-derived/Build/Products/Debug-iphonesimulator/ExportKit.swiftmodule/arm64-apple-ios-simulator.swiftdoc

Copy /tmp/voxboard-watch-sim-derived/Build/Products/Debug-iphonesimulator/ExportKit.swiftmodule/arm64-apple-ios-simulator.abi.json /tmp/voxboard-watch-sim-derived/Build/Intermediates.noindex/ExportKit.build/Debug-iphonesimulator/ExportKit.build/Objects-normal/arm64/ExportKit.abi.json (in target 'ExportKit' from project 'ExportKit')
    cd /tmp/voxboard-watch-sim-derived/SourcePackages/checkouts/ExportKit
    builtin-copy -exclude .DS_Store -exclude CVS -exclude .svn -exclude .git -exclude .hg -resolve-src-symlinks -rename /tmp/voxboard-watch-sim-derived/Build/Intermediates.noindex/ExportKit.build/Debug-iphonesimulator/ExportKit.build/Objects-normal/arm64/ExportKit.abi.json /tmp/voxboard-watch-sim-derived/Build/Products/Debug-iphonesimulator/ExportKit.swiftmodule/arm64-apple-ios-simulator.abi.json

Copy /tmp/voxboard-watch-sim-derived/Build/Products/Debug-iphonesimulator/ExportKit.swiftmodule/Project/arm64-apple-ios-simulator.swiftsourceinfo /tmp/voxboard-watch-sim-derived/Build/Intermediates.noindex/ExportKit.build/Debug-iphonesimulator/ExportKit.build/Objects-normal/arm64/ExportKit.swiftsourceinfo (in target 'ExportKit' from project 'ExportKit')
    cd /tmp/voxboard-watch-sim-derived/SourcePackages/checkouts/ExportKit
    builtin-copy -exclude .DS_Store -exclude CVS -exclude .svn -exclude .git -exclude .hg -resolve-src-symlinks -rename /tmp/voxboard-watch-sim-derived/Build/Intermediates.noindex/ExportKit.build/Debug-iphonesimulator/ExportKit.build/Objects-normal/arm64/ExportKit.swiftsourceinfo /tmp/voxboard-watch-sim-derived/Build/Products/Debug-iphonesimulator/ExportKit.swiftmodule/Project/arm64-apple-ios-simulator.swiftsourceinfo

SwiftExplicitDependencyGeneratePcm x86_64 /tmp/voxboard-watch-sim-derived/ModuleCache.noindex/AppIntents-7S15GQAOS7575OEQZ34Z9KQ5I.pcm

SwiftExplicitDependencyGeneratePcm arm64 /tmp/voxboard-watch-sim-derived/ModuleCache.noindex/QuartzCore-6FM4VBGAMDQMX2G3841YWW9AN.pcm

SwiftExplicitDependencyGeneratePcm arm64 /tmp/voxboard-watch-sim-derived/ModuleCache.noindex/UserNotifications-A9D53TS583123HU2BQFDI534G.pcm

SwiftExplicitDependencyGeneratePcm x86_64 /tmp/voxboard-watch-sim-derived/ModuleCache.noindex/UIUtilities-EBVQLHC7KZTF1URVUCHQX8M44.pcm

SwiftExplicitDependencyGeneratePcm x86_64 /tmp/voxboard-watch-sim-derived/ModuleCache.noindex/CoreData-CEJTJXQ1RSBPYSW9EH9OD0M40.pcm

SwiftExplicitDependencyGeneratePcm arm64 /tmp/voxboard-watch-sim-derived/ModuleCache.noindex/FileProvider-8ABVAU6798AGYMQFGD80AQIKF.pcm

SwiftExplicitDependencyGeneratePcm arm64 /tmp/voxboard-watch-sim-derived/ModuleCache.noindex/OpenGLES-2OPDZEMPJJFI2GS18EZ8DFOTD.pcm

SwiftExplicitDependencyGeneratePcm arm64 /tmp/voxboard-watch-sim-derived/ModuleCache.noindex/Accessibility-EIWWBSAZ71S1QUU05JLEMZ1RT.pcm

SwiftExplicitDependencyGeneratePcm x86_64 /tmp/voxboard-watch-sim-derived/ModuleCache.noindex/UniformTypeIdentifiers-8S0M41LBO5RG3K7VOJCNDVT22.pcm

SwiftExplicitDependencyGeneratePcm x86_64 /tmp/voxboard-watch-sim-derived/ModuleCache.noindex/Symbols-DBFNOKNCD3C79XEXHLZJA2BUR.pcm

SwiftExplicitDependencyGeneratePcm arm64 /tmp/voxboard-watch-sim-derived/ModuleCache.noindex/WatchConnectivity-50B3M92U1KPJF9PWKG42MI4Z2.pcm

SwiftExplicitDependencyGeneratePcm arm64 /tmp/voxboard-watch-sim-derived/ModuleCache.noindex/RelevanceKit-6DINEYL2MFS3RZ8X84L1AAYZB.pcm

SwiftExplicitDependencyGeneratePcm arm64 /tmp/voxboard-watch-sim-derived/ModuleCache.noindex/CoreTransferable-A1TBBFOGQ3XZQR56HCGC308KL.pcm

SwiftExplicitDependencyGeneratePcm x86_64 /tmp/voxboard-watch-sim-derived/ModuleCache.noindex/CoreTransferable-A3S3QAHXWUJOE2JS1LG6C2KDP.pcm

SwiftExplicitDependencyGeneratePcm x86_64 /tmp/voxboard-watch-sim-derived/ModuleCache.noindex/_LocationEssentials-EQL4AGHIPIQWZ9JNLVUZVJ3M9.pcm

SwiftExplicitDependencyGeneratePcm arm64 /tmp/voxboard-watch-sim-derived/ModuleCache.noindex/OSLog-8N570TKI5OQY3D399AZT9SWX0.pcm

SwiftExplicitDependencyGeneratePcm arm64 /tmp/voxboard-watch-sim-derived/ModuleCache.noindex/UserNotifications-7WASDJ59JULNVEJJ1T4SDM39V.pcm

SwiftExplicitDependencyGeneratePcm arm64 /tmp/voxboard-watch-sim-derived/ModuleCache.noindex/OSLog-59L0J722Y7MKXEKE67U5RVEG3.pcm

SwiftExplicitDependencyGeneratePcm arm64 /tmp/voxboard-watch-sim-derived/ModuleCache.noindex/CoreMIDI-72TN8J6AWUFLC3MZR9QYHT0NI.pcm

SwiftExplicitDependencyGeneratePcm x86_64 /tmp/voxboard-watch-sim-derived/ModuleCache.noindex/CoreLocation-EA6V47CIJ78Y094JPINZLRRHC.pcm

SwiftExplicitDependencyGeneratePcm arm64 /tmp/voxboard-watch-sim-derived/ModuleCache.noindex/Accessibility-BCE5Y67X7ZYR0I0PEDYGYRY37.pcm

SwiftExplicitDependencyGeneratePcm x86_64 /tmp/voxboard-watch-sim-derived/ModuleCache.noindex/WatchConnectivity-E48STKT8L58OIPE0F9MMTM1DI.pcm

SwiftExplicitDependencyGeneratePcm arm64 /tmp/voxboard-watch-sim-derived/ModuleCache.noindex/Network-RW2S69TVQWIJWXL3ULX8VR3N.pcm

SwiftExplicitDependencyGeneratePcm arm64 /tmp/voxboard-watch-sim-derived/ModuleCache.noindex/AudioToolbox-3LCY2PT2H6NAY48YK1CK83K5V.pcm

SwiftExplicitDependencyGeneratePcm x86_64 /tmp/voxboard-watch-sim-derived/ModuleCache.noindex/Network-A79OAZNZH2G0G6OQHWI6YB67I.pcm

SwiftExplicitDependencyGeneratePcm x86_64 /tmp/voxboard-watch-sim-derived/ModuleCache.noindex/QuartzCore-A1RYU7MNU71AXTJEYZXPV2KIV.pcm

SwiftExplicitDependencyGeneratePcm arm64 /tmp/voxboard-watch-sim-derived/ModuleCache.noindex/UniformTypeIdentifiers-2AAFR6LGEPHRC7STLRID87KES.pcm

SwiftExplicitDependencyGeneratePcm x86_64 /tmp/voxboard-watch-sim-derived/ModuleCache.noindex/OSLog-E3FW26UTIJTI90ZIJ2IR608J4.pcm

SwiftExplicitDependencyGeneratePcm arm64 /tmp/voxboard-watch-sim-derived/ModuleCache.noindex/_LocationEssentials-ANR8X0SRUQPN13JAHRN9EQUV0.pcm

SwiftExplicitDependencyGeneratePcm arm64 /tmp/voxboard-watch-sim-derived/ModuleCache.noindex/Network-DBTO2AOKR9I582R9MIH1E516C.pcm

SwiftExplicitDependencyGeneratePcm x86_64 /tmp/voxboard-watch-sim-derived/ModuleCache.noindex/RelevanceKit-2KS1WKCO2EVIHESQ0BL4J2IVC.pcm

SwiftExplicitDependencyGeneratePcm arm64 /tmp/voxboard-watch-sim-derived/ModuleCache.noindex/DataDetection-CK599KXDQB07STXYOFC3AC658.pcm

SwiftExplicitDependencyGeneratePcm arm64 /tmp/voxboard-watch-sim-derived/ModuleCache.noindex/UniformTypeIdentifiers-3XPBVLFU1IJZ9BPYUG1RRHSOS.pcm

SwiftExplicitDependencyGeneratePcm arm64 /tmp/voxboard-watch-sim-derived/ModuleCache.noindex/SceneKit-R1OOZO3GFMEHJ2WI9Y4464E9.pcm

SwiftExplicitDependencyGeneratePcm x86_64 /tmp/voxboard-watch-sim-derived/ModuleCache.noindex/SwiftUICore-D1MRT6OPS84EYRC2MQUQM0697.pcm

SwiftExplicitDependencyGeneratePcm arm64 /tmp/voxboard-watch-sim-derived/ModuleCache.noindex/AVRouting-317SOEHWF12M8N13721Z09QP7.pcm

SwiftExplicitDependencyGeneratePcm arm64 /tmp/voxboard-watch-sim-derived/ModuleCache.noindex/LocalAuthentication-BVAUWHCIZ7V6H2IOMXKUOYS9G.pcm

SwiftExplicitDependencyGeneratePcm arm64 /tmp/voxboard-watch-sim-derived/ModuleCache.noindex/NaturalLanguage-B9WL4GDHX10TTFQRD8E3YEZ7E.pcm

SwiftExplicitDependencyGeneratePcm arm64 /tmp/voxboard-watch-sim-derived/ModuleCache.noindex/CoreLocation-4QCN457JROS7PGS0Z30Q02IQ1.pcm

SwiftExplicitDependencyGeneratePcm arm64 /tmp/voxboard-watch-sim-derived/ModuleCache.noindex/CoreData-6H1J3CT1HKIY8G2QIOERNQRT7.pcm

SwiftExplicitDependencyGeneratePcm arm64 /tmp/voxboard-watch-sim-derived/ModuleCache.noindex/WidgetKit-H6K0UY0RFUZQ1VFCNXM0609I.pcm

SwiftExplicitDependencyGeneratePcm x86_64 /tmp/voxboard-watch-sim-derived/ModuleCache.noindex/UserNotifications-529FIYFRX73KULBL7VK6SSNWQ.pcm

SwiftExplicitDependencyGeneratePcm arm64 /tmp/voxboard-watch-sim-derived/ModuleCache.noindex/Symbols-7FKJI3CBMBP4BSUQ7KVI6WHJ2.pcm

SwiftDriverJobDiscovery normal arm64 Compiling KeyboardKitDependencies.swift (in target 'KeyboardKitDependencies' from project 'KeyboardKit')

SwiftExplicitDependencyGeneratePcm x86_64 /tmp/voxboard-watch-sim-derived/ModuleCache.noindex/WidgetKit-F4WA4AKCVX2V8VDOSSUI93FMK.pcm

SwiftExplicitDependencyGeneratePcm arm64 /tmp/voxboard-watch-sim-derived/ModuleCache.noindex/Intents-3V6COK5CFZOT87U4MFLHFU8ZE.pcm

SwiftExplicitDependencyGeneratePcm arm64 /tmp/voxboard-watch-sim-derived/ModuleCache.noindex/Symbols-9JU2QQ8UX9Z8USL3N89IDL6TM.pcm

SwiftDriverJobDiscovery normal arm64 Compiling ExportPlugins.swift (in target 'ExportKit' from project 'ExportKit')

SwiftExplicitDependencyGeneratePcm x86_64 /tmp/voxboard-watch-sim-derived/ModuleCache.noindex/Accessibility-A4X1C8Q1894F0LG54I9BCSJ98.pcm

SwiftDriverJobDiscovery normal arm64 Compiling ExportPortableSnapshots.swift (in target 'ExportKit' from project 'ExportKit')

SwiftExplicitDependencyGeneratePcm arm64 /tmp/voxboard-watch-sim-derived/ModuleCache.noindex/DataDetection-E5W0GQPLSYS663LRKS07S1GGE.pcm

SwiftExplicitDependencyGeneratePcm arm64 /tmp/voxboard-watch-sim-derived/ModuleCache.noindex/IOSurface-17F8AAHFD7EFR2K5X6CVH05FD.pcm

SwiftExplicitDependencyGeneratePcm arm64 /tmp/voxboard-watch-sim-derived/ModuleCache.noindex/AppIntents-7H6CAHHKF3LSSM9AQZGVJOCBA.pcm

SwiftExplicitDependencyGeneratePcm x86_64 /tmp/voxboard-watch-sim-derived/ModuleCache.noindex/UIKit-QIO7L6OAZB1206RKKGR4WFRN.pcm

SwiftExplicitDependencyGeneratePcm arm64 /tmp/voxboard-watch-sim-derived/ModuleCache.noindex/UIKit-DBGUK72OY3SZFUAJDZOIVLIQL.pcm

SwiftDriverJobDiscovery normal arm64 Compiling ExportPreviewBuilding.swift (in target 'ExportKit' from project 'ExportKit')

SwiftExplicitDependencyGeneratePcm x86_64 /tmp/voxboard-watch-sim-derived/ModuleCache.noindex/Intents-EC9BVF86XKVEHEGELS6P8H272.pcm

SwiftExplicitDependencyGeneratePcm arm64 /tmp/voxboard-watch-sim-derived/ModuleCache.noindex/CoreData-EKCVR6L390C6LE68C7OD16HZF.pcm

SwiftExplicitDependencyGeneratePcm arm64 /tmp/voxboard-watch-sim-derived/ModuleCache.noindex/SwiftUICore-5YHRSRT9DR9IHHJCHMI9U199U.pcm

SwiftDriver\ Compilation KeyboardKitDependencies normal arm64 com.apple.xcode.tools.swift.compiler (in target 'KeyboardKitDependencies' from project 'KeyboardKit')
    cd /Users/codybontecou/projects/Voxboard/Voxboard.xcodeproj
    builtin-Swift-Compilation -- /Applications/Xcode.app/Contents/Developer/Toolchains/XcodeDefault.xctoolchain/usr/bin/swiftc -module-name KeyboardKitDependencies -Onone @/tmp/voxboard-watch-sim-derived/Build/Intermediates.noindex/KeyboardKit.build/Debug-iphonesimulator/KeyboardKitDependencies.build/Objects-normal/arm64/KeyboardKitDependencies.SwiftFileList -DSWIFT_PACKAGE -DDEBUG -DSWIFT_MODULE_RESOURCE_BUNDLE_UNAVAILABLE -DXcode -plugin-path /Applications/Xcode.app/Contents/Developer/Toolchains/XcodeDefault.xctoolchain/usr/lib/swift/host/plugins/testing -enable-experimental-feature DebugDescriptionMacro -sdk /Applications/Xcode.app/Contents/Developer/Platforms/iPhoneSimulator.platform/Developer/SDKs/iPhoneSimulator26.5.sdk -target arm64-apple-ios16.0-simulator -g -module-cache-path /tmp/voxboard-watch-sim-derived/ModuleCache.noindex -Xfrontend -serialize-debugging-options -enable-testing -suppress-warnings -index-store-path /tmp/voxboard-watch-sim-derived/Index.noindex/DataStore -Xcc -D_LIBCPP_HARDENING_MODE\=_LIBCPP_HARDENING_MODE_DEBUG -swift-version 5 -I /tmp/voxboard-watch-sim-derived/Build/Products/Debug-iphonesimulator -Isystem /Applications/Xcode.app/Contents/Developer/Platforms/iPhoneSimulator.platform/Developer/usr/lib -F /tmp/voxboard-watch-sim-derived/Build/Products/Debug-iphonesimulator -F /Applications/Xcode.app/Contents/Developer/Platforms/iPhoneSimulator.platform/Developer/Library/Frameworks -F /Applications/Xcode.app/Contents/Developer/Platforms/iPhoneSimulator.platform/Developer/SDKs/iPhoneSimulator26.5.sdk/Developer/Library/Frameworks -parse-as-library -emit-localized-strings -emit-localized-strings-path /tmp/voxboard-watch-sim-derived/Build/Intermediates.noindex/KeyboardKit.build/Debug-iphonesimulator/KeyboardKitDependencies.build/Objects-normal/arm64 -c -j10 -enable-batch-mode -incremental -Xcc -ivfsstatcache -Xcc /tmp/voxboard-watch-sim-derived/SDKStatCaches.noindex/iphonesimulator26.5-23F73-6cfe768891a92b912361537c460fe42b.sdkstatcache -output-file-map /tmp/voxboard-watch-sim-derived/Build/Intermediates.noindex/KeyboardKit.build/Debug-iphonesimulator/KeyboardKitDependencies.build/Objects-normal/arm64/KeyboardKitDependencies-OutputFileMap.json -use-frontend-parseable-output -save-temps -no-color-diagnostics -explicit-module-build -module-cache-path /tmp/voxboard-watch-sim-derived/Build/Intermediates.noindex/SwiftExplicitPrecompiledModules -clang-scanner-module-cache-path /tmp/voxboard-watch-sim-derived/ModuleCache.noindex -sdk-module-cache-path /tmp/voxboard-watch-sim-derived/ModuleCache.noindex -serialize-diagnostics -emit-dependencies -emit-module -emit-module-path /tmp/voxboard-watch-sim-derived/Build/Intermediates.noindex/KeyboardKit.build/Debug-iphonesimulator/KeyboardKitDependencies.build/Objects-normal/arm64/KeyboardKitDependencies.swiftmodule -validate-clang-modules-once -clang-build-session-file /tmp/voxboard-watch-sim-derived/ModuleCache.noindex/Session.modulevalidation -package-name keyboardkit -Xcc -I/tmp/voxboard-watch-sim-derived/Build/Intermediates.noindex/KeyboardKit.build/Debug-iphonesimulator/KeyboardKitDependencies.build/swift-overrides.hmap -emit-const-values -Xfrontend -const-gather-protocols-file -Xfrontend /tmp/voxboard-watch-sim-derived/Build/Intermediates.noindex/KeyboardKit.build/Debug-iphonesimulator/KeyboardKitDependencies.build/Objects-normal/arm64/KeyboardKitDependencies_const_extract_protocols.json -Xcc -I/tmp/voxboard-watch-sim-derived/Build/Products/Debug-iphonesimulator/include -Xcc -I/tmp/voxboard-watch-sim-derived/Build/Intermediates.noindex/KeyboardKit.build/Debug-iphonesimulator/KeyboardKitDependencies.build/DerivedSources-normal/arm64 -Xcc -I/tmp/voxboard-watch-sim-derived/Build/Intermediates.noindex/KeyboardKit.build/Debug-iphonesimulator/KeyboardKitDependencies.build/DerivedSources/arm64 -Xcc -I/tmp/voxboard-watch-sim-derived/Build/Intermediates.noindex/KeyboardKit.build/Debug-iphonesimulator/KeyboardKitDependencies.build/DerivedSources -Xcc -DSWIFT_PACKAGE -Xcc -DDEBUG\=1 -emit-objc-header -emit-objc-header-path /tmp/voxboard-watch-sim-derived/Build/Intermediates.noindex/KeyboardKit.build/Debug-iphonesimulator/KeyboardKitDependencies.build/Objects-normal/arm64/KeyboardKitDependencies-Swift.h -working-directory /Users/codybontecou/projects/Voxboard/Voxboard.xcodeproj -experimental-emit-module-separately -disable-cmo

SwiftDriverJobDiscovery normal arm64 Compiling ExportPathPlanning.swift (in target 'ExportKit' from project 'ExportKit')

SwiftExplicitDependencyGeneratePcm arm64 /tmp/voxboard-watch-sim-derived/ModuleCache.noindex/MediaAccessibility-6NYFFCEU120VMZBO3HG2BPIL1.pcm

SwiftExplicitDependencyGeneratePcm arm64 /tmp/voxboard-watch-sim-derived/ModuleCache.noindex/Metal-2UCCHVQ41XKNJ9LPP9PJXCGLE.pcm

SwiftCompile normal arm64 Compiling\ ExportFormatRendering.swift /tmp/voxboard-watch-sim-derived/SourcePackages/checkouts/ExportKit/Sources/ExportKit/ExportFormatRendering.swift (in target 'ExportKit' from project 'ExportKit')

SwiftCompile normal arm64 /tmp/voxboard-watch-sim-derived/SourcePackages/checkouts/ExportKit/Sources/ExportKit/ExportFormatRendering.swift (in target 'ExportKit' from project 'ExportKit')
    cd /Users/codybontecou/projects/Voxboard/Voxboard.xcodeproj


SwiftCompile normal arm64 Compiling\ ExportOrchestration.swift /tmp/voxboard-watch-sim-derived/SourcePackages/checkouts/ExportKit/Sources/ExportKit/ExportOrchestration.swift (in target 'ExportKit' from project 'ExportKit')
SwiftCompile normal arm64 /tmp/voxboard-watch-sim-derived/SourcePackages/checkouts/ExportKit/Sources/ExportKit/ExportOrchestration.swift (in target 'ExportKit' from project 'ExportKit')
    cd /Users/codybontecou/projects/Voxboard/Voxboard.xcodeproj


SwiftDriverJobDiscovery normal arm64 Compiling ExportDestinationWriting.swift (in target 'ExportKit' from project 'ExportKit')

Ld /tmp/voxboard-watch-sim-derived/Build/Products/Debug-iphonesimulator/KeyboardKitDependencies.o normal (in target 'KeyboardKitDependencies' from project 'KeyboardKit')
    cd /tmp/voxboard-watch-sim-derived/SourcePackages/checkouts/KeyboardKit
    /Applications/Xcode.app/Contents/Developer/Toolchains/XcodeDefault.xctoolchain/usr/bin/clang -Xlinker -reproducible -target arm64-apple-ios16.0-simulator -r -isysroot /Applications/Xcode.app/Contents/Developer/Platforms/iPhoneSimulator.platform/Developer/SDKs/iPhoneSimulator26.5.sdk -O0 -w -F/tmp/voxboard-watch-sim-derived/Build/Intermediates.noindex/EagerLinkingTBDs/Debug-iphonesimulator -F/tmp/voxboard-watch-sim-derived/Build/Products/Debug-iphonesimulator -iframework /Applications/Xcode.app/Contents/Developer/Platforms/iPhoneSimulator.platform/Developer/Library/Frameworks -iframework /Applications/Xcode.app/Contents/Developer/Platforms/iPhoneSimulator.platform/Developer/SDKs/iPhoneSimulator26.5.sdk/Developer/Library/Frameworks -filelist /tmp/voxboard-watch-sim-derived/Build/Intermediates.noindex/KeyboardKit.build/Debug-iphonesimulator/KeyboardKitDependencies.build/Objects-normal/arm64/KeyboardKitDependencies.LinkFileList -nostdlib -Xlinker -object_path_lto -Xlinker /tmp/voxboard-watch-sim-derived/Build/Intermediates.noindex/KeyboardKit.build/Debug-iphonesimulator/KeyboardKitDependencies.build/Objects-normal/arm64/KeyboardKitDependencies_lto.o -Xlinker -no_deduplicate -Xlinker -objc_abi_version -Xlinker 2 -Xlinker -dependency_info -Xlinker /tmp/voxboard-watch-sim-derived/Build/Intermediates.noindex/KeyboardKit.build/Debug-iphonesimulator/KeyboardKitDependencies.build/Objects-normal/arm64/KeyboardKitDependencies_dependency_info.dat -fobjc-link-runtime -L/Applications/Xcode.app/Contents/Developer/Toolchains/XcodeDefault.xctoolchain/usr/lib/swift/iphonesimulator -L/usr/lib/swift -Xlinker -add_ast_path -Xlinker /tmp/voxboard-watch-sim-derived/Build/Intermediates.noindex/KeyboardKit.build/Debug-iphonesimulator/KeyboardKitDependencies.build/Objects-normal/arm64/KeyboardKitDependencies.swiftmodule @/tmp/voxboard-watch-sim-derived/Build/Intermediates.noindex/KeyboardKit.build/Debug-iphonesimulator/KeyboardKitDependencies.build/Objects-normal/arm64/KeyboardKitDependencies-linker-args.resp -o /tmp/voxboard-watch-sim-derived/Build/Products/Debug-iphonesimulator/KeyboardKitDependencies.o

ExtractAppIntentsMetadata (in target 'KeyboardKitDependencies' from project 'KeyboardKit')
    cd /tmp/voxboard-watch-sim-derived/SourcePackages/checkouts/KeyboardKit
    /Applications/Xcode.app/Contents/Developer/Toolchains/XcodeDefault.xctoolchain/usr/bin/appintentsmetadataprocessor --toolchain-dir /Applications/Xcode.app/Contents/Developer/Toolchains/XcodeDefault.xctoolchain --module-name KeyboardKitDependencies --sdk-root /Applications/Xcode.app/Contents/Developer/Platforms/iPhoneSimulator.platform/Developer/SDKs/iPhoneSimulator26.5.sdk --xcode-version 17F42 --platform-family iOS --deployment-target 16.0 --bundle-identifier keyboardkit.KeyboardKitDependencies --output /tmp/voxboard-watch-sim-derived/Build/Products/Debug-iphonesimulator/KeyboardKitDependencies.appintents --target-triple arm64-apple-ios16.0-simulator --binary-file /tmp/voxboard-watch-sim-derived/Build/Products/Debug-iphonesimulator/KeyboardKitDependencies.o --dependency-file /tmp/voxboard-watch-sim-derived/Build/Intermediates.noindex/KeyboardKit.build/Debug-iphonesimulator/KeyboardKitDependencies.build/Objects-normal/arm64/KeyboardKitDependencies_dependency_info.dat --stringsdata-file /tmp/voxboard-watch-sim-derived/Build/Intermediates.noindex/KeyboardKit.build/Debug-iphonesimulator/KeyboardKitDependencies.build/Objects-normal/arm64/ExtractedAppShortcutsMetadata.stringsdata --source-file-list /tmp/voxboard-watch-sim-derived/Build/Intermediates.noindex/KeyboardKit.build/Debug-iphonesimulator/KeyboardKitDependencies.build/Objects-normal/arm64/KeyboardKitDependencies.SwiftFileList --metadata-file-list /tmp/voxboard-watch-sim-derived/Build/Intermediates.noindex/KeyboardKit.build/Debug-iphonesimulator/KeyboardKitDependencies.build/KeyboardKitDependencies.DependencyMetadataFileList --static-metadata-file-list /tmp/voxboard-watch-sim-derived/Build/Intermediates.noindex/KeyboardKit.build/Debug-iphonesimulator/KeyboardKitDependencies.build/KeyboardKitDependencies.DependencyStaticMetadataFileList --swift-const-vals-list /tmp/voxboard-watch-sim-derived/Build/Intermediates.noindex/KeyboardKit.build/Debug-iphonesimulator/KeyboardKitDependencies.build/Objects-normal/arm64/KeyboardKitDependencies.SwiftConstValuesFileList --force --compile-time-extraction --deployment-aware-processing --validate-assistant-intents --no-app-shortcuts-localization
2026-06-20 10:15:53.159 appintentsmetadataprocessor[20098:3456653] Starting appintentsmetadataprocessor export
2026-06-20 10:15:53.171 appintentsmetadataprocessor[20098:3456653] Extracted no relevant App Intents symbols, skipping writing output

RegisterExecutionPolicyException /tmp/voxboard-watch-sim-derived/Build/Products/Debug-iphonesimulator/KeyboardKitDependencies.o (in target 'KeyboardKitDependencies' from project 'KeyboardKit')
    cd /tmp/voxboard-watch-sim-derived/SourcePackages/checkouts/KeyboardKit
    builtin-RegisterExecutionPolicyException /tmp/voxboard-watch-sim-derived/Build/Products/Debug-iphonesimulator/KeyboardKitDependencies.o

SwiftExplicitDependencyGeneratePcm arm64 /tmp/voxboard-watch-sim-derived/ModuleCache.noindex/CoreVideo-6L5PVG9IYE7XGEBWFYYIYLY8V.pcm

SwiftExplicitDependencyGeneratePcm arm64 /tmp/voxboard-watch-sim-derived/ModuleCache.noindex/CoreML-CRK68VSRK590ZFX9H1WL845FZ.pcm

SwiftExplicitDependencyGeneratePcm arm64 /tmp/voxboard-watch-sim-derived/ModuleCache.noindex/Accelerate-9G9SB4FC0UTVT80B8UKIZSETX.pcm

SwiftExplicitDependencyGeneratePcm arm64 /tmp/voxboard-watch-sim-derived/ModuleCache.noindex/CoreMedia-C4YN2PO0D2ADXYGJ4J7G15FBB.pcm

SwiftExplicitDependencyGeneratePcm arm64 /tmp/voxboard-watch-sim-derived/ModuleCache.noindex/CoreImage-1LDVK9Y9G4WXFZRB3XVC3FXFY.pcm

SwiftExplicitDependencyGeneratePcm arm64 /tmp/voxboard-watch-sim-derived/ModuleCache.noindex/QuartzCore-6A4R26AS9J6RS437NWRGBIVJ5.pcm

SwiftDriverJobDiscovery normal arm64 Compiling ExportFormatRendering.swift (in target 'ExportKit' from project 'ExportKit')

SwiftExplicitDependencyGeneratePcm arm64 /tmp/voxboard-watch-sim-derived/ModuleCache.noindex/SwiftUICore-45ATT5KU773ZI9X0BLB9N0Z9F.pcm

SwiftExplicitDependencyGeneratePcm arm64 /tmp/voxboard-watch-sim-derived/ModuleCache.noindex/AVFAudio-SEW1WFH8691CUBVHRKXMAYT0.pcm

SwiftExplicitDependencyGeneratePcm arm64 /tmp/voxboard-watch-sim-derived/ModuleCache.noindex/MediaToolbox-A94643JTMZVF08DCST5QOB1TM.pcm

SwiftExplicitDependencyGeneratePcm arm64 /tmp/voxboard-watch-sim-derived/ModuleCache.noindex/UIKit-UISUJESHVWTA8XFL8NSK64ZY.pcm

SwiftExplicitDependencyGeneratePcm arm64 /tmp/voxboard-watch-sim-derived/ModuleCache.noindex/AVFoundation-5UB62V3HEPDEIWSKJFC4DEUZ8.pcm

SwiftExplicitDependencyGeneratePcm arm64 /tmp/voxboard-watch-sim-derived/ModuleCache.noindex/HomeKit-4YNI0WX84GQK60LAXAGHUPYNP.pcm

SwiftExplicitDependencyGeneratePcm arm64 /tmp/voxboard-watch-sim-derived/ModuleCache.noindex/MapKit-25D5W8TYE4506XEPVW2WZ218P.pcm

SwiftExplicitDependencyGeneratePcm x86_64 /tmp/voxboard-watch-sim-derived/ModuleCache.noindex/MapKit-C02M2JLD6Z279HAZ3GP1U4RPY.pcm

SwiftExplicitDependencyGeneratePcm x86_64 /tmp/voxboard-watch-sim-derived/ModuleCache.noindex/HomeKit-DPM7L1MZ341BVQJK9B8VJKNVY.pcm

SwiftDriverJobDiscovery normal arm64 Compiling ExportOrchestration.swift (in target 'ExportKit' from project 'ExportKit')

SwiftDriver\ Compilation ExportKit normal arm64 com.apple.xcode.tools.swift.compiler (in target 'ExportKit' from project 'ExportKit')
    cd /Users/codybontecou/projects/Voxboard/Voxboard.xcodeproj
    builtin-Swift-Compilation -- /Applications/Xcode.app/Contents/Developer/Toolchains/XcodeDefault.xctoolchain/usr/bin/swiftc -module-name ExportKit -Onone @/tmp/voxboard-watch-sim-derived/Build/Intermediates.noindex/ExportKit.build/Debug-iphonesimulator/ExportKit.build/Objects-normal/arm64/ExportKit.SwiftFileList -DSWIFT_PACKAGE -DDEBUG -DSWIFT_MODULE_RESOURCE_BUNDLE_UNAVAILABLE -DXcode -plugin-path /Applications/Xcode.app/Contents/Developer/Toolchains/XcodeDefault.xctoolchain/usr/lib/swift/host/plugins/testing -enable-experimental-feature DebugDescriptionMacro -sdk /Applications/Xcode.app/Contents/Developer/Platforms/iPhoneSimulator.platform/Developer/SDKs/iPhoneSimulator26.5.sdk -target arm64-apple-ios17.0-simulator -g -module-cache-path /tmp/voxboard-watch-sim-derived/ModuleCache.noindex -Xfrontend -serialize-debugging-options -enable-testing -suppress-warnings -index-store-path /tmp/voxboard-watch-sim-derived/Index.noindex/DataStore -Xcc -D_LIBCPP_HARDENING_MODE\=_LIBCPP_HARDENING_MODE_DEBUG -swift-version 5 -I /tmp/voxboard-watch-sim-derived/Build/Products/Debug-iphonesimulator -Isystem /Applications/Xcode.app/Contents/Developer/Platforms/iPhoneSimulator.platform/Developer/usr/lib -F /tmp/voxboard-watch-sim-derived/Build/Products/Debug-iphonesimulator -F /Applications/Xcode.app/Contents/Developer/Platforms/iPhoneSimulator.platform/Developer/Library/Frameworks -F /Applications/Xcode.app/Contents/Developer/Platforms/iPhoneSimulator.platform/Developer/SDKs/iPhoneSimulator26.5.sdk/Developer/Library/Frameworks -c -j10 -enable-batch-mode -incremental -Xcc -ivfsstatcache -Xcc /tmp/voxboard-watch-sim-derived/SDKStatCaches.noindex/iphonesimulator26.5-23F73-6cfe768891a92b912361537c460fe42b.sdkstatcache -output-file-map /tmp/voxboard-watch-sim-derived/Build/Intermediates.noindex/ExportKit.build/Debug-iphonesimulator/ExportKit.build/Objects-normal/arm64/ExportKit-OutputFileMap.json -use-frontend-parseable-output -save-temps -no-color-diagnostics -explicit-module-build -module-cache-path /tmp/voxboard-watch-sim-derived/Build/Intermediates.noindex/SwiftExplicitPrecompiledModules -clang-scanner-module-cache-path /tmp/voxboard-watch-sim-derived/ModuleCache.noindex -sdk-module-cache-path /tmp/voxboard-watch-sim-derived/ModuleCache.noindex -serialize-diagnostics -emit-dependencies -emit-module -emit-module-path /tmp/voxboard-watch-sim-derived/Build/Intermediates.noindex/ExportKit.build/Debug-iphonesimulator/ExportKit.build/Objects-normal/arm64/ExportKit.swiftmodule -validate-clang-modules-once -clang-build-session-file /tmp/voxboard-watch-sim-derived/ModuleCache.noindex/Session.modulevalidation -package-name exportkit -Xcc -I/tmp/voxboard-watch-sim-derived/Build/Intermediates.noindex/ExportKit.build/Debug-iphonesimulator/ExportKit.build/swift-overrides.hmap -emit-const-values -Xfrontend -const-gather-protocols-file -Xfrontend /tmp/voxboard-watch-sim-derived/Build/Intermediates.noindex/ExportKit.build/Debug-iphonesimulator/ExportKit.build/Objects-normal/arm64/ExportKit_const_extract_protocols.json -Xcc -I/tmp/voxboard-watch-sim-derived/Build/Products/Debug-iphonesimulator/include -Xcc -I/tmp/voxboard-watch-sim-derived/Build/Intermediates.noindex/ExportKit.build/Debug-iphonesimulator/ExportKit.build/DerivedSources-normal/arm64 -Xcc -I/tmp/voxboard-watch-sim-derived/Build/Intermediates.noindex/ExportKit.build/Debug-iphonesimulator/ExportKit.build/DerivedSources/arm64 -Xcc -I/tmp/voxboard-watch-sim-derived/Build/Intermediates.noindex/ExportKit.build/Debug-iphonesimulator/ExportKit.build/DerivedSources -Xcc -DSWIFT_PACKAGE -Xcc -DDEBUG\=1 -emit-objc-header -emit-objc-header-path /tmp/voxboard-watch-sim-derived/Build/Intermediates.noindex/ExportKit.build/Debug-iphonesimulator/ExportKit.build/Objects-normal/arm64/ExportKit-Swift.h -working-directory /Users/codybontecou/projects/Voxboard/Voxboard.xcodeproj -experimental-emit-module-separately -disable-cmo

Ld /tmp/voxboard-watch-sim-derived/Build/Products/Debug-iphonesimulator/ExportKit.o normal (in target 'ExportKit' from project 'ExportKit')
    cd /tmp/voxboard-watch-sim-derived/SourcePackages/checkouts/ExportKit
    /Applications/Xcode.app/Contents/Developer/Toolchains/XcodeDefault.xctoolchain/usr/bin/clang -Xlinker -reproducible -target arm64-apple-ios17.0-simulator -r -isysroot /Applications/Xcode.app/Contents/Developer/Platforms/iPhoneSimulator.platform/Developer/SDKs/iPhoneSimulator26.5.sdk -O0 -w -F/tmp/voxboard-watch-sim-derived/Build/Intermediates.noindex/EagerLinkingTBDs/Debug-iphonesimulator -F/tmp/voxboard-watch-sim-derived/Build/Products/Debug-iphonesimulator -iframework /Applications/Xcode.app/Contents/Developer/Platforms/iPhoneSimulator.platform/Developer/Library/Frameworks -iframework /Applications/Xcode.app/Contents/Developer/Platforms/iPhoneSimulator.platform/Developer/SDKs/iPhoneSimulator26.5.sdk/Developer/Library/Frameworks -filelist /tmp/voxboard-watch-sim-derived/Build/Intermediates.noindex/ExportKit.build/Debug-iphonesimulator/ExportKit.build/Objects-normal/arm64/ExportKit.LinkFileList -nostdlib -Xlinker -object_path_lto -Xlinker /tmp/voxboard-watch-sim-derived/Build/Intermediates.noindex/ExportKit.build/Debug-iphonesimulator/ExportKit.build/Objects-normal/arm64/ExportKit_lto.o -Xlinker -no_deduplicate -Xlinker -objc_abi_version -Xlinker 2 -Xlinker -dependency_info -Xlinker /tmp/voxboard-watch-sim-derived/Build/Intermediates.noindex/ExportKit.build/Debug-iphonesimulator/ExportKit.build/Objects-normal/arm64/ExportKit_dependency_info.dat -fobjc-link-runtime -L/Applications/Xcode.app/Contents/Developer/Toolchains/XcodeDefault.xctoolchain/usr/lib/swift/iphonesimulator -L/usr/lib/swift -Xlinker -add_ast_path -Xlinker /tmp/voxboard-watch-sim-derived/Build/Intermediates.noindex/ExportKit.build/Debug-iphonesimulator/ExportKit.build/Objects-normal/arm64/ExportKit.swiftmodule @/tmp/voxboard-watch-sim-derived/Build/Intermediates.noindex/ExportKit.build/Debug-iphonesimulator/ExportKit.build/Objects-normal/arm64/ExportKit-linker-args.resp -o /tmp/voxboard-watch-sim-derived/Build/Products/Debug-iphonesimulator/ExportKit.o

ExtractAppIntentsMetadata (in target 'ExportKit' from project 'ExportKit')
    cd /tmp/voxboard-watch-sim-derived/SourcePackages/checkouts/ExportKit
    /Applications/Xcode.app/Contents/Developer/Toolchains/XcodeDefault.xctoolchain/usr/bin/appintentsmetadataprocessor --toolchain-dir /Applications/Xcode.app/Contents/Developer/Toolchains/XcodeDefault.xctoolchain --module-name ExportKit --sdk-root /Applications/Xcode.app/Contents/Developer/Platforms/iPhoneSimulator.platform/Developer/SDKs/iPhoneSimulator26.5.sdk --xcode-version 17F42 --platform-family iOS --deployment-target 17.0 --bundle-identifier exportkit.ExportKit --output /tmp/voxboard-watch-sim-derived/Build/Products/Debug-iphonesimulator/ExportKit.appintents --target-triple arm64-apple-ios17.0-simulator --binary-file /tmp/voxboard-watch-sim-derived/Build/Products/Debug-iphonesimulator/ExportKit.o --dependency-file /tmp/voxboard-watch-sim-derived/Build/Intermediates.noindex/ExportKit.build/Debug-iphonesimulator/ExportKit.build/Objects-normal/arm64/ExportKit_dependency_info.dat --stringsdata-file /tmp/voxboard-watch-sim-derived/Build/Intermediates.noindex/ExportKit.build/Debug-iphonesimulator/ExportKit.build/Objects-normal/arm64/ExtractedAppShortcutsMetadata.stringsdata --source-file-list /tmp/voxboard-watch-sim-derived/Build/Intermediates.noindex/ExportKit.build/Debug-iphonesimulator/ExportKit.build/Objects-normal/arm64/ExportKit.SwiftFileList --metadata-file-list /tmp/voxboard-watch-sim-derived/Build/Intermediates.noindex/ExportKit.build/Debug-iphonesimulator/ExportKit.build/ExportKit.DependencyMetadataFileList --static-metadata-file-list /tmp/voxboard-watch-sim-derived/Build/Intermediates.noindex/ExportKit.build/Debug-iphonesimulator/ExportKit.build/ExportKit.DependencyStaticMetadataFileList --swift-const-vals-list /tmp/voxboard-watch-sim-derived/Build/Intermediates.noindex/ExportKit.build/Debug-iphonesimulator/ExportKit.build/Objects-normal/arm64/ExportKit.SwiftConstValuesFileList --force --compile-time-extraction --deployment-aware-processing --validate-assistant-intents --no-app-shortcuts-localization
2026-06-20 10:15:53.712 appintentsmetadataprocessor[20117:3456714] Starting appintentsmetadataprocessor export
2026-06-20 10:15:53.729 appintentsmetadataprocessor[20117:3456714] Extracted no relevant App Intents symbols, skipping writing output

RegisterExecutionPolicyException /tmp/voxboard-watch-sim-derived/Build/Products/Debug-iphonesimulator/ExportKit.o (in target 'ExportKit' from project 'ExportKit')
    cd /tmp/voxboard-watch-sim-derived/SourcePackages/checkouts/ExportKit
    builtin-RegisterExecutionPolicyException /tmp/voxboard-watch-sim-derived/Build/Products/Debug-iphonesimulator/ExportKit.o

SwiftExplicitDependencyGeneratePcm x86_64 /tmp/voxboard-watch-sim-derived/ModuleCache.noindex/WatchKit-5EVOLT7BW02BPGNVALGQYHPL7.pcm

SwiftExplicitDependencyGeneratePcm arm64 /tmp/voxboard-watch-sim-derived/ModuleCache.noindex/WatchKit-2RPZPMDD11TK1O8RNBLQYI3R3.pcm

SwiftCompile normal arm64 Compiling\ SortformerDiarizer.swift,\ SortformerModelInference.swift,\ SortformerStateUpdater.swift,\ SortformerTypes.swift,\ DownloadUtils.swift,\ FluidAudioSwift.swift,\ TextNormalizer.swift,\ ModelNames.swift,\ ModelRegistry.swift,\ ANEMemoryOptimizer.swift,\ ANEMemoryUtils.swift,\ ASRConstants.swift,\ AppLogger.swift,\ AssetDownloader.swift,\ AudioConverter.swift /tmp/voxboard-watch-sim-derived/SourcePackages/checkouts/FluidAudio/Sources/FluidAudio/Diarizer/Sortformer/SortformerDiarizer.swift /tmp/voxboard-watch-sim-derived/SourcePackages/checkouts/FluidAudio/Sources/FluidAudio/Diarizer/Sortformer/SortformerModelInference.swift /tmp/voxboard-watch-sim-derived/SourcePackages/checkouts/FluidAudio/Sources/FluidAudio/Diarizer/Sortformer/SortformerStateUpdater.swift /tmp/voxboard-watch-sim-derived/SourcePackages/checkouts/FluidAudio/Sources/FluidAudio/Diarizer/Sortformer/SortformerTypes.swift /tmp/voxboard-watch-sim-derived/SourcePackages/checkouts/FluidAudio/Sources/FluidAudio/DownloadUtils.swift /tmp/voxboard-watch-sim-derived/SourcePackages/checkouts/FluidAudio/Sources/FluidAudio/FluidAudioSwift.swift /tmp/voxboard-watch-sim-derived/SourcePackages/checkouts/FluidAudio/Sources/FluidAudio/ITN/TextNormalizer.swift /tmp/voxboard-watch-sim-derived/SourcePackages/checkouts/FluidAudio/Sources/FluidAudio/ModelNames.swift /tmp/voxboard-watch-sim-derived/SourcePackages/checkouts/FluidAudio/Sources/FluidAudio/ModelRegistry.swift /tmp/voxboard-watch-sim-derived/SourcePackages/checkouts/FluidAudio/Sources/FluidAudio/Shared/ANEMemoryOptimizer.swift /tmp/voxboard-watch-sim-derived/SourcePackages/checkouts/FluidAudio/Sources/FluidAudio/Shared/ANEMemoryUtils.swift /tmp/voxboard-watch-sim-derived/SourcePackages/checkouts/FluidAudio/Sources/FluidAudio/Shared/ASRConstants.swift /tmp/voxboard-watch-sim-derived/SourcePackages/checkouts/FluidAudio/Sources/FluidAudio/Shared/AppLogger.swift /tmp/voxboard-watch-sim-derived/SourcePackages/checkouts/FluidAudio/Sources/FluidAudio/Shared/AssetDownloader.swift /tmp/voxboard-watch-sim-derived/SourcePackages/checkouts/FluidAudio/Sources/FluidAudio/Shared/AudioConverter.swift (in target 'FluidAudio' from project 'FluidAudio')
SwiftCompile normal arm64 /tmp/voxboard-watch-sim-derived/SourcePackages/checkouts/FluidAudio/Sources/FluidAudio/Diarizer/Sortformer/SortformerDiarizer.swift (in target 'FluidAudio' from project 'FluidAudio')
    cd /Users/codybontecou/projects/Voxboard/Voxboard.xcodeproj


SwiftCompile normal arm64 /tmp/voxboard-watch-sim-derived/SourcePackages/checkouts/FluidAudio/Sources/FluidAudio/Diarizer/Sortformer/SortformerModelInference.swift (in target 'FluidAudio' from project 'FluidAudio')
    cd /Users/codybontecou/projects/Voxboard/Voxboard.xcodeproj


SwiftCompile normal arm64 /tmp/voxboard-watch-sim-derived/SourcePackages/checkouts/FluidAudio/Sources/FluidAudio/Diarizer/Sortformer/SortformerStateUpdater.swift (in target 'FluidAudio' from project 'FluidAudio')
    cd /Users/codybontecou/projects/Voxboard/Voxboard.xcodeproj


SwiftCompile normal arm64 /tmp/voxboard-watch-sim-derived/SourcePackages/checkouts/FluidAudio/Sources/FluidAudio/Diarizer/Sortformer/SortformerTypes.swift (in target 'FluidAudio' from project 'FluidAudio')
    cd /Users/codybontecou/projects/Voxboard/Voxboard.xcodeproj


SwiftCompile normal arm64 /tmp/voxboard-watch-sim-derived/SourcePackages/checkouts/FluidAudio/Sources/FluidAudio/DownloadUtils.swift (in target 'FluidAudio' from project 'FluidAudio')
    cd /Users/codybontecou/projects/Voxboard/Voxboard.xcodeproj


SwiftCompile normal arm64 /tmp/voxboard-watch-sim-derived/SourcePackages/checkouts/FluidAudio/Sources/FluidAudio/FluidAudioSwift.swift (in target 'FluidAudio' from project 'FluidAudio')
    cd /Users/codybontecou/projects/Voxboard/Voxboard.xcodeproj


SwiftCompile normal arm64 /tmp/voxboard-watch-sim-derived/SourcePackages/checkouts/FluidAudio/Sources/FluidAudio/ITN/TextNormalizer.swift (in target 'FluidAudio' from project 'FluidAudio')
    cd /Users/codybontecou/projects/Voxboard/Voxboard.xcodeproj


SwiftCompile normal arm64 /tmp/voxboard-watch-sim-derived/SourcePackages/checkouts/FluidAudio/Sources/FluidAudio/ModelNames.swift (in target 'FluidAudio' from project 'FluidAudio')
    cd /Users/codybontecou/projects/Voxboard/Voxboard.xcodeproj


SwiftCompile normal arm64 /tmp/voxboard-watch-sim-derived/SourcePackages/checkouts/FluidAudio/Sources/FluidAudio/ModelRegistry.swift (in target 'FluidAudio' from project 'FluidAudio')
    cd /Users/codybontecou/projects/Voxboard/Voxboard.xcodeproj


SwiftCompile normal arm64 /tmp/voxboard-watch-sim-derived/SourcePackages/checkouts/FluidAudio/Sources/FluidAudio/Shared/ANEMemoryOptimizer.swift (in target 'FluidAudio' from project 'FluidAudio')
    cd /Users/codybontecou/projects/Voxboard/Voxboard.xcodeproj


SwiftCompile normal arm64 /tmp/voxboard-watch-sim-derived/SourcePackages/checkouts/FluidAudio/Sources/FluidAudio/Shared/ANEMemoryUtils.swift (in target 'FluidAudio' from project 'FluidAudio')
    cd /Users/codybontecou/projects/Voxboard/Voxboard.xcodeproj


SwiftCompile normal arm64 /tmp/voxboard-watch-sim-derived/SourcePackages/checkouts/FluidAudio/Sources/FluidAudio/Shared/ASRConstants.swift (in target 'FluidAudio' from project 'FluidAudio')
    cd /Users/codybontecou/projects/Voxboard/Voxboard.xcodeproj


SwiftCompile normal arm64 /tmp/voxboard-watch-sim-derived/SourcePackages/checkouts/FluidAudio/Sources/FluidAudio/Shared/AppLogger.swift (in target 'FluidAudio' from project 'FluidAudio')
    cd /Users/codybontecou/projects/Voxboard/Voxboard.xcodeproj


SwiftCompile normal arm64 /tmp/voxboard-watch-sim-derived/SourcePackages/checkouts/FluidAudio/Sources/FluidAudio/Shared/AssetDownloader.swift (in target 'FluidAudio' from project 'FluidAudio')
    cd /Users/codybontecou/projects/Voxboard/Voxboard.xcodeproj


SwiftCompile normal arm64 /tmp/voxboard-watch-sim-derived/SourcePackages/checkouts/FluidAudio/Sources/FluidAudio/Shared/AudioConverter.swift (in target 'FluidAudio' from project 'FluidAudio')
    cd /Users/codybontecou/projects/Voxboard/Voxboard.xcodeproj


SwiftCompile normal arm64 Compiling\ SlidingWindowAsrSession.swift,\ StreamingEouAsrManager.swift,\ NemotronChunkSize.swift,\ NemotronStreamingAsrManager+Pipeline.swift,\ NemotronStreamingAsrManager.swift,\ NemotronStreamingConfig.swift,\ ParakeetModelVariant.swift,\ RnntDecoder.swift,\ StreamingAsrEngine.swift,\ StreamingAsrEngineFactory.swift,\ Tokenizer.swift,\ Qwen3AsrConfig.swift,\ Qwen3AsrManager.swift,\ Qwen3AsrModels.swift,\ Qwen3RoPE.swift /tmp/voxboard-watch-sim-derived/SourcePackages/checkouts/FluidAudio/Sources/FluidAudio/ASR/Parakeet/SlidingWindow/SlidingWindowAsrSession.swift /tmp/voxboard-watch-sim-derived/SourcePackages/checkouts/FluidAudio/Sources/FluidAudio/ASR/Parakeet/Streaming/EOU/StreamingEouAsrManager.swift /tmp/voxboard-watch-sim-derived/SourcePackages/checkouts/FluidAudio/Sources/FluidAudio/ASR/Parakeet/Streaming/Nemotron/NemotronChunkSize.swift /tmp/voxboard-watch-sim-derived/SourcePackages/checkouts/FluidAudio/Sources/FluidAudio/ASR/Parakeet/Streaming/Nemotron/NemotronStreamingAsrManager+Pipeline.swift /tmp/voxboard-watch-sim-derived/SourcePackages/checkouts/FluidAudio/Sources/FluidAudio/ASR/Parakeet/Streaming/Nemotron/NemotronStreamingAsrManager.swift /tmp/voxboard-watch-sim-derived/SourcePackages/checkouts/FluidAudio/Sources/FluidAudio/ASR/Parakeet/Streaming/Nemotron/NemotronStreamingConfig.swift /tmp/voxboard-watch-sim-derived/SourcePackages/checkouts/FluidAudio/Sources/FluidAudio/ASR/Parakeet/Streaming/ParakeetModelVariant.swift /tmp/voxboard-watch-sim-derived/SourcePackages/checkouts/FluidAudio/Sources/FluidAudio/ASR/Parakeet/Streaming/RnntDecoder.swift /tmp/voxboard-watch-sim-derived/SourcePackages/checkouts/FluidAudio/Sources/FluidAudio/ASR/Parakeet/Streaming/StreamingAsrEngine.swift /tmp/voxboard-watch-sim-derived/SourcePackages/checkouts/FluidAudio/Sources/FluidAudio/ASR/Parakeet/Streaming/StreamingAsrEngineFactory.swift /tmp/voxboard-watch-sim-derived/SourcePackages/checkouts/FluidAudio/Sources/FluidAudio/ASR/Parakeet/Streaming/Tokenizer.swift /tmp/voxboard-watch-sim-derived/SourcePackages/checkouts/FluidAudio/Sources/FluidAudio/ASR/Qwen3/Qwen3AsrConfig.swift /tmp/voxboard-watch-sim-derived/SourcePackages/checkouts/FluidAudio/Sources/FluidAudio/ASR/Qwen3/Qwen3AsrManager.swift /tmp/voxboard-watch-sim-derived/SourcePackages/checkouts/FluidAudio/Sources/FluidAudio/ASR/Qwen3/Qwen3AsrModels.swift /tmp/voxboard-watch-sim-derived/SourcePackages/checkouts/FluidAudio/Sources/FluidAudio/ASR/Qwen3/Qwen3RoPE.swift (in target 'FluidAudio' from project 'FluidAudio')

SwiftCompile normal arm64 /tmp/voxboard-watch-sim-derived/SourcePackages/checkouts/FluidAudio/Sources/FluidAudio/ASR/Parakeet/SlidingWindow/SlidingWindowAsrSession.swift (in target 'FluidAudio' from project 'FluidAudio')
    cd /Users/codybontecou/projects/Voxboard/Voxboard.xcodeproj


SwiftCompile normal arm64 /tmp/voxboard-watch-sim-derived/SourcePackages/checkouts/FluidAudio/Sources/FluidAudio/ASR/Parakeet/Streaming/EOU/StreamingEouAsrManager.swift (in target 'FluidAudio' from project 'FluidAudio')
    cd /Users/codybontecou/projects/Voxboard/Voxboard.xcodeproj


SwiftCompile normal arm64 /tmp/voxboard-watch-sim-derived/SourcePackages/checkouts/FluidAudio/Sources/FluidAudio/ASR/Parakeet/Streaming/Nemotron/NemotronChunkSize.swift (in target 'FluidAudio' from project 'FluidAudio')
    cd /Users/codybontecou/projects/Voxboard/Voxboard.xcodeproj


SwiftCompile normal arm64 /tmp/voxboard-watch-sim-derived/SourcePackages/checkouts/FluidAudio/Sources/FluidAudio/ASR/Parakeet/Streaming/Nemotron/NemotronStreamingAsrManager+Pipeline.swift (in target 'FluidAudio' from project 'FluidAudio')
    cd /Users/codybontecou/projects/Voxboard/Voxboard.xcodeproj


SwiftCompile normal arm64 /tmp/voxboard-watch-sim-derived/SourcePackages/checkouts/FluidAudio/Sources/FluidAudio/ASR/Parakeet/Streaming/Nemotron/NemotronStreamingAsrManager.swift (in target 'FluidAudio' from project 'FluidAudio')
    cd /Users/codybontecou/projects/Voxboard/Voxboard.xcodeproj


SwiftCompile normal arm64 /tmp/voxboard-watch-sim-derived/SourcePackages/checkouts/FluidAudio/Sources/FluidAudio/ASR/Parakeet/Streaming/Nemotron/NemotronStreamingConfig.swift (in target 'FluidAudio' from project 'FluidAudio')
    cd /Users/codybontecou/projects/Voxboard/Voxboard.xcodeproj


SwiftCompile normal arm64 /tmp/voxboard-watch-sim-derived/SourcePackages/checkouts/FluidAudio/Sources/FluidAudio/ASR/Parakeet/Streaming/ParakeetModelVariant.swift (in target 'FluidAudio' from project 'FluidAudio')
    cd /Users/codybontecou/projects/Voxboard/Voxboard.xcodeproj


SwiftCompile normal arm64 /tmp/voxboard-watch-sim-derived/SourcePackages/checkouts/FluidAudio/Sources/FluidAudio/ASR/Parakeet/Streaming/RnntDecoder.swift (in target 'FluidAudio' from project 'FluidAudio')
    cd /Users/codybontecou/projects/Voxboard/Voxboard.xcodeproj


SwiftCompile normal arm64 /tmp/voxboard-watch-sim-derived/SourcePackages/checkouts/FluidAudio/Sources/FluidAudio/ASR/Parakeet/Streaming/StreamingAsrEngine.swift (in target 'FluidAudio' from project 'FluidAudio')
    cd /Users/codybontecou/projects/Voxboard/Voxboard.xcodeproj


SwiftCompile normal arm64 /tmp/voxboard-watch-sim-derived/SourcePackages/checkouts/FluidAudio/Sources/FluidAudio/ASR/Parakeet/Streaming/StreamingAsrEngineFactory.swift (in target 'FluidAudio' from project 'FluidAudio')
    cd /Users/codybontecou/projects/Voxboard/Voxboard.xcodeproj


SwiftCompile normal arm64 /tmp/voxboard-watch-sim-derived/SourcePackages/checkouts/FluidAudio/Sources/FluidAudio/ASR/Parakeet/Streaming/Tokenizer.swift (in target 'FluidAudio' from project 'FluidAudio')
    cd /Users/codybontecou/projects/Voxboard/Voxboard.xcodeproj


SwiftCompile normal arm64 /tmp/voxboard-watch-sim-derived/SourcePackages/checkouts/FluidAudio/Sources/FluidAudio/ASR/Qwen3/Qwen3AsrConfig.swift (in target 'FluidAudio' from project 'FluidAudio')
    cd /Users/codybontecou/projects/Voxboard/Voxboard.xcodeproj


SwiftCompile normal arm64 /tmp/voxboard-watch-sim-derived/SourcePackages/checkouts/FluidAudio/Sources/FluidAudio/ASR/Qwen3/Qwen3AsrManager.swift (in target 'FluidAudio' from project 'FluidAudio')
    cd /Users/codybontecou/projects/Voxboard/Voxboard.xcodeproj


SwiftCompile normal arm64 /tmp/voxboard-watch-sim-derived/SourcePackages/checkouts/FluidAudio/Sources/FluidAudio/ASR/Qwen3/Qwen3AsrModels.swift (in target 'FluidAudio' from project 'FluidAudio')
    cd /Users/codybontecou/projects/Voxboard/Voxboard.xcodeproj


SwiftCompile normal arm64 /tmp/voxboard-watch-sim-derived/SourcePackages/checkouts/FluidAudio/Sources/FluidAudio/ASR/Qwen3/Qwen3RoPE.swift (in target 'FluidAudio' from project 'FluidAudio')
    cd /Users/codybontecou/projects/Voxboard/Voxboard.xcodeproj


SwiftEmitModule normal arm64 Emitting\ module\ for\ FluidAudio (in target 'FluidAudio' from project 'FluidAudio')

EmitSwiftModule normal arm64 (in target 'FluidAudio' from project 'FluidAudio')
    cd /Users/codybontecou/projects/Voxboard/Voxboard.xcodeproj


SwiftCompile normal arm64 Compiling\ BKTree.swift,\ VocabularyRescorer+CandidateMatching.swift,\ ContextBiasingConstants.swift,\ CustomVocabularyContext.swift,\ VocabularyRescorer+TokenEvaluation.swift,\ VocabularyRescorer+TokenRescoring.swift,\ VocabularyRescorer+Utilities.swift,\ VocabularyRescorer.swift,\ BpeTokenizer.swift,\ CtcDPAlgorithm.swift,\ CtcKeywordSpotter+Inference.swift,\ CtcKeywordSpotter.swift,\ CtcModels.swift,\ CtcTokenizer.swift,\ SlidingWindowAsrManager.swift /tmp/voxboard-watch-sim-derived/SourcePackages/checkouts/FluidAudio/Sources/FluidAudio/ASR/Parakeet/SlidingWindow/CustomVocabulary/BKTree/BKTree.swift /tmp/voxboard-watch-sim-derived/SourcePackages/checkouts/FluidAudio/Sources/FluidAudio/ASR/Parakeet/SlidingWindow/CustomVocabulary/BKTree/VocabularyRescorer+CandidateMatching.swift /tmp/voxboard-watch-sim-derived/SourcePackages/checkouts/FluidAudio/Sources/FluidAudio/ASR/Parakeet/SlidingWindow/CustomVocabulary/ContextBiasingConstants.swift /tmp/voxboard-watch-sim-derived/SourcePackages/checkouts/FluidAudio/Sources/FluidAudio/ASR/Parakeet/SlidingWindow/CustomVocabulary/CustomVocabularyContext.swift /tmp/voxboard-watch-sim-derived/SourcePackages/checkouts/FluidAudio/Sources/FluidAudio/ASR/Parakeet/SlidingWindow/CustomVocabulary/Rescorer/VocabularyRescorer+TokenEvaluation.swift /tmp/voxboard-watch-sim-derived/SourcePackages/checkouts/FluidAudio/Sources/FluidAudio/ASR/Parakeet/SlidingWindow/CustomVocabulary/Rescorer/VocabularyRescorer+TokenRescoring.swift /tmp/voxboard-watch-sim-derived/SourcePackages/checkouts/FluidAudio/Sources/FluidAudio/ASR/Parakeet/SlidingWindow/CustomVocabulary/Rescorer/VocabularyRescorer+Utilities.swift /tmp/voxboard-watch-sim-derived/SourcePackages/checkouts/FluidAudio/Sources/FluidAudio/ASR/Parakeet/SlidingWindow/CustomVocabulary/Rescorer/VocabularyRescorer.swift /tmp/voxboard-watch-sim-derived/SourcePackages/checkouts/FluidAudio/Sources/FluidAudio/ASR/Parakeet/SlidingWindow/CustomVocabulary/WordSpotting/BpeTokenizer.swift /tmp/voxboard-watch-sim-derived/SourcePackages/checkouts/FluidAudio/Sources/FluidAudio/ASR/Parakeet/SlidingWindow/CustomVocabulary/WordSpotting/CtcDPAlgorithm.swift /tmp/voxboard-watch-sim-derived/SourcePackages/checkouts/FluidAudio/Sources/FluidAudio/ASR/Parakeet/SlidingWindow/CustomVocabulary/WordSpotting/CtcKeywordSpotter+Inference.swift /tmp/voxboard-watch-sim-derived/SourcePackages/checkouts/FluidAudio/Sources/FluidAudio/ASR/Parakeet/SlidingWindow/CustomVocabulary/WordSpotting/CtcKeywordSpotter.swift /tmp/voxboard-watch-sim-derived/SourcePackages/checkouts/FluidAudio/Sources/FluidAudio/ASR/Parakeet/SlidingWindow/CustomVocabulary/WordSpotting/CtcModels.swift /tmp/voxboard-watch-sim-derived/SourcePackages/checkouts/FluidAudio/Sources/FluidAudio/ASR/Parakeet/SlidingWindow/CustomVocabulary/WordSpotting/CtcTokenizer.swift /tmp/voxboard-watch-sim-derived/SourcePackages/checkouts/FluidAudio/Sources/FluidAudio/ASR/Parakeet/SlidingWindow/SlidingWindowAsrManager.swift (in target 'FluidAudio' from project 'FluidAudio')

SwiftCompile normal arm64 /tmp/voxboard-watch-sim-derived/SourcePackages/checkouts/FluidAudio/Sources/FluidAudio/ASR/Parakeet/SlidingWindow/CustomVocabulary/BKTree/BKTree.swift (in target 'FluidAudio' from project 'FluidAudio')
    cd /Users/codybontecou/projects/Voxboard/Voxboard.xcodeproj


SwiftCompile normal arm64 /tmp/voxboard-watch-sim-derived/SourcePackages/checkouts/FluidAudio/Sources/FluidAudio/ASR/Parakeet/SlidingWindow/CustomVocabulary/BKTree/VocabularyRescorer+CandidateMatching.swift (in target 'FluidAudio' from project 'FluidAudio')
    cd /Users/codybontecou/projects/Voxboard/Voxboard.xcodeproj


SwiftCompile normal arm64 /tmp/voxboard-watch-sim-derived/SourcePackages/checkouts/FluidAudio/Sources/FluidAudio/ASR/Parakeet/SlidingWindow/CustomVocabulary/ContextBiasingConstants.swift (in target 'FluidAudio' from project 'FluidAudio')
    cd /Users/codybontecou/projects/Voxboard/Voxboard.xcodeproj


SwiftCompile normal arm64 /tmp/voxboard-watch-sim-derived/SourcePackages/checkouts/FluidAudio/Sources/FluidAudio/ASR/Parakeet/SlidingWindow/CustomVocabulary/CustomVocabularyContext.swift (in target 'FluidAudio' from project 'FluidAudio')
    cd /Users/codybontecou/projects/Voxboard/Voxboard.xcodeproj


SwiftCompile normal arm64 /tmp/voxboard-watch-sim-derived/SourcePackages/checkouts/FluidAudio/Sources/FluidAudio/ASR/Parakeet/SlidingWindow/CustomVocabulary/Rescorer/VocabularyRescorer+TokenEvaluation.swift (in target 'FluidAudio' from project 'FluidAudio')
    cd /Users/codybontecou/projects/Voxboard/Voxboard.xcodeproj


SwiftCompile normal arm64 /tmp/voxboard-watch-sim-derived/SourcePackages/checkouts/FluidAudio/Sources/FluidAudio/ASR/Parakeet/SlidingWindow/CustomVocabulary/Rescorer/VocabularyRescorer+TokenRescoring.swift (in target 'FluidAudio' from project 'FluidAudio')
    cd /Users/codybontecou/projects/Voxboard/Voxboard.xcodeproj


SwiftCompile normal arm64 /tmp/voxboard-watch-sim-derived/SourcePackages/checkouts/FluidAudio/Sources/FluidAudio/ASR/Parakeet/SlidingWindow/CustomVocabulary/Rescorer/VocabularyRescorer+Utilities.swift (in target 'FluidAudio' from project 'FluidAudio')
    cd /Users/codybontecou/projects/Voxboard/Voxboard.xcodeproj


SwiftCompile normal arm64 /tmp/voxboard-watch-sim-derived/SourcePackages/checkouts/FluidAudio/Sources/FluidAudio/ASR/Parakeet/SlidingWindow/CustomVocabulary/Rescorer/VocabularyRescorer.swift (in target 'FluidAudio' from project 'FluidAudio')
    cd /Users/codybontecou/projects/Voxboard/Voxboard.xcodeproj


SwiftCompile normal arm64 /tmp/voxboard-watch-sim-derived/SourcePackages/checkouts/FluidAudio/Sources/FluidAudio/ASR/Parakeet/SlidingWindow/CustomVocabulary/WordSpotting/BpeTokenizer.swift (in target 'FluidAudio' from project 'FluidAudio')
    cd /Users/codybontecou/projects/Voxboard/Voxboard.xcodeproj


SwiftCompile normal arm64 /tmp/voxboard-watch-sim-derived/SourcePackages/checkouts/FluidAudio/Sources/FluidAudio/ASR/Parakeet/SlidingWindow/CustomVocabulary/WordSpotting/CtcDPAlgorithm.swift (in target 'FluidAudio' from project 'FluidAudio')
    cd /Users/codybontecou/projects/Voxboard/Voxboard.xcodeproj


SwiftCompile normal arm64 /tmp/voxboard-watch-sim-derived/SourcePackages/checkouts/FluidAudio/Sources/FluidAudio/ASR/Parakeet/SlidingWindow/CustomVocabulary/WordSpotting/CtcKeywordSpotter+Inference.swift (in target 'FluidAudio' from project 'FluidAudio')
    cd /Users/codybontecou/projects/Voxboard/Voxboard.xcodeproj


SwiftCompile normal arm64 /tmp/voxboard-watch-sim-derived/SourcePackages/checkouts/FluidAudio/Sources/FluidAudio/ASR/Parakeet/SlidingWindow/CustomVocabulary/WordSpotting/CtcKeywordSpotter.swift (in target 'FluidAudio' from project 'FluidAudio')
    cd /Users/codybontecou/projects/Voxboard/Voxboard.xcodeproj


SwiftCompile normal arm64 /tmp/voxboard-watch-sim-derived/SourcePackages/checkouts/FluidAudio/Sources/FluidAudio/ASR/Parakeet/SlidingWindow/CustomVocabulary/WordSpotting/CtcModels.swift (in target 'FluidAudio' from project 'FluidAudio')
    cd /Users/codybontecou/projects/Voxboard/Voxboard.xcodeproj


SwiftCompile normal arm64 /tmp/voxboard-watch-sim-derived/SourcePackages/checkouts/FluidAudio/Sources/FluidAudio/ASR/Parakeet/SlidingWindow/CustomVocabulary/WordSpotting/CtcTokenizer.swift (in target 'FluidAudio' from project 'FluidAudio')
    cd /Users/codybontecou/projects/Voxboard/Voxboard.xcodeproj


SwiftCompile normal arm64 /tmp/voxboard-watch-sim-derived/SourcePackages/checkouts/FluidAudio/Sources/FluidAudio/ASR/Parakeet/SlidingWindow/SlidingWindowAsrManager.swift (in target 'FluidAudio' from project 'FluidAudio')
    cd /Users/codybontecou/projects/Voxboard/Voxboard.xcodeproj


SwiftCompile normal arm64 Compiling\ AudioMelSpectrogram.swift,\ AudioSampleSource.swift,\ AudioSource.swift,\ AudioSourceFactory.swift,\ AudioStream.swift,\ MLArrayCache.swift,\ MLModel+Prediction.swift,\ MLModelConfigurationUtils.swift,\ ModelWarmup.swift,\ PerformanceMetrics.swift,\ ProgressEmitter.swift,\ StringUtils.swift,\ SystemInfo.swift,\ ZeroCopyFeatureProvider.swift,\ MultilingualG2PError.swift /tmp/voxboard-watch-sim-derived/SourcePackages/checkouts/FluidAudio/Sources/FluidAudio/Shared/AudioMelSpectrogram.swift /tmp/voxboard-watch-sim-derived/SourcePackages/checkouts/FluidAudio/Sources/FluidAudio/Shared/AudioSampleSource.swift /tmp/voxboard-watch-sim-derived/SourcePackages/checkouts/FluidAudio/Sources/FluidAudio/Shared/AudioSource.swift /tmp/voxboard-watch-sim-derived/SourcePackages/checkouts/FluidAudio/Sources/FluidAudio/Shared/AudioSourceFactory.swift /tmp/voxboard-watch-sim-derived/SourcePackages/checkouts/FluidAudio/Sources/FluidAudio/Shared/AudioStream.swift /tmp/voxboard-watch-sim-derived/SourcePackages/checkouts/FluidAudio/Sources/FluidAudio/Shared/MLArrayCache.swift /tmp/voxboard-watch-sim-derived/SourcePackages/checkouts/FluidAudio/Sources/FluidAudio/Shared/MLModel+Prediction.swift /tmp/voxboard-watch-sim-derived/SourcePackages/checkouts/FluidAudio/Sources/FluidAudio/Shared/MLModelConfigurationUtils.swift /tmp/voxboard-watch-sim-derived/SourcePackages/checkouts/FluidAudio/Sources/FluidAudio/Shared/ModelWarmup.swift /tmp/voxboard-watch-sim-derived/SourcePackages/checkouts/FluidAudio/Sources/FluidAudio/Shared/PerformanceMetrics.swift /tmp/voxboard-watch-sim-derived/SourcePackages/checkouts/FluidAudio/Sources/FluidAudio/Shared/ProgressEmitter.swift /tmp/voxboard-watch-sim-derived/SourcePackages/checkouts/FluidAudio/Sources/FluidAudio/Shared/StringUtils.swift /tmp/voxboard-watch-sim-derived/SourcePackages/checkouts/FluidAudio/Sources/FluidAudio/Shared/SystemInfo.swift /tmp/voxboard-watch-sim-derived/SourcePackages/checkouts/FluidAudio/Sources/FluidAudio/Shared/ZeroCopyFeatureProvider.swift /tmp/voxboard-watch-sim-derived/SourcePackages/checkouts/FluidAudio/Sources/FluidAudio/TTS/G2P/MultilingualG2PError.swift (in target 'FluidAudio' from project 'FluidAudio')

SwiftCompile normal arm64 /tmp/voxboard-watch-sim-derived/SourcePackages/checkouts/FluidAudio/Sources/FluidAudio/Shared/AudioMelSpectrogram.swift (in target 'FluidAudio' from project 'FluidAudio')
    cd /Users/codybontecou/projects/Voxboard/Voxboard.xcodeproj


SwiftCompile normal arm64 /tmp/voxboard-watch-sim-derived/SourcePackages/checkouts/FluidAudio/Sources/FluidAudio/Shared/AudioSampleSource.swift (in target 'FluidAudio' from project 'FluidAudio')
    cd /Users/codybontecou/projects/Voxboard/Voxboard.xcodeproj


SwiftCompile normal arm64 /tmp/voxboard-watch-sim-derived/SourcePackages/checkouts/FluidAudio/Sources/FluidAudio/Shared/AudioSource.swift (in target 'FluidAudio' from project 'FluidAudio')
    cd /Users/codybontecou/projects/Voxboard/Voxboard.xcodeproj


SwiftCompile normal arm64 /tmp/voxboard-watch-sim-derived/SourcePackages/checkouts/FluidAudio/Sources/FluidAudio/Shared/AudioSourceFactory.swift (in target 'FluidAudio' from project 'FluidAudio')
    cd /Users/codybontecou/projects/Voxboard/Voxboard.xcodeproj


SwiftCompile normal arm64 /tmp/voxboard-watch-sim-derived/SourcePackages/checkouts/FluidAudio/Sources/FluidAudio/Shared/AudioStream.swift (in target 'FluidAudio' from project 'FluidAudio')
    cd /Users/codybontecou/projects/Voxboard/Voxboard.xcodeproj


SwiftCompile normal arm64 /tmp/voxboard-watch-sim-derived/SourcePackages/checkouts/FluidAudio/Sources/FluidAudio/Shared/MLArrayCache.swift (in target 'FluidAudio' from project 'FluidAudio')
    cd /Users/codybontecou/projects/Voxboard/Voxboard.xcodeproj


SwiftCompile normal arm64 /tmp/voxboard-watch-sim-derived/SourcePackages/checkouts/FluidAudio/Sources/FluidAudio/Shared/MLModel+Prediction.swift (in target 'FluidAudio' from project 'FluidAudio')
    cd /Users/codybontecou/projects/Voxboard/Voxboard.xcodeproj


SwiftCompile normal arm64 /tmp/voxboard-watch-sim-derived/SourcePackages/checkouts/FluidAudio/Sources/FluidAudio/Shared/MLModelConfigurationUtils.swift (in target 'FluidAudio' from project 'FluidAudio')
    cd /Users/codybontecou/projects/Voxboard/Voxboard.xcodeproj


SwiftCompile normal arm64 /tmp/voxboard-watch-sim-derived/SourcePackages/checkouts/FluidAudio/Sources/FluidAudio/Shared/ModelWarmup.swift (in target 'FluidAudio' from project 'FluidAudio')
    cd /Users/codybontecou/projects/Voxboard/Voxboard.xcodeproj


SwiftCompile normal arm64 /tmp/voxboard-watch-sim-derived/SourcePackages/checkouts/FluidAudio/Sources/FluidAudio/Shared/PerformanceMetrics.swift (in target 'FluidAudio' from project 'FluidAudio')
    cd /Users/codybontecou/projects/Voxboard/Voxboard.xcodeproj


SwiftCompile normal arm64 /tmp/voxboard-watch-sim-derived/SourcePackages/checkouts/FluidAudio/Sources/FluidAudio/Shared/ProgressEmitter.swift (in target 'FluidAudio' from project 'FluidAudio')
    cd /Users/codybontecou/projects/Voxboard/Voxboard.xcodeproj


SwiftCompile normal arm64 /tmp/voxboard-watch-sim-derived/SourcePackages/checkouts/FluidAudio/Sources/FluidAudio/Shared/StringUtils.swift (in target 'FluidAudio' from project 'FluidAudio')
    cd /Users/codybontecou/projects/Voxboard/Voxboard.xcodeproj


SwiftCompile normal arm64 /tmp/voxboard-watch-sim-derived/SourcePackages/checkouts/FluidAudio/Sources/FluidAudio/Shared/SystemInfo.swift (in target 'FluidAudio' from project 'FluidAudio')
    cd /Users/codybontecou/projects/Voxboard/Voxboard.xcodeproj


SwiftCompile normal arm64 /tmp/voxboard-watch-sim-derived/SourcePackages/checkouts/FluidAudio/Sources/FluidAudio/Shared/ZeroCopyFeatureProvider.swift (in target 'FluidAudio' from project 'FluidAudio')
    cd /Users/codybontecou/projects/Voxboard/Voxboard.xcodeproj


SwiftCompile normal arm64 /tmp/voxboard-watch-sim-derived/SourcePackages/checkouts/FluidAudio/Sources/FluidAudio/TTS/G2P/MultilingualG2PError.swift (in target 'FluidAudio' from project 'FluidAudio')
    cd /Users/codybontecou/projects/Voxboard/Voxboard.xcodeproj


SwiftCompile normal arm64 Compiling\ MultilingualG2PLanguage.swift,\ MultilingualG2PModel.swift,\ G2PModel.swift,\ KokoroVocabulary.swift,\ LexiconAssetManager.swift,\ TtsResourceDownloader.swift,\ KokoroTtsManager.swift,\ KokoroSynthesizer+Types.swift,\ KokoroChunker.swift,\ KokoroModelCache.swift,\ KokoroSynthesizer+LexiconCache.swift,\ PhonemeMapper.swift,\ TtsTextPreprocessor.swift,\ KokoroSynthesizer+Memory.swift,\ KokoroSynthesizer+ModelUtils.swift /tmp/voxboard-watch-sim-derived/SourcePackages/checkouts/FluidAudio/Sources/FluidAudio/TTS/G2P/MultilingualG2PLanguage.swift /tmp/voxboard-watch-sim-derived/SourcePackages/checkouts/FluidAudio/Sources/FluidAudio/TTS/G2P/MultilingualG2PModel.swift /tmp/voxboard-watch-sim-derived/SourcePackages/checkouts/FluidAudio/Sources/FluidAudio/TTS/Kokoro/Assets/Lexicon/G2PModel.swift /tmp/voxboard-watch-sim-derived/SourcePackages/checkouts/FluidAudio/Sources/FluidAudio/TTS/Kokoro/Assets/Lexicon/KokoroVocabulary.swift /tmp/voxboard-watch-sim-derived/SourcePackages/checkouts/FluidAudio/Sources/FluidAudio/TTS/Kokoro/Assets/Lexicon/LexiconAssetManager.swift /tmp/voxboard-watch-sim-derived/SourcePackages/checkouts/FluidAudio/Sources/FluidAudio/TTS/Kokoro/Assets/TtsResourceDownloader.swift /tmp/voxboard-watch-sim-derived/SourcePackages/checkouts/FluidAudio/Sources/FluidAudio/TTS/Kokoro/KokoroTtsManager.swift /tmp/voxboard-watch-sim-derived/SourcePackages/checkouts/FluidAudio/Sources/FluidAudio/TTS/Kokoro/Pipeline/Postprocess/KokoroSynthesizer+Types.swift /tmp/voxboard-watch-sim-derived/SourcePackages/checkouts/FluidAudio/Sources/FluidAudio/TTS/Kokoro/Pipeline/Preprocess/KokoroChunker.swift /tmp/voxboard-watch-sim-derived/SourcePackages/checkouts/FluidAudio/Sources/FluidAudio/TTS/Kokoro/Pipeline/Preprocess/KokoroModelCache.swift /tmp/voxboard-watch-sim-derived/SourcePackages/checkouts/FluidAudio/Sources/FluidAudio/TTS/Kokoro/Pipeline/Preprocess/KokoroSynthesizer+LexiconCache.swift /tmp/voxboard-watch-sim-derived/SourcePackages/checkouts/FluidAudio/Sources/FluidAudio/TTS/Kokoro/Pipeline/Preprocess/PhonemeMapper.swift /tmp/voxboard-watch-sim-derived/SourcePackages/checkouts/FluidAudio/Sources/FluidAudio/TTS/Kokoro/Pipeline/Preprocess/TtsTextPreprocessor.swift /tmp/voxboard-watch-sim-derived/SourcePackages/checkouts/FluidAudio/Sources/FluidAudio/TTS/Kokoro/Pipeline/Synthesize/KokoroSynthesizer+Memory.swift /tmp/voxboard-watch-sim-derived/SourcePackages/checkouts/FluidAudio/Sources/FluidAudio/TTS/Kokoro/Pipeline/Synthesize/KokoroSynthesizer+ModelUtils.swift (in target 'FluidAudio' from project 'FluidAudio')

SwiftCompile normal arm64 /tmp/voxboard-watch-sim-derived/SourcePackages/checkouts/FluidAudio/Sources/FluidAudio/TTS/G2P/MultilingualG2PLanguage.swift (in target 'FluidAudio' from project 'FluidAudio')
    cd /Users/codybontecou/projects/Voxboard/Voxboard.xcodeproj


SwiftCompile normal arm64 /tmp/voxboard-watch-sim-derived/SourcePackages/checkouts/FluidAudio/Sources/FluidAudio/TTS/G2P/MultilingualG2PModel.swift (in target 'FluidAudio' from project 'FluidAudio')
    cd /Users/codybontecou/projects/Voxboard/Voxboard.xcodeproj


SwiftCompile normal arm64 /tmp/voxboard-watch-sim-derived/SourcePackages/checkouts/FluidAudio/Sources/FluidAudio/TTS/Kokoro/Assets/Lexicon/G2PModel.swift (in target 'FluidAudio' from project 'FluidAudio')
    cd /Users/codybontecou/projects/Voxboard/Voxboard.xcodeproj


SwiftCompile normal arm64 /tmp/voxboard-watch-sim-derived/SourcePackages/checkouts/FluidAudio/Sources/FluidAudio/TTS/Kokoro/Assets/Lexicon/KokoroVocabulary.swift (in target 'FluidAudio' from project 'FluidAudio')
    cd /Users/codybontecou/projects/Voxboard/Voxboard.xcodeproj


SwiftCompile normal arm64 /tmp/voxboard-watch-sim-derived/SourcePackages/checkouts/FluidAudio/Sources/FluidAudio/TTS/Kokoro/Assets/Lexicon/LexiconAssetManager.swift (in target 'FluidAudio' from project 'FluidAudio')
    cd /Users/codybontecou/projects/Voxboard/Voxboard.xcodeproj


SwiftCompile normal arm64 /tmp/voxboard-watch-sim-derived/SourcePackages/checkouts/FluidAudio/Sources/FluidAudio/TTS/Kokoro/Assets/TtsResourceDownloader.swift (in target 'FluidAudio' from project 'FluidAudio')
    cd /Users/codybontecou/projects/Voxboard/Voxboard.xcodeproj


SwiftCompile normal arm64 /tmp/voxboard-watch-sim-derived/SourcePackages/checkouts/FluidAudio/Sources/FluidAudio/TTS/Kokoro/KokoroTtsManager.swift (in target 'FluidAudio' from project 'FluidAudio')
    cd /Users/codybontecou/projects/Voxboard/Voxboard.xcodeproj


SwiftCompile normal arm64 /tmp/voxboard-watch-sim-derived/SourcePackages/checkouts/FluidAudio/Sources/FluidAudio/TTS/Kokoro/Pipeline/Postprocess/KokoroSynthesizer+Types.swift (in target 'FluidAudio' from project 'FluidAudio')
    cd /Users/codybontecou/projects/Voxboard/Voxboard.xcodeproj


SwiftCompile normal arm64 /tmp/voxboard-watch-sim-derived/SourcePackages/checkouts/FluidAudio/Sources/FluidAudio/TTS/Kokoro/Pipeline/Preprocess/KokoroChunker.swift (in target 'FluidAudio' from project 'FluidAudio')
    cd /Users/codybontecou/projects/Voxboard/Voxboard.xcodeproj


SwiftCompile normal arm64 /tmp/voxboard-watch-sim-derived/SourcePackages/checkouts/FluidAudio/Sources/FluidAudio/TTS/Kokoro/Pipeline/Preprocess/KokoroModelCache.swift (in target 'FluidAudio' from project 'FluidAudio')
    cd /Users/codybontecou/projects/Voxboard/Voxboard.xcodeproj


SwiftCompile normal arm64 /tmp/voxboard-watch-sim-derived/SourcePackages/checkouts/FluidAudio/Sources/FluidAudio/TTS/Kokoro/Pipeline/Preprocess/KokoroSynthesizer+LexiconCache.swift (in target 'FluidAudio' from project 'FluidAudio')
    cd /Users/codybontecou/projects/Voxboard/Voxboard.xcodeproj


SwiftCompile normal arm64 /tmp/voxboard-watch-sim-derived/SourcePackages/checkouts/FluidAudio/Sources/FluidAudio/TTS/Kokoro/Pipeline/Preprocess/PhonemeMapper.swift (in target 'FluidAudio' from project 'FluidAudio')
    cd /Users/codybontecou/projects/Voxboard/Voxboard.xcodeproj


SwiftCompile normal arm64 /tmp/voxboard-watch-sim-derived/SourcePackages/checkouts/FluidAudio/Sources/FluidAudio/TTS/Kokoro/Pipeline/Preprocess/TtsTextPreprocessor.swift (in target 'FluidAudio' from project 'FluidAudio')
    cd /Users/codybontecou/projects/Voxboard/Voxboard.xcodeproj


SwiftCompile normal arm64 /tmp/voxboard-watch-sim-derived/SourcePackages/checkouts/FluidAudio/Sources/FluidAudio/TTS/Kokoro/Pipeline/Synthesize/KokoroSynthesizer+Memory.swift (in target 'FluidAudio' from project 'FluidAudio')
    cd /Users/codybontecou/projects/Voxboard/Voxboard.xcodeproj


SwiftCompile normal arm64 /tmp/voxboard-watch-sim-derived/SourcePackages/checkouts/FluidAudio/Sources/FluidAudio/TTS/Kokoro/Pipeline/Synthesize/KokoroSynthesizer+ModelUtils.swift (in target 'FluidAudio' from project 'FluidAudio')
    cd /Users/codybontecou/projects/Voxboard/Voxboard.xcodeproj


SwiftCompile normal arm64 Compiling\ KokoroSynthesizer+VoiceEmbeddings.swift,\ KokoroSynthesizer.swift,\ TtsCustomLexicon.swift,\ PocketTtsConstantsLoader.swift,\ PocketTtsResourceDownloader.swift,\ PocketTtsModelStore.swift,\ PocketTtsSynthesizer+Flow.swift,\ PocketTtsSynthesizer+KVCache.swift,\ PocketTtsSynthesizer+Mimi.swift,\ PocketTtsSynthesizer+Types.swift,\ PocketTtsSynthesizer.swift,\ PocketTtsVoiceCloner.swift,\ PocketTTSError.swift,\ PocketTtsConstants.swift,\ PocketTtsManager.swift /tmp/voxboard-watch-sim-derived/SourcePackages/checkouts/FluidAudio/Sources/FluidAudio/TTS/Kokoro/Pipeline/Synthesize/KokoroSynthesizer+VoiceEmbeddings.swift /tmp/voxboard-watch-sim-derived/SourcePackages/checkouts/FluidAudio/Sources/FluidAudio/TTS/Kokoro/Pipeline/Synthesize/KokoroSynthesizer.swift /tmp/voxboard-watch-sim-derived/SourcePackages/checkouts/FluidAudio/Sources/FluidAudio/TTS/Kokoro/TtsCustomLexicon.swift /tmp/voxboard-watch-sim-derived/SourcePackages/checkouts/FluidAudio/Sources/FluidAudio/TTS/PocketTTS/Assets/PocketTtsConstantsLoader.swift /tmp/voxboard-watch-sim-derived/SourcePackages/checkouts/FluidAudio/Sources/FluidAudio/TTS/PocketTTS/Assets/PocketTtsResourceDownloader.swift /tmp/voxboard-watch-sim-derived/SourcePackages/checkouts/FluidAudio/Sources/FluidAudio/TTS/PocketTTS/Pipeline/PocketTtsModelStore.swift /tmp/voxboard-watch-sim-derived/SourcePackages/checkouts/FluidAudio/Sources/FluidAudio/TTS/PocketTTS/Pipeline/PocketTtsSynthesizer+Flow.swift /tmp/voxboard-watch-sim-derived/SourcePackages/checkouts/FluidAudio/Sources/FluidAudio/TTS/PocketTTS/Pipeline/PocketTtsSynthesizer+KVCache.swift /tmp/voxboard-watch-sim-derived/SourcePackages/checkouts/FluidAudio/Sources/FluidAudio/TTS/PocketTTS/Pipeline/PocketTtsSynthesizer+Mimi.swift /tmp/voxboard-watch-sim-derived/SourcePackages/checkouts/FluidAudio/Sources/FluidAudio/TTS/PocketTTS/Pipeline/PocketTtsSynthesizer+Types.swift /tmp/voxboard-watch-sim-derived/SourcePackages/checkouts/FluidAudio/Sources/FluidAudio/TTS/PocketTTS/Pipeline/PocketTtsSynthesizer.swift /tmp/voxboard-watch-sim-derived/SourcePackages/checkouts/FluidAudio/Sources/FluidAudio/TTS/PocketTTS/Pipeline/PocketTtsVoiceCloner.swift /tmp/voxboard-watch-sim-derived/SourcePackages/checkouts/FluidAudio/Sources/FluidAudio/TTS/PocketTTS/PocketTTSError.swift /tmp/voxboard-watch-sim-derived/SourcePackages/checkouts/FluidAudio/Sources/FluidAudio/TTS/PocketTTS/PocketTtsConstants.swift /tmp/voxboard-watch-sim-derived/SourcePackages/checkouts/FluidAudio/Sources/FluidAudio/TTS/PocketTTS/PocketTtsManager.swift (in target 'FluidAudio' from project 'FluidAudio')

SwiftCompile normal arm64 /tmp/voxboard-watch-sim-derived/SourcePackages/checkouts/FluidAudio/Sources/FluidAudio/TTS/Kokoro/Pipeline/Synthesize/KokoroSynthesizer+VoiceEmbeddings.swift (in target 'FluidAudio' from project 'FluidAudio')
    cd /Users/codybontecou/projects/Voxboard/Voxboard.xcodeproj


SwiftCompile normal arm64 /tmp/voxboard-watch-sim-derived/SourcePackages/checkouts/FluidAudio/Sources/FluidAudio/TTS/Kokoro/Pipeline/Synthesize/KokoroSynthesizer.swift (in target 'FluidAudio' from project 'FluidAudio')
    cd /Users/codybontecou/projects/Voxboard/Voxboard.xcodeproj


SwiftCompile normal arm64 /tmp/voxboard-watch-sim-derived/SourcePackages/checkouts/FluidAudio/Sources/FluidAudio/TTS/Kokoro/TtsCustomLexicon.swift (in target 'FluidAudio' from project 'FluidAudio')
    cd /Users/codybontecou/projects/Voxboard/Voxboard.xcodeproj


SwiftCompile normal arm64 /tmp/voxboard-watch-sim-derived/SourcePackages/checkouts/FluidAudio/Sources/FluidAudio/TTS/PocketTTS/Assets/PocketTtsConstantsLoader.swift (in target 'FluidAudio' from project 'FluidAudio')
    cd /Users/codybontecou/projects/Voxboard/Voxboard.xcodeproj


SwiftCompile normal arm64 /tmp/voxboard-watch-sim-derived/SourcePackages/checkouts/FluidAudio/Sources/FluidAudio/TTS/PocketTTS/Assets/PocketTtsResourceDownloader.swift (in target 'FluidAudio' from project 'FluidAudio')
    cd /Users/codybontecou/projects/Voxboard/Voxboard.xcodeproj


SwiftCompile normal arm64 /tmp/voxboard-watch-sim-derived/SourcePackages/checkouts/FluidAudio/Sources/FluidAudio/TTS/PocketTTS/Pipeline/PocketTtsModelStore.swift (in target 'FluidAudio' from project 'FluidAudio')
    cd /Users/codybontecou/projects/Voxboard/Voxboard.xcodeproj


SwiftCompile normal arm64 /tmp/voxboard-watch-sim-derived/SourcePackages/checkouts/FluidAudio/Sources/FluidAudio/TTS/PocketTTS/Pipeline/PocketTtsSynthesizer+Flow.swift (in target 'FluidAudio' from project 'FluidAudio')
    cd /Users/codybontecou/projects/Voxboard/Voxboard.xcodeproj


SwiftCompile normal arm64 /tmp/voxboard-watch-sim-derived/SourcePackages/checkouts/FluidAudio/Sources/FluidAudio/TTS/PocketTTS/Pipeline/PocketTtsSynthesizer+KVCache.swift (in target 'FluidAudio' from project 'FluidAudio')
    cd /Users/codybontecou/projects/Voxboard/Voxboard.xcodeproj


SwiftCompile normal arm64 /tmp/voxboard-watch-sim-derived/SourcePackages/checkouts/FluidAudio/Sources/FluidAudio/TTS/PocketTTS/Pipeline/PocketTtsSynthesizer+Mimi.swift (in target 'FluidAudio' from project 'FluidAudio')
    cd /Users/codybontecou/projects/Voxboard/Voxboard.xcodeproj


SwiftCompile normal arm64 /tmp/voxboard-watch-sim-derived/SourcePackages/checkouts/FluidAudio/Sources/FluidAudio/TTS/PocketTTS/Pipeline/PocketTtsSynthesizer+Types.swift (in target 'FluidAudio' from project 'FluidAudio')
    cd /Users/codybontecou/projects/Voxboard/Voxboard.xcodeproj


SwiftCompile normal arm64 /tmp/voxboard-watch-sim-derived/SourcePackages/checkouts/FluidAudio/Sources/FluidAudio/TTS/PocketTTS/Pipeline/PocketTtsSynthesizer.swift (in target 'FluidAudio' from project 'FluidAudio')
    cd /Users/codybontecou/projects/Voxboard/Voxboard.xcodeproj


SwiftCompile normal arm64 /tmp/voxboard-watch-sim-derived/SourcePackages/checkouts/FluidAudio/Sources/FluidAudio/TTS/PocketTTS/Pipeline/PocketTtsVoiceCloner.swift (in target 'FluidAudio' from project 'FluidAudio')
    cd /Users/codybontecou/projects/Voxboard/Voxboard.xcodeproj


SwiftCompile normal arm64 /tmp/voxboard-watch-sim-derived/SourcePackages/checkouts/FluidAudio/Sources/FluidAudio/TTS/PocketTTS/PocketTTSError.swift (in target 'FluidAudio' from project 'FluidAudio')
    cd /Users/codybontecou/projects/Voxboard/Voxboard.xcodeproj


SwiftCompile normal arm64 /tmp/voxboard-watch-sim-derived/SourcePackages/checkouts/FluidAudio/Sources/FluidAudio/TTS/PocketTTS/PocketTtsConstants.swift (in target 'FluidAudio' from project 'FluidAudio')
    cd /Users/codybontecou/projects/Voxboard/Voxboard.xcodeproj


SwiftCompile normal arm64 /tmp/voxboard-watch-sim-derived/SourcePackages/checkouts/FluidAudio/Sources/FluidAudio/TTS/PocketTTS/PocketTtsManager.swift (in target 'FluidAudio' from project 'FluidAudio')
    cd /Users/codybontecou/projects/Voxboard/Voxboard.xcodeproj


SwiftCompile normal arm64 Compiling\ KMeansClustering.swift,\ SpeakerCountConstraints.swift,\ VBxClustering.swift,\ OfflineDiarizerManager.swift,\ OfflineDiarizerModels.swift,\ OfflineDiarizerTypes.swift,\ OfflineEmbeddingExtractor.swift,\ PLDATransform.swift,\ WeightInterpolation.swift,\ OfflineSegmentationProcessor.swift,\ OfflineReconstruction.swift,\ VDSPOperations.swift,\ AudioValidation.swift,\ SegmentationProcessor.swift,\ SlidingWindow.swift /tmp/voxboard-watch-sim-derived/SourcePackages/checkouts/FluidAudio/Sources/FluidAudio/Diarizer/Offline/Clustering/KMeansClustering.swift /tmp/voxboard-watch-sim-derived/SourcePackages/checkouts/FluidAudio/Sources/FluidAudio/Diarizer/Offline/Clustering/SpeakerCountConstraints.swift /tmp/voxboard-watch-sim-derived/SourcePackages/checkouts/FluidAudio/Sources/FluidAudio/Diarizer/Offline/Clustering/VBxClustering.swift /tmp/voxboard-watch-sim-derived/SourcePackages/checkouts/FluidAudio/Sources/FluidAudio/Diarizer/Offline/Core/OfflineDiarizerManager.swift /tmp/voxboard-watch-sim-derived/SourcePackages/checkouts/FluidAudio/Sources/FluidAudio/Diarizer/Offline/Core/OfflineDiarizerModels.swift /tmp/voxboard-watch-sim-derived/SourcePackages/checkouts/FluidAudio/Sources/FluidAudio/Diarizer/Offline/Core/OfflineDiarizerTypes.swift /tmp/voxboard-watch-sim-derived/SourcePackages/checkouts/FluidAudio/Sources/FluidAudio/Diarizer/Offline/Extraction/OfflineEmbeddingExtractor.swift /tmp/voxboard-watch-sim-derived/SourcePackages/checkouts/FluidAudio/Sources/FluidAudio/Diarizer/Offline/Extraction/PLDATransform.swift /tmp/voxboard-watch-sim-derived/SourcePackages/checkouts/FluidAudio/Sources/FluidAudio/Diarizer/Offline/Extraction/WeightInterpolation.swift /tmp/voxboard-watch-sim-derived/SourcePackages/checkouts/FluidAudio/Sources/FluidAudio/Diarizer/Offline/Segmentation/OfflineSegmentationProcessor.swift /tmp/voxboard-watch-sim-derived/SourcePackages/checkouts/FluidAudio/Sources/FluidAudio/Diarizer/Offline/Utils/OfflineReconstruction.swift /tmp/voxboard-watch-sim-derived/SourcePackages/checkouts/FluidAudio/Sources/FluidAudio/Diarizer/Offline/Utils/VDSPOperations.swift /tmp/voxboard-watch-sim-derived/SourcePackages/checkouts/FluidAudio/Sources/FluidAudio/Diarizer/Segmentation/AudioValidation.swift /tmp/voxboard-watch-sim-derived/SourcePackages/checkouts/FluidAudio/Sources/FluidAudio/Diarizer/Segmentation/SegmentationProcessor.swift /tmp/voxboard-watch-sim-derived/SourcePackages/checkouts/FluidAudio/Sources/FluidAudio/Diarizer/Segmentation/SlidingWindow.swift (in target 'FluidAudio' from project 'FluidAudio')
SwiftCompile normal arm64 /tmp/voxboard-watch-sim-derived/SourcePackages/checkouts/FluidAudio/Sources/FluidAudio/Diarizer/Offline/Clustering/KMeansClustering.swift (in target 'FluidAudio' from project 'FluidAudio')
    cd /Users/codybontecou/projects/Voxboard/Voxboard.xcodeproj


SwiftCompile normal arm64 /tmp/voxboard-watch-sim-derived/SourcePackages/checkouts/FluidAudio/Sources/FluidAudio/Diarizer/Offline/Clustering/SpeakerCountConstraints.swift (in target 'FluidAudio' from project 'FluidAudio')
    cd /Users/codybontecou/projects/Voxboard/Voxboard.xcodeproj


SwiftCompile normal arm64 /tmp/voxboard-watch-sim-derived/SourcePackages/checkouts/FluidAudio/Sources/FluidAudio/Diarizer/Offline/Clustering/VBxClustering.swift (in target 'FluidAudio' from project 'FluidAudio')
    cd /Users/codybontecou/projects/Voxboard/Voxboard.xcodeproj


SwiftCompile normal arm64 /tmp/voxboard-watch-sim-derived/SourcePackages/checkouts/FluidAudio/Sources/FluidAudio/Diarizer/Offline/Core/OfflineDiarizerManager.swift (in target 'FluidAudio' from project 'FluidAudio')
    cd /Users/codybontecou/projects/Voxboard/Voxboard.xcodeproj


SwiftCompile normal arm64 /tmp/voxboard-watch-sim-derived/SourcePackages/checkouts/FluidAudio/Sources/FluidAudio/Diarizer/Offline/Core/OfflineDiarizerModels.swift (in target 'FluidAudio' from project 'FluidAudio')
    cd /Users/codybontecou/projects/Voxboard/Voxboard.xcodeproj


SwiftCompile normal arm64 /tmp/voxboard-watch-sim-derived/SourcePackages/checkouts/FluidAudio/Sources/FluidAudio/Diarizer/Offline/Core/OfflineDiarizerTypes.swift (in target 'FluidAudio' from project 'FluidAudio')
    cd /Users/codybontecou/projects/Voxboard/Voxboard.xcodeproj


SwiftCompile normal arm64 /tmp/voxboard-watch-sim-derived/SourcePackages/checkouts/FluidAudio/Sources/FluidAudio/Diarizer/Offline/Extraction/OfflineEmbeddingExtractor.swift (in target 'FluidAudio' from project 'FluidAudio')
    cd /Users/codybontecou/projects/Voxboard/Voxboard.xcodeproj


SwiftCompile normal arm64 /tmp/voxboard-watch-sim-derived/SourcePackages/checkouts/FluidAudio/Sources/FluidAudio/Diarizer/Offline/Extraction/PLDATransform.swift (in target 'FluidAudio' from project 'FluidAudio')
    cd /Users/codybontecou/projects/Voxboard/Voxboard.xcodeproj


SwiftCompile normal arm64 /tmp/voxboard-watch-sim-derived/SourcePackages/checkouts/FluidAudio/Sources/FluidAudio/Diarizer/Offline/Extraction/WeightInterpolation.swift (in target 'FluidAudio' from project 'FluidAudio')
    cd /Users/codybontecou/projects/Voxboard/Voxboard.xcodeproj


SwiftCompile normal arm64 /tmp/voxboard-watch-sim-derived/SourcePackages/checkouts/FluidAudio/Sources/FluidAudio/Diarizer/Offline/Segmentation/OfflineSegmentationProcessor.swift (in target 'FluidAudio' from project 'FluidAudio')
    cd /Users/codybontecou/projects/Voxboard/Voxboard.xcodeproj


SwiftCompile normal arm64 /tmp/voxboard-watch-sim-derived/SourcePackages/checkouts/FluidAudio/Sources/FluidAudio/Diarizer/Offline/Utils/OfflineReconstruction.swift (in target 'FluidAudio' from project 'FluidAudio')
    cd /Users/codybontecou/projects/Voxboard/Voxboard.xcodeproj


SwiftCompile normal arm64 /tmp/voxboard-watch-sim-derived/SourcePackages/checkouts/FluidAudio/Sources/FluidAudio/Diarizer/Offline/Utils/VDSPOperations.swift (in target 'FluidAudio' from project 'FluidAudio')
    cd /Users/codybontecou/projects/Voxboard/Voxboard.xcodeproj


SwiftCompile normal arm64 /tmp/voxboard-watch-sim-derived/SourcePackages/checkouts/FluidAudio/Sources/FluidAudio/Diarizer/Segmentation/AudioValidation.swift (in target 'FluidAudio' from project 'FluidAudio')
    cd /Users/codybontecou/projects/Voxboard/Voxboard.xcodeproj


SwiftCompile normal arm64 /tmp/voxboard-watch-sim-derived/SourcePackages/checkouts/FluidAudio/Sources/FluidAudio/Diarizer/Segmentation/SegmentationProcessor.swift (in target 'FluidAudio' from project 'FluidAudio')
    cd /Users/codybontecou/projects/Voxboard/Voxboard.xcodeproj


SwiftCompile normal arm64 /tmp/voxboard-watch-sim-derived/SourcePackages/checkouts/FluidAudio/Sources/FluidAudio/Diarizer/Segmentation/SlidingWindow.swift (in target 'FluidAudio' from project 'FluidAudio')
    cd /Users/codybontecou/projects/Voxboard/Voxboard.xcodeproj


SwiftExplicitDependencyGeneratePcm arm64 /tmp/voxboard-watch-sim-derived/ModuleCache.noindex/SwiftUI-6HHAF8QYIZSNKB4Z0L5TDCWDW.pcm

SwiftExplicitDependencyGeneratePcm x86_64 /tmp/voxboard-watch-sim-derived/ModuleCache.noindex/SwiftUI-BCMWCI4JWZGDKC724C0LCHJUE.pcm

SwiftEmitModule normal arm64 Emitting\ module\ for\ Voxboard_Watch_WidgetExtension (in target 'Voxboard Watch WidgetExtension' from project 'Voxboard')

EmitSwiftModule normal arm64 (in target 'Voxboard Watch WidgetExtension' from project 'Voxboard')
    cd /Users/codybontecou/projects/Voxboard


SwiftExplicitDependencyGeneratePcm arm64 /tmp/voxboard-watch-sim-derived/ModuleCache.noindex/SwiftUI-108TJX2Y21X03K90IXYOM5BL2.pcm

SwiftEmitModule normal x86_64 Emitting\ module\ for\ Voxboard_Watch_WidgetExtension (in target 'Voxboard Watch WidgetExtension' from project 'Voxboard')

EmitSwiftModule normal x86_64 (in target 'Voxboard Watch WidgetExtension' from project 'Voxboard')
    cd /Users/codybontecou/projects/Voxboard


SwiftExplicitDependencyGeneratePcm arm64 /tmp/voxboard-watch-sim-derived/ModuleCache.noindex/AVKit-73DSDR11W51I60OG2TUAWTIWT.pcm

SwiftDriverJobDiscovery normal arm64 Emitting module for Voxboard_Watch_WidgetExtension (in target 'Voxboard Watch WidgetExtension' from project 'Voxboard')

SwiftDriver\ Compilation\ Requirements Voxboard\ Watch\ WidgetExtension normal arm64 com.apple.xcode.tools.swift.compiler (in target 'Voxboard Watch WidgetExtension' from project 'Voxboard')
    cd /Users/codybontecou/projects/Voxboard
    builtin-Swift-Compilation-Requirements -- /Applications/Xcode.app/Contents/Developer/Toolchains/XcodeDefault.xctoolchain/usr/bin/swiftc -module-name Voxboard_Watch_WidgetExtension -Onone @/tmp/voxboard-watch-sim-derived/Build/Intermediates.noindex/Voxboard.build/Debug-watchsimulator/Voxboard\ Watch\ WidgetExtension.build/Objects-normal/arm64/Voxboard\ Watch\ WidgetExtension.SwiftFileList -DDEBUG -enable-bare-slash-regex -enable-experimental-feature DebugDescriptionMacro -sdk /Applications/Xcode.app/Contents/Developer/Platforms/WatchSimulator.platform/Developer/SDKs/WatchSimulator26.5.sdk -target arm64-apple-watchos10.0-simulator -g -module-cache-path /tmp/voxboard-watch-sim-derived/ModuleCache.noindex -Xfrontend -serialize-debugging-options -application-extension -enable-testing -index-store-path /tmp/voxboard-watch-sim-derived/Index.noindex/DataStore -Xcc -D_LIBCPP_HARDENING_MODE\=_LIBCPP_HARDENING_MODE_DEBUG -swift-version 5 -I /tmp/voxboard-watch-sim-derived/Build/Products/Debug-watchsimulator -F /tmp/voxboard-watch-sim-derived/Build/Products/Debug-watchsimulator -emit-localized-strings -emit-localized-strings-path /tmp/voxboard-watch-sim-derived/Build/Intermediates.noindex/Voxboard.build/Debug-watchsimulator/Voxboard\ Watch\ WidgetExtension.build/Objects-normal/arm64 -c -j10 -enable-batch-mode -incremental -Xcc -ivfsstatcache -Xcc /tmp/voxboard-watch-sim-derived/SDKStatCaches.noindex/watchsimulator26.5-23T570-1651579a441f1322ae888f0ed545cb80.sdkstatcache -output-file-map /tmp/voxboard-watch-sim-derived/Build/Intermediates.noindex/Voxboard.build/Debug-watchsimulator/Voxboard\ Watch\ WidgetExtension.build/Objects-normal/arm64/Voxboard\ Watch\ WidgetExtension-OutputFileMap.json -use-frontend-parseable-output -save-temps -no-color-diagnostics -explicit-module-build -module-cache-path /tmp/voxboard-watch-sim-derived/Build/Intermediates.noindex/SwiftExplicitPrecompiledModules -clang-scanner-module-cache-path /tmp/voxboard-watch-sim-derived/ModuleCache.noindex -sdk-module-cache-path /tmp/voxboard-watch-sim-derived/ModuleCache.noindex -serialize-diagnostics -emit-dependencies -emit-module -emit-module-path /tmp/voxboard-watch-sim-derived/Build/Intermediates.noindex/Voxboard.build/Debug-watchsimulator/Voxboard\ Watch\ WidgetExtension.build/Objects-normal/arm64/Voxboard_Watch_WidgetExtension.swiftmodule -validate-clang-modules-once -clang-build-session-file /tmp/voxboard-watch-sim-derived/ModuleCache.noindex/Session.modulevalidation -Xcc -I/tmp/voxboard-watch-sim-derived/Build/Intermediates.noindex/Voxboard.build/Debug-watchsimulator/Voxboard\ Watch\ WidgetExtension.build/swift-overrides.hmap -emit-const-values -Xfrontend -const-gather-protocols-file -Xfrontend /tmp/voxboard-watch-sim-derived/Build/Intermediates.noindex/Voxboard.build/Debug-watchsimulator/Voxboard\ Watch\ WidgetExtension.build/Objects-normal/arm64/Voxboard\ Watch\ WidgetExtension_const_extract_protocols.json -Xcc -iquote -Xcc /tmp/voxboard-watch-sim-derived/Build/Intermediates.noindex/Voxboard.build/Debug-watchsimulator/Voxboard\ Watch\ WidgetExtension.build/Voxboard\ Watch\ WidgetExtension-generated-files.hmap -Xcc -I/tmp/voxboard-watch-sim-derived/Build/Intermediates.noindex/Voxboard.build/Debug-watchsimulator/Voxboard\ Watch\ WidgetExtension.build/Voxboard\ Watch\ WidgetExtension-own-target-headers.hmap -Xcc -I/tmp/voxboard-watch-sim-derived/Build/Intermediates.noindex/Voxboard.build/Debug-watchsimulator/Voxboard\ Watch\ WidgetExtension.build/Voxboard\ Watch\ WidgetExtension-all-non-framework-target-headers.hmap -Xcc -ivfsoverlay -Xcc /tmp/voxboard-watch-sim-derived/Build/Intermediates.noindex/Voxboard.build/Debug-watchsimulator/Voxboard-8d6c3ba71b53f8320d7c577fe4b80237-VFS-watchsimulator/all-product-headers.yaml -Xcc -iquote -Xcc /tmp/voxboard-watch-sim-derived/Build/Intermediates.noindex/Voxboard.build/Debug-watchsimulator/Voxboard\ Watch\ WidgetExtension.build/Voxboard\ Watch\ WidgetExtension-project-headers.hmap -Xcc -I/tmp/voxboard-watch-sim-derived/Build/Products/Debug-watchsimulator/include -Xcc -I/tmp/voxboard-watch-sim-derived/Build/Intermediates.noindex/Voxboard.build/Debug-watchsimulator/Voxboard\ Watch\ WidgetExtension.build/DerivedSources-normal/arm64 -Xcc -I/tmp/voxboard-watch-sim-derived/Build/Intermediates.noindex/Voxboard.build/Debug-watchsimulator/Voxboard\ Watch\ WidgetExtension.build/DerivedSources/arm64 -Xcc -I/tmp/voxboard-watch-sim-derived/Build/Intermediates.noindex/Voxboard.build/Debug-watchsimulator/Voxboard\ Watch\ WidgetExtension.build/DerivedSources -Xcc -DDEBUG\=1 -emit-objc-header -emit-objc-header-path /tmp/voxboard-watch-sim-derived/Build/Intermediates.noindex/Voxboard.build/Debug-watchsimulator/Voxboard\ Watch\ WidgetExtension.build/Objects-normal/arm64/Voxboard_Watch_WidgetExtension-Swift.h -working-directory /Users/codybontecou/projects/Voxboard -experimental-emit-module-separately -disable-cmo

SwiftDriverJobDiscovery normal x86_64 Emitting module for Voxboard_Watch_WidgetExtension (in target 'Voxboard Watch WidgetExtension' from project 'Voxboard')

SwiftDriver\ Compilation\ Requirements Voxboard\ Watch\ WidgetExtension normal x86_64 com.apple.xcode.tools.swift.compiler (in target 'Voxboard Watch WidgetExtension' from project 'Voxboard')
    cd /Users/codybontecou/projects/Voxboard
    builtin-Swift-Compilation-Requirements -- /Applications/Xcode.app/Contents/Developer/Toolchains/XcodeDefault.xctoolchain/usr/bin/swiftc -module-name Voxboard_Watch_WidgetExtension -Onone @/tmp/voxboard-watch-sim-derived/Build/Intermediates.noindex/Voxboard.build/Debug-watchsimulator/Voxboard\ Watch\ WidgetExtension.build/Objects-normal/x86_64/Voxboard\ Watch\ WidgetExtension.SwiftFileList -DDEBUG -enable-bare-slash-regex -enable-experimental-feature DebugDescriptionMacro -sdk /Applications/Xcode.app/Contents/Developer/Platforms/WatchSimulator.platform/Developer/SDKs/WatchSimulator26.5.sdk -target x86_64-apple-watchos10.0-simulator -g -module-cache-path /tmp/voxboard-watch-sim-derived/ModuleCache.noindex -Xfrontend -serialize-debugging-options -application-extension -enable-testing -index-store-path /tmp/voxboard-watch-sim-derived/Index.noindex/DataStore -Xcc -D_LIBCPP_HARDENING_MODE\=_LIBCPP_HARDENING_MODE_DEBUG -swift-version 5 -I /tmp/voxboard-watch-sim-derived/Build/Products/Debug-watchsimulator -F /tmp/voxboard-watch-sim-derived/Build/Products/Debug-watchsimulator -emit-localized-strings -emit-localized-strings-path /tmp/voxboard-watch-sim-derived/Build/Intermediates.noindex/Voxboard.build/Debug-watchsimulator/Voxboard\ Watch\ WidgetExtension.build/Objects-normal/x86_64 -c -j10 -enable-batch-mode -incremental -Xcc -ivfsstatcache -Xcc /tmp/voxboard-watch-sim-derived/SDKStatCaches.noindex/watchsimulator26.5-23T570-1651579a441f1322ae888f0ed545cb80.sdkstatcache -output-file-map /tmp/voxboard-watch-sim-derived/Build/Intermediates.noindex/Voxboard.build/Debug-watchsimulator/Voxboard\ Watch\ WidgetExtension.build/Objects-normal/x86_64/Voxboard\ Watch\ WidgetExtension-OutputFileMap.json -use-frontend-parseable-output -save-temps -no-color-diagnostics -explicit-module-build -module-cache-path /tmp/voxboard-watch-sim-derived/Build/Intermediates.noindex/SwiftExplicitPrecompiledModules -clang-scanner-module-cache-path /tmp/voxboard-watch-sim-derived/ModuleCache.noindex -sdk-module-cache-path /tmp/voxboard-watch-sim-derived/ModuleCache.noindex -serialize-diagnostics -emit-dependencies -emit-module -emit-module-path /tmp/voxboard-watch-sim-derived/Build/Intermediates.noindex/Voxboard.build/Debug-watchsimulator/Voxboard\ Watch\ WidgetExtension.build/Objects-normal/x86_64/Voxboard_Watch_WidgetExtension.swiftmodule -validate-clang-modules-once -clang-build-session-file /tmp/voxboard-watch-sim-derived/ModuleCache.noindex/Session.modulevalidation -Xcc -I/tmp/voxboard-watch-sim-derived/Build/Intermediates.noindex/Voxboard.build/Debug-watchsimulator/Voxboard\ Watch\ WidgetExtension.build/swift-overrides.hmap -emit-const-values -Xfrontend -const-gather-protocols-file -Xfrontend /tmp/voxboard-watch-sim-derived/Build/Intermediates.noindex/Voxboard.build/Debug-watchsimulator/Voxboard\ Watch\ WidgetExtension.build/Objects-normal/x86_64/Voxboard\ Watch\ WidgetExtension_const_extract_protocols.json -Xcc -iquote -Xcc /tmp/voxboard-watch-sim-derived/Build/Intermediates.noindex/Voxboard.build/Debug-watchsimulator/Voxboard\ Watch\ WidgetExtension.build/Voxboard\ Watch\ WidgetExtension-generated-files.hmap -Xcc -I/tmp/voxboard-watch-sim-derived/Build/Intermediates.noindex/Voxboard.build/Debug-watchsimulator/Voxboard\ Watch\ WidgetExtension.build/Voxboard\ Watch\ WidgetExtension-own-target-headers.hmap -Xcc -I/tmp/voxboard-watch-sim-derived/Build/Intermediates.noindex/Voxboard.build/Debug-watchsimulator/Voxboard\ Watch\ WidgetExtension.build/Voxboard\ Watch\ WidgetExtension-all-non-framework-target-headers.hmap -Xcc -ivfsoverlay -Xcc /tmp/voxboard-watch-sim-derived/Build/Intermediates.noindex/Voxboard.build/Debug-watchsimulator/Voxboard-8d6c3ba71b53f8320d7c577fe4b80237-VFS-watchsimulator/all-product-headers.yaml -Xcc -iquote -Xcc /tmp/voxboard-watch-sim-derived/Build/Intermediates.noindex/Voxboard.build/Debug-watchsimulator/Voxboard\ Watch\ WidgetExtension.build/Voxboard\ Watch\ WidgetExtension-project-headers.hmap -Xcc -I/tmp/voxboard-watch-sim-derived/Build/Products/Debug-watchsimulator/include -Xcc -I/tmp/voxboard-watch-sim-derived/Build/Intermediates.noindex/Voxboard.build/Debug-watchsimulator/Voxboard\ Watch\ WidgetExtension.build/DerivedSources-normal/x86_64 -Xcc -I/tmp/voxboard-watch-sim-derived/Build/Intermediates.noindex/Voxboard.build/Debug-watchsimulator/Voxboard\ Watch\ WidgetExtension.build/DerivedSources/x86_64 -Xcc -I/tmp/voxboard-watch-sim-derived/Build/Intermediates.noindex/Voxboard.build/Debug-watchsimulator/Voxboard\ Watch\ WidgetExtension.build/DerivedSources -Xcc -DDEBUG\=1 -emit-objc-header -emit-objc-header-path /tmp/voxboard-watch-sim-derived/Build/Intermediates.noindex/Voxboard.build/Debug-watchsimulator/Voxboard\ Watch\ WidgetExtension.build/Objects-normal/x86_64/Voxboard_Watch_WidgetExtension-Swift.h -working-directory /Users/codybontecou/projects/Voxboard -experimental-emit-module-separately -disable-cmo

Copy /tmp/voxboard-watch-sim-derived/Build/Products/Debug-watchsimulator/Voxboard_Watch_WidgetExtension.swiftmodule/arm64-apple-watchos-simulator.swiftmodule /tmp/voxboard-watch-sim-derived/Build/Intermediates.noindex/Voxboard.build/Debug-watchsimulator/Voxboard\ Watch\ WidgetExtension.build/Objects-normal/arm64/Voxboard_Watch_WidgetExtension.swiftmodule (in target 'Voxboard Watch WidgetExtension' from project 'Voxboard')
    cd /Users/codybontecou/projects/Voxboard
    builtin-copy -exclude .DS_Store -exclude CVS -exclude .svn -exclude .git -exclude .hg -resolve-src-symlinks -rename /tmp/voxboard-watch-sim-derived/Build/Intermediates.noindex/Voxboard.build/Debug-watchsimulator/Voxboard\ Watch\ WidgetExtension.build/Objects-normal/arm64/Voxboard_Watch_WidgetExtension.swiftmodule /tmp/voxboard-watch-sim-derived/Build/Products/Debug-watchsimulator/Voxboard_Watch_WidgetExtension.swiftmodule/arm64-apple-watchos-simulator.swiftmodule

Copy /tmp/voxboard-watch-sim-derived/Build/Products/Debug-watchsimulator/Voxboard_Watch_WidgetExtension.swiftmodule/arm64-apple-watchos-simulator.swiftdoc /tmp/voxboard-watch-sim-derived/Build/Intermediates.noindex/Voxboard.build/Debug-watchsimulator/Voxboard\ Watch\ WidgetExtension.build/Objects-normal/arm64/Voxboard_Watch_WidgetExtension.swiftdoc (in target 'Voxboard Watch WidgetExtension' from project 'Voxboard')
    cd /Users/codybontecou/projects/Voxboard
    builtin-copy -exclude .DS_Store -exclude CVS -exclude .svn -exclude .git -exclude .hg -resolve-src-symlinks -rename /tmp/voxboard-watch-sim-derived/Build/Intermediates.noindex/Voxboard.build/Debug-watchsimulator/Voxboard\ Watch\ WidgetExtension.build/Objects-normal/arm64/Voxboard_Watch_WidgetExtension.swiftdoc /tmp/voxboard-watch-sim-derived/Build/Products/Debug-watchsimulator/Voxboard_Watch_WidgetExtension.swiftmodule/arm64-apple-watchos-simulator.swiftdoc

SwiftMergeGeneratedHeaders /tmp/voxboard-watch-sim-derived/Build/Intermediates.noindex/Voxboard.build/Debug-watchsimulator/Voxboard\ Watch\ WidgetExtension.build/DerivedSources/Voxboard_Watch_WidgetExtension-Swift.h /tmp/voxboard-watch-sim-derived/Build/Intermediates.noindex/Voxboard.build/Debug-watchsimulator/Voxboard\ Watch\ WidgetExtension.build/Objects-normal/arm64/Voxboard_Watch_WidgetExtension-Swift.h /tmp/voxboard-watch-sim-derived/Build/Intermediates.noindex/Voxboard.build/Debug-watchsimulator/Voxboard\ Watch\ WidgetExtension.build/Objects-normal/x86_64/Voxboard_Watch_WidgetExtension-Swift.h (in target 'Voxboard Watch WidgetExtension' from project 'Voxboard')
    cd /Users/codybontecou/projects/Voxboard
    builtin-swiftHeaderTool -arch arm64 /tmp/voxboard-watch-sim-derived/Build/Intermediates.noindex/Voxboard.build/Debug-watchsimulator/Voxboard\ Watch\ WidgetExtension.build/Objects-normal/arm64/Voxboard_Watch_WidgetExtension-Swift.h -arch x86_64 /tmp/voxboard-watch-sim-derived/Build/Intermediates.noindex/Voxboard.build/Debug-watchsimulator/Voxboard\ Watch\ WidgetExtension.build/Objects-normal/x86_64/Voxboard_Watch_WidgetExtension-Swift.h -o /tmp/voxboard-watch-sim-derived/Build/Intermediates.noindex/Voxboard.build/Debug-watchsimulator/Voxboard\ Watch\ WidgetExtension.build/DerivedSources/Voxboard_Watch_WidgetExtension-Swift.h

Copy /tmp/voxboard-watch-sim-derived/Build/Products/Debug-watchsimulator/Voxboard_Watch_WidgetExtension.swiftmodule/x86_64-apple-watchos-simulator.swiftmodule /tmp/voxboard-watch-sim-derived/Build/Intermediates.noindex/Voxboard.build/Debug-watchsimulator/Voxboard\ Watch\ WidgetExtension.build/Objects-normal/x86_64/Voxboard_Watch_WidgetExtension.swiftmodule (in target 'Voxboard Watch WidgetExtension' from project 'Voxboard')
    cd /Users/codybontecou/projects/Voxboard
    builtin-copy -exclude .DS_Store -exclude CVS -exclude .svn -exclude .git -exclude .hg -resolve-src-symlinks -rename /tmp/voxboard-watch-sim-derived/Build/Intermediates.noindex/Voxboard.build/Debug-watchsimulator/Voxboard\ Watch\ WidgetExtension.build/Objects-normal/x86_64/Voxboard_Watch_WidgetExtension.swiftmodule /tmp/voxboard-watch-sim-derived/Build/Products/Debug-watchsimulator/Voxboard_Watch_WidgetExtension.swiftmodule/x86_64-apple-watchos-simulator.swiftmodule

Copy /tmp/voxboard-watch-sim-derived/Build/Products/Debug-watchsimulator/Voxboard_Watch_WidgetExtension.swiftmodule/x86_64-apple-watchos-simulator.swiftdoc /tmp/voxboard-watch-sim-derived/Build/Intermediates.noindex/Voxboard.build/Debug-watchsimulator/Voxboard\ Watch\ WidgetExtension.build/Objects-normal/x86_64/Voxboard_Watch_WidgetExtension.swiftdoc (in target 'Voxboard Watch WidgetExtension' from project 'Voxboard')
    cd /Users/codybontecou/projects/Voxboard
    builtin-copy -exclude .DS_Store -exclude CVS -exclude .svn -exclude .git -exclude .hg -resolve-src-symlinks -rename /tmp/voxboard-watch-sim-derived/Build/Intermediates.noindex/Voxboard.build/Debug-watchsimulator/Voxboard\ Watch\ WidgetExtension.build/Objects-normal/x86_64/Voxboard_Watch_WidgetExtension.swiftdoc /tmp/voxboard-watch-sim-derived/Build/Products/Debug-watchsimulator/Voxboard_Watch_WidgetExtension.swiftmodule/x86_64-apple-watchos-simulator.swiftdoc

Copy /tmp/voxboard-watch-sim-derived/Build/Products/Debug-watchsimulator/Voxboard_Watch_WidgetExtension.swiftmodule/x86_64-apple-watchos-simulator.abi.json /tmp/voxboard-watch-sim-derived/Build/Intermediates.noindex/Voxboard.build/Debug-watchsimulator/Voxboard\ Watch\ WidgetExtension.build/Objects-normal/x86_64/Voxboard_Watch_WidgetExtension.abi.json (in target 'Voxboard Watch WidgetExtension' from project 'Voxboard')
    cd /Users/codybontecou/projects/Voxboard
    builtin-copy -exclude .DS_Store -exclude CVS -exclude .svn -exclude .git -exclude .hg -resolve-src-symlinks -rename /tmp/voxboard-watch-sim-derived/Build/Intermediates.noindex/Voxboard.build/Debug-watchsimulator/Voxboard\ Watch\ WidgetExtension.build/Objects-normal/x86_64/Voxboard_Watch_WidgetExtension.abi.json /tmp/voxboard-watch-sim-derived/Build/Products/Debug-watchsimulator/Voxboard_Watch_WidgetExtension.swiftmodule/x86_64-apple-watchos-simulator.abi.json

Copy /tmp/voxboard-watch-sim-derived/Build/Products/Debug-watchsimulator/Voxboard_Watch_WidgetExtension.swiftmodule/arm64-apple-watchos-simulator.abi.json /tmp/voxboard-watch-sim-derived/Build/Intermediates.noindex/Voxboard.build/Debug-watchsimulator/Voxboard\ Watch\ WidgetExtension.build/Objects-normal/arm64/Voxboard_Watch_WidgetExtension.abi.json (in target 'Voxboard Watch WidgetExtension' from project 'Voxboard')
    cd /Users/codybontecou/projects/Voxboard
    builtin-copy -exclude .DS_Store -exclude CVS -exclude .svn -exclude .git -exclude .hg -resolve-src-symlinks -rename /tmp/voxboard-watch-sim-derived/Build/Intermediates.noindex/Voxboard.build/Debug-watchsimulator/Voxboard\ Watch\ WidgetExtension.build/Objects-normal/arm64/Voxboard_Watch_WidgetExtension.abi.json /tmp/voxboard-watch-sim-derived/Build/Products/Debug-watchsimulator/Voxboard_Watch_WidgetExtension.swiftmodule/arm64-apple-watchos-simulator.abi.json

Copy /tmp/voxboard-watch-sim-derived/Build/Products/Debug-watchsimulator/Voxboard_Watch_WidgetExtension.swiftmodule/Project/x86_64-apple-watchos-simulator.swiftsourceinfo /tmp/voxboard-watch-sim-derived/Build/Intermediates.noindex/Voxboard.build/Debug-watchsimulator/Voxboard\ Watch\ WidgetExtension.build/Objects-normal/x86_64/Voxboard_Watch_WidgetExtension.swiftsourceinfo (in target 'Voxboard Watch WidgetExtension' from project 'Voxboard')
    cd /Users/codybontecou/projects/Voxboard
    builtin-copy -exclude .DS_Store -exclude CVS -exclude .svn -exclude .git -exclude .hg -resolve-src-symlinks -rename /tmp/voxboard-watch-sim-derived/Build/Intermediates.noindex/Voxboard.build/Debug-watchsimulator/Voxboard\ Watch\ WidgetExtension.build/Objects-normal/x86_64/Voxboard_Watch_WidgetExtension.swiftsourceinfo /tmp/voxboard-watch-sim-derived/Build/Products/Debug-watchsimulator/Voxboard_Watch_WidgetExtension.swiftmodule/Project/x86_64-apple-watchos-simulator.swiftsourceinfo

Copy /tmp/voxboard-watch-sim-derived/Build/Products/Debug-watchsimulator/Voxboard_Watch_WidgetExtension.swiftmodule/Project/arm64-apple-watchos-simulator.swiftsourceinfo /tmp/voxboard-watch-sim-derived/Build/Intermediates.noindex/Voxboard.build/Debug-watchsimulator/Voxboard\ Watch\ WidgetExtension.build/Objects-normal/arm64/Voxboard_Watch_WidgetExtension.swiftsourceinfo (in target 'Voxboard Watch WidgetExtension' from project 'Voxboard')
    cd /Users/codybontecou/projects/Voxboard
    builtin-copy -exclude .DS_Store -exclude CVS -exclude .svn -exclude .git -exclude .hg -resolve-src-symlinks -rename /tmp/voxboard-watch-sim-derived/Build/Intermediates.noindex/Voxboard.build/Debug-watchsimulator/Voxboard\ Watch\ WidgetExtension.build/Objects-normal/arm64/Voxboard_Watch_WidgetExtension.swiftsourceinfo /tmp/voxboard-watch-sim-derived/Build/Products/Debug-watchsimulator/Voxboard_Watch_WidgetExtension.swiftmodule/Project/arm64-apple-watchos-simulator.swiftsourceinfo

SwiftEmitModule normal arm64 Emitting\ module\ for\ Notelet (in target 'Notelet' from project 'Notelet')

EmitSwiftModule normal arm64 (in target 'Notelet' from project 'Notelet')
    cd /Users/codybontecou/projects/Voxboard/Voxboard.xcodeproj


SwiftCompile normal x86_64 Compiling\ WatchRecordIntent.swift /Users/codybontecou/projects/Voxboard/Voxboard\ Watch\ Widget/WatchRecordIntent.swift (in target 'Voxboard Watch WidgetExtension' from project 'Voxboard')

SwiftCompile normal x86_64 /Users/codybontecou/projects/Voxboard/Voxboard\ Watch\ Widget/WatchRecordIntent.swift (in target 'Voxboard Watch WidgetExtension' from project 'Voxboard')
    cd /Users/codybontecou/projects/Voxboard


SwiftCompile normal arm64 Compiling\ WatchPhoneBridge.swift /Users/codybontecou/projects/Voxboard/Voxboard\ Watch\ Shared/WatchPhoneBridge.swift (in target 'Voxboard Watch WidgetExtension' from project 'Voxboard')

SwiftCompile normal arm64 /Users/codybontecou/projects/Voxboard/Voxboard\ Watch\ Shared/WatchPhoneBridge.swift (in target 'Voxboard Watch WidgetExtension' from project 'Voxboard')
    cd /Users/codybontecou/projects/Voxboard


SwiftDriverJobDiscovery normal arm64 Emitting module for Notelet (in target 'Notelet' from project 'Notelet')

SwiftDriver\ Compilation\ Requirements Notelet normal arm64 com.apple.xcode.tools.swift.compiler (in target 'Notelet' from project 'Notelet')
    cd /Users/codybontecou/projects/Voxboard/Voxboard.xcodeproj
    builtin-Swift-Compilation-Requirements -- /Applications/Xcode.app/Contents/Developer/Toolchains/XcodeDefault.xctoolchain/usr/bin/swiftc -module-name Notelet -Onone @/tmp/voxboard-watch-sim-derived/Build/Intermediates.noindex/Notelet.build/Debug-iphonesimulator/Notelet.build/Objects-normal/arm64/Notelet.SwiftFileList -DSWIFT_PACKAGE -DDEBUG -DSWIFT_MODULE_RESOURCE_BUNDLE_UNAVAILABLE -DXcode -plugin-path /Applications/Xcode.app/Contents/Developer/Toolchains/XcodeDefault.xctoolchain/usr/lib/swift/host/plugins/testing -enable-experimental-feature DebugDescriptionMacro -sdk /Applications/Xcode.app/Contents/Developer/Platforms/iPhoneSimulator.platform/Developer/SDKs/iPhoneSimulator26.5.sdk -target arm64-apple-ios17.0-simulator -g -module-cache-path /tmp/voxboard-watch-sim-derived/ModuleCache.noindex -Xfrontend -serialize-debugging-options -enable-testing -suppress-warnings -index-store-path /tmp/voxboard-watch-sim-derived/Index.noindex/DataStore -Xcc -D_LIBCPP_HARDENING_MODE\=_LIBCPP_HARDENING_MODE_DEBUG -swift-version 6 -I /tmp/voxboard-watch-sim-derived/Build/Products/Debug-iphonesimulator -Isystem /Applications/Xcode.app/Contents/Developer/Platforms/iPhoneSimulator.platform/Developer/usr/lib -F /tmp/voxboard-watch-sim-derived/Build/Products/Debug-iphonesimulator -F /Applications/Xcode.app/Contents/Developer/Platforms/iPhoneSimulator.platform/Developer/Library/Frameworks -F /Applications/Xcode.app/Contents/Developer/Platforms/iPhoneSimulator.platform/Developer/SDKs/iPhoneSimulator26.5.sdk/Developer/Library/Frameworks -c -j10 -enable-batch-mode -incremental -Xcc -ivfsstatcache -Xcc /tmp/voxboard-watch-sim-derived/SDKStatCaches.noindex/iphonesimulator26.5-23F73-6cfe768891a92b912361537c460fe42b.sdkstatcache -output-file-map /tmp/voxboard-watch-sim-derived/Build/Intermediates.noindex/Notelet.build/Debug-iphonesimulator/Notelet.build/Objects-normal/arm64/Notelet-OutputFileMap.json -use-frontend-parseable-output -save-temps -no-color-diagnostics -explicit-module-build -module-cache-path /tmp/voxboard-watch-sim-derived/Build/Intermediates.noindex/SwiftExplicitPrecompiledModules -clang-scanner-module-cache-path /tmp/voxboard-watch-sim-derived/ModuleCache.noindex -sdk-module-cache-path /tmp/voxboard-watch-sim-derived/ModuleCache.noindex -serialize-diagnostics -emit-dependencies -emit-module -emit-module-path /tmp/voxboard-watch-sim-derived/Build/Intermediates.noindex/Notelet.build/Debug-iphonesimulator/Notelet.build/Objects-normal/arm64/Notelet.swiftmodule -user-module-version 1.1.0 -validate-clang-modules-once -clang-build-session-file /tmp/voxboard-watch-sim-derived/ModuleCache.noindex/Session.modulevalidation -package-name notelet -Xcc -I/tmp/voxboard-watch-sim-derived/Build/Intermediates.noindex/Notelet.build/Debug-iphonesimulator/Notelet.build/swift-overrides.hmap -emit-const-values -Xfrontend -const-gather-protocols-file -Xfrontend /tmp/voxboard-watch-sim-derived/Build/Intermediates.noindex/Notelet.build/Debug-iphonesimulator/Notelet.build/Objects-normal/arm64/Notelet_const_extract_protocols.json -Xcc -I/tmp/voxboard-watch-sim-derived/Build/Products/Debug-iphonesimulator/include -Xcc -I/tmp/voxboard-watch-sim-derived/Build/Intermediates.noindex/Notelet.build/Debug-iphonesimulator/Notelet.build/DerivedSources-normal/arm64 -Xcc -I/tmp/voxboard-watch-sim-derived/Build/Intermediates.noindex/Notelet.build/Debug-iphonesimulator/Notelet.build/DerivedSources/arm64 -Xcc -I/tmp/voxboard-watch-sim-derived/Build/Intermediates.noindex/Notelet.build/Debug-iphonesimulator/Notelet.build/DerivedSources -Xcc -DSWIFT_PACKAGE -Xcc -DDEBUG\=1 -emit-objc-header -emit-objc-header-path /tmp/voxboard-watch-sim-derived/Build/Intermediates.noindex/Notelet.build/Debug-iphonesimulator/Notelet.build/Objects-normal/arm64/Notelet-Swift.h -working-directory /Users/codybontecou/projects/Voxboard/Voxboard.xcodeproj -experimental-emit-module-separately -disable-cmo

SwiftDriverJobDiscovery normal arm64 Emitting module for FluidAudio (in target 'FluidAudio' from project 'FluidAudio')

SwiftDriver\ Compilation\ Requirements FluidAudio normal arm64 com.apple.xcode.tools.swift.compiler (in target 'FluidAudio' from project 'FluidAudio')
    cd /Users/codybontecou/projects/Voxboard/Voxboard.xcodeproj
    builtin-Swift-Compilation-Requirements -- /Applications/Xcode.app/Contents/Developer/Toolchains/XcodeDefault.xctoolchain/usr/bin/swiftc -module-name FluidAudio -Onone @/tmp/voxboard-watch-sim-derived/Build/Intermediates.noindex/FluidAudio.build/Debug-iphonesimulator/FluidAudio.build/Objects-normal/arm64/FluidAudio.SwiftFileList -DSWIFT_PACKAGE -DDEBUG -DSWIFT_MODULE_RESOURCE_BUNDLE_UNAVAILABLE -DXcode -plugin-path /Applications/Xcode.app/Contents/Developer/Toolchains/XcodeDefault.xctoolchain/usr/lib/swift/host/plugins/testing -enable-experimental-feature DebugDescriptionMacro -sdk /Applications/Xcode.app/Contents/Developer/Platforms/iPhoneSimulator.platform/Developer/SDKs/iPhoneSimulator26.5.sdk -target arm64-apple-ios17.0-simulator -g -module-cache-path /tmp/voxboard-watch-sim-derived/ModuleCache.noindex -Xfrontend -serialize-debugging-options -enable-testing -suppress-warnings -index-store-path /tmp/voxboard-watch-sim-derived/Index.noindex/DataStore -Xcc -D_LIBCPP_HARDENING_MODE\=_LIBCPP_HARDENING_MODE_DEBUG -swift-version 6 -I /tmp/voxboard-watch-sim-derived/Build/Products/Debug-iphonesimulator -Isystem /Applications/Xcode.app/Contents/Developer/Platforms/iPhoneSimulator.platform/Developer/usr/lib -F /tmp/voxboard-watch-sim-derived/Build/Products/Debug-iphonesimulator/PackageFrameworks -F /tmp/voxboard-watch-sim-derived/Build/Products/Debug-iphonesimulator/PackageFrameworks -F /tmp/voxboard-watch-sim-derived/Build/Products/Debug-iphonesimulator -F /Applications/Xcode.app/Contents/Developer/Platforms/iPhoneSimulator.platform/Developer/Library/Frameworks -F /Applications/Xcode.app/Contents/Developer/Platforms/iPhoneSimulator.platform/Developer/SDKs/iPhoneSimulator26.5.sdk/Developer/Library/Frameworks -c -j10 -enable-batch-mode -incremental -Xcc -ivfsstatcache -Xcc /tmp/voxboard-watch-sim-derived/SDKStatCaches.noindex/iphonesimulator26.5-23F73-6cfe768891a92b912361537c460fe42b.sdkstatcache -output-file-map /tmp/voxboard-watch-sim-derived/Build/Intermediates.noindex/FluidAudio.build/Debug-iphonesimulator/FluidAudio.build/Objects-normal/arm64/FluidAudio-OutputFileMap.json -use-frontend-parseable-output -save-temps -no-color-diagnostics -explicit-module-build -module-cache-path /tmp/voxboard-watch-sim-derived/Build/Intermediates.noindex/SwiftExplicitPrecompiledModules -clang-scanner-module-cache-path /tmp/voxboard-watch-sim-derived/ModuleCache.noindex -sdk-module-cache-path /tmp/voxboard-watch-sim-derived/ModuleCache.noindex -serialize-diagnostics -emit-dependencies -emit-module -emit-module-path /tmp/voxboard-watch-sim-derived/Build/Intermediates.noindex/FluidAudio.build/Debug-iphonesimulator/FluidAudio.build/Objects-normal/arm64/FluidAudio.swiftmodule -user-module-version 0.13.4 -validate-clang-modules-once -clang-build-session-file /tmp/voxboard-watch-sim-derived/ModuleCache.noindex/Session.modulevalidation -package-name fluidaudio -Xcc -I/tmp/voxboard-watch-sim-derived/Build/Intermediates.noindex/FluidAudio.build/Debug-iphonesimulator/FluidAudio.build/swift-overrides.hmap -emit-const-values -Xfrontend -const-gather-protocols-file -Xfrontend /tmp/voxboard-watch-sim-derived/Build/Intermediates.noindex/FluidAudio.build/Debug-iphonesimulator/FluidAudio.build/Objects-normal/arm64/FluidAudio_const_extract_protocols.json -Xcc -I/tmp/voxboard-watch-sim-derived/SourcePackages/checkouts/FluidAudio/Sources/MachTaskSelfWrapper/include -Xcc -I/tmp/voxboard-watch-sim-derived/SourcePackages/checkouts/FluidAudio/Sources/FastClusterWrapper/include -Xcc -I/tmp/voxboard-watch-sim-derived/Build/Products/Debug-iphonesimulator/include -Xcc -I/tmp/voxboard-watch-sim-derived/Build/Intermediates.noindex/FluidAudio.build/Debug-iphonesimulator/FluidAudio.build/DerivedSources-normal/arm64 -Xcc -I/tmp/voxboard-watch-sim-derived/Build/Intermediates.noindex/FluidAudio.build/Debug-iphonesimulator/FluidAudio.build/DerivedSources/arm64 -Xcc -I/tmp/voxboard-watch-sim-derived/Build/Intermediates.noindex/FluidAudio.build/Debug-iphonesimulator/FluidAudio.build/DerivedSources -Xcc -DSWIFT_PACKAGE -Xcc -DDEBUG\=1 -emit-objc-header -emit-objc-header-path /tmp/voxboard-watch-sim-derived/Build/Intermediates.noindex/FluidAudio.build/Debug-iphonesimulator/FluidAudio.build/Objects-normal/arm64/FluidAudio-Swift.h -working-directory /Users/codybontecou/projects/Voxboard/Voxboard.xcodeproj -experimental-emit-module-separately -disable-cmo

SwiftCompile normal x86_64 Compiling\ GeneratedAssetSymbols.swift /tmp/voxboard-watch-sim-derived/Build/Intermediates.noindex/Voxboard.build/Debug-watchsimulator/Voxboard\ Watch\ WidgetExtension.build/DerivedSources/GeneratedAssetSymbols.swift (in target 'Voxboard Watch WidgetExtension' from project 'Voxboard')

SwiftCompile normal x86_64 /tmp/voxboard-watch-sim-derived/Build/Intermediates.noindex/Voxboard.build/Debug-watchsimulator/Voxboard\ Watch\ WidgetExtension.build/DerivedSources/GeneratedAssetSymbols.swift (in target 'Voxboard Watch WidgetExtension' from project 'Voxboard')
    cd /Users/codybontecou/projects/Voxboard


SwiftMergeGeneratedHeaders /tmp/voxboard-watch-sim-derived/Build/Intermediates.noindex/GeneratedModuleMaps-iphonesimulator/Notelet-Swift.h /tmp/voxboard-watch-sim-derived/Build/Intermediates.noindex/Notelet.build/Debug-iphonesimulator/Notelet.build/Objects-normal/arm64/Notelet-Swift.h (in target 'Notelet' from project 'Notelet')
    cd /tmp/voxboard-watch-sim-derived/SourcePackages/checkouts/notelet
    builtin-swiftHeaderTool -arch arm64 /tmp/voxboard-watch-sim-derived/Build/Intermediates.noindex/Notelet.build/Debug-iphonesimulator/Notelet.build/Objects-normal/arm64/Notelet-Swift.h -o /tmp/voxboard-watch-sim-derived/Build/Intermediates.noindex/GeneratedModuleMaps-iphonesimulator/Notelet-Swift.h

SwiftDriverJobDiscovery normal arm64 Compiling WatchPhoneBridge.swift (in target 'Voxboard Watch WidgetExtension' from project 'Voxboard')

Copy /tmp/voxboard-watch-sim-derived/Build/Products/Debug-iphonesimulator/Notelet.swiftmodule/arm64-apple-ios-simulator.swiftmodule /tmp/voxboard-watch-sim-derived/Build/Intermediates.noindex/Notelet.build/Debug-iphonesimulator/Notelet.build/Objects-normal/arm64/Notelet.swiftmodule (in target 'Notelet' from project 'Notelet')
    cd /tmp/voxboard-watch-sim-derived/SourcePackages/checkouts/notelet
    builtin-copy -exclude .DS_Store -exclude CVS -exclude .svn -exclude .git -exclude .hg -resolve-src-symlinks -rename /tmp/voxboard-watch-sim-derived/Build/Intermediates.noindex/Notelet.build/Debug-iphonesimulator/Notelet.build/Objects-normal/arm64/Notelet.swiftmodule /tmp/voxboard-watch-sim-derived/Build/Products/Debug-iphonesimulator/Notelet.swiftmodule/arm64-apple-ios-simulator.swiftmodule

Copy /tmp/voxboard-watch-sim-derived/Build/Products/Debug-iphonesimulator/Notelet.swiftmodule/arm64-apple-ios-simulator.swiftdoc /tmp/voxboard-watch-sim-derived/Build/Intermediates.noindex/Notelet.build/Debug-iphonesimulator/Notelet.build/Objects-normal/arm64/Notelet.swiftdoc (in target 'Notelet' from project 'Notelet')
    cd /tmp/voxboard-watch-sim-derived/SourcePackages/checkouts/notelet
    builtin-copy -exclude .DS_Store -exclude CVS -exclude .svn -exclude .git -exclude .hg -resolve-src-symlinks -rename /tmp/voxboard-watch-sim-derived/Build/Intermediates.noindex/Notelet.build/Debug-iphonesimulator/Notelet.build/Objects-normal/arm64/Notelet.swiftdoc /tmp/voxboard-watch-sim-derived/Build/Products/Debug-iphonesimulator/Notelet.swiftmodule/arm64-apple-ios-simulator.swiftdoc

Copy /tmp/voxboard-watch-sim-derived/Build/Products/Debug-iphonesimulator/Notelet.swiftmodule/arm64-apple-ios-simulator.abi.json /tmp/voxboard-watch-sim-derived/Build/Intermediates.noindex/Notelet.build/Debug-iphonesimulator/Notelet.build/Objects-normal/arm64/Notelet.abi.json (in target 'Notelet' from project 'Notelet')
    cd /tmp/voxboard-watch-sim-derived/SourcePackages/checkouts/notelet
    builtin-copy -exclude .DS_Store -exclude CVS -exclude .svn -exclude .git -exclude .hg -resolve-src-symlinks -rename /tmp/voxboard-watch-sim-derived/Build/Intermediates.noindex/Notelet.build/Debug-iphonesimulator/Notelet.build/Objects-normal/arm64/Notelet.abi.json /tmp/voxboard-watch-sim-derived/Build/Products/Debug-iphonesimulator/Notelet.swiftmodule/arm64-apple-ios-simulator.abi.json

Copy /tmp/voxboard-watch-sim-derived/Build/Products/Debug-iphonesimulator/Notelet.swiftmodule/Project/arm64-apple-ios-simulator.swiftsourceinfo /tmp/voxboard-watch-sim-derived/Build/Intermediates.noindex/Notelet.build/Debug-iphonesimulator/Notelet.build/Objects-normal/arm64/Notelet.swiftsourceinfo (in target 'Notelet' from project 'Notelet')
    cd /tmp/voxboard-watch-sim-derived/SourcePackages/checkouts/notelet
    builtin-copy -exclude .DS_Store -exclude CVS -exclude .svn -exclude .git -exclude .hg -resolve-src-symlinks -rename /tmp/voxboard-watch-sim-derived/Build/Intermediates.noindex/Notelet.build/Debug-iphonesimulator/Notelet.build/Objects-normal/arm64/Notelet.swiftsourceinfo /tmp/voxboard-watch-sim-derived/Build/Products/Debug-iphonesimulator/Notelet.swiftmodule/Project/arm64-apple-ios-simulator.swiftsourceinfo

SwiftMergeGeneratedHeaders /tmp/voxboard-watch-sim-derived/Build/Intermediates.noindex/GeneratedModuleMaps-iphonesimulator/FluidAudio-Swift.h /tmp/voxboard-watch-sim-derived/Build/Intermediates.noindex/FluidAudio.build/Debug-iphonesimulator/FluidAudio.build/Objects-normal/arm64/FluidAudio-Swift.h (in target 'FluidAudio' from project 'FluidAudio')
    cd /tmp/voxboard-watch-sim-derived/SourcePackages/checkouts/FluidAudio
    builtin-swiftHeaderTool -arch arm64 /tmp/voxboard-watch-sim-derived/Build/Intermediates.noindex/FluidAudio.build/Debug-iphonesimulator/FluidAudio.build/Objects-normal/arm64/FluidAudio-Swift.h -o /tmp/voxboard-watch-sim-derived/Build/Intermediates.noindex/GeneratedModuleMaps-iphonesimulator/FluidAudio-Swift.h

Copy /tmp/voxboard-watch-sim-derived/Build/Products/Debug-iphonesimulator/FluidAudio.swiftmodule/arm64-apple-ios-simulator.swiftmodule /tmp/voxboard-watch-sim-derived/Build/Intermediates.noindex/FluidAudio.build/Debug-iphonesimulator/FluidAudio.build/Objects-normal/arm64/FluidAudio.swiftmodule (in target 'FluidAudio' from project 'FluidAudio')
    cd /tmp/voxboard-watch-sim-derived/SourcePackages/checkouts/FluidAudio
    builtin-copy -exclude .DS_Store -exclude CVS -exclude .svn -exclude .git -exclude .hg -resolve-src-symlinks -rename /tmp/voxboard-watch-sim-derived/Build/Intermediates.noindex/FluidAudio.build/Debug-iphonesimulator/FluidAudio.build/Objects-normal/arm64/FluidAudio.swiftmodule /tmp/voxboard-watch-sim-derived/Build/Products/Debug-iphonesimulator/FluidAudio.swiftmodule/arm64-apple-ios-simulator.swiftmodule

Copy /tmp/voxboard-watch-sim-derived/Build/Products/Debug-iphonesimulator/FluidAudio.swiftmodule/arm64-apple-ios-simulator.swiftdoc /tmp/voxboard-watch-sim-derived/Build/Intermediates.noindex/FluidAudio.build/Debug-iphonesimulator/FluidAudio.build/Objects-normal/arm64/FluidAudio.swiftdoc (in target 'FluidAudio' from project 'FluidAudio')
    cd /tmp/voxboard-watch-sim-derived/SourcePackages/checkouts/FluidAudio
    builtin-copy -exclude .DS_Store -exclude CVS -exclude .svn -exclude .git -exclude .hg -resolve-src-symlinks -rename /tmp/voxboard-watch-sim-derived/Build/Intermediates.noindex/FluidAudio.build/Debug-iphonesimulator/FluidAudio.build/Objects-normal/arm64/FluidAudio.swiftdoc /tmp/voxboard-watch-sim-derived/Build/Products/Debug-iphonesimulator/FluidAudio.swiftmodule/arm64-apple-ios-simulator.swiftdoc

Copy /tmp/voxboard-watch-sim-derived/Build/Products/Debug-iphonesimulator/FluidAudio.swiftmodule/arm64-apple-ios-simulator.abi.json /tmp/voxboard-watch-sim-derived/Build/Intermediates.noindex/FluidAudio.build/Debug-iphonesimulator/FluidAudio.build/Objects-normal/arm64/FluidAudio.abi.json (in target 'FluidAudio' from project 'FluidAudio')
    cd /tmp/voxboard-watch-sim-derived/SourcePackages/checkouts/FluidAudio
    builtin-copy -exclude .DS_Store -exclude CVS -exclude .svn -exclude .git -exclude .hg -resolve-src-symlinks -rename /tmp/voxboard-watch-sim-derived/Build/Intermediates.noindex/FluidAudio.build/Debug-iphonesimulator/FluidAudio.build/Objects-normal/arm64/FluidAudio.abi.json /tmp/voxboard-watch-sim-derived/Build/Products/Debug-iphonesimulator/FluidAudio.swiftmodule/arm64-apple-ios-simulator.abi.json

Copy /tmp/voxboard-watch-sim-derived/Build/Products/Debug-iphonesimulator/FluidAudio.swiftmodule/Project/arm64-apple-ios-simulator.swiftsourceinfo /tmp/voxboard-watch-sim-derived/Build/Intermediates.noindex/FluidAudio.build/Debug-iphonesimulator/FluidAudio.build/Objects-normal/arm64/FluidAudio.swiftsourceinfo (in target 'FluidAudio' from project 'FluidAudio')
    cd /tmp/voxboard-watch-sim-derived/SourcePackages/checkouts/FluidAudio
    builtin-copy -exclude .DS_Store -exclude CVS -exclude .svn -exclude .git -exclude .hg -resolve-src-symlinks -rename /tmp/voxboard-watch-sim-derived/Build/Intermediates.noindex/FluidAudio.build/Debug-iphonesimulator/FluidAudio.build/Objects-normal/arm64/FluidAudio.swiftsourceinfo /tmp/voxboard-watch-sim-derived/Build/Products/Debug-iphonesimulator/FluidAudio.swiftmodule/Project/arm64-apple-ios-simulator.swiftsourceinfo

SwiftCompile normal arm64 Compiling\ VoxboardWatchWidgetBundle.swift /Users/codybontecou/projects/Voxboard/Voxboard\ Watch\ Widget/VoxboardWatchWidgetBundle.swift (in target 'Voxboard Watch WidgetExtension' from project 'Voxboard')

SwiftCompile normal arm64 /Users/codybontecou/projects/Voxboard/Voxboard\ Watch\ Widget/VoxboardWatchWidgetBundle.swift (in target 'Voxboard Watch WidgetExtension' from project 'Voxboard')
    cd /Users/codybontecou/projects/Voxboard


SwiftDriverJobDiscovery normal arm64 Compiling MultilingualG2PLanguage.swift, MultilingualG2PModel.swift, G2PModel.swift, KokoroVocabulary.swift, LexiconAssetManager.swift, TtsResourceDownloader.swift, KokoroTtsManager.swift, KokoroSynthesizer+Types.swift, KokoroChunker.swift, KokoroModelCache.swift, KokoroSynthesizer+LexiconCache.swift, PhonemeMapper.swift, TtsTextPreprocessor.swift, KokoroSynthesizer+Memory.swift, KokoroSynthesizer+ModelUtils.swift (in target 'FluidAudio' from project 'FluidAudio')

SwiftCompile normal arm64 Compiling\ VoxboardWatchRecordWidget.swift /Users/codybontecou/projects/Voxboard/Voxboard\ Watch\ Widget/VoxboardWatchRecordWidget.swift (in target 'Voxboard Watch WidgetExtension' from project 'Voxboard')

SwiftCompile normal arm64 /Users/codybontecou/projects/Voxboard/Voxboard\ Watch\ Widget/VoxboardWatchRecordWidget.swift (in target 'Voxboard Watch WidgetExtension' from project 'Voxboard')
    cd /Users/codybontecou/projects/Voxboard


SwiftCompile normal x86_64 Compiling\ VoxboardWatchRecordWidget.swift /Users/codybontecou/projects/Voxboard/Voxboard\ Watch\ Widget/VoxboardWatchRecordWidget.swift (in target 'Voxboard Watch WidgetExtension' from project 'Voxboard')

SwiftCompile normal x86_64 /Users/codybontecou/projects/Voxboard/Voxboard\ Watch\ Widget/VoxboardWatchRecordWidget.swift (in target 'Voxboard Watch WidgetExtension' from project 'Voxboard')
    cd /Users/codybontecou/projects/Voxboard


SwiftDriverJobDiscovery normal arm64 Compiling BKTree.swift, VocabularyRescorer+CandidateMatching.swift, ContextBiasingConstants.swift, CustomVocabularyContext.swift, VocabularyRescorer+TokenEvaluation.swift, VocabularyRescorer+TokenRescoring.swift, VocabularyRescorer+Utilities.swift, VocabularyRescorer.swift, BpeTokenizer.swift, CtcDPAlgorithm.swift, CtcKeywordSpotter+Inference.swift, CtcKeywordSpotter.swift, CtcModels.swift, CtcTokenizer.swift, SlidingWindowAsrManager.swift (in target 'FluidAudio' from project 'FluidAudio')

SwiftCompile normal x86_64 Compiling\ WatchPhoneBridge.swift /Users/codybontecou/projects/Voxboard/Voxboard\ Watch\ Shared/WatchPhoneBridge.swift (in target 'Voxboard Watch WidgetExtension' from project 'Voxboard')

SwiftCompile normal x86_64 /Users/codybontecou/projects/Voxboard/Voxboard\ Watch\ Shared/WatchPhoneBridge.swift (in target 'Voxboard Watch WidgetExtension' from project 'Voxboard')
    cd /Users/codybontecou/projects/Voxboard


SwiftDriverJobDiscovery normal arm64 Compiling AudioMelSpectrogram.swift, AudioSampleSource.swift, AudioSource.swift, AudioSourceFactory.swift, AudioStream.swift, MLArrayCache.swift, MLModel+Prediction.swift, MLModelConfigurationUtils.swift, ModelWarmup.swift, PerformanceMetrics.swift, ProgressEmitter.swift, StringUtils.swift, SystemInfo.swift, ZeroCopyFeatureProvider.swift, MultilingualG2PError.swift (in target 'FluidAudio' from project 'FluidAudio')

SwiftCompile normal arm64 Compiling\ WatchRecordIntent.swift /Users/codybontecou/projects/Voxboard/Voxboard\ Watch\ Widget/WatchRecordIntent.swift (in target 'Voxboard Watch WidgetExtension' from project 'Voxboard')

SwiftCompile normal arm64 /Users/codybontecou/projects/Voxboard/Voxboard\ Watch\ Widget/WatchRecordIntent.swift (in target 'Voxboard Watch WidgetExtension' from project 'Voxboard')
    cd /Users/codybontecou/projects/Voxboard


SwiftDriverJobDiscovery normal arm64 Compiling SlidingWindowAsrSession.swift, StreamingEouAsrManager.swift, NemotronChunkSize.swift, NemotronStreamingAsrManager+Pipeline.swift, NemotronStreamingAsrManager.swift, NemotronStreamingConfig.swift, ParakeetModelVariant.swift, RnntDecoder.swift, StreamingAsrEngine.swift, StreamingAsrEngineFactory.swift, Tokenizer.swift, Qwen3AsrConfig.swift, Qwen3AsrManager.swift, Qwen3AsrModels.swift, Qwen3RoPE.swift (in target 'FluidAudio' from project 'FluidAudio')

SwiftCompile normal x86_64 Compiling\ VoxboardWatchWidgetBundle.swift /Users/codybontecou/projects/Voxboard/Voxboard\ Watch\ Widget/VoxboardWatchWidgetBundle.swift (in target 'Voxboard Watch WidgetExtension' from project 'Voxboard')

SwiftCompile normal x86_64 /Users/codybontecou/projects/Voxboard/Voxboard\ Watch\ Widget/VoxboardWatchWidgetBundle.swift (in target 'Voxboard Watch WidgetExtension' from project 'Voxboard')
    cd /Users/codybontecou/projects/Voxboard


SwiftDriverJobDiscovery normal x86_64 Compiling WatchRecordIntent.swift (in target 'Voxboard Watch WidgetExtension' from project 'Voxboard')

SwiftCompile normal arm64 Compiling\ GeneratedAssetSymbols.swift /tmp/voxboard-watch-sim-derived/Build/Intermediates.noindex/Voxboard.build/Debug-watchsimulator/Voxboard\ Watch\ WidgetExtension.build/DerivedSources/GeneratedAssetSymbols.swift (in target 'Voxboard Watch WidgetExtension' from project 'Voxboard')

SwiftCompile normal arm64 /tmp/voxboard-watch-sim-derived/Build/Intermediates.noindex/Voxboard.build/Debug-watchsimulator/Voxboard\ Watch\ WidgetExtension.build/DerivedSources/GeneratedAssetSymbols.swift (in target 'Voxboard Watch WidgetExtension' from project 'Voxboard')
    cd /Users/codybontecou/projects/Voxboard


SwiftDriverJobDiscovery normal x86_64 Compiling VoxboardWatchWidgetBundle.swift (in target 'Voxboard Watch WidgetExtension' from project 'Voxboard')

SwiftCompile normal arm64 Compiling\ NoteletSheetContentView.swift /tmp/voxboard-watch-sim-derived/SourcePackages/checkouts/notelet/Sources/Notelet/NoteletSheetContentView.swift (in target 'Notelet' from project 'Notelet')
SwiftCompile normal arm64 /tmp/voxboard-watch-sim-derived/SourcePackages/checkouts/notelet/Sources/Notelet/NoteletSheetContentView.swift (in target 'Notelet' from project 'Notelet')
    cd /Users/codybontecou/projects/Voxboard/Voxboard.xcodeproj


SwiftDriverJobDiscovery normal x86_64 Compiling GeneratedAssetSymbols.swift (in target 'Voxboard Watch WidgetExtension' from project 'Voxboard')

SwiftCompile normal arm64 Compiling\ NoteletSheet.swift /tmp/voxboard-watch-sim-derived/SourcePackages/checkouts/notelet/Sources/Notelet/NoteletSheet.swift (in target 'Notelet' from project 'Notelet')

SwiftCompile normal arm64 /tmp/voxboard-watch-sim-derived/SourcePackages/checkouts/notelet/Sources/Notelet/NoteletSheet.swift (in target 'Notelet' from project 'Notelet')
    cd /Users/codybontecou/projects/Voxboard/Voxboard.xcodeproj


SwiftDriverJobDiscovery normal arm64 Compiling KokoroSynthesizer+VoiceEmbeddings.swift, KokoroSynthesizer.swift, TtsCustomLexicon.swift, PocketTtsConstantsLoader.swift, PocketTtsResourceDownloader.swift, PocketTtsModelStore.swift, PocketTtsSynthesizer+Flow.swift, PocketTtsSynthesizer+KVCache.swift, PocketTtsSynthesizer+Mimi.swift, PocketTtsSynthesizer+Types.swift, PocketTtsSynthesizer.swift, PocketTtsVoiceCloner.swift, PocketTTSError.swift, PocketTtsConstants.swift, PocketTtsManager.swift (in target 'FluidAudio' from project 'FluidAudio')

SwiftCompile normal arm64 Compiling\ MediaNoteItemImageView.swift,\ MediaNoteItemLoadState.swift /tmp/voxboard-watch-sim-derived/SourcePackages/checkouts/notelet/Sources/Notelet/MediaNoteItemImageView.swift /tmp/voxboard-watch-sim-derived/SourcePackages/checkouts/notelet/Sources/Notelet/MediaNoteItemLoadState.swift (in target 'Notelet' from project 'Notelet')

SwiftCompile normal arm64 /tmp/voxboard-watch-sim-derived/SourcePackages/checkouts/notelet/Sources/Notelet/MediaNoteItemImageView.swift (in target 'Notelet' from project 'Notelet')
    cd /Users/codybontecou/projects/Voxboard/Voxboard.xcodeproj


SwiftCompile normal arm64 /tmp/voxboard-watch-sim-derived/SourcePackages/checkouts/notelet/Sources/Notelet/MediaNoteItemLoadState.swift (in target 'Notelet' from project 'Notelet')
    cd /Users/codybontecou/projects/Voxboard/Voxboard.xcodeproj


SwiftDriverJobDiscovery normal x86_64 Compiling VoxboardWatchRecordWidget.swift (in target 'Voxboard Watch WidgetExtension' from project 'Voxboard')

SwiftCompile normal arm64 Compiling\ Helpers.swift,\ MediaNoteItemDetailsView.swift /tmp/voxboard-watch-sim-derived/SourcePackages/checkouts/notelet/Sources/Notelet/Helpers.swift /tmp/voxboard-watch-sim-derived/SourcePackages/checkouts/notelet/Sources/Notelet/MediaNoteItemDetailsView.swift (in target 'Notelet' from project 'Notelet')

SwiftCompile normal arm64 /tmp/voxboard-watch-sim-derived/SourcePackages/checkouts/notelet/Sources/Notelet/Helpers.swift (in target 'Notelet' from project 'Notelet')
    cd /Users/codybontecou/projects/Voxboard/Voxboard.xcodeproj


SwiftCompile normal arm64 /tmp/voxboard-watch-sim-derived/SourcePackages/checkouts/notelet/Sources/Notelet/MediaNoteItemDetailsView.swift (in target 'Notelet' from project 'Notelet')
    cd /Users/codybontecou/projects/Voxboard/Voxboard.xcodeproj


SwiftDriverJobDiscovery normal x86_64 Compiling WatchPhoneBridge.swift (in target 'Voxboard Watch WidgetExtension' from project 'Voxboard')

SwiftDriver\ Compilation Voxboard\ Watch\ WidgetExtension normal x86_64 com.apple.xcode.tools.swift.compiler (in target 'Voxboard Watch WidgetExtension' from project 'Voxboard')
    cd /Users/codybontecou/projects/Voxboard
    builtin-Swift-Compilation -- /Applications/Xcode.app/Contents/Developer/Toolchains/XcodeDefault.xctoolchain/usr/bin/swiftc -module-name Voxboard_Watch_WidgetExtension -Onone @/tmp/voxboard-watch-sim-derived/Build/Intermediates.noindex/Voxboard.build/Debug-watchsimulator/Voxboard\ Watch\ WidgetExtension.build/Objects-normal/x86_64/Voxboard\ Watch\ WidgetExtension.SwiftFileList -DDEBUG -enable-bare-slash-regex -enable-experimental-feature DebugDescriptionMacro -sdk /Applications/Xcode.app/Contents/Developer/Platforms/WatchSimulator.platform/Developer/SDKs/WatchSimulator26.5.sdk -target x86_64-apple-watchos10.0-simulator -g -module-cache-path /tmp/voxboard-watch-sim-derived/ModuleCache.noindex -Xfrontend -serialize-debugging-options -application-extension -enable-testing -index-store-path /tmp/voxboard-watch-sim-derived/Index.noindex/DataStore -Xcc -D_LIBCPP_HARDENING_MODE\=_LIBCPP_HARDENING_MODE_DEBUG -swift-version 5 -I /tmp/voxboard-watch-sim-derived/Build/Products/Debug-watchsimulator -F /tmp/voxboard-watch-sim-derived/Build/Products/Debug-watchsimulator -emit-localized-strings -emit-localized-strings-path /tmp/voxboard-watch-sim-derived/Build/Intermediates.noindex/Voxboard.build/Debug-watchsimulator/Voxboard\ Watch\ WidgetExtension.build/Objects-normal/x86_64 -c -j10 -enable-batch-mode -incremental -Xcc -ivfsstatcache -Xcc /tmp/voxboard-watch-sim-derived/SDKStatCaches.noindex/watchsimulator26.5-23T570-1651579a441f1322ae888f0ed545cb80.sdkstatcache -output-file-map /tmp/voxboard-watch-sim-derived/Build/Intermediates.noindex/Voxboard.build/Debug-watchsimulator/Voxboard\ Watch\ WidgetExtension.build/Objects-normal/x86_64/Voxboard\ Watch\ WidgetExtension-OutputFileMap.json -use-frontend-parseable-output -save-temps -no-color-diagnostics -explicit-module-build -module-cache-path /tmp/voxboard-watch-sim-derived/Build/Intermediates.noindex/SwiftExplicitPrecompiledModules -clang-scanner-module-cache-path /tmp/voxboard-watch-sim-derived/ModuleCache.noindex -sdk-module-cache-path /tmp/voxboard-watch-sim-derived/ModuleCache.noindex -serialize-diagnostics -emit-dependencies -emit-module -emit-module-path /tmp/voxboard-watch-sim-derived/Build/Intermediates.noindex/Voxboard.build/Debug-watchsimulator/Voxboard\ Watch\ WidgetExtension.build/Objects-normal/x86_64/Voxboard_Watch_WidgetExtension.swiftmodule -validate-clang-modules-once -clang-build-session-file /tmp/voxboard-watch-sim-derived/ModuleCache.noindex/Session.modulevalidation -Xcc -I/tmp/voxboard-watch-sim-derived/Build/Intermediates.noindex/Voxboard.build/Debug-watchsimulator/Voxboard\ Watch\ WidgetExtension.build/swift-overrides.hmap -emit-const-values -Xfrontend -const-gather-protocols-file -Xfrontend /tmp/voxboard-watch-sim-derived/Build/Intermediates.noindex/Voxboard.build/Debug-watchsimulator/Voxboard\ Watch\ WidgetExtension.build/Objects-normal/x86_64/Voxboard\ Watch\ WidgetExtension_const_extract_protocols.json -Xcc -iquote -Xcc /tmp/voxboard-watch-sim-derived/Build/Intermediates.noindex/Voxboard.build/Debug-watchsimulator/Voxboard\ Watch\ WidgetExtension.build/Voxboard\ Watch\ WidgetExtension-generated-files.hmap -Xcc -I/tmp/voxboard-watch-sim-derived/Build/Intermediates.noindex/Voxboard.build/Debug-watchsimulator/Voxboard\ Watch\ WidgetExtension.build/Voxboard\ Watch\ WidgetExtension-own-target-headers.hmap -Xcc -I/tmp/voxboard-watch-sim-derived/Build/Intermediates.noindex/Voxboard.build/Debug-watchsimulator/Voxboard\ Watch\ WidgetExtension.build/Voxboard\ Watch\ WidgetExtension-all-non-framework-target-headers.hmap -Xcc -ivfsoverlay -Xcc /tmp/voxboard-watch-sim-derived/Build/Intermediates.noindex/Voxboard.build/Debug-watchsimulator/Voxboard-8d6c3ba71b53f8320d7c577fe4b80237-VFS-watchsimulator/all-product-headers.yaml -Xcc -iquote -Xcc /tmp/voxboard-watch-sim-derived/Build/Intermediates.noindex/Voxboard.build/Debug-watchsimulator/Voxboard\ Watch\ WidgetExtension.build/Voxboard\ Watch\ WidgetExtension-project-headers.hmap -Xcc -I/tmp/voxboard-watch-sim-derived/Build/Products/Debug-watchsimulator/include -Xcc -I/tmp/voxboard-watch-sim-derived/Build/Intermediates.noindex/Voxboard.build/Debug-watchsimulator/Voxboard\ Watch\ WidgetExtension.build/DerivedSources-normal/x86_64 -Xcc -I/tmp/voxboard-watch-sim-derived/Build/Intermediates.noindex/Voxboard.build/Debug-watchsimulator/Voxboard\ Watch\ WidgetExtension.build/DerivedSources/x86_64 -Xcc -I/tmp/voxboard-watch-sim-derived/Build/Intermediates.noindex/Voxboard.build/Debug-watchsimulator/Voxboard\ Watch\ WidgetExtension.build/DerivedSources -Xcc -DDEBUG\=1 -emit-objc-header -emit-objc-header-path /tmp/voxboard-watch-sim-derived/Build/Intermediates.noindex/Voxboard.build/Debug-watchsimulator/Voxboard\ Watch\ WidgetExtension.build/Objects-normal/x86_64/Voxboard_Watch_WidgetExtension-Swift.h -working-directory /Users/codybontecou/projects/Voxboard -experimental-emit-module-separately -disable-cmo

SwiftDriverJobDiscovery normal arm64 Compiling SortformerDiarizer.swift, SortformerModelInference.swift, SortformerStateUpdater.swift, SortformerTypes.swift, DownloadUtils.swift, FluidAudioSwift.swift, TextNormalizer.swift, ModelNames.swift, ModelRegistry.swift, ANEMemoryOptimizer.swift, ANEMemoryUtils.swift, ASRConstants.swift, AppLogger.swift, AssetDownloader.swift, AudioConverter.swift (in target 'FluidAudio' from project 'FluidAudio')

SwiftCompile normal arm64 Compiling\ NoteItemView.swift /tmp/voxboard-watch-sim-derived/SourcePackages/checkouts/notelet/Sources/Notelet/NoteItemView.swift (in target 'Notelet' from project 'Notelet')

SwiftCompile normal arm64 /tmp/voxboard-watch-sim-derived/SourcePackages/checkouts/notelet/Sources/Notelet/NoteItemView.swift (in target 'Notelet' from project 'Notelet')
    cd /Users/codybontecou/projects/Voxboard/Voxboard.xcodeproj


SwiftDriverJobDiscovery normal arm64 Compiling VoxboardWatchWidgetBundle.swift (in target 'Voxboard Watch WidgetExtension' from project 'Voxboard')

SwiftCompile normal arm64 Compiling\ MediaNoteItemVideoView.swift /tmp/voxboard-watch-sim-derived/SourcePackages/checkouts/notelet/Sources/Notelet/MediaNoteItemVideoView.swift (in target 'Notelet' from project 'Notelet')

SwiftCompile normal arm64 /tmp/voxboard-watch-sim-derived/SourcePackages/checkouts/notelet/Sources/Notelet/MediaNoteItemVideoView.swift (in target 'Notelet' from project 'Notelet')
    cd /Users/codybontecou/projects/Voxboard/Voxboard.xcodeproj


SwiftCompile normal arm64 Compiling\ SafeAreaView.swift /tmp/voxboard-watch-sim-derived/SourcePackages/checkouts/notelet/Sources/Notelet/SafeAreaView.swift (in target 'Notelet' from project 'Notelet')

SwiftCompile normal arm64 /tmp/voxboard-watch-sim-derived/SourcePackages/checkouts/notelet/Sources/Notelet/SafeAreaView.swift (in target 'Notelet' from project 'Notelet')
    cd /Users/codybontecou/projects/Voxboard/Voxboard.xcodeproj


SwiftDriverJobDiscovery normal arm64 Compiling WatchRecordIntent.swift (in target 'Voxboard Watch WidgetExtension' from project 'Voxboard')

SwiftCompile normal arm64 Compiling\ Types.swift /tmp/voxboard-watch-sim-derived/SourcePackages/checkouts/notelet/Sources/Notelet/Types.swift (in target 'Notelet' from project 'Notelet')

SwiftCompile normal arm64 /tmp/voxboard-watch-sim-derived/SourcePackages/checkouts/notelet/Sources/Notelet/Types.swift (in target 'Notelet' from project 'Notelet')
    cd /Users/codybontecou/projects/Voxboard/Voxboard.xcodeproj


SwiftDriverJobDiscovery normal arm64 Compiling VoxboardWatchRecordWidget.swift (in target 'Voxboard Watch WidgetExtension' from project 'Voxboard')

SwiftCompile normal arm64 Compiling\ Storage.swift /tmp/voxboard-watch-sim-derived/SourcePackages/checkouts/notelet/Sources/Notelet/Storage.swift (in target 'Notelet' from project 'Notelet')

SwiftCompile normal arm64 /tmp/voxboard-watch-sim-derived/SourcePackages/checkouts/notelet/Sources/Notelet/Storage.swift (in target 'Notelet' from project 'Notelet')
    cd /Users/codybontecou/projects/Voxboard/Voxboard.xcodeproj


SwiftDriverJobDiscovery normal arm64 Compiling GeneratedAssetSymbols.swift (in target 'Voxboard Watch WidgetExtension' from project 'Voxboard')

SwiftDriver\ Compilation Voxboard\ Watch\ WidgetExtension normal arm64 com.apple.xcode.tools.swift.compiler (in target 'Voxboard Watch WidgetExtension' from project 'Voxboard')
    cd /Users/codybontecou/projects/Voxboard
    builtin-Swift-Compilation -- /Applications/Xcode.app/Contents/Developer/Toolchains/XcodeDefault.xctoolchain/usr/bin/swiftc -module-name Voxboard_Watch_WidgetExtension -Onone @/tmp/voxboard-watch-sim-derived/Build/Intermediates.noindex/Voxboard.build/Debug-watchsimulator/Voxboard\ Watch\ WidgetExtension.build/Objects-normal/arm64/Voxboard\ Watch\ WidgetExtension.SwiftFileList -DDEBUG -enable-bare-slash-regex -enable-experimental-feature DebugDescriptionMacro -sdk /Applications/Xcode.app/Contents/Developer/Platforms/WatchSimulator.platform/Developer/SDKs/WatchSimulator26.5.sdk -target arm64-apple-watchos10.0-simulator -g -module-cache-path /tmp/voxboard-watch-sim-derived/ModuleCache.noindex -Xfrontend -serialize-debugging-options -application-extension -enable-testing -index-store-path /tmp/voxboard-watch-sim-derived/Index.noindex/DataStore -Xcc -D_LIBCPP_HARDENING_MODE\=_LIBCPP_HARDENING_MODE_DEBUG -swift-version 5 -I /tmp/voxboard-watch-sim-derived/Build/Products/Debug-watchsimulator -F /tmp/voxboard-watch-sim-derived/Build/Products/Debug-watchsimulator -emit-localized-strings -emit-localized-strings-path /tmp/voxboard-watch-sim-derived/Build/Intermediates.noindex/Voxboard.build/Debug-watchsimulator/Voxboard\ Watch\ WidgetExtension.build/Objects-normal/arm64 -c -j10 -enable-batch-mode -incremental -Xcc -ivfsstatcache -Xcc /tmp/voxboard-watch-sim-derived/SDKStatCaches.noindex/watchsimulator26.5-23T570-1651579a441f1322ae888f0ed545cb80.sdkstatcache -output-file-map /tmp/voxboard-watch-sim-derived/Build/Intermediates.noindex/Voxboard.build/Debug-watchsimulator/Voxboard\ Watch\ WidgetExtension.build/Objects-normal/arm64/Voxboard\ Watch\ WidgetExtension-OutputFileMap.json -use-frontend-parseable-output -save-temps -no-color-diagnostics -explicit-module-build -module-cache-path /tmp/voxboard-watch-sim-derived/Build/Intermediates.noindex/SwiftExplicitPrecompiledModules -clang-scanner-module-cache-path /tmp/voxboard-watch-sim-derived/ModuleCache.noindex -sdk-module-cache-path /tmp/voxboard-watch-sim-derived/ModuleCache.noindex -serialize-diagnostics -emit-dependencies -emit-module -emit-module-path /tmp/voxboard-watch-sim-derived/Build/Intermediates.noindex/Voxboard.build/Debug-watchsimulator/Voxboard\ Watch\ WidgetExtension.build/Objects-normal/arm64/Voxboard_Watch_WidgetExtension.swiftmodule -validate-clang-modules-once -clang-build-session-file /tmp/voxboard-watch-sim-derived/ModuleCache.noindex/Session.modulevalidation -Xcc -I/tmp/voxboard-watch-sim-derived/Build/Intermediates.noindex/Voxboard.build/Debug-watchsimulator/Voxboard\ Watch\ WidgetExtension.build/swift-overrides.hmap -emit-const-values -Xfrontend -const-gather-protocols-file -Xfrontend /tmp/voxboard-watch-sim-derived/Build/Intermediates.noindex/Voxboard.build/Debug-watchsimulator/Voxboard\ Watch\ WidgetExtension.build/Objects-normal/arm64/Voxboard\ Watch\ WidgetExtension_const_extract_protocols.json -Xcc -iquote -Xcc /tmp/voxboard-watch-sim-derived/Build/Intermediates.noindex/Voxboard.build/Debug-watchsimulator/Voxboard\ Watch\ WidgetExtension.build/Voxboard\ Watch\ WidgetExtension-generated-files.hmap -Xcc -I/tmp/voxboard-watch-sim-derived/Build/Intermediates.noindex/Voxboard.build/Debug-watchsimulator/Voxboard\ Watch\ WidgetExtension.build/Voxboard\ Watch\ WidgetExtension-own-target-headers.hmap -Xcc -I/tmp/voxboard-watch-sim-derived/Build/Intermediates.noindex/Voxboard.build/Debug-watchsimulator/Voxboard\ Watch\ WidgetExtension.build/Voxboard\ Watch\ WidgetExtension-all-non-framework-target-headers.hmap -Xcc -ivfsoverlay -Xcc /tmp/voxboard-watch-sim-derived/Build/Intermediates.noindex/Voxboard.build/Debug-watchsimulator/Voxboard-8d6c3ba71b53f8320d7c577fe4b80237-VFS-watchsimulator/all-product-headers.yaml -Xcc -iquote -Xcc /tmp/voxboard-watch-sim-derived/Build/Intermediates.noindex/Voxboard.build/Debug-watchsimulator/Voxboard\ Watch\ WidgetExtension.build/Voxboard\ Watch\ WidgetExtension-project-headers.hmap -Xcc -I/tmp/voxboard-watch-sim-derived/Build/Products/Debug-watchsimulator/include -Xcc -I/tmp/voxboard-watch-sim-derived/Build/Intermediates.noindex/Voxboard.build/Debug-watchsimulator/Voxboard\ Watch\ WidgetExtension.build/DerivedSources-normal/arm64 -Xcc -I/tmp/voxboard-watch-sim-derived/Build/Intermediates.noindex/Voxboard.build/Debug-watchsimulator/Voxboard\ Watch\ WidgetExtension.build/DerivedSources/arm64 -Xcc -I/tmp/voxboard-watch-sim-derived/Build/Intermediates.noindex/Voxboard.build/Debug-watchsimulator/Voxboard\ Watch\ WidgetExtension.build/DerivedSources -Xcc -DDEBUG\=1 -emit-objc-header -emit-objc-header-path /tmp/voxboard-watch-sim-derived/Build/Intermediates.noindex/Voxboard.build/Debug-watchsimulator/Voxboard\ Watch\ WidgetExtension.build/Objects-normal/arm64/Voxboard_Watch_WidgetExtension-Swift.h -working-directory /Users/codybontecou/projects/Voxboard -experimental-emit-module-separately -disable-cmo

SwiftDriverJobDiscovery normal arm64 Compiling Storage.swift (in target 'Notelet' from project 'Notelet')

SwiftCompile normal arm64 Compiling\ BulletListNoteItemView.swift,\ Constants.swift /tmp/voxboard-watch-sim-derived/SourcePackages/checkouts/notelet/Sources/Notelet/BulletListNoteItemView.swift /tmp/voxboard-watch-sim-derived/SourcePackages/checkouts/notelet/Sources/Notelet/Constants.swift (in target 'Notelet' from project 'Notelet')

SwiftCompile normal arm64 /tmp/voxboard-watch-sim-derived/SourcePackages/checkouts/notelet/Sources/Notelet/BulletListNoteItemView.swift (in target 'Notelet' from project 'Notelet')
    cd /Users/codybontecou/projects/Voxboard/Voxboard.xcodeproj


SwiftCompile normal arm64 /tmp/voxboard-watch-sim-derived/SourcePackages/checkouts/notelet/Sources/Notelet/Constants.swift (in target 'Notelet' from project 'Notelet')
    cd /Users/codybontecou/projects/Voxboard/Voxboard.xcodeproj


SwiftDriverJobDiscovery normal arm64 Compiling KMeansClustering.swift, SpeakerCountConstraints.swift, VBxClustering.swift, OfflineDiarizerManager.swift, OfflineDiarizerModels.swift, OfflineDiarizerTypes.swift, OfflineEmbeddingExtractor.swift, PLDATransform.swift, WeightInterpolation.swift, OfflineSegmentationProcessor.swift, OfflineReconstruction.swift, VDSPOperations.swift, AudioValidation.swift, SegmentationProcessor.swift, SlidingWindow.swift (in target 'FluidAudio' from project 'FluidAudio')

SwiftCompile normal arm64 Compiling\ AsrManager.swift,\ AsrModels.swift,\ AsrTranscription.swift,\ AsrTypes.swift,\ AudioBuffer.swift,\ ChunkProcessor.swift,\ BlasIndex.swift,\ EncoderFrameView.swift,\ TdtConfig.swift,\ TdtDecoderState.swift,\ TdtDecoderV2.swift,\ TdtDecoderV3.swift,\ TdtHypothesis.swift,\ ARPALanguageModel.swift,\ CtcDecoder.swift /tmp/voxboard-watch-sim-derived/SourcePackages/checkouts/FluidAudio/Sources/FluidAudio/ASR/Parakeet/AsrManager.swift /tmp/voxboard-watch-sim-derived/SourcePackages/checkouts/FluidAudio/Sources/FluidAudio/ASR/Parakeet/AsrModels.swift /tmp/voxboard-watch-sim-derived/SourcePackages/checkouts/FluidAudio/Sources/FluidAudio/ASR/Parakeet/AsrTranscription.swift /tmp/voxboard-watch-sim-derived/SourcePackages/checkouts/FluidAudio/Sources/FluidAudio/ASR/Parakeet/AsrTypes.swift /tmp/voxboard-watch-sim-derived/SourcePackages/checkouts/FluidAudio/Sources/FluidAudio/ASR/Parakeet/AudioBuffer.swift /tmp/voxboard-watch-sim-derived/SourcePackages/checkouts/FluidAudio/Sources/FluidAudio/ASR/Parakeet/ChunkProcessor.swift /tmp/voxboard-watch-sim-derived/SourcePackages/checkouts/FluidAudio/Sources/FluidAudio/ASR/Parakeet/Decoder/BlasIndex.swift /tmp/voxboard-watch-sim-derived/SourcePackages/checkouts/FluidAudio/Sources/FluidAudio/ASR/Parakeet/Decoder/EncoderFrameView.swift /tmp/voxboard-watch-sim-derived/SourcePackages/checkouts/FluidAudio/Sources/FluidAudio/ASR/Parakeet/Decoder/TdtConfig.swift /tmp/voxboard-watch-sim-derived/SourcePackages/checkouts/FluidAudio/Sources/FluidAudio/ASR/Parakeet/Decoder/TdtDecoderState.swift /tmp/voxboard-watch-sim-derived/SourcePackages/checkouts/FluidAudio/Sources/FluidAudio/ASR/Parakeet/Decoder/TdtDecoderV2.swift /tmp/voxboard-watch-sim-derived/SourcePackages/checkouts/FluidAudio/Sources/FluidAudio/ASR/Parakeet/Decoder/TdtDecoderV3.swift /tmp/voxboard-watch-sim-derived/SourcePackages/checkouts/FluidAudio/Sources/FluidAudio/ASR/Parakeet/Decoder/TdtHypothesis.swift /tmp/voxboard-watch-sim-derived/SourcePackages/checkouts/FluidAudio/Sources/FluidAudio/ASR/Parakeet/SlidingWindow/CTC/ARPALanguageModel.swift /tmp/voxboard-watch-sim-derived/SourcePackages/checkouts/FluidAudio/Sources/FluidAudio/ASR/Parakeet/SlidingWindow/CTC/CtcDecoder.swift (in target 'FluidAudio' from project 'FluidAudio')
SwiftCompile normal arm64 /tmp/voxboard-watch-sim-derived/SourcePackages/checkouts/FluidAudio/Sources/FluidAudio/ASR/Parakeet/AsrManager.swift (in target 'FluidAudio' from project 'FluidAudio')
    cd /Users/codybontecou/projects/Voxboard/Voxboard.xcodeproj


SwiftCompile normal arm64 /tmp/voxboard-watch-sim-derived/SourcePackages/checkouts/FluidAudio/Sources/FluidAudio/ASR/Parakeet/AsrModels.swift (in target 'FluidAudio' from project 'FluidAudio')
    cd /Users/codybontecou/projects/Voxboard/Voxboard.xcodeproj


SwiftCompile normal arm64 /tmp/voxboard-watch-sim-derived/SourcePackages/checkouts/FluidAudio/Sources/FluidAudio/ASR/Parakeet/AsrTranscription.swift (in target 'FluidAudio' from project 'FluidAudio')
    cd /Users/codybontecou/projects/Voxboard/Voxboard.xcodeproj


SwiftCompile normal arm64 /tmp/voxboard-watch-sim-derived/SourcePackages/checkouts/FluidAudio/Sources/FluidAudio/ASR/Parakeet/AsrTypes.swift (in target 'FluidAudio' from project 'FluidAudio')
    cd /Users/codybontecou/projects/Voxboard/Voxboard.xcodeproj


SwiftCompile normal arm64 /tmp/voxboard-watch-sim-derived/SourcePackages/checkouts/FluidAudio/Sources/FluidAudio/ASR/Parakeet/AudioBuffer.swift (in target 'FluidAudio' from project 'FluidAudio')
    cd /Users/codybontecou/projects/Voxboard/Voxboard.xcodeproj


SwiftCompile normal arm64 /tmp/voxboard-watch-sim-derived/SourcePackages/checkouts/FluidAudio/Sources/FluidAudio/ASR/Parakeet/ChunkProcessor.swift (in target 'FluidAudio' from project 'FluidAudio')
    cd /Users/codybontecou/projects/Voxboard/Voxboard.xcodeproj


SwiftCompile normal arm64 /tmp/voxboard-watch-sim-derived/SourcePackages/checkouts/FluidAudio/Sources/FluidAudio/ASR/Parakeet/Decoder/BlasIndex.swift (in target 'FluidAudio' from project 'FluidAudio')
    cd /Users/codybontecou/projects/Voxboard/Voxboard.xcodeproj


SwiftCompile normal arm64 /tmp/voxboard-watch-sim-derived/SourcePackages/checkouts/FluidAudio/Sources/FluidAudio/ASR/Parakeet/Decoder/EncoderFrameView.swift (in target 'FluidAudio' from project 'FluidAudio')
    cd /Users/codybontecou/projects/Voxboard/Voxboard.xcodeproj


SwiftCompile normal arm64 /tmp/voxboard-watch-sim-derived/SourcePackages/checkouts/FluidAudio/Sources/FluidAudio/ASR/Parakeet/Decoder/TdtConfig.swift (in target 'FluidAudio' from project 'FluidAudio')
    cd /Users/codybontecou/projects/Voxboard/Voxboard.xcodeproj


SwiftCompile normal arm64 /tmp/voxboard-watch-sim-derived/SourcePackages/checkouts/FluidAudio/Sources/FluidAudio/ASR/Parakeet/Decoder/TdtDecoderState.swift (in target 'FluidAudio' from project 'FluidAudio')
    cd /Users/codybontecou/projects/Voxboard/Voxboard.xcodeproj


SwiftCompile normal arm64 /tmp/voxboard-watch-sim-derived/SourcePackages/checkouts/FluidAudio/Sources/FluidAudio/ASR/Parakeet/Decoder/TdtDecoderV2.swift (in target 'FluidAudio' from project 'FluidAudio')
    cd /Users/codybontecou/projects/Voxboard/Voxboard.xcodeproj


SwiftCompile normal arm64 /tmp/voxboard-watch-sim-derived/SourcePackages/checkouts/FluidAudio/Sources/FluidAudio/ASR/Parakeet/Decoder/TdtDecoderV3.swift (in target 'FluidAudio' from project 'FluidAudio')
    cd /Users/codybontecou/projects/Voxboard/Voxboard.xcodeproj


SwiftCompile normal arm64 /tmp/voxboard-watch-sim-derived/SourcePackages/checkouts/FluidAudio/Sources/FluidAudio/ASR/Parakeet/Decoder/TdtHypothesis.swift (in target 'FluidAudio' from project 'FluidAudio')
    cd /Users/codybontecou/projects/Voxboard/Voxboard.xcodeproj


SwiftCompile normal arm64 /tmp/voxboard-watch-sim-derived/SourcePackages/checkouts/FluidAudio/Sources/FluidAudio/ASR/Parakeet/SlidingWindow/CTC/ARPALanguageModel.swift (in target 'FluidAudio' from project 'FluidAudio')
    cd /Users/codybontecou/projects/Voxboard/Voxboard.xcodeproj


SwiftCompile normal arm64 /tmp/voxboard-watch-sim-derived/SourcePackages/checkouts/FluidAudio/Sources/FluidAudio/ASR/Parakeet/SlidingWindow/CTC/CtcDecoder.swift (in target 'FluidAudio' from project 'FluidAudio')
    cd /Users/codybontecou/projects/Voxboard/Voxboard.xcodeproj


SwiftDriverJobDiscovery normal arm64 Compiling MediaNoteItemImageView.swift, MediaNoteItemLoadState.swift (in target 'Notelet' from project 'Notelet')

SwiftDriverJobDiscovery normal arm64 Compiling Helpers.swift, MediaNoteItemDetailsView.swift (in target 'Notelet' from project 'Notelet')

SwiftCompile normal arm64 Compiling\ SentencePieceProto.swift,\ SentencePieceTokenizer.swift,\ SSMLProcessor.swift,\ SSMLTagParser.swift,\ SSMLTypes.swift,\ SayAsInterpreter.swift,\ AudioPostProcessor.swift,\ TtsBackend.swift,\ TtsConstants.swift,\ TtsModels.swift,\ VadManager+SpeechSegmentation.swift,\ VadManager+Streaming.swift,\ VadManager.swift,\ VadTypes.swift /tmp/voxboard-watch-sim-derived/SourcePackages/checkouts/FluidAudio/Sources/FluidAudio/TTS/PocketTTS/Tokenizer/SentencePieceProto.swift /tmp/voxboard-watch-sim-derived/SourcePackages/checkouts/FluidAudio/Sources/FluidAudio/TTS/PocketTTS/Tokenizer/SentencePieceTokenizer.swift /tmp/voxboard-watch-sim-derived/SourcePackages/checkouts/FluidAudio/Sources/FluidAudio/TTS/SSML/SSMLProcessor.swift /tmp/voxboard-watch-sim-derived/SourcePackages/checkouts/FluidAudio/Sources/FluidAudio/TTS/SSML/SSMLTagParser.swift /tmp/voxboard-watch-sim-derived/SourcePackages/checkouts/FluidAudio/Sources/FluidAudio/TTS/SSML/SSMLTypes.swift /tmp/voxboard-watch-sim-derived/SourcePackages/checkouts/FluidAudio/Sources/FluidAudio/TTS/SSML/SayAsInterpreter.swift /tmp/voxboard-watch-sim-derived/SourcePackages/checkouts/FluidAudio/Sources/FluidAudio/TTS/Shared/AudioPostProcessor.swift /tmp/voxboard-watch-sim-derived/SourcePackages/checkouts/FluidAudio/Sources/FluidAudio/TTS/TtsBackend.swift /tmp/voxboard-watch-sim-derived/SourcePackages/checkouts/FluidAudio/Sources/FluidAudio/TTS/TtsConstants.swift /tmp/voxboard-watch-sim-derived/SourcePackages/checkouts/FluidAudio/Sources/FluidAudio/TTS/TtsModels.swift /tmp/voxboard-watch-sim-derived/SourcePackages/checkouts/FluidAudio/Sources/FluidAudio/VAD/VadManager+SpeechSegmentation.swift /tmp/voxboard-watch-sim-derived/SourcePackages/checkouts/FluidAudio/Sources/FluidAudio/VAD/VadManager+Streaming.swift /tmp/voxboard-watch-sim-derived/SourcePackages/checkouts/FluidAudio/Sources/FluidAudio/VAD/VadManager.swift /tmp/voxboard-watch-sim-derived/SourcePackages/checkouts/FluidAudio/Sources/FluidAudio/VAD/VadTypes.swift (in target 'FluidAudio' from project 'FluidAudio')

SwiftCompile normal arm64 /tmp/voxboard-watch-sim-derived/SourcePackages/checkouts/FluidAudio/Sources/FluidAudio/TTS/PocketTTS/Tokenizer/SentencePieceProto.swift (in target 'FluidAudio' from project 'FluidAudio')
    cd /Users/codybontecou/projects/Voxboard/Voxboard.xcodeproj


SwiftCompile normal arm64 /tmp/voxboard-watch-sim-derived/SourcePackages/checkouts/FluidAudio/Sources/FluidAudio/TTS/PocketTTS/Tokenizer/SentencePieceTokenizer.swift (in target 'FluidAudio' from project 'FluidAudio')
    cd /Users/codybontecou/projects/Voxboard/Voxboard.xcodeproj


SwiftCompile normal arm64 /tmp/voxboard-watch-sim-derived/SourcePackages/checkouts/FluidAudio/Sources/FluidAudio/TTS/SSML/SSMLProcessor.swift (in target 'FluidAudio' from project 'FluidAudio')
    cd /Users/codybontecou/projects/Voxboard/Voxboard.xcodeproj


SwiftCompile normal arm64 /tmp/voxboard-watch-sim-derived/SourcePackages/checkouts/FluidAudio/Sources/FluidAudio/TTS/SSML/SSMLTagParser.swift (in target 'FluidAudio' from project 'FluidAudio')
    cd /Users/codybontecou/projects/Voxboard/Voxboard.xcodeproj


SwiftCompile normal arm64 /tmp/voxboard-watch-sim-derived/SourcePackages/checkouts/FluidAudio/Sources/FluidAudio/TTS/SSML/SSMLTypes.swift (in target 'FluidAudio' from project 'FluidAudio')
    cd /Users/codybontecou/projects/Voxboard/Voxboard.xcodeproj


SwiftCompile normal arm64 /tmp/voxboard-watch-sim-derived/SourcePackages/checkouts/FluidAudio/Sources/FluidAudio/TTS/SSML/SayAsInterpreter.swift (in target 'FluidAudio' from project 'FluidAudio')
    cd /Users/codybontecou/projects/Voxboard/Voxboard.xcodeproj


SwiftCompile normal arm64 /tmp/voxboard-watch-sim-derived/SourcePackages/checkouts/FluidAudio/Sources/FluidAudio/TTS/Shared/AudioPostProcessor.swift (in target 'FluidAudio' from project 'FluidAudio')
    cd /Users/codybontecou/projects/Voxboard/Voxboard.xcodeproj


SwiftCompile normal arm64 /tmp/voxboard-watch-sim-derived/SourcePackages/checkouts/FluidAudio/Sources/FluidAudio/TTS/TtsBackend.swift (in target 'FluidAudio' from project 'FluidAudio')
    cd /Users/codybontecou/projects/Voxboard/Voxboard.xcodeproj


SwiftCompile normal arm64 /tmp/voxboard-watch-sim-derived/SourcePackages/checkouts/FluidAudio/Sources/FluidAudio/TTS/TtsConstants.swift (in target 'FluidAudio' from project 'FluidAudio')
    cd /Users/codybontecou/projects/Voxboard/Voxboard.xcodeproj


SwiftCompile normal arm64 /tmp/voxboard-watch-sim-derived/SourcePackages/checkouts/FluidAudio/Sources/FluidAudio/TTS/TtsModels.swift (in target 'FluidAudio' from project 'FluidAudio')
    cd /Users/codybontecou/projects/Voxboard/Voxboard.xcodeproj


SwiftCompile normal arm64 /tmp/voxboard-watch-sim-derived/SourcePackages/checkouts/FluidAudio/Sources/FluidAudio/VAD/VadManager+SpeechSegmentation.swift (in target 'FluidAudio' from project 'FluidAudio')
    cd /Users/codybontecou/projects/Voxboard/Voxboard.xcodeproj


SwiftCompile normal arm64 /tmp/voxboard-watch-sim-derived/SourcePackages/checkouts/FluidAudio/Sources/FluidAudio/VAD/VadManager+Streaming.swift (in target 'FluidAudio' from project 'FluidAudio')
    cd /Users/codybontecou/projects/Voxboard/Voxboard.xcodeproj


SwiftCompile normal arm64 /tmp/voxboard-watch-sim-derived/SourcePackages/checkouts/FluidAudio/Sources/FluidAudio/VAD/VadManager.swift (in target 'FluidAudio' from project 'FluidAudio')
    cd /Users/codybontecou/projects/Voxboard/Voxboard.xcodeproj


SwiftCompile normal arm64 /tmp/voxboard-watch-sim-derived/SourcePackages/checkouts/FluidAudio/Sources/FluidAudio/VAD/VadTypes.swift (in target 'FluidAudio' from project 'FluidAudio')
    cd /Users/codybontecou/projects/Voxboard/Voxboard.xcodeproj


SwiftCompile normal arm64 Compiling\ Qwen3StreamingManager.swift,\ WhisperMelSpectrogram.swift,\ SpeakerManager.swift,\ SpeakerOperations.swift,\ SpeakerTypes.swift,\ DiarizerManager.swift,\ DiarizerModels.swift,\ DiarizerTypes.swift,\ DiarizerTimeline.swift,\ EmbeddingExtractor.swift,\ LSEENDDatatypes.swift,\ LSEENDDiarizer.swift,\ LSEENDModelInference.swift,\ LSEENDPreprocessor.swift,\ AHCClustering.swift /tmp/voxboard-watch-sim-derived/SourcePackages/checkouts/FluidAudio/Sources/FluidAudio/ASR/Qwen3/Qwen3StreamingManager.swift /tmp/voxboard-watch-sim-derived/SourcePackages/checkouts/FluidAudio/Sources/FluidAudio/ASR/Qwen3/WhisperMelSpectrogram.swift /tmp/voxboard-watch-sim-derived/SourcePackages/checkouts/FluidAudio/Sources/FluidAudio/Diarizer/Clustering/SpeakerManager.swift /tmp/voxboard-watch-sim-derived/SourcePackages/checkouts/FluidAudio/Sources/FluidAudio/Diarizer/Clustering/SpeakerOperations.swift /tmp/voxboard-watch-sim-derived/SourcePackages/checkouts/FluidAudio/Sources/FluidAudio/Diarizer/Clustering/SpeakerTypes.swift /tmp/voxboard-watch-sim-derived/SourcePackages/checkouts/FluidAudio/Sources/FluidAudio/Diarizer/Core/DiarizerManager.swift /tmp/voxboard-watch-sim-derived/SourcePackages/checkouts/FluidAudio/Sources/FluidAudio/Diarizer/Core/DiarizerModels.swift /tmp/voxboard-watch-sim-derived/SourcePackages/checkouts/FluidAudio/Sources/FluidAudio/Diarizer/Core/DiarizerTypes.swift /tmp/voxboard-watch-sim-derived/SourcePackages/checkouts/FluidAudio/Sources/FluidAudio/Diarizer/DiarizerTimeline.swift /tmp/voxboard-watch-sim-derived/SourcePackages/checkouts/FluidAudio/Sources/FluidAudio/Diarizer/Extraction/EmbeddingExtractor.swift /tmp/voxboard-watch-sim-derived/SourcePackages/checkouts/FluidAudio/Sources/FluidAudio/Diarizer/LS-EEND/LSEENDDatatypes.swift /tmp/voxboard-watch-sim-derived/SourcePackages/checkouts/FluidAudio/Sources/FluidAudio/Diarizer/LS-EEND/LSEENDDiarizer.swift /tmp/voxboard-watch-sim-derived/SourcePackages/checkouts/FluidAudio/Sources/FluidAudio/Diarizer/LS-EEND/LSEENDModelInference.swift /tmp/voxboard-watch-sim-derived/SourcePackages/checkouts/FluidAudio/Sources/FluidAudio/Diarizer/LS-EEND/LSEENDPreprocessor.swift /tmp/voxboard-watch-sim-derived/SourcePackages/checkouts/FluidAudio/Sources/FluidAudio/Diarizer/Offline/Clustering/AHCClustering.swift (in target 'FluidAudio' from project 'FluidAudio')
SwiftCompile normal arm64 /tmp/voxboard-watch-sim-derived/SourcePackages/checkouts/FluidAudio/Sources/FluidAudio/ASR/Qwen3/Qwen3StreamingManager.swift (in target 'FluidAudio' from project 'FluidAudio')
    cd /Users/codybontecou/projects/Voxboard/Voxboard.xcodeproj


SwiftCompile normal arm64 /tmp/voxboard-watch-sim-derived/SourcePackages/checkouts/FluidAudio/Sources/FluidAudio/ASR/Qwen3/WhisperMelSpectrogram.swift (in target 'FluidAudio' from project 'FluidAudio')
    cd /Users/codybontecou/projects/Voxboard/Voxboard.xcodeproj


SwiftCompile normal arm64 /tmp/voxboard-watch-sim-derived/SourcePackages/checkouts/FluidAudio/Sources/FluidAudio/Diarizer/Clustering/SpeakerManager.swift (in target 'FluidAudio' from project 'FluidAudio')
    cd /Users/codybontecou/projects/Voxboard/Voxboard.xcodeproj


SwiftCompile normal arm64 /tmp/voxboard-watch-sim-derived/SourcePackages/checkouts/FluidAudio/Sources/FluidAudio/Diarizer/Clustering/SpeakerOperations.swift (in target 'FluidAudio' from project 'FluidAudio')
    cd /Users/codybontecou/projects/Voxboard/Voxboard.xcodeproj


SwiftCompile normal arm64 /tmp/voxboard-watch-sim-derived/SourcePackages/checkouts/FluidAudio/Sources/FluidAudio/Diarizer/Clustering/SpeakerTypes.swift (in target 'FluidAudio' from project 'FluidAudio')
    cd /Users/codybontecou/projects/Voxboard/Voxboard.xcodeproj


SwiftCompile normal arm64 /tmp/voxboard-watch-sim-derived/SourcePackages/checkouts/FluidAudio/Sources/FluidAudio/Diarizer/Core/DiarizerManager.swift (in target 'FluidAudio' from project 'FluidAudio')
    cd /Users/codybontecou/projects/Voxboard/Voxboard.xcodeproj


SwiftCompile normal arm64 /tmp/voxboard-watch-sim-derived/SourcePackages/checkouts/FluidAudio/Sources/FluidAudio/Diarizer/Core/DiarizerModels.swift (in target 'FluidAudio' from project 'FluidAudio')
    cd /Users/codybontecou/projects/Voxboard/Voxboard.xcodeproj


SwiftCompile normal arm64 /tmp/voxboard-watch-sim-derived/SourcePackages/checkouts/FluidAudio/Sources/FluidAudio/Diarizer/Core/DiarizerTypes.swift (in target 'FluidAudio' from project 'FluidAudio')
    cd /Users/codybontecou/projects/Voxboard/Voxboard.xcodeproj


SwiftCompile normal arm64 /tmp/voxboard-watch-sim-derived/SourcePackages/checkouts/FluidAudio/Sources/FluidAudio/Diarizer/DiarizerTimeline.swift (in target 'FluidAudio' from project 'FluidAudio')
    cd /Users/codybontecou/projects/Voxboard/Voxboard.xcodeproj


SwiftCompile normal arm64 /tmp/voxboard-watch-sim-derived/SourcePackages/checkouts/FluidAudio/Sources/FluidAudio/Diarizer/Extraction/EmbeddingExtractor.swift (in target 'FluidAudio' from project 'FluidAudio')
    cd /Users/codybontecou/projects/Voxboard/Voxboard.xcodeproj


SwiftCompile normal arm64 /tmp/voxboard-watch-sim-derived/SourcePackages/checkouts/FluidAudio/Sources/FluidAudio/Diarizer/LS-EEND/LSEENDDatatypes.swift (in target 'FluidAudio' from project 'FluidAudio')
    cd /Users/codybontecou/projects/Voxboard/Voxboard.xcodeproj


SwiftCompile normal arm64 /tmp/voxboard-watch-sim-derived/SourcePackages/checkouts/FluidAudio/Sources/FluidAudio/Diarizer/LS-EEND/LSEENDDiarizer.swift (in target 'FluidAudio' from project 'FluidAudio')
    cd /Users/codybontecou/projects/Voxboard/Voxboard.xcodeproj


SwiftCompile normal arm64 /tmp/voxboard-watch-sim-derived/SourcePackages/checkouts/FluidAudio/Sources/FluidAudio/Diarizer/LS-EEND/LSEENDModelInference.swift (in target 'FluidAudio' from project 'FluidAudio')
    cd /Users/codybontecou/projects/Voxboard/Voxboard.xcodeproj


SwiftCompile normal arm64 /tmp/voxboard-watch-sim-derived/SourcePackages/checkouts/FluidAudio/Sources/FluidAudio/Diarizer/LS-EEND/LSEENDPreprocessor.swift (in target 'FluidAudio' from project 'FluidAudio')
    cd /Users/codybontecou/projects/Voxboard/Voxboard.xcodeproj


SwiftCompile normal arm64 /tmp/voxboard-watch-sim-derived/SourcePackages/checkouts/FluidAudio/Sources/FluidAudio/Diarizer/Offline/Clustering/AHCClustering.swift (in target 'FluidAudio' from project 'FluidAudio')
    cd /Users/codybontecou/projects/Voxboard/Voxboard.xcodeproj


SwiftDriverJobDiscovery normal arm64 Compiling BulletListNoteItemView.swift, Constants.swift (in target 'Notelet' from project 'Notelet')

ProcessProductPackaging /Users/codybontecou/projects/Voxboard/Voxboard\ Watch/VoxboardWatch.entitlements /tmp/voxboard-watch-sim-derived/Build/Intermediates.noindex/Voxboard.build/Debug-watchsimulator/Voxboard\ Watch.build/Voxboard\ Watch.app.xcent (in target 'Voxboard Watch' from project 'Voxboard')
    cd /Users/codybontecou/projects/Voxboard

    Entitlements:

    {
}

    builtin-productPackagingUtility /Users/codybontecou/projects/Voxboard/Voxboard\ Watch/VoxboardWatch.entitlements -entitlements -format xml -o /tmp/voxboard-watch-sim-derived/Build/Intermediates.noindex/Voxboard.build/Debug-watchsimulator/Voxboard\ Watch.build/Voxboard\ Watch.app.xcent

ProcessProductPackagingDER /tmp/voxboard-watch-sim-derived/Build/Intermediates.noindex/Voxboard.build/Debug-watchsimulator/Voxboard\ Watch.build/Voxboard\ Watch.app.xcent /tmp/voxboard-watch-sim-derived/Build/Intermediates.noindex/Voxboard.build/Debug-watchsimulator/Voxboard\ Watch.build/Voxboard\ Watch.app.xcent.der (in target 'Voxboard Watch' from project 'Voxboard')
    cd /Users/codybontecou/projects/Voxboard
    /usr/bin/derq query -f xml -i /tmp/voxboard-watch-sim-derived/Build/Intermediates.noindex/Voxboard.build/Debug-watchsimulator/Voxboard\ Watch.build/Voxboard\ Watch.app.xcent -o /tmp/voxboard-watch-sim-derived/Build/Intermediates.noindex/Voxboard.build/Debug-watchsimulator/Voxboard\ Watch.build/Voxboard\ Watch.app.xcent.der --raw

ProcessProductPackaging /Users/codybontecou/projects/Voxboard/Voxboard\ Watch/VoxboardWatch.entitlements /tmp/voxboard-watch-sim-derived/Build/Intermediates.noindex/Voxboard.build/Debug-watchsimulator/Voxboard\ Watch.build/Voxboard\ Watch.app-Simulated.xcent (in target 'Voxboard Watch' from project 'Voxboard')
    cd /Users/codybontecou/projects/Voxboard

    Entitlements:

    {
    "application-identifier" = "67KC823C9A.bontecou.Voxboard.watchkitapp";
    "com.apple.security.application-groups" =     (
        "group.bontecou.Voxboard"
    );
}

    builtin-productPackagingUtility /Users/codybontecou/projects/Voxboard/Voxboard\ Watch/VoxboardWatch.entitlements -entitlements -format xml -o /tmp/voxboard-watch-sim-derived/Build/Intermediates.noindex/Voxboard.build/Debug-watchsimulator/Voxboard\ Watch.build/Voxboard\ Watch.app-Simulated.xcent

SwiftDriverJobDiscovery normal arm64 Compiling NoteletSheet.swift (in target 'Notelet' from project 'Notelet')

ProcessProductPackagingDER /tmp/voxboard-watch-sim-derived/Build/Intermediates.noindex/Voxboard.build/Debug-watchsimulator/Voxboard\ Watch.build/Voxboard\ Watch.app-Simulated.xcent /tmp/voxboard-watch-sim-derived/Build/Intermediates.noindex/Voxboard.build/Debug-watchsimulator/Voxboard\ Watch.build/Voxboard\ Watch.app-Simulated.xcent.der (in target 'Voxboard Watch' from project 'Voxboard')
    cd /Users/codybontecou/projects/Voxboard
    /usr/bin/derq query -f xml -i /tmp/voxboard-watch-sim-derived/Build/Intermediates.noindex/Voxboard.build/Debug-watchsimulator/Voxboard\ Watch.build/Voxboard\ Watch.app-Simulated.xcent -o /tmp/voxboard-watch-sim-derived/Build/Intermediates.noindex/Voxboard.build/Debug-watchsimulator/Voxboard\ Watch.build/Voxboard\ Watch.app-Simulated.xcent.der --raw

Ld /tmp/voxboard-watch-sim-derived/Build/Intermediates.noindex/Voxboard.build/Debug-watchsimulator/Voxboard\ Watch\ WidgetExtension.build/Objects-normal/arm64/Binary/Voxboard\ Watch\ WidgetExtension.debug.dylib normal arm64 (in target 'Voxboard Watch WidgetExtension' from project 'Voxboard')
    cd /Users/codybontecou/projects/Voxboard
    /Applications/Xcode.app/Contents/Developer/Toolchains/XcodeDefault.xctoolchain/usr/bin/clang -Xlinker -reproducible -target arm64-apple-watchos10.0-simulator -dynamiclib -isysroot /Applications/Xcode.app/Contents/Developer/Platforms/WatchSimulator.platform/Developer/SDKs/WatchSimulator26.5.sdk -O0 -L/tmp/voxboard-watch-sim-derived/Build/Intermediates.noindex/EagerLinkingTBDs/Debug-watchsimulator -L/tmp/voxboard-watch-sim-derived/Build/Products/Debug-watchsimulator -F/tmp/voxboard-watch-sim-derived/Build/Intermediates.noindex/EagerLinkingTBDs/Debug-watchsimulator -F/tmp/voxboard-watch-sim-derived/Build/Products/Debug-watchsimulator -filelist /tmp/voxboard-watch-sim-derived/Build/Intermediates.noindex/Voxboard.build/Debug-watchsimulator/Voxboard\ Watch\ WidgetExtension.build/Objects-normal/arm64/Voxboard\ Watch\ WidgetExtension.LinkFileList -install_name @rpath/Voxboard\ Watch\ WidgetExtension.debug.dylib -Xlinker -rpath -Xlinker /usr/lib/swift -Xlinker -rpath -Xlinker @executable_path/Frameworks -Xlinker -rpath -Xlinker @executable_path/../../Frameworks -Xlinker -dead_strip -Xlinker -object_path_lto -Xlinker /tmp/voxboard-watch-sim-derived/Build/Intermediates.noindex/Voxboard.build/Debug-watchsimulator/Voxboard\ Watch\ WidgetExtension.build/Objects-normal/arm64/Voxboard\ Watch\ WidgetExtension_lto.o -rdynamic -Xlinker -no_deduplicate -Xlinker -objc_abi_version -Xlinker 2 -Xlinker -dependency_info -Xlinker /tmp/voxboard-watch-sim-derived/Build/Intermediates.noindex/Voxboard.build/Debug-watchsimulator/Voxboard\ Watch\ WidgetExtension.build/Objects-normal/arm64/Voxboard\ Watch\ WidgetExtension_dependency_info.dat -fapplication-extension -fobjc-link-runtime -L/Applications/Xcode.app/Contents/Developer/Toolchains/XcodeDefault.xctoolchain/usr/lib/swift/watchsimulator -L/usr/lib/swift -Xlinker -add_ast_path -Xlinker /tmp/voxboard-watch-sim-derived/Build/Intermediates.noindex/Voxboard.build/Debug-watchsimulator/Voxboard\ Watch\ WidgetExtension.build/Objects-normal/arm64/Voxboard_Watch_WidgetExtension.swiftmodule @/tmp/voxboard-watch-sim-derived/Build/Intermediates.noindex/Voxboard.build/Debug-watchsimulator/Voxboard\ Watch\ WidgetExtension.build/Objects-normal/arm64/Voxboard_Watch_WidgetExtension-linker-args.resp -Xlinker -alias -Xlinker _NSExtensionMain -Xlinker ___debug_main_executable_dylib_entry_point -framework SwiftUI -framework WidgetKit -framework AppIntents -framework WatchConnectivity -Xlinker -no_adhoc_codesign -o /tmp/voxboard-watch-sim-derived/Build/Intermediates.noindex/Voxboard.build/Debug-watchsimulator/Voxboard\ Watch\ WidgetExtension.build/Objects-normal/arm64/Binary/Voxboard\ Watch\ WidgetExtension.debug.dylib

Ld /tmp/voxboard-watch-sim-derived/Build/Intermediates.noindex/Voxboard.build/Debug-watchsimulator/Voxboard\ Watch\ WidgetExtension.build/Objects-normal/x86_64/Binary/Voxboard\ Watch\ WidgetExtension.debug.dylib normal x86_64 (in target 'Voxboard Watch WidgetExtension' from project 'Voxboard')
    cd /Users/codybontecou/projects/Voxboard
    /Applications/Xcode.app/Contents/Developer/Toolchains/XcodeDefault.xctoolchain/usr/bin/clang -Xlinker -reproducible -target x86_64-apple-watchos10.0-simulator -dynamiclib -isysroot /Applications/Xcode.app/Contents/Developer/Platforms/WatchSimulator.platform/Developer/SDKs/WatchSimulator26.5.sdk -O0 -L/tmp/voxboard-watch-sim-derived/Build/Intermediates.noindex/EagerLinkingTBDs/Debug-watchsimulator -L/tmp/voxboard-watch-sim-derived/Build/Products/Debug-watchsimulator -F/tmp/voxboard-watch-sim-derived/Build/Intermediates.noindex/EagerLinkingTBDs/Debug-watchsimulator -F/tmp/voxboard-watch-sim-derived/Build/Products/Debug-watchsimulator -filelist /tmp/voxboard-watch-sim-derived/Build/Intermediates.noindex/Voxboard.build/Debug-watchsimulator/Voxboard\ Watch\ WidgetExtension.build/Objects-normal/x86_64/Voxboard\ Watch\ WidgetExtension.LinkFileList -install_name @rpath/Voxboard\ Watch\ WidgetExtension.debug.dylib -Xlinker -rpath -Xlinker /usr/lib/swift -Xlinker -rpath -Xlinker @executable_path/Frameworks -Xlinker -rpath -Xlinker @executable_path/../../Frameworks -Xlinker -dead_strip -Xlinker -object_path_lto -Xlinker /tmp/voxboard-watch-sim-derived/Build/Intermediates.noindex/Voxboard.build/Debug-watchsimulator/Voxboard\ Watch\ WidgetExtension.build/Objects-normal/x86_64/Voxboard\ Watch\ WidgetExtension_lto.o -rdynamic -Xlinker -no_deduplicate -Xlinker -objc_abi_version -Xlinker 2 -Xlinker -dependency_info -Xlinker /tmp/voxboard-watch-sim-derived/Build/Intermediates.noindex/Voxboard.build/Debug-watchsimulator/Voxboard\ Watch\ WidgetExtension.build/Objects-normal/x86_64/Voxboard\ Watch\ WidgetExtension_dependency_info.dat -fapplication-extension -fobjc-link-runtime -L/Applications/Xcode.app/Contents/Developer/Toolchains/XcodeDefault.xctoolchain/usr/lib/swift/watchsimulator -L/usr/lib/swift -Xlinker -add_ast_path -Xlinker /tmp/voxboard-watch-sim-derived/Build/Intermediates.noindex/Voxboard.build/Debug-watchsimulator/Voxboard\ Watch\ WidgetExtension.build/Objects-normal/x86_64/Voxboard_Watch_WidgetExtension.swiftmodule @/tmp/voxboard-watch-sim-derived/Build/Intermediates.noindex/Voxboard.build/Debug-watchsimulator/Voxboard\ Watch\ WidgetExtension.build/Objects-normal/x86_64/Voxboard_Watch_WidgetExtension-linker-args.resp -Xlinker -alias -Xlinker _NSExtensionMain -Xlinker ___debug_main_executable_dylib_entry_point -framework SwiftUI -framework WidgetKit -framework AppIntents -framework WatchConnectivity -Xlinker -no_adhoc_codesign -o /tmp/voxboard-watch-sim-derived/Build/Intermediates.noindex/Voxboard.build/Debug-watchsimulator/Voxboard\ Watch\ WidgetExtension.build/Objects-normal/x86_64/Binary/Voxboard\ Watch\ WidgetExtension.debug.dylib

SwiftDriverJobDiscovery normal arm64 Compiling SafeAreaView.swift (in target 'Notelet' from project 'Notelet')

SwiftDriver VoxboardShared normal arm64 com.apple.xcode.tools.swift.compiler (in target 'VoxboardShared' from project 'VoxboardShared')
    cd /Users/codybontecou/projects/Voxboard/Voxboard.xcodeproj
    builtin-SwiftDriver -- /Applications/Xcode.app/Contents/Developer/Toolchains/XcodeDefault.xctoolchain/usr/bin/swiftc -module-name VoxboardShared -Onone @/tmp/voxboard-watch-sim-derived/Build/Intermediates.noindex/VoxboardShared.build/Debug-iphonesimulator/VoxboardShared.build/Objects-normal/arm64/VoxboardShared.SwiftFileList -DSWIFT_PACKAGE -DDEBUG -DSWIFT_MODULE_RESOURCE_BUNDLE_UNAVAILABLE -DXcode -plugin-path /Applications/Xcode.app/Contents/Developer/Toolchains/XcodeDefault.xctoolchain/usr/lib/swift/host/plugins/testing -enable-experimental-feature DebugDescriptionMacro -sdk /Applications/Xcode.app/Contents/Developer/Platforms/iPhoneSimulator.platform/Developer/SDKs/iPhoneSimulator26.5.sdk -target arm64-apple-ios17.0-simulator -g -module-cache-path /tmp/voxboard-watch-sim-derived/ModuleCache.noindex -Xfrontend -serialize-debugging-options -enable-testing -suppress-warnings -index-store-path /tmp/voxboard-watch-sim-derived/Index.noindex/DataStore -Xcc -D_LIBCPP_HARDENING_MODE\=_LIBCPP_HARDENING_MODE_DEBUG -swift-version 5 -I /tmp/voxboard-watch-sim-derived/Build/Products/Debug-iphonesimulator -Isystem /Applications/Xcode.app/Contents/Developer/Platforms/iPhoneSimulator.platform/Developer/usr/lib -F /tmp/voxboard-watch-sim-derived/Build/Products/Debug-iphonesimulator/PackageFrameworks -F /tmp/voxboard-watch-sim-derived/Build/Products/Debug-iphonesimulator/PackageFrameworks -F /tmp/voxboard-watch-sim-derived/Build/Products/Debug-iphonesimulator/PackageFrameworks -F /tmp/voxboard-watch-sim-derived/Build/Products/Debug-iphonesimulator/PackageFrameworks -F /tmp/voxboard-watch-sim-derived/Build/Products/Debug-iphonesimulator -F /Applications/Xcode.app/Contents/Developer/Platforms/iPhoneSimulator.platform/Developer/Library/Frameworks -F /Applications/Xcode.app/Contents/Developer/Platforms/iPhoneSimulator.platform/Developer/SDKs/iPhoneSimulator26.5.sdk/Developer/Library/Frameworks -c -j10 -enable-batch-mode -incremental -Xcc -ivfsstatcache -Xcc /tmp/voxboard-watch-sim-derived/SDKStatCaches.noindex/iphonesimulator26.5-23F73-6cfe768891a92b912361537c460fe42b.sdkstatcache -output-file-map /tmp/voxboard-watch-sim-derived/Build/Intermediates.noindex/VoxboardShared.build/Debug-iphonesimulator/VoxboardShared.build/Objects-normal/arm64/VoxboardShared-OutputFileMap.json -use-frontend-parseable-output -save-temps -no-color-diagnostics -explicit-module-build -module-cache-path /tmp/voxboard-watch-sim-derived/Build/Intermediates.noindex/SwiftExplicitPrecompiledModules -clang-scanner-module-cache-path /tmp/voxboard-watch-sim-derived/ModuleCache.noindex -sdk-module-cache-path /tmp/voxboard-watch-sim-derived/ModuleCache.noindex -serialize-diagnostics -emit-dependencies -emit-module -emit-module-path /tmp/voxboard-watch-sim-derived/Build/Intermediates.noindex/VoxboardShared.build/Debug-iphonesimulator/VoxboardShared.build/Objects-normal/arm64/VoxboardShared.swiftmodule -validate-clang-modules-once -clang-build-session-file /tmp/voxboard-watch-sim-derived/ModuleCache.noindex/Session.modulevalidation -package-name voxboardshared -Xcc -I/tmp/voxboard-watch-sim-derived/Build/Intermediates.noindex/VoxboardShared.build/Debug-iphonesimulator/VoxboardShared.build/swift-overrides.hmap -emit-const-values -Xfrontend -const-gather-protocols-file -Xfrontend /tmp/voxboard-watch-sim-derived/Build/Intermediates.noindex/VoxboardShared.build/Debug-iphonesimulator/VoxboardShared.build/Objects-normal/arm64/VoxboardShared_const_extract_protocols.json -Xcc -I/tmp/voxboard-watch-sim-derived/SourcePackages/checkouts/FluidAudio/Sources/MachTaskSelfWrapper/include -Xcc -I/tmp/voxboard-watch-sim-derived/SourcePackages/checkouts/FluidAudio/Sources/FastClusterWrapper/include -Xcc -I/tmp/voxboard-watch-sim-derived/Build/Products/Debug-iphonesimulator/include -Xcc -I/tmp/voxboard-watch-sim-derived/Build/Intermediates.noindex/VoxboardShared.build/Debug-iphonesimulator/VoxboardShared.build/DerivedSources-normal/arm64 -Xcc -I/tmp/voxboard-watch-sim-derived/Build/Intermediates.noindex/VoxboardShared.build/Debug-iphonesimulator/VoxboardShared.build/DerivedSources/arm64 -Xcc -I/tmp/voxboard-watch-sim-derived/Build/Intermediates.noindex/VoxboardShared.build/Debug-iphonesimulator/VoxboardShared.build/DerivedSources -Xcc -DSWIFT_PACKAGE -Xcc -DDEBUG\=1 -emit-objc-header -emit-objc-header-path /tmp/voxboard-watch-sim-derived/Build/Intermediates.noindex/VoxboardShared.build/Debug-iphonesimulator/VoxboardShared.build/Objects-normal/arm64/VoxboardShared-Swift.h -working-directory /Users/codybontecou/projects/Voxboard/Voxboard.xcodeproj -experimental-emit-module-separately -disable-cmo

SwiftDriverJobDiscovery normal arm64 Compiling NoteItemView.swift (in target 'Notelet' from project 'Notelet')

SwiftDriverJobDiscovery normal arm64 Compiling Types.swift (in target 'Notelet' from project 'Notelet')

MkDir /tmp/voxboard-watch-sim-derived/Build/Intermediates.noindex/Voxboard.build/Debug-watchsimulator/Voxboard\ Watch.build/assetcatalog_output/thinned (in target 'Voxboard Watch' from project 'Voxboard')
    cd /Users/codybontecou/projects/Voxboard
    /bin/mkdir -p /tmp/voxboard-watch-sim-derived/Build/Intermediates.noindex/Voxboard.build/Debug-watchsimulator/Voxboard\ Watch.build/assetcatalog_output/thinned

MkDir /tmp/voxboard-watch-sim-derived/Build/Intermediates.noindex/Voxboard.build/Debug-watchsimulator/Voxboard\ Watch.build/assetcatalog_output/unthinned (in target 'Voxboard Watch' from project 'Voxboard')
    cd /Users/codybontecou/projects/Voxboard
    /bin/mkdir -p /tmp/voxboard-watch-sim-derived/Build/Intermediates.noindex/Voxboard.build/Debug-watchsimulator/Voxboard\ Watch.build/assetcatalog_output/unthinned

GenerateAssetSymbols /Users/codybontecou/projects/Voxboard/Voxboard\ Watch/Assets.xcassets (in target 'Voxboard Watch' from project 'Voxboard')
    cd /Users/codybontecou/projects/Voxboard
    /Applications/Xcode.app/Contents/Developer/usr/bin/actool /Users/codybontecou/projects/Voxboard/Voxboard\ Watch/Assets.xcassets --compile /tmp/voxboard-watch-sim-derived/Build/Products/Debug-watchsimulator/Voxboard\ Watch.app --output-format human-readable-text --notices --warnings --export-dependency-info /tmp/voxboard-watch-sim-derived/Build/Intermediates.noindex/Voxboard.build/Debug-watchsimulator/Voxboard\ Watch.build/assetcatalog_dependencies --output-partial-info-plist /tmp/voxboard-watch-sim-derived/Build/Intermediates.noindex/Voxboard.build/Debug-watchsimulator/Voxboard\ Watch.build/assetcatalog_generated_info.plist --app-icon AppIcon --accent-color AccentColor --compress-pngs --enable-on-demand-resources YES --development-region en --target-device watch --minimum-deployment-target 10.0 --platform watchsimulator --bundle-identifier bontecou.Voxboard.watchkitapp --generate-swift-asset-symbols /tmp/voxboard-watch-sim-derived/Build/Intermediates.noindex/Voxboard.build/Debug-watchsimulator/Voxboard\ Watch.build/DerivedSources/GeneratedAssetSymbols.swift --generate-objc-asset-symbols /tmp/voxboard-watch-sim-derived/Build/Intermediates.noindex/Voxboard.build/Debug-watchsimulator/Voxboard\ Watch.build/DerivedSources/GeneratedAssetSymbols.h --generate-asset-symbol-index /tmp/voxboard-watch-sim-derived/Build/Intermediates.noindex/Voxboard.build/Debug-watchsimulator/Voxboard\ Watch.build/DerivedSources/GeneratedAssetSymbols-Index.plist
/* com.apple.actool.compilation-results */
/tmp/voxboard-watch-sim-derived/Build/Intermediates.noindex/Voxboard.build/Debug-watchsimulator/Voxboard Watch.build/DerivedSources/GeneratedAssetSymbols-Index.plist
/tmp/voxboard-watch-sim-derived/Build/Intermediates.noindex/Voxboard.build/Debug-watchsimulator/Voxboard Watch.build/DerivedSources/GeneratedAssetSymbols.h
/tmp/voxboard-watch-sim-derived/Build/Intermediates.noindex/Voxboard.build/Debug-watchsimulator/Voxboard Watch.build/DerivedSources/GeneratedAssetSymbols.swift


CompileAssetCatalogVariant thinned /tmp/voxboard-watch-sim-derived/Build/Products/Debug-watchsimulator/Voxboard\ Watch.app /Users/codybontecou/projects/Voxboard/Voxboard\ Watch/Assets.xcassets (in target 'Voxboard Watch' from project 'Voxboard')
    cd /Users/codybontecou/projects/Voxboard
    /Applications/Xcode.app/Contents/Developer/usr/bin/actool /Users/codybontecou/projects/Voxboard/Voxboard\ Watch/Assets.xcassets --compile /tmp/voxboard-watch-sim-derived/Build/Intermediates.noindex/Voxboard.build/Debug-watchsimulator/Voxboard\ Watch.build/assetcatalog_output/thinned --output-format human-readable-text --notices --warnings --export-dependency-info /tmp/voxboard-watch-sim-derived/Build/Intermediates.noindex/Voxboard.build/Debug-watchsimulator/Voxboard\ Watch.build/assetcatalog_dependencies_thinned --output-partial-info-plist /tmp/voxboard-watch-sim-derived/Build/Intermediates.noindex/Voxboard.build/Debug-watchsimulator/Voxboard\ Watch.build/assetcatalog_generated_info.plist_thinned --app-icon AppIcon --accent-color AccentColor --compress-pngs --enable-on-demand-resources YES --filter-for-thinning-device-configuration iPhone18,3 --filter-for-device-os-version 26.5 --development-region en --target-device watch --minimum-deployment-target 10.0 --platform watchsimulator
/* com.apple.actool.compilation-results */
/tmp/voxboard-watch-sim-derived/Build/Intermediates.noindex/Voxboard.build/Debug-watchsimulator/Voxboard Watch.build/assetcatalog_generated_info.plist_thinned
/tmp/voxboard-watch-sim-derived/Build/Intermediates.noindex/Voxboard.build/Debug-watchsimulator/Voxboard Watch.build/assetcatalog_output/thinned/Assets.car


SwiftDriverJobDiscovery normal arm64 Compiling MediaNoteItemVideoView.swift (in target 'Notelet' from project 'Notelet')

SwiftDriver Voxboard\ Watch normal x86_64 com.apple.xcode.tools.swift.compiler (in target 'Voxboard Watch' from project 'Voxboard')
    cd /Users/codybontecou/projects/Voxboard
    builtin-SwiftDriver -- /Applications/Xcode.app/Contents/Developer/Toolchains/XcodeDefault.xctoolchain/usr/bin/swiftc -module-name Voxboard_Watch -Onone @/tmp/voxboard-watch-sim-derived/Build/Intermediates.noindex/Voxboard.build/Debug-watchsimulator/Voxboard\ Watch.build/Objects-normal/x86_64/Voxboard\ Watch.SwiftFileList -DDEBUG -enable-bare-slash-regex -enable-experimental-feature DebugDescriptionMacro -sdk /Applications/Xcode.app/Contents/Developer/Platforms/WatchSimulator.platform/Developer/SDKs/WatchSimulator26.5.sdk -target x86_64-apple-watchos10.0-simulator -g -module-cache-path /tmp/voxboard-watch-sim-derived/ModuleCache.noindex -Xfrontend -serialize-debugging-options -enable-testing -index-store-path /tmp/voxboard-watch-sim-derived/Index.noindex/DataStore -Xcc -D_LIBCPP_HARDENING_MODE\=_LIBCPP_HARDENING_MODE_DEBUG -swift-version 5 -I /tmp/voxboard-watch-sim-derived/Build/Products/Debug-watchsimulator -F /tmp/voxboard-watch-sim-derived/Build/Products/Debug-watchsimulator -emit-localized-strings -emit-localized-strings-path /tmp/voxboard-watch-sim-derived/Build/Intermediates.noindex/Voxboard.build/Debug-watchsimulator/Voxboard\ Watch.build/Objects-normal/x86_64 -c -j10 -enable-batch-mode -incremental -Xcc -ivfsstatcache -Xcc /tmp/voxboard-watch-sim-derived/SDKStatCaches.noindex/watchsimulator26.5-23T570-1651579a441f1322ae888f0ed545cb80.sdkstatcache -output-file-map /tmp/voxboard-watch-sim-derived/Build/Intermediates.noindex/Voxboard.build/Debug-watchsimulator/Voxboard\ Watch.build/Objects-normal/x86_64/Voxboard\ Watch-OutputFileMap.json -use-frontend-parseable-output -save-temps -no-color-diagnostics -explicit-module-build -module-cache-path /tmp/voxboard-watch-sim-derived/Build/Intermediates.noindex/SwiftExplicitPrecompiledModules -clang-scanner-module-cache-path /tmp/voxboard-watch-sim-derived/ModuleCache.noindex -sdk-module-cache-path /tmp/voxboard-watch-sim-derived/ModuleCache.noindex -serialize-diagnostics -emit-dependencies -emit-module -emit-module-path /tmp/voxboard-watch-sim-derived/Build/Intermediates.noindex/Voxboard.build/Debug-watchsimulator/Voxboard\ Watch.build/Objects-normal/x86_64/Voxboard_Watch.swiftmodule -validate-clang-modules-once -clang-build-session-file /tmp/voxboard-watch-sim-derived/ModuleCache.noindex/Session.modulevalidation -Xcc -I/tmp/voxboard-watch-sim-derived/Build/Intermediates.noindex/Voxboard.build/Debug-watchsimulator/Voxboard\ Watch.build/swift-overrides.hmap -emit-const-values -Xfrontend -const-gather-protocols-file -Xfrontend /tmp/voxboard-watch-sim-derived/Build/Intermediates.noindex/Voxboard.build/Debug-watchsimulator/Voxboard\ Watch.build/Objects-normal/x86_64/Voxboard\ Watch_const_extract_protocols.json -Xcc -iquote -Xcc /tmp/voxboard-watch-sim-derived/Build/Intermediates.noindex/Voxboard.build/Debug-watchsimulator/Voxboard\ Watch.build/Voxboard\ Watch-generated-files.hmap -Xcc -I/tmp/voxboard-watch-sim-derived/Build/Intermediates.noindex/Voxboard.build/Debug-watchsimulator/Voxboard\ Watch.build/Voxboard\ Watch-own-target-headers.hmap -Xcc -I/tmp/voxboard-watch-sim-derived/Build/Intermediates.noindex/Voxboard.build/Debug-watchsimulator/Voxboard\ Watch.build/Voxboard\ Watch-all-non-framework-target-headers.hmap -Xcc -ivfsoverlay -Xcc /tmp/voxboard-watch-sim-derived/Build/Intermediates.noindex/Voxboard.build/Debug-watchsimulator/Voxboard-8d6c3ba71b53f8320d7c577fe4b80237-VFS-watchsimulator/all-product-headers.yaml -Xcc -iquote -Xcc /tmp/voxboard-watch-sim-derived/Build/Intermediates.noindex/Voxboard.build/Debug-watchsimulator/Voxboard\ Watch.build/Voxboard\ Watch-project-headers.hmap -Xcc -I/tmp/voxboard-watch-sim-derived/Build/Products/Debug-watchsimulator/include -Xcc -I/tmp/voxboard-watch-sim-derived/Build/Intermediates.noindex/Voxboard.build/Debug-watchsimulator/Voxboard\ Watch.build/DerivedSources-normal/x86_64 -Xcc -I/tmp/voxboard-watch-sim-derived/Build/Intermediates.noindex/Voxboard.build/Debug-watchsimulator/Voxboard\ Watch.build/DerivedSources/x86_64 -Xcc -I/tmp/voxboard-watch-sim-derived/Build/Intermediates.noindex/Voxboard.build/Debug-watchsimulator/Voxboard\ Watch.build/DerivedSources -Xcc -DDEBUG\=1 -emit-objc-header -emit-objc-header-path /tmp/voxboard-watch-sim-derived/Build/Intermediates.noindex/Voxboard.build/Debug-watchsimulator/Voxboard\ Watch.build/Objects-normal/x86_64/Voxboard_Watch-Swift.h -working-directory /Users/codybontecou/projects/Voxboard -experimental-emit-module-separately -disable-cmo

SwiftDriver Voxboard\ Watch normal arm64 com.apple.xcode.tools.swift.compiler (in target 'Voxboard Watch' from project 'Voxboard')
    cd /Users/codybontecou/projects/Voxboard
    builtin-SwiftDriver -- /Applications/Xcode.app/Contents/Developer/Toolchains/XcodeDefault.xctoolchain/usr/bin/swiftc -module-name Voxboard_Watch -Onone @/tmp/voxboard-watch-sim-derived/Build/Intermediates.noindex/Voxboard.build/Debug-watchsimulator/Voxboard\ Watch.build/Objects-normal/arm64/Voxboard\ Watch.SwiftFileList -DDEBUG -enable-bare-slash-regex -enable-experimental-feature DebugDescriptionMacro -sdk /Applications/Xcode.app/Contents/Developer/Platforms/WatchSimulator.platform/Developer/SDKs/WatchSimulator26.5.sdk -target arm64-apple-watchos10.0-simulator -g -module-cache-path /tmp/voxboard-watch-sim-derived/ModuleCache.noindex -Xfrontend -serialize-debugging-options -enable-testing -index-store-path /tmp/voxboard-watch-sim-derived/Index.noindex/DataStore -Xcc -D_LIBCPP_HARDENING_MODE\=_LIBCPP_HARDENING_MODE_DEBUG -swift-version 5 -I /tmp/voxboard-watch-sim-derived/Build/Products/Debug-watchsimulator -F /tmp/voxboard-watch-sim-derived/Build/Products/Debug-watchsimulator -emit-localized-strings -emit-localized-strings-path /tmp/voxboard-watch-sim-derived/Build/Intermediates.noindex/Voxboard.build/Debug-watchsimulator/Voxboard\ Watch.build/Objects-normal/arm64 -c -j10 -enable-batch-mode -incremental -Xcc -ivfsstatcache -Xcc /tmp/voxboard-watch-sim-derived/SDKStatCaches.noindex/watchsimulator26.5-23T570-1651579a441f1322ae888f0ed545cb80.sdkstatcache -output-file-map /tmp/voxboard-watch-sim-derived/Build/Intermediates.noindex/Voxboard.build/Debug-watchsimulator/Voxboard\ Watch.build/Objects-normal/arm64/Voxboard\ Watch-OutputFileMap.json -use-frontend-parseable-output -save-temps -no-color-diagnostics -explicit-module-build -module-cache-path /tmp/voxboard-watch-sim-derived/Build/Intermediates.noindex/SwiftExplicitPrecompiledModules -clang-scanner-module-cache-path /tmp/voxboard-watch-sim-derived/ModuleCache.noindex -sdk-module-cache-path /tmp/voxboard-watch-sim-derived/ModuleCache.noindex -serialize-diagnostics -emit-dependencies -emit-module -emit-module-path /tmp/voxboard-watch-sim-derived/Build/Intermediates.noindex/Voxboard.build/Debug-watchsimulator/Voxboard\ Watch.build/Objects-normal/arm64/Voxboard_Watch.swiftmodule -validate-clang-modules-once -clang-build-session-file /tmp/voxboard-watch-sim-derived/ModuleCache.noindex/Session.modulevalidation -Xcc -I/tmp/voxboard-watch-sim-derived/Build/Intermediates.noindex/Voxboard.build/Debug-watchsimulator/Voxboard\ Watch.build/swift-overrides.hmap -emit-const-values -Xfrontend -const-gather-protocols-file -Xfrontend /tmp/voxboard-watch-sim-derived/Build/Intermediates.noindex/Voxboard.build/Debug-watchsimulator/Voxboard\ Watch.build/Objects-normal/arm64/Voxboard\ Watch_const_extract_protocols.json -Xcc -iquote -Xcc /tmp/voxboard-watch-sim-derived/Build/Intermediates.noindex/Voxboard.build/Debug-watchsimulator/Voxboard\ Watch.build/Voxboard\ Watch-generated-files.hmap -Xcc -I/tmp/voxboard-watch-sim-derived/Build/Intermediates.noindex/Voxboard.build/Debug-watchsimulator/Voxboard\ Watch.build/Voxboard\ Watch-own-target-headers.hmap -Xcc -I/tmp/voxboard-watch-sim-derived/Build/Intermediates.noindex/Voxboard.build/Debug-watchsimulator/Voxboard\ Watch.build/Voxboard\ Watch-all-non-framework-target-headers.hmap -Xcc -ivfsoverlay -Xcc /tmp/voxboard-watch-sim-derived/Build/Intermediates.noindex/Voxboard.build/Debug-watchsimulator/Voxboard-8d6c3ba71b53f8320d7c577fe4b80237-VFS-watchsimulator/all-product-headers.yaml -Xcc -iquote -Xcc /tmp/voxboard-watch-sim-derived/Build/Intermediates.noindex/Voxboard.build/Debug-watchsimulator/Voxboard\ Watch.build/Voxboard\ Watch-project-headers.hmap -Xcc -I/tmp/voxboard-watch-sim-derived/Build/Products/Debug-watchsimulator/include -Xcc -I/tmp/voxboard-watch-sim-derived/Build/Intermediates.noindex/Voxboard.build/Debug-watchsimulator/Voxboard\ Watch.build/DerivedSources-normal/arm64 -Xcc -I/tmp/voxboard-watch-sim-derived/Build/Intermediates.noindex/Voxboard.build/Debug-watchsimulator/Voxboard\ Watch.build/DerivedSources/arm64 -Xcc -I/tmp/voxboard-watch-sim-derived/Build/Intermediates.noindex/Voxboard.build/Debug-watchsimulator/Voxboard\ Watch.build/DerivedSources -Xcc -DDEBUG\=1 -emit-objc-header -emit-objc-header-path /tmp/voxboard-watch-sim-derived/Build/Intermediates.noindex/Voxboard.build/Debug-watchsimulator/Voxboard\ Watch.build/Objects-normal/arm64/Voxboard_Watch-Swift.h -working-directory /Users/codybontecou/projects/Voxboard -experimental-emit-module-separately -disable-cmo

SwiftDriverJobDiscovery normal arm64 Compiling NoteletSheetContentView.swift (in target 'Notelet' from project 'Notelet')

SwiftDriver\ Compilation Notelet normal arm64 com.apple.xcode.tools.swift.compiler (in target 'Notelet' from project 'Notelet')
    cd /Users/codybontecou/projects/Voxboard/Voxboard.xcodeproj
    builtin-Swift-Compilation -- /Applications/Xcode.app/Contents/Developer/Toolchains/XcodeDefault.xctoolchain/usr/bin/swiftc -module-name Notelet -Onone @/tmp/voxboard-watch-sim-derived/Build/Intermediates.noindex/Notelet.build/Debug-iphonesimulator/Notelet.build/Objects-normal/arm64/Notelet.SwiftFileList -DSWIFT_PACKAGE -DDEBUG -DSWIFT_MODULE_RESOURCE_BUNDLE_UNAVAILABLE -DXcode -plugin-path /Applications/Xcode.app/Contents/Developer/Toolchains/XcodeDefault.xctoolchain/usr/lib/swift/host/plugins/testing -enable-experimental-feature DebugDescriptionMacro -sdk /Applications/Xcode.app/Contents/Developer/Platforms/iPhoneSimulator.platform/Developer/SDKs/iPhoneSimulator26.5.sdk -target arm64-apple-ios17.0-simulator -g -module-cache-path /tmp/voxboard-watch-sim-derived/ModuleCache.noindex -Xfrontend -serialize-debugging-options -enable-testing -suppress-warnings -index-store-path /tmp/voxboard-watch-sim-derived/Index.noindex/DataStore -Xcc -D_LIBCPP_HARDENING_MODE\=_LIBCPP_HARDENING_MODE_DEBUG -swift-version 6 -I /tmp/voxboard-watch-sim-derived/Build/Products/Debug-iphonesimulator -Isystem /Applications/Xcode.app/Contents/Developer/Platforms/iPhoneSimulator.platform/Developer/usr/lib -F /tmp/voxboard-watch-sim-derived/Build/Products/Debug-iphonesimulator -F /Applications/Xcode.app/Contents/Developer/Platforms/iPhoneSimulator.platform/Developer/Library/Frameworks -F /Applications/Xcode.app/Contents/Developer/Platforms/iPhoneSimulator.platform/Developer/SDKs/iPhoneSimulator26.5.sdk/Developer/Library/Frameworks -c -j10 -enable-batch-mode -incremental -Xcc -ivfsstatcache -Xcc /tmp/voxboard-watch-sim-derived/SDKStatCaches.noindex/iphonesimulator26.5-23F73-6cfe768891a92b912361537c460fe42b.sdkstatcache -output-file-map /tmp/voxboard-watch-sim-derived/Build/Intermediates.noindex/Notelet.build/Debug-iphonesimulator/Notelet.build/Objects-normal/arm64/Notelet-OutputFileMap.json -use-frontend-parseable-output -save-temps -no-color-diagnostics -explicit-module-build -module-cache-path /tmp/voxboard-watch-sim-derived/Build/Intermediates.noindex/SwiftExplicitPrecompiledModules -clang-scanner-module-cache-path /tmp/voxboard-watch-sim-derived/ModuleCache.noindex -sdk-module-cache-path /tmp/voxboard-watch-sim-derived/ModuleCache.noindex -serialize-diagnostics -emit-dependencies -emit-module -emit-module-path /tmp/voxboard-watch-sim-derived/Build/Intermediates.noindex/Notelet.build/Debug-iphonesimulator/Notelet.build/Objects-normal/arm64/Notelet.swiftmodule -user-module-version 1.1.0 -validate-clang-modules-once -clang-build-session-file /tmp/voxboard-watch-sim-derived/ModuleCache.noindex/Session.modulevalidation -package-name notelet -Xcc -I/tmp/voxboard-watch-sim-derived/Build/Intermediates.noindex/Notelet.build/Debug-iphonesimulator/Notelet.build/swift-overrides.hmap -emit-const-values -Xfrontend -const-gather-protocols-file -Xfrontend /tmp/voxboard-watch-sim-derived/Build/Intermediates.noindex/Notelet.build/Debug-iphonesimulator/Notelet.build/Objects-normal/arm64/Notelet_const_extract_protocols.json -Xcc -I/tmp/voxboard-watch-sim-derived/Build/Products/Debug-iphonesimulator/include -Xcc -I/tmp/voxboard-watch-sim-derived/Build/Intermediates.noindex/Notelet.build/Debug-iphonesimulator/Notelet.build/DerivedSources-normal/arm64 -Xcc -I/tmp/voxboard-watch-sim-derived/Build/Intermediates.noindex/Notelet.build/Debug-iphonesimulator/Notelet.build/DerivedSources/arm64 -Xcc -I/tmp/voxboard-watch-sim-derived/Build/Intermediates.noindex/Notelet.build/Debug-iphonesimulator/Notelet.build/DerivedSources -Xcc -DSWIFT_PACKAGE -Xcc -DDEBUG\=1 -emit-objc-header -emit-objc-header-path /tmp/voxboard-watch-sim-derived/Build/Intermediates.noindex/Notelet.build/Debug-iphonesimulator/Notelet.build/Objects-normal/arm64/Notelet-Swift.h -working-directory /Users/codybontecou/projects/Voxboard/Voxboard.xcodeproj -experimental-emit-module-separately -disable-cmo

Ld /tmp/voxboard-watch-sim-derived/Build/Products/Debug-iphonesimulator/Notelet.o normal (in target 'Notelet' from project 'Notelet')
    cd /tmp/voxboard-watch-sim-derived/SourcePackages/checkouts/notelet
    /Applications/Xcode.app/Contents/Developer/Toolchains/XcodeDefault.xctoolchain/usr/bin/clang -Xlinker -reproducible -target arm64-apple-ios17.0-simulator -r -isysroot /Applications/Xcode.app/Contents/Developer/Platforms/iPhoneSimulator.platform/Developer/SDKs/iPhoneSimulator26.5.sdk -O0 -w -F/tmp/voxboard-watch-sim-derived/Build/Intermediates.noindex/EagerLinkingTBDs/Debug-iphonesimulator -F/tmp/voxboard-watch-sim-derived/Build/Products/Debug-iphonesimulator -iframework /Applications/Xcode.app/Contents/Developer/Platforms/iPhoneSimulator.platform/Developer/Library/Frameworks -iframework /Applications/Xcode.app/Contents/Developer/Platforms/iPhoneSimulator.platform/Developer/SDKs/iPhoneSimulator26.5.sdk/Developer/Library/Frameworks -filelist /tmp/voxboard-watch-sim-derived/Build/Intermediates.noindex/Notelet.build/Debug-iphonesimulator/Notelet.build/Objects-normal/arm64/Notelet.LinkFileList -nostdlib -Xlinker -object_path_lto -Xlinker /tmp/voxboard-watch-sim-derived/Build/Intermediates.noindex/Notelet.build/Debug-iphonesimulator/Notelet.build/Objects-normal/arm64/Notelet_lto.o -Xlinker -no_deduplicate -Xlinker -objc_abi_version -Xlinker 2 -Xlinker -dependency_info -Xlinker /tmp/voxboard-watch-sim-derived/Build/Intermediates.noindex/Notelet.build/Debug-iphonesimulator/Notelet.build/Objects-normal/arm64/Notelet_dependency_info.dat -fobjc-link-runtime -L/Applications/Xcode.app/Contents/Developer/Toolchains/XcodeDefault.xctoolchain/usr/lib/swift/iphonesimulator -L/usr/lib/swift -Xlinker -add_ast_path -Xlinker /tmp/voxboard-watch-sim-derived/Build/Intermediates.noindex/Notelet.build/Debug-iphonesimulator/Notelet.build/Objects-normal/arm64/Notelet.swiftmodule @/tmp/voxboard-watch-sim-derived/Build/Intermediates.noindex/Notelet.build/Debug-iphonesimulator/Notelet.build/Objects-normal/arm64/Notelet-linker-args.resp -o /tmp/voxboard-watch-sim-derived/Build/Products/Debug-iphonesimulator/Notelet.o

ExtractAppIntentsMetadata (in target 'Notelet' from project 'Notelet')
    cd /tmp/voxboard-watch-sim-derived/SourcePackages/checkouts/notelet
    /Applications/Xcode.app/Contents/Developer/Toolchains/XcodeDefault.xctoolchain/usr/bin/appintentsmetadataprocessor --toolchain-dir /Applications/Xcode.app/Contents/Developer/Toolchains/XcodeDefault.xctoolchain --module-name Notelet --sdk-root /Applications/Xcode.app/Contents/Developer/Platforms/iPhoneSimulator.platform/Developer/SDKs/iPhoneSimulator26.5.sdk --xcode-version 17F42 --platform-family iOS --deployment-target 17.0 --bundle-identifier notelet.Notelet --output /tmp/voxboard-watch-sim-derived/Build/Products/Debug-iphonesimulator/Notelet.appintents --target-triple arm64-apple-ios17.0-simulator --binary-file /tmp/voxboard-watch-sim-derived/Build/Products/Debug-iphonesimulator/Notelet.o --dependency-file /tmp/voxboard-watch-sim-derived/Build/Intermediates.noindex/Notelet.build/Debug-iphonesimulator/Notelet.build/Objects-normal/arm64/Notelet_dependency_info.dat --stringsdata-file /tmp/voxboard-watch-sim-derived/Build/Intermediates.noindex/Notelet.build/Debug-iphonesimulator/Notelet.build/Objects-normal/arm64/ExtractedAppShortcutsMetadata.stringsdata --source-file-list /tmp/voxboard-watch-sim-derived/Build/Intermediates.noindex/Notelet.build/Debug-iphonesimulator/Notelet.build/Objects-normal/arm64/Notelet.SwiftFileList --metadata-file-list /tmp/voxboard-watch-sim-derived/Build/Intermediates.noindex/Notelet.build/Debug-iphonesimulator/Notelet.build/Notelet.DependencyMetadataFileList --static-metadata-file-list /tmp/voxboard-watch-sim-derived/Build/Intermediates.noindex/Notelet.build/Debug-iphonesimulator/Notelet.build/Notelet.DependencyStaticMetadataFileList --swift-const-vals-list /tmp/voxboard-watch-sim-derived/Build/Intermediates.noindex/Notelet.build/Debug-iphonesimulator/Notelet.build/Objects-normal/arm64/Notelet.SwiftConstValuesFileList --force --compile-time-extraction --deployment-aware-processing --validate-assistant-intents --no-app-shortcuts-localization
2026-06-20 10:16:00.635 appintentsmetadataprocessor[20290:3457617] Starting appintentsmetadataprocessor export
2026-06-20 10:16:00.677 appintentsmetadataprocessor[20290:3457617] Extracted no relevant App Intents symbols, skipping writing output

RegisterExecutionPolicyException /tmp/voxboard-watch-sim-derived/Build/Products/Debug-iphonesimulator/Notelet.o (in target 'Notelet' from project 'Notelet')
    cd /tmp/voxboard-watch-sim-derived/SourcePackages/checkouts/notelet
    builtin-RegisterExecutionPolicyException /tmp/voxboard-watch-sim-derived/Build/Products/Debug-iphonesimulator/Notelet.o

ConstructStubExecutorLinkFileList /tmp/voxboard-watch-sim-derived/Build/Intermediates.noindex/Voxboard.build/Debug-watchsimulator/Voxboard\ Watch\ WidgetExtension.build/Voxboard\ Watch\ WidgetExtension-ExecutorLinkFileList-normal-x86_64.txt (in target 'Voxboard Watch WidgetExtension' from project 'Voxboard')
    cd /Users/codybontecou/projects/Voxboard
    construct-stub-executor-link-file-list /tmp/voxboard-watch-sim-derived/Build/Intermediates.noindex/Voxboard.build/Debug-watchsimulator/Voxboard\ Watch\ WidgetExtension.build/Objects-normal/x86_64/Binary/Voxboard\ Watch\ WidgetExtension.debug.dylib /Applications/Xcode.app/Contents/Developer/Platforms/WatchSimulator.platform/Developer/usr/lib/libPreviewsJITStubExecutor_no_swift_entry_point.a /Applications/Xcode.app/Contents/Developer/Platforms/WatchSimulator.platform/Developer/usr/lib/libPreviewsJITStubExecutor.a --output /tmp/voxboard-watch-sim-derived/Build/Intermediates.noindex/Voxboard.build/Debug-watchsimulator/Voxboard\ Watch\ WidgetExtension.build/Voxboard\ Watch\ WidgetExtension-ExecutorLinkFileList-normal-x86_64.txt
note: Using stub executor library with Swift entry point. (in target 'Voxboard Watch WidgetExtension' from project 'Voxboard')

Ld /tmp/voxboard-watch-sim-derived/Build/Intermediates.noindex/Voxboard.build/Debug-watchsimulator/Voxboard\ Watch\ WidgetExtension.build/Objects-normal/x86_64/Binary/Voxboard\ Watch\ WidgetExtension normal x86_64 (in target 'Voxboard Watch WidgetExtension' from project 'Voxboard')
    cd /Users/codybontecou/projects/Voxboard
    /Applications/Xcode.app/Contents/Developer/Toolchains/XcodeDefault.xctoolchain/usr/bin/clang -Xlinker -reproducible -target x86_64-apple-watchos10.0-simulator -isysroot /Applications/Xcode.app/Contents/Developer/Platforms/WatchSimulator.platform/Developer/SDKs/WatchSimulator26.5.sdk -O0 -L/tmp/voxboard-watch-sim-derived/Build/Products/Debug-watchsimulator -F/tmp/voxboard-watch-sim-derived/Build/Products/Debug-watchsimulator -Xlinker -rpath -Xlinker @executable_path -Xlinker -rpath -Xlinker @executable_path/Frameworks -Xlinker -rpath -Xlinker @executable_path/../../Frameworks -rdynamic -Xlinker -no_deduplicate -Xlinker -objc_abi_version -Xlinker 2 -e ___debug_blank_executor_main -Xlinker -sectcreate -Xlinker __TEXT -Xlinker __debug_dylib -Xlinker /tmp/voxboard-watch-sim-derived/Build/Intermediates.noindex/Voxboard.build/Debug-watchsimulator/Voxboard\ Watch\ WidgetExtension.build/Voxboard\ Watch\ WidgetExtension-DebugDylibPath-normal-x86_64.txt -Xlinker -sectcreate -Xlinker __TEXT -Xlinker __debug_entry -Xlinker /tmp/voxboard-watch-sim-derived/Build/Intermediates.noindex/Voxboard.build/Debug-watchsimulator/Voxboard\ Watch\ WidgetExtension.build/Voxboard\ Watch\ WidgetExtension-DebugEntryPoint-normal-x86_64.txt -Xlinker -sectcreate -Xlinker __TEXT -Xlinker __debug_instlnm -Xlinker /tmp/voxboard-watch-sim-derived/Build/Intermediates.noindex/Voxboard.build/Debug-watchsimulator/Voxboard\ Watch\ WidgetExtension.build/Voxboard\ Watch\ WidgetExtension-DebugDylibInstallName-normal-x86_64.txt -Xlinker -filelist -Xlinker /tmp/voxboard-watch-sim-derived/Build/Intermediates.noindex/Voxboard.build/Debug-watchsimulator/Voxboard\ Watch\ WidgetExtension.build/Voxboard\ Watch\ WidgetExtension-ExecutorLinkFileList-normal-x86_64.txt -Xlinker -sectcreate -Xlinker __TEXT -Xlinker __entitlements -Xlinker /tmp/voxboard-watch-sim-derived/Build/Intermediates.noindex/Voxboard.build/Debug-watchsimulator/Voxboard\ Watch\ WidgetExtension.build/Voxboard\ Watch\ WidgetExtension.appex-Simulated.xcent -Xlinker -sectcreate -Xlinker __TEXT -Xlinker __ents_der -Xlinker /tmp/voxboard-watch-sim-derived/Build/Intermediates.noindex/Voxboard.build/Debug-watchsimulator/Voxboard\ Watch\ WidgetExtension.build/Voxboard\ Watch\ WidgetExtension.appex-Simulated.xcent.der /tmp/voxboard-watch-sim-derived/Build/Intermediates.noindex/Voxboard.build/Debug-watchsimulator/Voxboard\ Watch\ WidgetExtension.build/Objects-normal/x86_64/Binary/Voxboard\ Watch\ WidgetExtension.debug.dylib -Xlinker -no_adhoc_codesign -o /tmp/voxboard-watch-sim-derived/Build/Intermediates.noindex/Voxboard.build/Debug-watchsimulator/Voxboard\ Watch\ WidgetExtension.build/Objects-normal/x86_64/Binary/Voxboard\ Watch\ WidgetExtension

CreateUniversalBinary /tmp/voxboard-watch-sim-derived/Build/Products/Debug-watchsimulator/Voxboard\ Watch\ WidgetExtension.appex/Voxboard\ Watch\ WidgetExtension.debug.dylib normal arm64\ x86_64 (in target 'Voxboard Watch WidgetExtension' from project 'Voxboard')
    cd /Users/codybontecou/projects/Voxboard
    /Applications/Xcode.app/Contents/Developer/Toolchains/XcodeDefault.xctoolchain/usr/bin/lipo -create /tmp/voxboard-watch-sim-derived/Build/Intermediates.noindex/Voxboard.build/Debug-watchsimulator/Voxboard\ Watch\ WidgetExtension.build/Objects-normal/arm64/Binary/Voxboard\ Watch\ WidgetExtension.debug.dylib /tmp/voxboard-watch-sim-derived/Build/Intermediates.noindex/Voxboard.build/Debug-watchsimulator/Voxboard\ Watch\ WidgetExtension.build/Objects-normal/x86_64/Binary/Voxboard\ Watch\ WidgetExtension.debug.dylib -output /tmp/voxboard-watch-sim-derived/Build/Products/Debug-watchsimulator/Voxboard\ Watch\ WidgetExtension.appex/Voxboard\ Watch\ WidgetExtension.debug.dylib

ConstructStubExecutorLinkFileList /tmp/voxboard-watch-sim-derived/Build/Intermediates.noindex/Voxboard.build/Debug-watchsimulator/Voxboard\ Watch\ WidgetExtension.build/Voxboard\ Watch\ WidgetExtension-ExecutorLinkFileList-normal-arm64.txt (in target 'Voxboard Watch WidgetExtension' from project 'Voxboard')
    cd /Users/codybontecou/projects/Voxboard
    construct-stub-executor-link-file-list /tmp/voxboard-watch-sim-derived/Build/Intermediates.noindex/Voxboard.build/Debug-watchsimulator/Voxboard\ Watch\ WidgetExtension.build/Objects-normal/arm64/Binary/Voxboard\ Watch\ WidgetExtension.debug.dylib /Applications/Xcode.app/Contents/Developer/Platforms/WatchSimulator.platform/Developer/usr/lib/libPreviewsJITStubExecutor_no_swift_entry_point.a /Applications/Xcode.app/Contents/Developer/Platforms/WatchSimulator.platform/Developer/usr/lib/libPreviewsJITStubExecutor.a --output /tmp/voxboard-watch-sim-derived/Build/Intermediates.noindex/Voxboard.build/Debug-watchsimulator/Voxboard\ Watch\ WidgetExtension.build/Voxboard\ Watch\ WidgetExtension-ExecutorLinkFileList-normal-arm64.txt
note: Using stub executor library with Swift entry point. (in target 'Voxboard Watch WidgetExtension' from project 'Voxboard')

Ld /tmp/voxboard-watch-sim-derived/Build/Intermediates.noindex/Voxboard.build/Debug-watchsimulator/Voxboard\ Watch\ WidgetExtension.build/Objects-normal/arm64/Binary/Voxboard\ Watch\ WidgetExtension normal arm64 (in target 'Voxboard Watch WidgetExtension' from project 'Voxboard')
    cd /Users/codybontecou/projects/Voxboard
    /Applications/Xcode.app/Contents/Developer/Toolchains/XcodeDefault.xctoolchain/usr/bin/clang -Xlinker -reproducible -target arm64-apple-watchos10.0-simulator -isysroot /Applications/Xcode.app/Contents/Developer/Platforms/WatchSimulator.platform/Developer/SDKs/WatchSimulator26.5.sdk -O0 -L/tmp/voxboard-watch-sim-derived/Build/Products/Debug-watchsimulator -F/tmp/voxboard-watch-sim-derived/Build/Products/Debug-watchsimulator -Xlinker -rpath -Xlinker @executable_path -Xlinker -rpath -Xlinker @executable_path/Frameworks -Xlinker -rpath -Xlinker @executable_path/../../Frameworks -rdynamic -Xlinker -no_deduplicate -Xlinker -objc_abi_version -Xlinker 2 -e ___debug_blank_executor_main -Xlinker -sectcreate -Xlinker __TEXT -Xlinker __debug_dylib -Xlinker /tmp/voxboard-watch-sim-derived/Build/Intermediates.noindex/Voxboard.build/Debug-watchsimulator/Voxboard\ Watch\ WidgetExtension.build/Voxboard\ Watch\ WidgetExtension-DebugDylibPath-normal-arm64.txt -Xlinker -sectcreate -Xlinker __TEXT -Xlinker __debug_entry -Xlinker /tmp/voxboard-watch-sim-derived/Build/Intermediates.noindex/Voxboard.build/Debug-watchsimulator/Voxboard\ Watch\ WidgetExtension.build/Voxboard\ Watch\ WidgetExtension-DebugEntryPoint-normal-arm64.txt -Xlinker -sectcreate -Xlinker __TEXT -Xlinker __debug_instlnm -Xlinker /tmp/voxboard-watch-sim-derived/Build/Intermediates.noindex/Voxboard.build/Debug-watchsimulator/Voxboard\ Watch\ WidgetExtension.build/Voxboard\ Watch\ WidgetExtension-DebugDylibInstallName-normal-arm64.txt -Xlinker -filelist -Xlinker /tmp/voxboard-watch-sim-derived/Build/Intermediates.noindex/Voxboard.build/Debug-watchsimulator/Voxboard\ Watch\ WidgetExtension.build/Voxboard\ Watch\ WidgetExtension-ExecutorLinkFileList-normal-arm64.txt -Xlinker -sectcreate -Xlinker __TEXT -Xlinker __entitlements -Xlinker /tmp/voxboard-watch-sim-derived/Build/Intermediates.noindex/Voxboard.build/Debug-watchsimulator/Voxboard\ Watch\ WidgetExtension.build/Voxboard\ Watch\ WidgetExtension.appex-Simulated.xcent -Xlinker -sectcreate -Xlinker __TEXT -Xlinker __ents_der -Xlinker /tmp/voxboard-watch-sim-derived/Build/Intermediates.noindex/Voxboard.build/Debug-watchsimulator/Voxboard\ Watch\ WidgetExtension.build/Voxboard\ Watch\ WidgetExtension.appex-Simulated.xcent.der /tmp/voxboard-watch-sim-derived/Build/Intermediates.noindex/Voxboard.build/Debug-watchsimulator/Voxboard\ Watch\ WidgetExtension.build/Objects-normal/arm64/Binary/Voxboard\ Watch\ WidgetExtension.debug.dylib -Xlinker -no_adhoc_codesign -o /tmp/voxboard-watch-sim-derived/Build/Intermediates.noindex/Voxboard.build/Debug-watchsimulator/Voxboard\ Watch\ WidgetExtension.build/Objects-normal/arm64/Binary/Voxboard\ Watch\ WidgetExtension

CreateUniversalBinary /tmp/voxboard-watch-sim-derived/Build/Products/Debug-watchsimulator/Voxboard\ Watch\ WidgetExtension.appex/Voxboard\ Watch\ WidgetExtension normal arm64\ x86_64 (in target 'Voxboard Watch WidgetExtension' from project 'Voxboard')
    cd /Users/codybontecou/projects/Voxboard
    /Applications/Xcode.app/Contents/Developer/Toolchains/XcodeDefault.xctoolchain/usr/bin/lipo -create /tmp/voxboard-watch-sim-derived/Build/Intermediates.noindex/Voxboard.build/Debug-watchsimulator/Voxboard\ Watch\ WidgetExtension.build/Objects-normal/arm64/Binary/Voxboard\ Watch\ WidgetExtension /tmp/voxboard-watch-sim-derived/Build/Intermediates.noindex/Voxboard.build/Debug-watchsimulator/Voxboard\ Watch\ WidgetExtension.build/Objects-normal/x86_64/Binary/Voxboard\ Watch\ WidgetExtension -output /tmp/voxboard-watch-sim-derived/Build/Products/Debug-watchsimulator/Voxboard\ Watch\ WidgetExtension.appex/Voxboard\ Watch\ WidgetExtension

ExtractAppIntentsMetadata (in target 'Voxboard Watch WidgetExtension' from project 'Voxboard')
    cd /Users/codybontecou/projects/Voxboard
    /Applications/Xcode.app/Contents/Developer/Toolchains/XcodeDefault.xctoolchain/usr/bin/appintentsmetadataprocessor --toolchain-dir /Applications/Xcode.app/Contents/Developer/Toolchains/XcodeDefault.xctoolchain --module-name Voxboard_Watch_WidgetExtension --sdk-root /Applications/Xcode.app/Contents/Developer/Platforms/WatchSimulator.platform/Developer/SDKs/WatchSimulator26.5.sdk --xcode-version 17F42 --platform-family watchOS --deployment-target 10.0 --bundle-identifier bontecou.Voxboard.watchkitapp.Widget --output /tmp/voxboard-watch-sim-derived/Build/Products/Debug-watchsimulator/Voxboard\ Watch\ WidgetExtension.appex --target-triple arm64-apple-watchos10.0-simulator --target-triple x86_64-apple-watchos10.0-simulator --binary-file /tmp/voxboard-watch-sim-derived/Build/Products/Debug-watchsimulator/Voxboard\ Watch\ WidgetExtension.appex/Voxboard\ Watch\ WidgetExtension --dependency-file /tmp/voxboard-watch-sim-derived/Build/Intermediates.noindex/Voxboard.build/Debug-watchsimulator/Voxboard\ Watch\ WidgetExtension.build/Objects-normal/arm64/Voxboard\ Watch\ WidgetExtension_dependency_info.dat --dependency-file /tmp/voxboard-watch-sim-derived/Build/Intermediates.noindex/Voxboard.build/Debug-watchsimulator/Voxboard\ Watch\ WidgetExtension.build/Objects-normal/x86_64/Voxboard\ Watch\ WidgetExtension_dependency_info.dat --stringsdata-file /tmp/voxboard-watch-sim-derived/Build/Intermediates.noindex/Voxboard.build/Debug-watchsimulator/Voxboard\ Watch\ WidgetExtension.build/Objects-normal/arm64/ExtractedAppShortcutsMetadata.stringsdata --stringsdata-file /tmp/voxboard-watch-sim-derived/Build/Intermediates.noindex/Voxboard.build/Debug-watchsimulator/Voxboard\ Watch\ WidgetExtension.build/Objects-normal/x86_64/ExtractedAppShortcutsMetadata.stringsdata --source-file-list /tmp/voxboard-watch-sim-derived/Build/Intermediates.noindex/Voxboard.build/Debug-watchsimulator/Voxboard\ Watch\ WidgetExtension.build/Objects-normal/arm64/Voxboard\ Watch\ WidgetExtension.SwiftFileList --source-file-list /tmp/voxboard-watch-sim-derived/Build/Intermediates.noindex/Voxboard.build/Debug-watchsimulator/Voxboard\ Watch\ WidgetExtension.build/Objects-normal/x86_64/Voxboard\ Watch\ WidgetExtension.SwiftFileList --metadata-file-list /tmp/voxboard-watch-sim-derived/Build/Intermediates.noindex/Voxboard.build/Debug-watchsimulator/Voxboard\ Watch\ WidgetExtension.build/Voxboard\ Watch\ WidgetExtension.DependencyMetadataFileList --static-metadata-file-list /tmp/voxboard-watch-sim-derived/Build/Intermediates.noindex/Voxboard.build/Debug-watchsimulator/Voxboard\ Watch\ WidgetExtension.build/Voxboard\ Watch\ WidgetExtension.DependencyStaticMetadataFileList --swift-const-vals-list /tmp/voxboard-watch-sim-derived/Build/Intermediates.noindex/Voxboard.build/Debug-watchsimulator/Voxboard\ Watch\ WidgetExtension.build/Objects-normal/arm64/Voxboard\ Watch\ WidgetExtension.SwiftConstValuesFileList --swift-const-vals-list /tmp/voxboard-watch-sim-derived/Build/Intermediates.noindex/Voxboard.build/Debug-watchsimulator/Voxboard\ Watch\ WidgetExtension.build/Objects-normal/x86_64/Voxboard\ Watch\ WidgetExtension.SwiftConstValuesFileList --compile-time-extraction --deployment-aware-processing --validate-assistant-intents --no-app-shortcuts-localization
2026-06-20 10:16:01.120 appintentsmetadataprocessor[20301:3457798] Starting appintentsmetadataprocessor export
2026-06-20 10:16:01.174 appintentsmetadataprocessor[20301:3457798] Writing Metadata.appintents
2026-06-20 10:16:01.174 appintentsmetadataprocessor[20301:3457798] Metadata root: /tmp/voxboard-watch-sim-derived/Build/Products/Debug-watchsimulator/Voxboard Watch WidgetExtension.appex/Metadata.appintents

CodeSign /tmp/voxboard-watch-sim-derived/Build/Products/Debug-watchsimulator/Voxboard\ Watch\ WidgetExtension.appex/Voxboard\ Watch\ WidgetExtension.debug.dylib (in target 'Voxboard Watch WidgetExtension' from project 'Voxboard')
    cd /Users/codybontecou/projects/Voxboard

    Signing Identity:     "Sign to Run Locally"

    /usr/bin/codesign --force --sign - --timestamp\=none --generate-entitlement-der /tmp/voxboard-watch-sim-derived/Build/Products/Debug-watchsimulator/Voxboard\ Watch\ WidgetExtension.appex/Voxboard\ Watch\ WidgetExtension.debug.dylib

CodeSign /tmp/voxboard-watch-sim-derived/Build/Products/Debug-watchsimulator/Voxboard\ Watch\ WidgetExtension.appex/__preview.dylib (in target 'Voxboard Watch WidgetExtension' from project 'Voxboard')
    cd /Users/codybontecou/projects/Voxboard

    Signing Identity:     "Sign to Run Locally"

    /usr/bin/codesign --force --sign - --timestamp\=none --generate-entitlement-der /tmp/voxboard-watch-sim-derived/Build/Products/Debug-watchsimulator/Voxboard\ Watch\ WidgetExtension.appex/__preview.dylib

CodeSign /tmp/voxboard-watch-sim-derived/Build/Products/Debug-watchsimulator/Voxboard\ Watch\ WidgetExtension.appex (in target 'Voxboard Watch WidgetExtension' from project 'Voxboard')
    cd /Users/codybontecou/projects/Voxboard

    Signing Identity:     "Sign to Run Locally"

    /usr/bin/codesign --force --sign - --entitlements /tmp/voxboard-watch-sim-derived/Build/Intermediates.noindex/Voxboard.build/Debug-watchsimulator/Voxboard\ Watch\ WidgetExtension.build/Voxboard\ Watch\ WidgetExtension.appex.xcent --timestamp\=none --generate-entitlement-der /tmp/voxboard-watch-sim-derived/Build/Products/Debug-watchsimulator/Voxboard\ Watch\ WidgetExtension.appex

RegisterExecutionPolicyException /tmp/voxboard-watch-sim-derived/Build/Products/Debug-watchsimulator/Voxboard\ Watch\ WidgetExtension.appex (in target 'Voxboard Watch WidgetExtension' from project 'Voxboard')
    cd /Users/codybontecou/projects/Voxboard
    builtin-RegisterExecutionPolicyException /tmp/voxboard-watch-sim-derived/Build/Products/Debug-watchsimulator/Voxboard\ Watch\ WidgetExtension.appex

Touch /tmp/voxboard-watch-sim-derived/Build/Products/Debug-watchsimulator/Voxboard\ Watch\ WidgetExtension.appex (in target 'Voxboard Watch WidgetExtension' from project 'Voxboard')
    cd /Users/codybontecou/projects/Voxboard
    /usr/bin/touch -c /tmp/voxboard-watch-sim-derived/Build/Products/Debug-watchsimulator/Voxboard\ Watch\ WidgetExtension.appex

Ld /tmp/voxboard-watch-sim-derived/Build/Intermediates.noindex/Voxboard.build/Debug-watchsimulator/Voxboard\ Watch.build/Objects-normal/arm64/Binary/__preview.dylib normal arm64 (in target 'Voxboard Watch' from project 'Voxboard')
    cd /Users/codybontecou/projects/Voxboard
    /Applications/Xcode.app/Contents/Developer/Toolchains/XcodeDefault.xctoolchain/usr/bin/clang -Xlinker -reproducible -target arm64-apple-watchos10.0-simulator -dynamiclib -isysroot /Applications/Xcode.app/Contents/Developer/Platforms/WatchSimulator.platform/Developer/SDKs/WatchSimulator26.5.sdk -O0 -L/tmp/voxboard-watch-sim-derived/Build/Products/Debug-watchsimulator -F/tmp/voxboard-watch-sim-derived/Build/Products/Debug-watchsimulator -install_name @rpath/Voxboard\ Watch.debug.dylib -Xlinker -dead_strip -rdynamic -Xlinker -no_deduplicate -Xlinker -objc_abi_version -Xlinker 2 -Xlinker -dependency_info -Xlinker /tmp/voxboard-watch-sim-derived/Build/Intermediates.noindex/Voxboard.build/Debug-watchsimulator/Voxboard\ Watch.build/Objects-normal/arm64/Voxboard\ Watch_dependency_info.dat -Xlinker -sectcreate -Xlinker __TEXT -Xlinker __entitlements -Xlinker /tmp/voxboard-watch-sim-derived/Build/Intermediates.noindex/Voxboard.build/Debug-watchsimulator/Voxboard\ Watch.build/Voxboard\ Watch.app-Simulated.xcent -Xlinker -sectcreate -Xlinker __TEXT -Xlinker __ents_der -Xlinker /tmp/voxboard-watch-sim-derived/Build/Intermediates.noindex/Voxboard.build/Debug-watchsimulator/Voxboard\ Watch.build/Voxboard\ Watch.app-Simulated.xcent.der -Xlinker -no_adhoc_codesign -o /tmp/voxboard-watch-sim-derived/Build/Intermediates.noindex/Voxboard.build/Debug-watchsimulator/Voxboard\ Watch.build/Objects-normal/arm64/Binary/__preview.dylib

Ld /tmp/voxboard-watch-sim-derived/Build/Intermediates.noindex/Voxboard.build/Debug-watchsimulator/Voxboard\ Watch.build/Objects-normal/x86_64/Binary/__preview.dylib normal x86_64 (in target 'Voxboard Watch' from project 'Voxboard')
    cd /Users/codybontecou/projects/Voxboard
    /Applications/Xcode.app/Contents/Developer/Toolchains/XcodeDefault.xctoolchain/usr/bin/clang -Xlinker -reproducible -target x86_64-apple-watchos10.0-simulator -dynamiclib -isysroot /Applications/Xcode.app/Contents/Developer/Platforms/WatchSimulator.platform/Developer/SDKs/WatchSimulator26.5.sdk -O0 -L/tmp/voxboard-watch-sim-derived/Build/Products/Debug-watchsimulator -F/tmp/voxboard-watch-sim-derived/Build/Products/Debug-watchsimulator -install_name @rpath/Voxboard\ Watch.debug.dylib -Xlinker -dead_strip -rdynamic -Xlinker -no_deduplicate -Xlinker -objc_abi_version -Xlinker 2 -Xlinker -dependency_info -Xlinker /tmp/voxboard-watch-sim-derived/Build/Intermediates.noindex/Voxboard.build/Debug-watchsimulator/Voxboard\ Watch.build/Objects-normal/x86_64/Voxboard\ Watch_dependency_info.dat -Xlinker -sectcreate -Xlinker __TEXT -Xlinker __entitlements -Xlinker /tmp/voxboard-watch-sim-derived/Build/Intermediates.noindex/Voxboard.build/Debug-watchsimulator/Voxboard\ Watch.build/Voxboard\ Watch.app-Simulated.xcent -Xlinker -sectcreate -Xlinker __TEXT -Xlinker __ents_der -Xlinker /tmp/voxboard-watch-sim-derived/Build/Intermediates.noindex/Voxboard.build/Debug-watchsimulator/Voxboard\ Watch.build/Voxboard\ Watch.app-Simulated.xcent.der -Xlinker -no_adhoc_codesign -o /tmp/voxboard-watch-sim-derived/Build/Intermediates.noindex/Voxboard.build/Debug-watchsimulator/Voxboard\ Watch.build/Objects-normal/x86_64/Binary/__preview.dylib

CreateUniversalBinary /tmp/voxboard-watch-sim-derived/Build/Products/Debug-watchsimulator/Voxboard\ Watch.app/__preview.dylib normal arm64\ x86_64 (in target 'Voxboard Watch' from project 'Voxboard')
    cd /Users/codybontecou/projects/Voxboard
    /Applications/Xcode.app/Contents/Developer/Toolchains/XcodeDefault.xctoolchain/usr/bin/lipo -create /tmp/voxboard-watch-sim-derived/Build/Intermediates.noindex/Voxboard.build/Debug-watchsimulator/Voxboard\ Watch.build/Objects-normal/arm64/Binary/__preview.dylib /tmp/voxboard-watch-sim-derived/Build/Intermediates.noindex/Voxboard.build/Debug-watchsimulator/Voxboard\ Watch.build/Objects-normal/x86_64/Binary/__preview.dylib -output /tmp/voxboard-watch-sim-derived/Build/Products/Debug-watchsimulator/Voxboard\ Watch.app/__preview.dylib

SwiftExplicitDependencyGeneratePcm arm64 /tmp/voxboard-watch-sim-derived/ModuleCache.noindex/NaturalLanguage-7PX5ZBJB4TVO082G0UTX1CKPB.pcm

SwiftExplicitDependencyGeneratePcm arm64 /tmp/voxboard-watch-sim-derived/Build/Intermediates.noindex/SwiftExplicitPrecompiledModules/FastClusterWrapper-77OKO4EG699EF9Q7AEZA592KV.pcm

SwiftExplicitDependencyGeneratePcm arm64 /tmp/voxboard-watch-sim-derived/ModuleCache.noindex/_Builtin_intrinsics-CC4C1798BHOG87TOI4AOSAEZE.pcm

SwiftExplicitDependencyGeneratePcm arm64 /tmp/voxboard-watch-sim-derived/ModuleCache.noindex/_Builtin_tgmath-B4O9MSNNCYDGLIULCCGGD4HUY.pcm

SwiftExplicitDependencyGeneratePcm arm64 /tmp/voxboard-watch-sim-derived/ModuleCache.noindex/IOSurface-8SLS08UYO0SJEB71NI2OBG1SQ.pcm

SwiftExplicitDependencyGeneratePcm arm64 /tmp/voxboard-watch-sim-derived/ModuleCache.noindex/_Builtin_stdatomic-JV3Z6NO3TCLBPO256EQSIKQ7.pcm

SwiftExplicitDependencyGeneratePcm arm64 /tmp/voxboard-watch-sim-derived/ModuleCache.noindex/CoreMIDI-8VJ7BD435HLHE7JU4BUHJZGQ1.pcm

SwiftExplicitDependencyGeneratePcm x86_64 /tmp/voxboard-watch-sim-derived/ModuleCache.noindex/_Builtin_stdbool-21OQCWNC00PSF10UK64Q5SV8F.pcm

SwiftExplicitDependencyGeneratePcm x86_64 /tmp/voxboard-watch-sim-derived/ModuleCache.noindex/ptrcheck-3Y1N96HD8XLQJCG4U78RSQ5KN.pcm

SwiftExplicitDependencyGeneratePcm x86_64 /tmp/voxboard-watch-sim-derived/ModuleCache.noindex/_AvailabilityInternal-4X167Y8YAWEKYMO1OKTAIYM8W.pcm

SwiftExplicitDependencyGeneratePcm x86_64 /tmp/voxboard-watch-sim-derived/ModuleCache.noindex/_Builtin_stddef-6LOAZ5MFC0U3UX0XS648B8QPO.pcm

SwiftExplicitDependencyGeneratePcm arm64 /tmp/voxboard-watch-sim-derived/ModuleCache.noindex/_Builtin_stdbool-1L1CUN34H8NEWLLIXV1P7CKGX.pcm

SwiftExplicitDependencyGeneratePcm arm64 /tmp/voxboard-watch-sim-derived/ModuleCache.noindex/_Builtin_float-7DXNF2VJA82YKZB18Y44ZBPUQ.pcm

SwiftExplicitDependencyGeneratePcm arm64 /tmp/voxboard-watch-sim-derived/ModuleCache.noindex/_AvailabilityInternal-EP5SVQ0FGPI7VPSWNXBTU2KNB.pcm

SwiftExplicitDependencyGeneratePcm arm64 /tmp/voxboard-watch-sim-derived/ModuleCache.noindex/_Builtin_stddef-4ON65MEARO0X3JR8DYNY4M4EQ.pcm

SwiftExplicitDependencyGeneratePcm arm64 /tmp/voxboard-watch-sim-derived/ModuleCache.noindex/_SwiftConcurrencyShims-BIIIPAVMQYA7S3OE61KB020DL.pcm

SwiftExplicitDependencyGeneratePcm arm64 /tmp/voxboard-watch-sim-derived/ModuleCache.noindex/ptrcheck-ADF45SED7LOQUTUG167RALZ92.pcm

SwiftExplicitDependencyGeneratePcm x86_64 /tmp/voxboard-watch-sim-derived/ModuleCache.noindex/_DarwinFoundation1-5SNVOY6JS8CY59XF5Z0GEZCW4.pcm

SwiftExplicitDependencyGeneratePcm arm64 /tmp/voxboard-watch-sim-derived/ModuleCache.noindex/DeveloperToolsSupport-86GPJQ3BFAZH44Y85F1L7DC78.pcm

SwiftExplicitDependencyGeneratePcm arm64 /tmp/voxboard-watch-sim-derived/ModuleCache.noindex/ptrauth-DF2Q7C5YQ0VKT5ZAJ9BC00G0C.pcm

SwiftExplicitDependencyGeneratePcm x86_64 /tmp/voxboard-watch-sim-derived/ModuleCache.noindex/_Builtin_stdarg-8HEI5XQW383SJQ69MK7QXLXTV.pcm

SwiftExplicitDependencyGeneratePcm arm64 /tmp/voxboard-watch-sim-derived/ModuleCache.noindex/simd-3K2E5MH9TEPCJS3Y9S1T6J3PR.pcm

SwiftExplicitDependencyGeneratePcm x86_64 /tmp/voxboard-watch-sim-derived/ModuleCache.noindex/_SwiftConcurrencyShims-7CIFDV3B3HO2S5UFVGOX789C7.pcm

SwiftExplicitDependencyGeneratePcm arm64 /tmp/voxboard-watch-sim-derived/ModuleCache.noindex/SwiftShims-C5DOIP8JVOUEQ4M8CZOSYXVFK.pcm

SwiftExplicitDependencyGeneratePcm x86_64 /tmp/voxboard-watch-sim-derived/ModuleCache.noindex/_Builtin_limits-AI7IZXGI0NXMY01F3QP86RBN6.pcm

SwiftExplicitDependencyGeneratePcm x86_64 /tmp/voxboard-watch-sim-derived/ModuleCache.noindex/ExtensionFoundation-428L5HTWUEKO93LM34HUJZ57L.pcm

SwiftExplicitDependencyGeneratePcm arm64 /tmp/voxboard-watch-sim-derived/ModuleCache.noindex/CoreAudioTypes-5MI6OJJY50ST8QDZX4YJE87BV.pcm

SwiftExplicitDependencyGeneratePcm x86_64 /tmp/voxboard-watch-sim-derived/ModuleCache.noindex/ptrauth-DN9FBVF2MM5EINI77FH0UZVQF.pcm

SwiftExplicitDependencyGeneratePcm x86_64 /tmp/voxboard-watch-sim-derived/ModuleCache.noindex/_DarwinFoundation2-DYCEB0ZMEYVNEY17ZHDYZVHMN.pcm

SwiftExplicitDependencyGeneratePcm arm64 /tmp/voxboard-watch-sim-derived/ModuleCache.noindex/_DarwinFoundation1-B77I8BEXWND2N0BBO4VPVJD0S.pcm

SwiftExplicitDependencyGeneratePcm arm64 /tmp/voxboard-watch-sim-derived/ModuleCache.noindex/UniformTypeIdentifiers-7BBS9XU4USN6QRUYYJTWSDUYK.pcm

SwiftExplicitDependencyGeneratePcm arm64 /tmp/voxboard-watch-sim-derived/Build/Intermediates.noindex/SwiftExplicitPrecompiledModules/whisper-4Y3TZ57RUIB94D2XFWM54X4C8.pcm

SwiftExplicitDependencyGeneratePcm arm64 /tmp/voxboard-watch-sim-derived/ModuleCache.noindex/LocalAuthentication-F036Y88RT336KMBM685MCN08H.pcm

SwiftExplicitDependencyGeneratePcm arm64 /tmp/voxboard-watch-sim-derived/ModuleCache.noindex/CoreGraphics-BTB3MC5YY7HXNXUCO3Q01B7NK.pcm

SwiftExplicitDependencyGeneratePcm x86_64 /tmp/voxboard-watch-sim-derived/ModuleCache.noindex/_Builtin_tgmath-12YTVXYJCWBKKECRIOEM6Z5NM.pcm

SwiftExplicitDependencyGeneratePcm x86_64 /tmp/voxboard-watch-sim-derived/ModuleCache.noindex/_Builtin_stdint-5CTWLI9LJY2E6OYZTNE33YPE5.pcm

SwiftExplicitDependencyGeneratePcm x86_64 /tmp/voxboard-watch-sim-derived/ModuleCache.noindex/sys_types-9PZN61VJPT4ERA0QKOUGA5WNV.pcm

SwiftExplicitDependencyGeneratePcm x86_64 /tmp/voxboard-watch-sim-derived/ModuleCache.noindex/SwiftShims-1TTCAPAEBULC7YWHCQ42RXLJT.pcm

SwiftExplicitDependencyGeneratePcm x86_64 /tmp/voxboard-watch-sim-derived/ModuleCache.noindex/_Builtin_float-7L2UK40C35YFUUQ4P39YPN6BS.pcm

SwiftExplicitDependencyGeneratePcm x86_64 /tmp/voxboard-watch-sim-derived/ModuleCache.noindex/DeveloperToolsSupport-8R09VDRQ1BE7I5WMYXIW23A9E.pcm

SwiftExplicitDependencyGeneratePcm arm64 /tmp/voxboard-watch-sim-derived/ModuleCache.noindex/CoreAudio-1HVSP2CCRPSI7H384JEZLXB8Y.pcm

SwiftExplicitDependencyGeneratePcm arm64 /tmp/voxboard-watch-sim-derived/ModuleCache.noindex/ActivityKit-8MYEUOXHGDXDUOS8MVB64L39U.pcm

SwiftExplicitDependencyGeneratePcm arm64 /tmp/voxboard-watch-sim-derived/ModuleCache.noindex/MachO-9FVCQDK7YUPAO164F3DX81U0P.pcm

SwiftExplicitDependencyGeneratePcm x86_64 /tmp/voxboard-watch-sim-derived/ModuleCache.noindex/_Builtin_stdatomic-52DNTOBVLZT7I6C1QGPWMKRXX.pcm

SwiftExplicitDependencyGeneratePcm arm64 /tmp/voxboard-watch-sim-derived/ModuleCache.noindex/AudioToolbox-C1HTG0S6EJUNV8O3AYXRJ95C1.pcm

SwiftExplicitDependencyGeneratePcm arm64 /tmp/voxboard-watch-sim-derived/Build/Intermediates.noindex/SwiftExplicitPrecompiledModules/MachTaskSelfWrapper-2E9MHMF890RQH7C1YI87XF992.pcm

SwiftExplicitDependencyGeneratePcm arm64 /tmp/voxboard-watch-sim-derived/ModuleCache.noindex/ImageIO-EER84BZRSESLU1FAYSXP0CE37.pcm

SwiftExplicitDependencyGeneratePcm arm64 /tmp/voxboard-watch-sim-derived/ModuleCache.noindex/_Builtin_limits-D049QGTUJP8SH9EEMVNFQYNQ8.pcm

SwiftExplicitDependencyGeneratePcm arm64 /tmp/voxboard-watch-sim-derived/ModuleCache.noindex/dnssd-CO29528LKPDBPBTMMRJD4FVAZ.pcm

SwiftExplicitDependencyGeneratePcm arm64 /tmp/voxboard-watch-sim-derived/ModuleCache.noindex/_Builtin_stdarg-CH8IGID0W680KEXQSYE0WOVTN.pcm

SwiftExplicitDependencyGeneratePcm arm64 /tmp/voxboard-watch-sim-derived/ModuleCache.noindex/os-SK14EQF8WJ5LV64YSKIM120J.pcm

SwiftExplicitDependencyGeneratePcm arm64 /tmp/voxboard-watch-sim-derived/ModuleCache.noindex/Metal-BAFZOSKSVHKEUZLTXIDMHFILN.pcm

SwiftExplicitDependencyGeneratePcm arm64 /tmp/voxboard-watch-sim-derived/ModuleCache.noindex/ExtensionFoundation-8WG88174HK6NLZBP0LZ301DAR.pcm

SwiftExplicitDependencyGeneratePcm x86_64 /tmp/voxboard-watch-sim-derived/ModuleCache.noindex/_DarwinFoundation3-30R8DT2GMSON0CAEQJC233UXF.pcm

SwiftExplicitDependencyGeneratePcm arm64 /tmp/voxboard-watch-sim-derived/ModuleCache.noindex/OpenGLES-AWP96PFFMOHMN8FYSFOVX6FDD.pcm

SwiftExplicitDependencyGeneratePcm arm64 /tmp/voxboard-watch-sim-derived/ModuleCache.noindex/Network-3R0VWA4JI3YEQ1CSYPM3W14C.pcm

SwiftExplicitDependencyGeneratePcm arm64 /tmp/voxboard-watch-sim-derived/ModuleCache.noindex/_DarwinFoundation2-BPT3AADXO1JQMWCMNV4VMZIXI.pcm

LinkAssetCatalog /Users/codybontecou/projects/Voxboard/Voxboard\ Watch/Assets.xcassets (in target 'Voxboard Watch' from project 'Voxboard')
    cd /Users/codybontecou/projects/Voxboard
    builtin-linkAssetCatalog --thinned /tmp/voxboard-watch-sim-derived/Build/Intermediates.noindex/Voxboard.build/Debug-watchsimulator/Voxboard\ Watch.build/assetcatalog_output/thinned --thinned-dependencies /tmp/voxboard-watch-sim-derived/Build/Intermediates.noindex/Voxboard.build/Debug-watchsimulator/Voxboard\ Watch.build/assetcatalog_dependencies_thinned --thinned-info-plist-content /tmp/voxboard-watch-sim-derived/Build/Intermediates.noindex/Voxboard.build/Debug-watchsimulator/Voxboard\ Watch.build/assetcatalog_generated_info.plist_thinned --unthinned /tmp/voxboard-watch-sim-derived/Build/Intermediates.noindex/Voxboard.build/Debug-watchsimulator/Voxboard\ Watch.build/assetcatalog_output/unthinned --unthinned-dependencies /tmp/voxboard-watch-sim-derived/Build/Intermediates.noindex/Voxboard.build/Debug-watchsimulator/Voxboard\ Watch.build/assetcatalog_dependencies_unthinned --unthinned-info-plist-content /tmp/voxboard-watch-sim-derived/Build/Intermediates.noindex/Voxboard.build/Debug-watchsimulator/Voxboard\ Watch.build/assetcatalog_generated_info.plist_unthinned --output /tmp/voxboard-watch-sim-derived/Build/Products/Debug-watchsimulator/Voxboard\ Watch.app --plist-output /tmp/voxboard-watch-sim-derived/Build/Intermediates.noindex/Voxboard.build/Debug-watchsimulator/Voxboard\ Watch.build/assetcatalog_generated_info.plist
note: Emplaced /tmp/voxboard-watch-sim-derived/Build/Products/Debug-watchsimulator/Voxboard Watch.app/Assets.car (in target 'Voxboard Watch' from project 'Voxboard')

SwiftExplicitDependencyGeneratePcm arm64 /tmp/voxboard-watch-sim-derived/ModuleCache.noindex/OSLog-3SOQITCDPWSMGLDPWOC0LAN2Q.pcm

SwiftExplicitDependencyGeneratePcm x86_64 /tmp/voxboard-watch-sim-derived/ModuleCache.noindex/_Builtin_inttypes-410CJFNW0OJZR9TN1L34G8GUA.pcm

SwiftExplicitDependencyGeneratePcm x86_64 /tmp/voxboard-watch-sim-derived/ModuleCache.noindex/_Builtin_intrinsics-CADDW48GV36QMANI2ACTLADPU.pcm

SwiftExplicitDependencyGeneratePcm arm64 /tmp/voxboard-watch-sim-derived/ModuleCache.noindex/AVRouting-CQY5CJF66IK3RLQC6FGBNWT9T.pcm

SwiftExplicitDependencyGeneratePcm arm64 /tmp/voxboard-watch-sim-derived/ModuleCache.noindex/CoreVideo-CBQR4UOC56BO5H1E56ABHEYXE.pcm

SwiftExplicitDependencyGeneratePcm x86_64 /tmp/voxboard-watch-sim-derived/ModuleCache.noindex/Darwin-3SCRH9RVZNAAJZCM9DNRBOZ4F.pcm

SwiftExplicitDependencyGeneratePcm arm64 /tmp/voxboard-watch-sim-derived/ModuleCache.noindex/sys_types-D078CEQJHHSABMY4AM8JRBM8M.pcm

SwiftExplicitDependencyGeneratePcm arm64 /tmp/voxboard-watch-sim-derived/ModuleCache.noindex/_Builtin_tgmath-2HV5FLQZE594TPTX6VYSF4L4V.pcm

SwiftExplicitDependencyGeneratePcm arm64 /tmp/voxboard-watch-sim-derived/ModuleCache.noindex/_Builtin_stdint-23389I6HT55FYGF9VYB2J3WCA.pcm

SwiftExplicitDependencyGeneratePcm arm64 /tmp/voxboard-watch-sim-derived/ModuleCache.noindex/CoreML-34GKGDGMJCS6UIJX732M4EDBZ.pcm

SwiftExplicitDependencyGeneratePcm arm64 /tmp/voxboard-watch-sim-derived/ModuleCache.noindex/QuartzCore-D1EI6Y5LA1YNQNT1LCTU2N2BH.pcm

SwiftExplicitDependencyGeneratePcm arm64 /tmp/voxboard-watch-sim-derived/ModuleCache.noindex/Accelerate-1WB79VBO3GA7FYHM6FBMVZTN2.pcm

SwiftExplicitDependencyGeneratePcm arm64 /tmp/voxboard-watch-sim-derived/ModuleCache.noindex/CoreImage-41X0W2HYFQ83UQYYEU63T2JXR.pcm

SwiftExplicitDependencyGeneratePcm arm64 /tmp/voxboard-watch-sim-derived/ModuleCache.noindex/CoreMedia-SV8D7ECQYWPZHG35Q03TINWW.pcm

SwiftExplicitDependencyGeneratePcm arm64 /tmp/voxboard-watch-sim-derived/ModuleCache.noindex/_DarwinFoundation3-44ZGAR7N9K2711JUWOG715VCK.pcm

SwiftExplicitDependencyGeneratePcm arm64 /tmp/voxboard-watch-sim-derived/ModuleCache.noindex/_Builtin_intrinsics-34B5QSUG8Y7EDO4PDXCHMV4OY.pcm

SwiftExplicitDependencyGeneratePcm arm64 /tmp/voxboard-watch-sim-derived/ModuleCache.noindex/_Builtin_stdatomic-736YUSFXVJK2KH3K4S5JE1NYW.pcm

SwiftExplicitDependencyGeneratePcm arm64 /tmp/voxboard-watch-sim-derived/ModuleCache.noindex/MediaToolbox-EEFWEITRKFVEXA9PSNOD39NYW.pcm

SwiftExplicitDependencyGeneratePcm arm64 /tmp/voxboard-watch-sim-derived/ModuleCache.noindex/AVFAudio-1CYEV6LU8H0H8S76UFC779RM0.pcm

SwiftExplicitDependencyGeneratePcm x86_64 /tmp/voxboard-watch-sim-derived/ModuleCache.noindex/MachO-9ADKSMMDI0I8GR5SW6C7CB8ZE.pcm

SwiftExplicitDependencyGeneratePcm x86_64 /tmp/voxboard-watch-sim-derived/ModuleCache.noindex/simd-BBAZTI3J10859H28EEENI6SKS.pcm

SwiftExplicitDependencyGeneratePcm x86_64 /tmp/voxboard-watch-sim-derived/ModuleCache.noindex/ObjectiveC-EQV941LBCMUF1FLDY6RWWZTQ4.pcm

SwiftExplicitDependencyGeneratePcm arm64 /tmp/voxboard-watch-sim-derived/ModuleCache.noindex/_Builtin_inttypes-644QMVBPTU72ZFCU8S6LXMA8N.pcm

SwiftExplicitDependencyGeneratePcm arm64 /tmp/voxboard-watch-sim-derived/ModuleCache.noindex/Darwin-1E0IYV8J5CHAKA1D6CTXO4D6A.pcm

SwiftExplicitDependencyGeneratePcm x86_64 /tmp/voxboard-watch-sim-derived/ModuleCache.noindex/os_object-5G4AN7EZWNSHIEG00P7FTHED8.pcm

SwiftExplicitDependencyGeneratePcm arm64 /tmp/voxboard-watch-sim-derived/ModuleCache.noindex/AVFoundation-7V71XLVRWS8DOHEWBHEYYTTNC.pcm

SwiftExplicitDependencyGeneratePcm arm64 /tmp/voxboard-watch-sim-derived/ModuleCache.noindex/simd-B88JS23O4ZRWUB8HW5KC7IXN5.pcm

SwiftExplicitDependencyGeneratePcm x86_64 /tmp/voxboard-watch-sim-derived/ModuleCache.noindex/os_workgroup-CQ2E692Y2TNQHYNVDRTOR2I45.pcm

SwiftExplicitDependencyGeneratePcm x86_64 /tmp/voxboard-watch-sim-derived/ModuleCache.noindex/Dispatch-3POTQHG4ZHKFG7MSL4BCYJWWO.pcm

SwiftExplicitDependencyGeneratePcm x86_64 /tmp/voxboard-watch-sim-derived/ModuleCache.noindex/dnssd-88N63GIXR9XFVUUN77WS1DIHV.pcm

SwiftExplicitDependencyGeneratePcm x86_64 /tmp/voxboard-watch-sim-derived/ModuleCache.noindex/XPC-3KMPQB0RA9NI63BKSQYS2P19W.pcm

SwiftExplicitDependencyGeneratePcm x86_64 /tmp/voxboard-watch-sim-derived/ModuleCache.noindex/CoreFoundation-1PIA1JYA1FIEDWH7UGH39Q84R.pcm

SwiftExplicitDependencyGeneratePcm x86_64 /tmp/voxboard-watch-sim-derived/ModuleCache.noindex/Spatial-5DQOFQGL0E3X1DCPHI0ZQUUUG.pcm

SwiftExplicitDependencyGeneratePcm arm64 /tmp/voxboard-watch-sim-derived/ModuleCache.noindex/ObjectiveC-7I6DMJAJU26E0QU7P6RDTDRLL.pcm

SwiftExplicitDependencyGeneratePcm arm64 /tmp/voxboard-watch-sim-derived/ModuleCache.noindex/MachO-DPRPH94NT4J19WCSL0SBK8IJB.pcm

SwiftExplicitDependencyGeneratePcm x86_64 /tmp/voxboard-watch-sim-derived/ModuleCache.noindex/os-BO62AOQ8NPBZYFZ7GPTJPTWRC.pcm

SwiftDriverJobDiscovery normal arm64 Compiling SentencePieceProto.swift, SentencePieceTokenizer.swift, SSMLProcessor.swift, SSMLTagParser.swift, SSMLTypes.swift, SayAsInterpreter.swift, AudioPostProcessor.swift, TtsBackend.swift, TtsConstants.swift, TtsModels.swift, VadManager+SpeechSegmentation.swift, VadManager+Streaming.swift, VadManager.swift, VadTypes.swift (in target 'FluidAudio' from project 'FluidAudio')

SwiftEmitModule normal arm64 Emitting\ module\ for\ VoxboardShared (in target 'VoxboardShared' from project 'VoxboardShared')

EmitSwiftModule normal arm64 (in target 'VoxboardShared' from project 'VoxboardShared')
    cd /Users/codybontecou/projects/Voxboard/Voxboard.xcodeproj


SwiftCompile normal arm64 Compiling\ RecordingFlow.swift,\ SmartFolder.swift,\ TemplateRenderer.swift /Users/codybontecou/projects/Voxboard/Packages/VoxboardShared/Sources/VoxboardShared/RecordingFlow.swift /Users/codybontecou/projects/Voxboard/Packages/VoxboardShared/Sources/VoxboardShared/SmartFolder.swift /Users/codybontecou/projects/Voxboard/Packages/VoxboardShared/Sources/VoxboardShared/TemplateRenderer.swift (in target 'VoxboardShared' from project 'VoxboardShared')

SwiftCompile normal arm64 /Users/codybontecou/projects/Voxboard/Packages/VoxboardShared/Sources/VoxboardShared/RecordingFlow.swift (in target 'VoxboardShared' from project 'VoxboardShared')
    cd /Users/codybontecou/projects/Voxboard/Voxboard.xcodeproj


SwiftCompile normal arm64 /Users/codybontecou/projects/Voxboard/Packages/VoxboardShared/Sources/VoxboardShared/SmartFolder.swift (in target 'VoxboardShared' from project 'VoxboardShared')
    cd /Users/codybontecou/projects/Voxboard/Voxboard.xcodeproj


SwiftCompile normal arm64 /Users/codybontecou/projects/Voxboard/Packages/VoxboardShared/Sources/VoxboardShared/TemplateRenderer.swift (in target 'VoxboardShared' from project 'VoxboardShared')
    cd /Users/codybontecou/projects/Voxboard/Voxboard.xcodeproj


SwiftCompile normal arm64 Compiling\ LiveActivityCommandBuilder.swift,\ ModelManager.swift,\ ParakeetContext.swift /Users/codybontecou/projects/Voxboard/Packages/VoxboardShared/Sources/VoxboardShared/LiveActivityCommandBuilder.swift /Users/codybontecou/projects/Voxboard/Packages/VoxboardShared/Sources/VoxboardShared/ModelManager.swift /Users/codybontecou/projects/Voxboard/Packages/VoxboardShared/Sources/VoxboardShared/ParakeetContext.swift (in target 'VoxboardShared' from project 'VoxboardShared')

SwiftCompile normal arm64 /Users/codybontecou/projects/Voxboard/Packages/VoxboardShared/Sources/VoxboardShared/LiveActivityCommandBuilder.swift (in target 'VoxboardShared' from project 'VoxboardShared')
    cd /Users/codybontecou/projects/Voxboard/Voxboard.xcodeproj


SwiftCompile normal arm64 /Users/codybontecou/projects/Voxboard/Packages/VoxboardShared/Sources/VoxboardShared/ModelManager.swift (in target 'VoxboardShared' from project 'VoxboardShared')
    cd /Users/codybontecou/projects/Voxboard/Voxboard.xcodeproj


SwiftCompile normal arm64 /Users/codybontecou/projects/Voxboard/Packages/VoxboardShared/Sources/VoxboardShared/ParakeetContext.swift (in target 'VoxboardShared' from project 'VoxboardShared')
    cd /Users/codybontecou/projects/Voxboard/Voxboard.xcodeproj


SwiftExplicitDependencyGeneratePcm x86_64 /tmp/voxboard-watch-sim-derived/ModuleCache.noindex/Security-8X9TTWZ1OB02K8YAW1C2AE8VE.pcm

SwiftExplicitDependencyGeneratePcm x86_64 /tmp/voxboard-watch-sim-derived/ModuleCache.noindex/CoreGraphics-4N93UKQFDKOHXVALFR33H6XBU.pcm

SwiftExplicitDependencyGeneratePcm x86_64 /tmp/voxboard-watch-sim-derived/ModuleCache.noindex/CoreAudioTypes-F1K6NKHAYBYLKSE2XBGZWK1AT.pcm

SwiftExplicitDependencyGeneratePcm arm64 /tmp/voxboard-watch-sim-derived/ModuleCache.noindex/os_object-9SY74ZUWRAXLOC0TW8DBYU6EV.pcm

SwiftExplicitDependencyGeneratePcm arm64 /tmp/voxboard-watch-sim-derived/ModuleCache.noindex/Spatial-DHOAE4NJX8SFWY76HBOZC97EH.pcm

SwiftCompile normal arm64 Compiling\ CloudflareOnboardingAnalyticsTransport.swift,\ OnboardingAnalyticsClient.swift,\ OnboardingAnalyticsEvent.swift /Users/codybontecou/projects/Voxboard/Packages/VoxboardShared/Sources/VoxboardShared/Analytics/CloudflareOnboardingAnalyticsTransport.swift /Users/codybontecou/projects/Voxboard/Packages/VoxboardShared/Sources/VoxboardShared/Analytics/OnboardingAnalyticsClient.swift /Users/codybontecou/projects/Voxboard/Packages/VoxboardShared/Sources/VoxboardShared/Analytics/OnboardingAnalyticsEvent.swift (in target 'VoxboardShared' from project 'VoxboardShared')

SwiftCompile normal arm64 /Users/codybontecou/projects/Voxboard/Packages/VoxboardShared/Sources/VoxboardShared/Analytics/CloudflareOnboardingAnalyticsTransport.swift (in target 'VoxboardShared' from project 'VoxboardShared')
    cd /Users/codybontecou/projects/Voxboard/Voxboard.xcodeproj


SwiftCompile normal arm64 /Users/codybontecou/projects/Voxboard/Packages/VoxboardShared/Sources/VoxboardShared/Analytics/OnboardingAnalyticsClient.swift (in target 'VoxboardShared' from project 'VoxboardShared')
    cd /Users/codybontecou/projects/Voxboard/Voxboard.xcodeproj


SwiftCompile normal arm64 /Users/codybontecou/projects/Voxboard/Packages/VoxboardShared/Sources/VoxboardShared/Analytics/OnboardingAnalyticsEvent.swift (in target 'VoxboardShared' from project 'VoxboardShared')
    cd /Users/codybontecou/projects/Voxboard/Voxboard.xcodeproj


SwiftExplicitDependencyGeneratePcm x86_64 /tmp/voxboard-watch-sim-derived/ModuleCache.noindex/Foundation-CHQVSHSBVJTB0CXJTRL5GX2TG.pcm

SwiftExplicitDependencyGeneratePcm x86_64 /tmp/voxboard-watch-sim-derived/ModuleCache.noindex/CoreAudio-2AFV49R0FBIQ99VWOYJHDQBYE.pcm

SwiftExplicitDependencyGeneratePcm arm64 /tmp/voxboard-watch-sim-derived/ModuleCache.noindex/os_workgroup-DSQ18WAOTCHDMAH3W0XXH0TF8.pcm

SwiftExplicitDependencyGeneratePcm x86_64 /tmp/voxboard-watch-sim-derived/ModuleCache.noindex/CoreVideo-E3OJIP4AMI2ZRBF598R6EW98V.pcm

SwiftExplicitDependencyGeneratePcm x86_64 /tmp/voxboard-watch-sim-derived/ModuleCache.noindex/CoreText-AIVMIFOU1D2MAOCN3U36GOWXO.pcm

SwiftExplicitDependencyGeneratePcm arm64 /tmp/voxboard-watch-sim-derived/ModuleCache.noindex/Dispatch-9D3PPECYQCT42WQFYQEN5ZQ7E.pcm

SwiftExplicitDependencyGeneratePcm x86_64 /tmp/voxboard-watch-sim-derived/ModuleCache.noindex/CoreMedia-2YDUD4XE6S65PJB3L2F42H9YA.pcm

SwiftExplicitDependencyGeneratePcm x86_64 /tmp/voxboard-watch-sim-derived/ModuleCache.noindex/ImageIO-AXPYC7QBHFLLUB9885DGX4QO6.pcm

SwiftCompile normal arm64 Compiling\ WhisperContext.swift,\ WhisperModelInfo.swift /Users/codybontecou/projects/Voxboard/Packages/VoxboardShared/Sources/VoxboardShared/WhisperContext.swift /Users/codybontecou/projects/Voxboard/Packages/VoxboardShared/Sources/VoxboardShared/WhisperModelInfo.swift (in target 'VoxboardShared' from project 'VoxboardShared')

SwiftCompile normal arm64 /Users/codybontecou/projects/Voxboard/Packages/VoxboardShared/Sources/VoxboardShared/WhisperContext.swift (in target 'VoxboardShared' from project 'VoxboardShared')
    cd /Users/codybontecou/projects/Voxboard/Voxboard.xcodeproj


SwiftCompile normal arm64 /Users/codybontecou/projects/Voxboard/Packages/VoxboardShared/Sources/VoxboardShared/WhisperModelInfo.swift (in target 'VoxboardShared' from project 'VoxboardShared')
    cd /Users/codybontecou/projects/Voxboard/Voxboard.xcodeproj


SwiftExplicitDependencyGeneratePcm arm64 /tmp/voxboard-watch-sim-derived/ModuleCache.noindex/CoreFoundation-8I59WO5ITODOQRTB9NJ258MOL.pcm

SwiftExplicitDependencyGeneratePcm arm64 /tmp/voxboard-watch-sim-derived/ModuleCache.noindex/XPC-EVMDBGGGRPVHGT1AH57GPX1KP.pcm

SwiftExplicitDependencyGeneratePcm x86_64 /tmp/voxboard-watch-sim-derived/ModuleCache.noindex/WidgetKit-5EO5QR6VHV62TPFYD2UV21R7N.pcm

SwiftExplicitDependencyGeneratePcm x86_64 /tmp/voxboard-watch-sim-derived/ModuleCache.noindex/UniformTypeIdentifiers-CJRLKLX1OV3UGMEMCAA2M4JQT.pcm

SwiftDriverJobDiscovery normal arm64 Compiling AsrManager.swift, AsrModels.swift, AsrTranscription.swift, AsrTypes.swift, AudioBuffer.swift, ChunkProcessor.swift, BlasIndex.swift, EncoderFrameView.swift, TdtConfig.swift, TdtDecoderState.swift, TdtDecoderV2.swift, TdtDecoderV3.swift, TdtHypothesis.swift, ARPALanguageModel.swift, CtcDecoder.swift (in target 'FluidAudio' from project 'FluidAudio')

SwiftExplicitDependencyGeneratePcm x86_64 /tmp/voxboard-watch-sim-derived/ModuleCache.noindex/AppIntents-BD6RNWKAXB36RU3P31FBYLW1G.pcm

SwiftExplicitDependencyGeneratePcm x86_64 /tmp/voxboard-watch-sim-derived/ModuleCache.noindex/QuartzCore-9V6CP55GPTNF3ZK0E803YFRV3.pcm

SwiftExplicitDependencyGeneratePcm arm64 /tmp/voxboard-watch-sim-derived/ModuleCache.noindex/os-15HNIP8IGCDLKXPRWR1UDRM3M.pcm

SwiftExplicitDependencyGeneratePcm arm64 /tmp/voxboard-watch-sim-derived/ModuleCache.noindex/CoreAudioTypes-6G53YHA5KF7TJTYKHRE4EKP2B.pcm

SwiftExplicitDependencyGeneratePcm x86_64 /tmp/voxboard-watch-sim-derived/ModuleCache.noindex/CoreData-EG2CX664DKVJ66XH4LB0O14UO.pcm

SwiftExplicitDependencyGeneratePcm arm64 /tmp/voxboard-watch-sim-derived/ModuleCache.noindex/CoreGraphics-E54ONX8GCEHBJC673N2XDVVU.pcm

SwiftExplicitDependencyGeneratePcm x86_64 /tmp/voxboard-watch-sim-derived/ModuleCache.noindex/UserNotifications-CZ9VLICVY04E9E4Y16P5HR8CD.pcm

SwiftExplicitDependencyGeneratePcm x86_64 /tmp/voxboard-watch-sim-derived/ModuleCache.noindex/RelevanceKit-EGOT5P6SS4CPXV3TMQWOOHJEU.pcm

SwiftExplicitDependencyGeneratePcm x86_64 /tmp/voxboard-watch-sim-derived/ModuleCache.noindex/DataDetection-D0QDLEOWN9LYR8XE1EFWTXSJ7.pcm

SwiftExplicitDependencyGeneratePcm x86_64 /tmp/voxboard-watch-sim-derived/ModuleCache.noindex/Network-27BFRPGLAQ1VLHD24LLP8Y2GW.pcm

SwiftExplicitDependencyGeneratePcm x86_64 /tmp/voxboard-watch-sim-derived/ModuleCache.noindex/OSLog-1OEOD59XZ6YKMUCY8Z0T34EHC.pcm

SwiftExplicitDependencyGeneratePcm x86_64 /tmp/voxboard-watch-sim-derived/ModuleCache.noindex/_LocationEssentials-C12O8JB05GMCLS6LLALOQ79S7.pcm

SwiftExplicitDependencyGeneratePcm arm64 /tmp/voxboard-watch-sim-derived/ModuleCache.noindex/Security-95UJRI9ULD4SIFTNBUED8QC62.pcm

SwiftDriverJobDiscovery normal arm64 Compiling LiveActivityCommandBuilder.swift, ModelManager.swift, ParakeetContext.swift (in target 'VoxboardShared' from project 'VoxboardShared')

SwiftExplicitDependencyGeneratePcm arm64 /tmp/voxboard-watch-sim-derived/ModuleCache.noindex/CoreAudio-9VH3APEWTI84K27A109SQ9IKR.pcm

SwiftExplicitDependencyGeneratePcm arm64 /tmp/voxboard-watch-sim-derived/ModuleCache.noindex/ImageIO-C5EXG4AU5YPC0W70Q5WIE3491.pcm

SwiftExplicitDependencyGeneratePcm x86_64 /tmp/voxboard-watch-sim-derived/ModuleCache.noindex/CoreLocation-5L18HV33829UMALJN3OLHN4LS.pcm

SwiftExplicitDependencyGeneratePcm arm64 /tmp/voxboard-watch-sim-derived/ModuleCache.noindex/CoreText-9Y9WT4HW4MS1LDS7WUVYVI96O.pcm

SwiftExplicitDependencyGeneratePcm x86_64 /tmp/voxboard-watch-sim-derived/ModuleCache.noindex/SwiftUICore-DUJS2OXTN6CG8QJTTA10NP1YS.pcm

SwiftDriverJobDiscovery normal arm64 Compiling RecordingFlow.swift, SmartFolder.swift, TemplateRenderer.swift (in target 'VoxboardShared' from project 'VoxboardShared')

SwiftExplicitDependencyGeneratePcm x86_64 /tmp/voxboard-watch-sim-derived/ModuleCache.noindex/UIUtilities-3QJE4CKTK8N6Z0O7DLAKGRMJG.pcm

SwiftExplicitDependencyGeneratePcm x86_64 /tmp/voxboard-watch-sim-derived/ModuleCache.noindex/WatchConnectivity-1C22MPBIB5I6OFHT4F8VYRP2T.pcm

SwiftExplicitDependencyGeneratePcm x86_64 /tmp/voxboard-watch-sim-derived/ModuleCache.noindex/Accessibility-3G8PVMQD4NM2W7B9ICVXUOA55.pcm

SwiftExplicitDependencyGeneratePcm arm64 /tmp/voxboard-watch-sim-derived/ModuleCache.noindex/dnssd-6WIDXNP6YYCXCH742GQ3JS36S.pcm

SwiftExplicitDependencyGeneratePcm arm64 /tmp/voxboard-watch-sim-derived/ModuleCache.noindex/CoreVideo-D10AVWCQYWVLZJICL6VV6MMS3.pcm

SwiftExplicitDependencyGeneratePcm x86_64 /tmp/voxboard-watch-sim-derived/ModuleCache.noindex/SceneKit-2YDBQ5O4GBQARDSMJF371CAZU.pcm

SwiftExplicitDependencyGeneratePcm x86_64 /tmp/voxboard-watch-sim-derived/ModuleCache.noindex/Intents-DZMJYD657VA84ZNXU4T9AHLUT.pcm

SwiftExplicitDependencyGeneratePcm x86_64 /tmp/voxboard-watch-sim-derived/ModuleCache.noindex/CoreMIDI-EKBWSK0AK66YSBUYVFJW2YWB8.pcm

SwiftExplicitDependencyGeneratePcm x86_64 /tmp/voxboard-watch-sim-derived/ModuleCache.noindex/Symbols-C2SFPORZSFZNZ3E80UM64C1X0.pcm

SwiftExplicitDependencyGeneratePcm arm64 /tmp/voxboard-watch-sim-derived/ModuleCache.noindex/Foundation-ESFZSDQ5GI8QMMHDNN0B5GI1R.pcm

SwiftExplicitDependencyGeneratePcm x86_64 /tmp/voxboard-watch-sim-derived/ModuleCache.noindex/CoreTransferable-2QISALOIOQGIOLV1WJZHBU316.pcm

SwiftDriverJobDiscovery normal arm64 Emitting module for VoxboardShared (in target 'VoxboardShared' from project 'VoxboardShared')

SwiftDriver\ Compilation\ Requirements VoxboardShared normal arm64 com.apple.xcode.tools.swift.compiler (in target 'VoxboardShared' from project 'VoxboardShared')
    cd /Users/codybontecou/projects/Voxboard/Voxboard.xcodeproj
    builtin-Swift-Compilation-Requirements -- /Applications/Xcode.app/Contents/Developer/Toolchains/XcodeDefault.xctoolchain/usr/bin/swiftc -module-name VoxboardShared -Onone @/tmp/voxboard-watch-sim-derived/Build/Intermediates.noindex/VoxboardShared.build/Debug-iphonesimulator/VoxboardShared.build/Objects-normal/arm64/VoxboardShared.SwiftFileList -DSWIFT_PACKAGE -DDEBUG -DSWIFT_MODULE_RESOURCE_BUNDLE_UNAVAILABLE -DXcode -plugin-path /Applications/Xcode.app/Contents/Developer/Toolchains/XcodeDefault.xctoolchain/usr/lib/swift/host/plugins/testing -enable-experimental-feature DebugDescriptionMacro -sdk /Applications/Xcode.app/Contents/Developer/Platforms/iPhoneSimulator.platform/Developer/SDKs/iPhoneSimulator26.5.sdk -target arm64-apple-ios17.0-simulator -g -module-cache-path /tmp/voxboard-watch-sim-derived/ModuleCache.noindex -Xfrontend -serialize-debugging-options -enable-testing -suppress-warnings -index-store-path /tmp/voxboard-watch-sim-derived/Index.noindex/DataStore -Xcc -D_LIBCPP_HARDENING_MODE\=_LIBCPP_HARDENING_MODE_DEBUG -swift-version 5 -I /tmp/voxboard-watch-sim-derived/Build/Products/Debug-iphonesimulator -Isystem /Applications/Xcode.app/Contents/Developer/Platforms/iPhoneSimulator.platform/Developer/usr/lib -F /tmp/voxboard-watch-sim-derived/Build/Products/Debug-iphonesimulator/PackageFrameworks -F /tmp/voxboard-watch-sim-derived/Build/Products/Debug-iphonesimulator/PackageFrameworks -F /tmp/voxboard-watch-sim-derived/Build/Products/Debug-iphonesimulator/PackageFrameworks -F /tmp/voxboard-watch-sim-derived/Build/Products/Debug-iphonesimulator/PackageFrameworks -F /tmp/voxboard-watch-sim-derived/Build/Products/Debug-iphonesimulator -F /Applications/Xcode.app/Contents/Developer/Platforms/iPhoneSimulator.platform/Developer/Library/Frameworks -F /Applications/Xcode.app/Contents/Developer/Platforms/iPhoneSimulator.platform/Developer/SDKs/iPhoneSimulator26.5.sdk/Developer/Library/Frameworks -c -j10 -enable-batch-mode -incremental -Xcc -ivfsstatcache -Xcc /tmp/voxboard-watch-sim-derived/SDKStatCaches.noindex/iphonesimulator26.5-23F73-6cfe768891a92b912361537c460fe42b.sdkstatcache -output-file-map /tmp/voxboard-watch-sim-derived/Build/Intermediates.noindex/VoxboardShared.build/Debug-iphonesimulator/VoxboardShared.build/Objects-normal/arm64/VoxboardShared-OutputFileMap.json -use-frontend-parseable-output -save-temps -no-color-diagnostics -explicit-module-build -module-cache-path /tmp/voxboard-watch-sim-derived/Build/Intermediates.noindex/SwiftExplicitPrecompiledModules -clang-scanner-module-cache-path /tmp/voxboard-watch-sim-derived/ModuleCache.noindex -sdk-module-cache-path /tmp/voxboard-watch-sim-derived/ModuleCache.noindex -serialize-diagnostics -emit-dependencies -emit-module -emit-module-path /tmp/voxboard-watch-sim-derived/Build/Intermediates.noindex/VoxboardShared.build/Debug-iphonesimulator/VoxboardShared.build/Objects-normal/arm64/VoxboardShared.swiftmodule -validate-clang-modules-once -clang-build-session-file /tmp/voxboard-watch-sim-derived/ModuleCache.noindex/Session.modulevalidation -package-name voxboardshared -Xcc -I/tmp/voxboard-watch-sim-derived/Build/Intermediates.noindex/VoxboardShared.build/Debug-iphonesimulator/VoxboardShared.build/swift-overrides.hmap -emit-const-values -Xfrontend -const-gather-protocols-file -Xfrontend /tmp/voxboard-watch-sim-derived/Build/Intermediates.noindex/VoxboardShared.build/Debug-iphonesimulator/VoxboardShared.build/Objects-normal/arm64/VoxboardShared_const_extract_protocols.json -Xcc -I/tmp/voxboard-watch-sim-derived/SourcePackages/checkouts/FluidAudio/Sources/MachTaskSelfWrapper/include -Xcc -I/tmp/voxboard-watch-sim-derived/SourcePackages/checkouts/FluidAudio/Sources/FastClusterWrapper/include -Xcc -I/tmp/voxboard-watch-sim-derived/Build/Products/Debug-iphonesimulator/include -Xcc -I/tmp/voxboard-watch-sim-derived/Build/Intermediates.noindex/VoxboardShared.build/Debug-iphonesimulator/VoxboardShared.build/DerivedSources-normal/arm64 -Xcc -I/tmp/voxboard-watch-sim-derived/Build/Intermediates.noindex/VoxboardShared.build/Debug-iphonesimulator/VoxboardShared.build/DerivedSources/arm64 -Xcc -I/tmp/voxboard-watch-sim-derived/Build/Intermediates.noindex/VoxboardShared.build/Debug-iphonesimulator/VoxboardShared.build/DerivedSources -Xcc -DSWIFT_PACKAGE -Xcc -DDEBUG\=1 -emit-objc-header -emit-objc-header-path /tmp/voxboard-watch-sim-derived/Build/Intermediates.noindex/VoxboardShared.build/Debug-iphonesimulator/VoxboardShared.build/Objects-normal/arm64/VoxboardShared-Swift.h -working-directory /Users/codybontecou/projects/Voxboard/Voxboard.xcodeproj -experimental-emit-module-separately -disable-cmo

SwiftExplicitDependencyGeneratePcm arm64 /tmp/voxboard-watch-sim-derived/ModuleCache.noindex/CoreMedia-D5ZPE4CHQX39MBU3GJRI4RCXF.pcm

SwiftMergeGeneratedHeaders /tmp/voxboard-watch-sim-derived/Build/Intermediates.noindex/GeneratedModuleMaps-iphonesimulator/VoxboardShared-Swift.h /tmp/voxboard-watch-sim-derived/Build/Intermediates.noindex/VoxboardShared.build/Debug-iphonesimulator/VoxboardShared.build/Objects-normal/arm64/VoxboardShared-Swift.h (in target 'VoxboardShared' from project 'VoxboardShared')
    cd /Users/codybontecou/projects/Voxboard/Packages/VoxboardShared
    builtin-swiftHeaderTool -arch arm64 /tmp/voxboard-watch-sim-derived/Build/Intermediates.noindex/VoxboardShared.build/Debug-iphonesimulator/VoxboardShared.build/Objects-normal/arm64/VoxboardShared-Swift.h -o /tmp/voxboard-watch-sim-derived/Build/Intermediates.noindex/GeneratedModuleMaps-iphonesimulator/VoxboardShared-Swift.h

Copy /tmp/voxboard-watch-sim-derived/Build/Products/Debug-iphonesimulator/VoxboardShared.swiftmodule/arm64-apple-ios-simulator.swiftmodule /tmp/voxboard-watch-sim-derived/Build/Intermediates.noindex/VoxboardShared.build/Debug-iphonesimulator/VoxboardShared.build/Objects-normal/arm64/VoxboardShared.swiftmodule (in target 'VoxboardShared' from project 'VoxboardShared')
    cd /Users/codybontecou/projects/Voxboard/Packages/VoxboardShared
    builtin-copy -exclude .DS_Store -exclude CVS -exclude .svn -exclude .git -exclude .hg -resolve-src-symlinks -rename /tmp/voxboard-watch-sim-derived/Build/Intermediates.noindex/VoxboardShared.build/Debug-iphonesimulator/VoxboardShared.build/Objects-normal/arm64/VoxboardShared.swiftmodule /tmp/voxboard-watch-sim-derived/Build/Products/Debug-iphonesimulator/VoxboardShared.swiftmodule/arm64-apple-ios-simulator.swiftmodule

Copy /tmp/voxboard-watch-sim-derived/Build/Products/Debug-iphonesimulator/VoxboardShared.swiftmodule/arm64-apple-ios-simulator.swiftdoc /tmp/voxboard-watch-sim-derived/Build/Intermediates.noindex/VoxboardShared.build/Debug-iphonesimulator/VoxboardShared.build/Objects-normal/arm64/VoxboardShared.swiftdoc (in target 'VoxboardShared' from project 'VoxboardShared')
    cd /Users/codybontecou/projects/Voxboard/Packages/VoxboardShared
    builtin-copy -exclude .DS_Store -exclude CVS -exclude .svn -exclude .git -exclude .hg -resolve-src-symlinks -rename /tmp/voxboard-watch-sim-derived/Build/Intermediates.noindex/VoxboardShared.build/Debug-iphonesimulator/VoxboardShared.build/Objects-normal/arm64/VoxboardShared.swiftdoc /tmp/voxboard-watch-sim-derived/Build/Products/Debug-iphonesimulator/VoxboardShared.swiftmodule/arm64-apple-ios-simulator.swiftdoc

Copy /tmp/voxboard-watch-sim-derived/Build/Products/Debug-iphonesimulator/VoxboardShared.swiftmodule/arm64-apple-ios-simulator.abi.json /tmp/voxboard-watch-sim-derived/Build/Intermediates.noindex/VoxboardShared.build/Debug-iphonesimulator/VoxboardShared.build/Objects-normal/arm64/VoxboardShared.abi.json (in target 'VoxboardShared' from project 'VoxboardShared')
    cd /Users/codybontecou/projects/Voxboard/Packages/VoxboardShared
    builtin-copy -exclude .DS_Store -exclude CVS -exclude .svn -exclude .git -exclude .hg -resolve-src-symlinks -rename /tmp/voxboard-watch-sim-derived/Build/Intermediates.noindex/VoxboardShared.build/Debug-iphonesimulator/VoxboardShared.build/Objects-normal/arm64/VoxboardShared.abi.json /tmp/voxboard-watch-sim-derived/Build/Products/Debug-iphonesimulator/VoxboardShared.swiftmodule/arm64-apple-ios-simulator.abi.json

Copy /tmp/voxboard-watch-sim-derived/Build/Products/Debug-iphonesimulator/VoxboardShared.swiftmodule/Project/arm64-apple-ios-simulator.swiftsourceinfo /tmp/voxboard-watch-sim-derived/Build/Intermediates.noindex/VoxboardShared.build/Debug-iphonesimulator/VoxboardShared.build/Objects-normal/arm64/VoxboardShared.swiftsourceinfo (in target 'VoxboardShared' from project 'VoxboardShared')
    cd /Users/codybontecou/projects/Voxboard/Packages/VoxboardShared
    builtin-copy -exclude .DS_Store -exclude CVS -exclude .svn -exclude .git -exclude .hg -resolve-src-symlinks -rename /tmp/voxboard-watch-sim-derived/Build/Intermediates.noindex/VoxboardShared.build/Debug-iphonesimulator/VoxboardShared.build/Objects-normal/arm64/VoxboardShared.swiftsourceinfo /tmp/voxboard-watch-sim-derived/Build/Products/Debug-iphonesimulator/VoxboardShared.swiftmodule/Project/arm64-apple-ios-simulator.swiftsourceinfo

SwiftExplicitDependencyGeneratePcm x86_64 /tmp/voxboard-watch-sim-derived/ModuleCache.noindex/AVFAudio-CAFBOMPRXC07DQYKKRKB23NNR.pcm

SwiftExplicitDependencyGeneratePcm x86_64 /tmp/voxboard-watch-sim-derived/ModuleCache.noindex/UIKit-1JNK2SFL4HTQ4SJ7MDKLMBS4R.pcm

SwiftCompile normal arm64 Compiling\ OnboardingAnalyticsFunnel.swift,\ OnboardingAnalyticsStorage.swift,\ OnboardingAnalyticsTransport.swift /Users/codybontecou/projects/Voxboard/Packages/VoxboardShared/Sources/VoxboardShared/Analytics/OnboardingAnalyticsFunnel.swift /Users/codybontecou/projects/Voxboard/Packages/VoxboardShared/Sources/VoxboardShared/Analytics/OnboardingAnalyticsStorage.swift /Users/codybontecou/projects/Voxboard/Packages/VoxboardShared/Sources/VoxboardShared/Analytics/OnboardingAnalyticsTransport.swift (in target 'VoxboardShared' from project 'VoxboardShared')

SwiftCompile normal arm64 /Users/codybontecou/projects/Voxboard/Packages/VoxboardShared/Sources/VoxboardShared/Analytics/OnboardingAnalyticsFunnel.swift (in target 'VoxboardShared' from project 'VoxboardShared')
    cd /Users/codybontecou/projects/Voxboard/Voxboard.xcodeproj


SwiftCompile normal arm64 /Users/codybontecou/projects/Voxboard/Packages/VoxboardShared/Sources/VoxboardShared/Analytics/OnboardingAnalyticsStorage.swift (in target 'VoxboardShared' from project 'VoxboardShared')
    cd /Users/codybontecou/projects/Voxboard/Voxboard.xcodeproj


SwiftCompile normal arm64 /Users/codybontecou/projects/Voxboard/Packages/VoxboardShared/Sources/VoxboardShared/Analytics/OnboardingAnalyticsTransport.swift (in target 'VoxboardShared' from project 'VoxboardShared')
    cd /Users/codybontecou/projects/Voxboard/Voxboard.xcodeproj


SwiftCompile normal arm64 Compiling\ AppConstants.swift,\ AudioAttachmentExporter.swift,\ AudioFileConverter.swift /Users/codybontecou/projects/Voxboard/Packages/VoxboardShared/Sources/VoxboardShared/AppConstants.swift /Users/codybontecou/projects/Voxboard/Packages/VoxboardShared/Sources/VoxboardShared/AudioAttachmentExporter.swift /Users/codybontecou/projects/Voxboard/Packages/VoxboardShared/Sources/VoxboardShared/AudioFileConverter.swift (in target 'VoxboardShared' from project 'VoxboardShared')

SwiftCompile normal arm64 /Users/codybontecou/projects/Voxboard/Packages/VoxboardShared/Sources/VoxboardShared/AppConstants.swift (in target 'VoxboardShared' from project 'VoxboardShared')
    cd /Users/codybontecou/projects/Voxboard/Voxboard.xcodeproj


SwiftCompile normal arm64 /Users/codybontecou/projects/Voxboard/Packages/VoxboardShared/Sources/VoxboardShared/AudioAttachmentExporter.swift (in target 'VoxboardShared' from project 'VoxboardShared')
    cd /Users/codybontecou/projects/Voxboard/Voxboard.xcodeproj


SwiftCompile normal arm64 /Users/codybontecou/projects/Voxboard/Packages/VoxboardShared/Sources/VoxboardShared/AudioFileConverter.swift (in target 'VoxboardShared' from project 'VoxboardShared')
    cd /Users/codybontecou/projects/Voxboard/Voxboard.xcodeproj


SwiftDriverJobDiscovery normal arm64 Compiling CloudflareOnboardingAnalyticsTransport.swift, OnboardingAnalyticsClient.swift, OnboardingAnalyticsEvent.swift (in target 'VoxboardShared' from project 'VoxboardShared')

SwiftCompile normal arm64 Compiling\ Transcript.swift,\ TranscriptEnricher.swift,\ TranscriptExportKitAdapter.swift /Users/codybontecou/projects/Voxboard/Packages/VoxboardShared/Sources/VoxboardShared/Transcript.swift /Users/codybontecou/projects/Voxboard/Packages/VoxboardShared/Sources/VoxboardShared/TranscriptEnricher.swift /Users/codybontecou/projects/Voxboard/Packages/VoxboardShared/Sources/VoxboardShared/TranscriptExportKitAdapter.swift (in target 'VoxboardShared' from project 'VoxboardShared')

SwiftCompile normal arm64 /Users/codybontecou/projects/Voxboard/Packages/VoxboardShared/Sources/VoxboardShared/Transcript.swift (in target 'VoxboardShared' from project 'VoxboardShared')
    cd /Users/codybontecou/projects/Voxboard/Voxboard.xcodeproj


SwiftCompile normal arm64 /Users/codybontecou/projects/Voxboard/Packages/VoxboardShared/Sources/VoxboardShared/TranscriptEnricher.swift (in target 'VoxboardShared' from project 'VoxboardShared')
    cd /Users/codybontecou/projects/Voxboard/Voxboard.xcodeproj


SwiftCompile normal arm64 /Users/codybontecou/projects/Voxboard/Packages/VoxboardShared/Sources/VoxboardShared/TranscriptExportKitAdapter.swift (in target 'VoxboardShared' from project 'VoxboardShared')
    cd /Users/codybontecou/projects/Voxboard/Voxboard.xcodeproj


SwiftCompile normal arm64 Compiling\ TranscriptionIPC.swift,\ UsageTracker.swift,\ VoxboardLiveActivity.swift /Users/codybontecou/projects/Voxboard/Packages/VoxboardShared/Sources/VoxboardShared/TranscriptionIPC.swift /Users/codybontecou/projects/Voxboard/Packages/VoxboardShared/Sources/VoxboardShared/UsageTracker.swift /Users/codybontecou/projects/Voxboard/Packages/VoxboardShared/Sources/VoxboardShared/VoxboardLiveActivity.swift (in target 'VoxboardShared' from project 'VoxboardShared')

SwiftCompile normal arm64 /Users/codybontecou/projects/Voxboard/Packages/VoxboardShared/Sources/VoxboardShared/TranscriptionIPC.swift (in target 'VoxboardShared' from project 'VoxboardShared')
    cd /Users/codybontecou/projects/Voxboard/Voxboard.xcodeproj


SwiftCompile normal arm64 /Users/codybontecou/projects/Voxboard/Packages/VoxboardShared/Sources/VoxboardShared/UsageTracker.swift (in target 'VoxboardShared' from project 'VoxboardShared')
    cd /Users/codybontecou/projects/Voxboard/Voxboard.xcodeproj


SwiftCompile normal arm64 /Users/codybontecou/projects/Voxboard/Packages/VoxboardShared/Sources/VoxboardShared/VoxboardLiveActivity.swift (in target 'VoxboardShared' from project 'VoxboardShared')
    cd /Users/codybontecou/projects/Voxboard/Voxboard.xcodeproj


SwiftCompile normal arm64 Compiling\ TranscriptFileExporter.swift,\ TranscriptFlowFormatter.swift,\ TranscriptStore.swift /Users/codybontecou/projects/Voxboard/Packages/VoxboardShared/Sources/VoxboardShared/TranscriptFileExporter.swift /Users/codybontecou/projects/Voxboard/Packages/VoxboardShared/Sources/VoxboardShared/TranscriptFlowFormatter.swift /Users/codybontecou/projects/Voxboard/Packages/VoxboardShared/Sources/VoxboardShared/TranscriptStore.swift (in target 'VoxboardShared' from project 'VoxboardShared')

SwiftCompile normal arm64 /Users/codybontecou/projects/Voxboard/Packages/VoxboardShared/Sources/VoxboardShared/TranscriptFileExporter.swift (in target 'VoxboardShared' from project 'VoxboardShared')
    cd /Users/codybontecou/projects/Voxboard/Voxboard.xcodeproj


SwiftCompile normal arm64 /Users/codybontecou/projects/Voxboard/Packages/VoxboardShared/Sources/VoxboardShared/TranscriptFlowFormatter.swift (in target 'VoxboardShared' from project 'VoxboardShared')
    cd /Users/codybontecou/projects/Voxboard/Voxboard.xcodeproj


SwiftCompile normal arm64 /Users/codybontecou/projects/Voxboard/Packages/VoxboardShared/Sources/VoxboardShared/TranscriptStore.swift (in target 'VoxboardShared' from project 'VoxboardShared')
    cd /Users/codybontecou/projects/Voxboard/Voxboard.xcodeproj


SwiftExplicitDependencyGeneratePcm x86_64 /tmp/voxboard-watch-sim-derived/ModuleCache.noindex/AVFoundation-99RYNFUOS85YDGIO0FB780OR.pcm

SwiftDriverJobDiscovery normal arm64 Compiling WhisperContext.swift, WhisperModelInfo.swift (in target 'VoxboardShared' from project 'VoxboardShared')

SwiftCompile normal arm64 Compiling\ AudioRecorder.swift,\ CircularAudioBuffer.swift,\ KeyboardDebugLog.swift /Users/codybontecou/projects/Voxboard/Packages/VoxboardShared/Sources/VoxboardShared/AudioRecorder.swift /Users/codybontecou/projects/Voxboard/Packages/VoxboardShared/Sources/VoxboardShared/CircularAudioBuffer.swift /Users/codybontecou/projects/Voxboard/Packages/VoxboardShared/Sources/VoxboardShared/KeyboardDebugLog.swift (in target 'VoxboardShared' from project 'VoxboardShared')

SwiftCompile normal arm64 /Users/codybontecou/projects/Voxboard/Packages/VoxboardShared/Sources/VoxboardShared/AudioRecorder.swift (in target 'VoxboardShared' from project 'VoxboardShared')
    cd /Users/codybontecou/projects/Voxboard/Voxboard.xcodeproj


SwiftCompile normal arm64 /Users/codybontecou/projects/Voxboard/Packages/VoxboardShared/Sources/VoxboardShared/CircularAudioBuffer.swift (in target 'VoxboardShared' from project 'VoxboardShared')
    cd /Users/codybontecou/projects/Voxboard/Voxboard.xcodeproj


SwiftCompile normal arm64 /Users/codybontecou/projects/Voxboard/Packages/VoxboardShared/Sources/VoxboardShared/KeyboardDebugLog.swift (in target 'VoxboardShared' from project 'VoxboardShared')
    cd /Users/codybontecou/projects/Voxboard/Voxboard.xcodeproj


SwiftExplicitDependencyGeneratePcm arm64 /tmp/voxboard-watch-sim-derived/ModuleCache.noindex/UserNotifications-1V9WXMO698TC3BYO8W2X486TX.pcm

SwiftExplicitDependencyGeneratePcm arm64 /tmp/voxboard-watch-sim-derived/ModuleCache.noindex/RelevanceKit-82AFBMXUZ3CHQKVRPG17JL692.pcm

SwiftExplicitDependencyGeneratePcm arm64 /tmp/voxboard-watch-sim-derived/ModuleCache.noindex/Symbols-5MOYONUWP23OFA43U424VQ2TU.pcm

SwiftExplicitDependencyGeneratePcm arm64 /tmp/voxboard-watch-sim-derived/ModuleCache.noindex/WatchConnectivity-B1AP56J89Y7WL61K89L1TJ77M.pcm

SwiftExplicitDependencyGeneratePcm arm64 /tmp/voxboard-watch-sim-derived/ModuleCache.noindex/UniformTypeIdentifiers-BDTDBEQBVUYZT2IOAZGZ0O1JH.pcm

SwiftExplicitDependencyGeneratePcm arm64 /tmp/voxboard-watch-sim-derived/ModuleCache.noindex/QuartzCore-ZL30ISOQ3DNZ10T2OIQQBII8.pcm

SwiftDriverJobDiscovery normal arm64 Compiling OnboardingAnalyticsFunnel.swift, OnboardingAnalyticsStorage.swift, OnboardingAnalyticsTransport.swift (in target 'VoxboardShared' from project 'VoxboardShared')

SwiftExplicitDependencyGeneratePcm arm64 /tmp/voxboard-watch-sim-derived/ModuleCache.noindex/AppIntents-9UR5POZAGZDMHJ6A7WH4YK97B.pcm

SwiftExplicitDependencyGeneratePcm arm64 /tmp/voxboard-watch-sim-derived/ModuleCache.noindex/SceneKit-7XO35ZWSXPJK7AMXXFDL5THV4.pcm

SwiftExplicitDependencyGeneratePcm arm64 /tmp/voxboard-watch-sim-derived/ModuleCache.noindex/WidgetKit-9ULBEIRCTI7M5XF0LHLHVG2YV.pcm

SwiftDriverJobDiscovery normal arm64 Compiling AppConstants.swift, AudioAttachmentExporter.swift, AudioFileConverter.swift (in target 'VoxboardShared' from project 'VoxboardShared')

SwiftExplicitDependencyGeneratePcm arm64 /tmp/voxboard-watch-sim-derived/ModuleCache.noindex/Accessibility-4PGFVNVNQB38HPBKNT734DQMA.pcm

SwiftExplicitDependencyGeneratePcm arm64 /tmp/voxboard-watch-sim-derived/ModuleCache.noindex/CoreMIDI-F19FGSO9L2AR0C6YE5GV5CZ94.pcm

SwiftExplicitDependencyGeneratePcm arm64 /tmp/voxboard-watch-sim-derived/ModuleCache.noindex/UIUtilities-BNV4VEEG6HMEW9SKLJ4ZJ5WJI.pcm

SwiftExplicitDependencyGeneratePcm arm64 /tmp/voxboard-watch-sim-derived/ModuleCache.noindex/SwiftUICore-6H3UUGZAXX7CL5HGT6B1NMLJG.pcm

SwiftExplicitDependencyGeneratePcm arm64 /tmp/voxboard-watch-sim-derived/ModuleCache.noindex/DataDetection-385SFZ57MCAV69TS3RPBDFHDX.pcm

SwiftExplicitDependencyGeneratePcm arm64 /tmp/voxboard-watch-sim-derived/ModuleCache.noindex/CoreTransferable-E983F7STZEVXZ21R6N5VE86IL.pcm

SwiftExplicitDependencyGeneratePcm arm64 /tmp/voxboard-watch-sim-derived/ModuleCache.noindex/AVFAudio-E645FW7FD6LKS4C96HUNX51J5.pcm

SwiftExplicitDependencyGeneratePcm arm64 /tmp/voxboard-watch-sim-derived/ModuleCache.noindex/UIKit-4PD9PAQS35MHK3IMB0QAW1W23.pcm

SwiftExplicitDependencyGeneratePcm arm64 /tmp/voxboard-watch-sim-derived/ModuleCache.noindex/Network-4SLP951WL7XBRIO21LBC5XE67.pcm

SwiftExplicitDependencyGeneratePcm arm64 /tmp/voxboard-watch-sim-derived/ModuleCache.noindex/OSLog-34UGRYTY5JTUZY00HWAYAX7B4.pcm

SwiftExplicitDependencyGeneratePcm arm64 /tmp/voxboard-watch-sim-derived/ModuleCache.noindex/CoreData-B63IB3ZHBXZBU9I16D7MZMV55.pcm

SwiftDriverJobDiscovery normal arm64 Compiling Transcript.swift, TranscriptEnricher.swift, TranscriptExportKitAdapter.swift (in target 'VoxboardShared' from project 'VoxboardShared')

SwiftExplicitDependencyGeneratePcm arm64 /tmp/voxboard-watch-sim-derived/ModuleCache.noindex/_LocationEssentials-JAALLQMIH8HZCYHPT6V2FUDD.pcm

SwiftExplicitDependencyGeneratePcm x86_64 /tmp/voxboard-watch-sim-derived/ModuleCache.noindex/HomeKit-9NXI42AB22RIYD9RDJIN8YLDP.pcm

SwiftExplicitDependencyGeneratePcm x86_64 /tmp/voxboard-watch-sim-derived/ModuleCache.noindex/MapKit-8N3F3H9TMGH9NM7NON9T4HBBJ.pcm

SwiftExplicitDependencyGeneratePcm arm64 /tmp/voxboard-watch-sim-derived/ModuleCache.noindex/AVFoundation-AV8MF1HXBTRDPXHLWG4QFUH8I.pcm

SwiftExplicitDependencyGeneratePcm arm64 /tmp/voxboard-watch-sim-derived/ModuleCache.noindex/CoreLocation-2VPQ9R5ITFGUW8H075O4720NZ.pcm

ProcessProductPackaging /Users/codybontecou/projects/Voxboard/Voxboard\ WidgetExtension.entitlements /tmp/voxboard-watch-sim-derived/Build/Intermediates.noindex/Voxboard.build/Debug-iphonesimulator/Voxboard\ WidgetExtension.build/Voxboard\ WidgetExtension.appex.xcent (in target 'Voxboard WidgetExtension' from project 'Voxboard')
    cd /Users/codybontecou/projects/Voxboard

    Entitlements:

    {
}

    builtin-productPackagingUtility /Users/codybontecou/projects/Voxboard/Voxboard\ WidgetExtension.entitlements -entitlements -format xml -o /tmp/voxboard-watch-sim-derived/Build/Intermediates.noindex/Voxboard.build/Debug-iphonesimulator/Voxboard\ WidgetExtension.build/Voxboard\ WidgetExtension.appex.xcent

ProcessProductPackaging /Users/codybontecou/projects/Voxboard/Voxboard\ WidgetExtension.entitlements /tmp/voxboard-watch-sim-derived/Build/Intermediates.noindex/Voxboard.build/Debug-iphonesimulator/Voxboard\ WidgetExtension.build/Voxboard\ WidgetExtension.appex-Simulated.xcent (in target 'Voxboard WidgetExtension' from project 'Voxboard')
    cd /Users/codybontecou/projects/Voxboard

    Entitlements:

    {
    "application-identifier" = "67KC823C9A.bontecou.Voxboard.Voxboard-Widget";
    "com.apple.security.application-groups" =     (
        "group.bontecou.VoxVault"
    );
}

    builtin-productPackagingUtility /Users/codybontecou/projects/Voxboard/Voxboard\ WidgetExtension.entitlements -entitlements -format xml -o /tmp/voxboard-watch-sim-derived/Build/Intermediates.noindex/Voxboard.build/Debug-iphonesimulator/Voxboard\ WidgetExtension.build/Voxboard\ WidgetExtension.appex-Simulated.xcent

ProcessProductPackagingDER /tmp/voxboard-watch-sim-derived/Build/Intermediates.noindex/Voxboard.build/Debug-iphonesimulator/Voxboard\ WidgetExtension.build/Voxboard\ WidgetExtension.appex.xcent /tmp/voxboard-watch-sim-derived/Build/Intermediates.noindex/Voxboard.build/Debug-iphonesimulator/Voxboard\ WidgetExtension.build/Voxboard\ WidgetExtension.appex.xcent.der (in target 'Voxboard WidgetExtension' from project 'Voxboard')
    cd /Users/codybontecou/projects/Voxboard
    /usr/bin/derq query -f xml -i /tmp/voxboard-watch-sim-derived/Build/Intermediates.noindex/Voxboard.build/Debug-iphonesimulator/Voxboard\ WidgetExtension.build/Voxboard\ WidgetExtension.appex.xcent -o /tmp/voxboard-watch-sim-derived/Build/Intermediates.noindex/Voxboard.build/Debug-iphonesimulator/Voxboard\ WidgetExtension.build/Voxboard\ WidgetExtension.appex.xcent.der --raw

ProcessProductPackagingDER /tmp/voxboard-watch-sim-derived/Build/Intermediates.noindex/Voxboard.build/Debug-iphonesimulator/Voxboard\ WidgetExtension.build/Voxboard\ WidgetExtension.appex-Simulated.xcent /tmp/voxboard-watch-sim-derived/Build/Intermediates.noindex/Voxboard.build/Debug-iphonesimulator/Voxboard\ WidgetExtension.build/Voxboard\ WidgetExtension.appex-Simulated.xcent.der (in target 'Voxboard WidgetExtension' from project 'Voxboard')
    cd /Users/codybontecou/projects/Voxboard
    /usr/bin/derq query -f xml -i /tmp/voxboard-watch-sim-derived/Build/Intermediates.noindex/Voxboard.build/Debug-iphonesimulator/Voxboard\ WidgetExtension.build/Voxboard\ WidgetExtension.appex-Simulated.xcent -o /tmp/voxboard-watch-sim-derived/Build/Intermediates.noindex/Voxboard.build/Debug-iphonesimulator/Voxboard\ WidgetExtension.build/Voxboard\ WidgetExtension.appex-Simulated.xcent.der --raw

ProcessProductPackaging /Users/codybontecou/projects/Voxboard/Voxboard\ Keyboard/VoxboardKeyboard.entitlements /tmp/voxboard-watch-sim-derived/Build/Intermediates.noindex/Voxboard.build/Debug-iphonesimulator/Voxboard\ Keyboard.build/Voxboard\ Keyboard.appex.xcent (in target 'Voxboard Keyboard' from project 'Voxboard')
    cd /Users/codybontecou/projects/Voxboard

    Entitlements:

    {
}

    builtin-productPackagingUtility /Users/codybontecou/projects/Voxboard/Voxboard\ Keyboard/VoxboardKeyboard.entitlements -entitlements -format xml -o /tmp/voxboard-watch-sim-derived/Build/Intermediates.noindex/Voxboard.build/Debug-iphonesimulator/Voxboard\ Keyboard.build/Voxboard\ Keyboard.appex.xcent

ProcessProductPackaging /Users/codybontecou/projects/Voxboard/Voxboard\ Keyboard/VoxboardKeyboard.entitlements /tmp/voxboard-watch-sim-derived/Build/Intermediates.noindex/Voxboard.build/Debug-iphonesimulator/Voxboard\ Keyboard.build/Voxboard\ Keyboard.appex-Simulated.xcent (in target 'Voxboard Keyboard' from project 'Voxboard')
    cd /Users/codybontecou/projects/Voxboard

    Entitlements:

    {
    "application-identifier" = "67KC823C9A.bontecou.Voxboard.Voxboard-Keyboard";
    "com.apple.security.application-groups" =     (
        "group.bontecou.Voxboard"
    );
}

    builtin-productPackagingUtility /Users/codybontecou/projects/Voxboard/Voxboard\ Keyboard/VoxboardKeyboard.entitlements -entitlements -format xml -o /tmp/voxboard-watch-sim-derived/Build/Intermediates.noindex/Voxboard.build/Debug-iphonesimulator/Voxboard\ Keyboard.build/Voxboard\ Keyboard.appex-Simulated.xcent

ProcessProductPackagingDER /tmp/voxboard-watch-sim-derived/Build/Intermediates.noindex/Voxboard.build/Debug-iphonesimulator/Voxboard\ Keyboard.build/Voxboard\ Keyboard.appex.xcent /tmp/voxboard-watch-sim-derived/Build/Intermediates.noindex/Voxboard.build/Debug-iphonesimulator/Voxboard\ Keyboard.build/Voxboard\ Keyboard.appex.xcent.der (in target 'Voxboard Keyboard' from project 'Voxboard')
    cd /Users/codybontecou/projects/Voxboard
    /usr/bin/derq query -f xml -i /tmp/voxboard-watch-sim-derived/Build/Intermediates.noindex/Voxboard.build/Debug-iphonesimulator/Voxboard\ Keyboard.build/Voxboard\ Keyboard.appex.xcent -o /tmp/voxboard-watch-sim-derived/Build/Intermediates.noindex/Voxboard.build/Debug-iphonesimulator/Voxboard\ Keyboard.build/Voxboard\ Keyboard.appex.xcent.der --raw

ProcessProductPackagingDER /tmp/voxboard-watch-sim-derived/Build/Intermediates.noindex/Voxboard.build/Debug-iphonesimulator/Voxboard\ Keyboard.build/Voxboard\ Keyboard.appex-Simulated.xcent /tmp/voxboard-watch-sim-derived/Build/Intermediates.noindex/Voxboard.build/Debug-iphonesimulator/Voxboard\ Keyboard.build/Voxboard\ Keyboard.appex-Simulated.xcent.der (in target 'Voxboard Keyboard' from project 'Voxboard')
    cd /Users/codybontecou/projects/Voxboard
    /usr/bin/derq query -f xml -i /tmp/voxboard-watch-sim-derived/Build/Intermediates.noindex/Voxboard.build/Debug-iphonesimulator/Voxboard\ Keyboard.build/Voxboard\ Keyboard.appex-Simulated.xcent -o /tmp/voxboard-watch-sim-derived/Build/Intermediates.noindex/Voxboard.build/Debug-iphonesimulator/Voxboard\ Keyboard.build/Voxboard\ Keyboard.appex-Simulated.xcent.der --raw

MkDir /tmp/voxboard-watch-sim-derived/Build/Intermediates.noindex/Voxboard.build/Debug-iphonesimulator/Voxboard\ WidgetExtension.build/assetcatalog_output/thinned (in target 'Voxboard WidgetExtension' from project 'Voxboard')
    cd /Users/codybontecou/projects/Voxboard
    /bin/mkdir -p /tmp/voxboard-watch-sim-derived/Build/Intermediates.noindex/Voxboard.build/Debug-iphonesimulator/Voxboard\ WidgetExtension.build/assetcatalog_output/thinned

MkDir /tmp/voxboard-watch-sim-derived/Build/Intermediates.noindex/Voxboard.build/Debug-iphonesimulator/Voxboard\ WidgetExtension.build/assetcatalog_output/unthinned (in target 'Voxboard WidgetExtension' from project 'Voxboard')
    cd /Users/codybontecou/projects/Voxboard
    /bin/mkdir -p /tmp/voxboard-watch-sim-derived/Build/Intermediates.noindex/Voxboard.build/Debug-iphonesimulator/Voxboard\ WidgetExtension.build/assetcatalog_output/unthinned

GenerateAssetSymbols /Users/codybontecou/projects/Voxboard/Voxboard\ Widget/Assets.xcassets (in target 'Voxboard WidgetExtension' from project 'Voxboard')
    cd /Users/codybontecou/projects/Voxboard
    /Applications/Xcode.app/Contents/Developer/usr/bin/actool /Users/codybontecou/projects/Voxboard/Voxboard\ Widget/Assets.xcassets --compile /tmp/voxboard-watch-sim-derived/Build/Products/Debug-iphonesimulator/Voxboard\ WidgetExtension.appex --output-format human-readable-text --notices --warnings --export-dependency-info /tmp/voxboard-watch-sim-derived/Build/Intermediates.noindex/Voxboard.build/Debug-iphonesimulator/Voxboard\ WidgetExtension.build/assetcatalog_dependencies --output-partial-info-plist /tmp/voxboard-watch-sim-derived/Build/Intermediates.noindex/Voxboard.build/Debug-iphonesimulator/Voxboard\ WidgetExtension.build/assetcatalog_generated_info.plist --accent-color AccentColor --widget-background-color WidgetBackground --compress-pngs --enable-on-demand-resources NO --standalone-icon-behavior all --development-region en --target-device iphone --target-device ipad --minimum-deployment-target 26.2 --platform iphonesimulator --bundle-identifier bontecou.Voxboard.Voxboard-Widget --generate-swift-asset-symbols /tmp/voxboard-watch-sim-derived/Build/Intermediates.noindex/Voxboard.build/Debug-iphonesimulator/Voxboard\ WidgetExtension.build/DerivedSources/GeneratedAssetSymbols.swift --generate-objc-asset-symbols /tmp/voxboard-watch-sim-derived/Build/Intermediates.noindex/Voxboard.build/Debug-iphonesimulator/Voxboard\ WidgetExtension.build/DerivedSources/GeneratedAssetSymbols.h --generate-asset-symbol-index /tmp/voxboard-watch-sim-derived/Build/Intermediates.noindex/Voxboard.build/Debug-iphonesimulator/Voxboard\ WidgetExtension.build/DerivedSources/GeneratedAssetSymbols-Index.plist
/* com.apple.actool.compilation-results */
/tmp/voxboard-watch-sim-derived/Build/Intermediates.noindex/Voxboard.build/Debug-iphonesimulator/Voxboard WidgetExtension.build/DerivedSources/GeneratedAssetSymbols-Index.plist
/tmp/voxboard-watch-sim-derived/Build/Intermediates.noindex/Voxboard.build/Debug-iphonesimulator/Voxboard WidgetExtension.build/DerivedSources/GeneratedAssetSymbols.h
/tmp/voxboard-watch-sim-derived/Build/Intermediates.noindex/Voxboard.build/Debug-iphonesimulator/Voxboard WidgetExtension.build/DerivedSources/GeneratedAssetSymbols.swift


CompileAssetCatalogVariant thinned /tmp/voxboard-watch-sim-derived/Build/Products/Debug-iphonesimulator/Voxboard\ WidgetExtension.appex /Users/codybontecou/projects/Voxboard/Voxboard\ Widget/Assets.xcassets (in target 'Voxboard WidgetExtension' from project 'Voxboard')
    cd /Users/codybontecou/projects/Voxboard
    /Applications/Xcode.app/Contents/Developer/usr/bin/actool /Users/codybontecou/projects/Voxboard/Voxboard\ Widget/Assets.xcassets --compile /tmp/voxboard-watch-sim-derived/Build/Intermediates.noindex/Voxboard.build/Debug-iphonesimulator/Voxboard\ WidgetExtension.build/assetcatalog_output/thinned --output-format human-readable-text --notices --warnings --export-dependency-info /tmp/voxboard-watch-sim-derived/Build/Intermediates.noindex/Voxboard.build/Debug-iphonesimulator/Voxboard\ WidgetExtension.build/assetcatalog_dependencies_thinned --output-partial-info-plist /tmp/voxboard-watch-sim-derived/Build/Intermediates.noindex/Voxboard.build/Debug-iphonesimulator/Voxboard\ WidgetExtension.build/assetcatalog_generated_info.plist_thinned --accent-color AccentColor --widget-background-color WidgetBackground --compress-pngs --enable-on-demand-resources NO --standalone-icon-behavior all --filter-for-thinning-device-configuration iPhone18,3 --filter-for-device-os-version 26.5 --development-region en --target-device iphone --target-device ipad --minimum-deployment-target 26.2 --platform iphonesimulator
/* com.apple.actool.compilation-results */
/tmp/voxboard-watch-sim-derived/Build/Intermediates.noindex/Voxboard.build/Debug-iphonesimulator/Voxboard WidgetExtension.build/assetcatalog_generated_info.plist_thinned


GenerateStringSymbols /tmp/voxboard-watch-sim-derived/Build/Intermediates.noindex/Voxboard.build/Debug-iphonesimulator/Voxboard\ Keyboard.build/DerivedSources/GeneratedStringSymbols_Localizable.swift /Users/codybontecou/projects/Voxboard/Voxboard\ Keyboard/Localizable.xcstrings (in target 'Voxboard Keyboard' from project 'Voxboard')
    cd /Users/codybontecou/projects/Voxboard
    /Applications/Xcode.app/Contents/Developer/usr/bin/xcstringstool generate-symbols --language swift --output-directory /tmp/voxboard-watch-sim-derived/Build/Intermediates.noindex/Voxboard.build/Debug-iphonesimulator/Voxboard\ Keyboard.build/DerivedSources /Users/codybontecou/projects/Voxboard/Voxboard\ Keyboard/Localizable.xcstrings

SwiftExplicitDependencyGeneratePcm x86_64 /tmp/voxboard-watch-sim-derived/ModuleCache.noindex/WatchKit-4T83VUZL4R9C9R74JKM5O4A5S.pcm

CompileXCStrings /tmp/voxboard-watch-sim-derived/Build/Intermediates.noindex/Voxboard.build/Debug-iphonesimulator/Voxboard\ Keyboard.build/ /Users/codybontecou/projects/Voxboard/Voxboard\ Keyboard/Localizable.xcstrings (in target 'Voxboard Keyboard' from project 'Voxboard')
    cd /Users/codybontecou/projects/Voxboard
    /Applications/Xcode.app/Contents/Developer/usr/bin/xcstringstool compile --output-directory /tmp/voxboard-watch-sim-derived/Build/Intermediates.noindex/Voxboard.build/Debug-iphonesimulator/Voxboard\ Keyboard.build /Users/codybontecou/projects/Voxboard/Voxboard\ Keyboard/Localizable.xcstrings

LinkAssetCatalog /Users/codybontecou/projects/Voxboard/Voxboard\ Widget/Assets.xcassets (in target 'Voxboard WidgetExtension' from project 'Voxboard')
    cd /Users/codybontecou/projects/Voxboard
    builtin-linkAssetCatalog --thinned /tmp/voxboard-watch-sim-derived/Build/Intermediates.noindex/Voxboard.build/Debug-iphonesimulator/Voxboard\ WidgetExtension.build/assetcatalog_output/thinned --thinned-dependencies /tmp/voxboard-watch-sim-derived/Build/Intermediates.noindex/Voxboard.build/Debug-iphonesimulator/Voxboard\ WidgetExtension.build/assetcatalog_dependencies_thinned --thinned-info-plist-content /tmp/voxboard-watch-sim-derived/Build/Intermediates.noindex/Voxboard.build/Debug-iphonesimulator/Voxboard\ WidgetExtension.build/assetcatalog_generated_info.plist_thinned --unthinned /tmp/voxboard-watch-sim-derived/Build/Intermediates.noindex/Voxboard.build/Debug-iphonesimulator/Voxboard\ WidgetExtension.build/assetcatalog_output/unthinned --unthinned-dependencies /tmp/voxboard-watch-sim-derived/Build/Intermediates.noindex/Voxboard.build/Debug-iphonesimulator/Voxboard\ WidgetExtension.build/assetcatalog_dependencies_unthinned --unthinned-info-plist-content /tmp/voxboard-watch-sim-derived/Build/Intermediates.noindex/Voxboard.build/Debug-iphonesimulator/Voxboard\ WidgetExtension.build/assetcatalog_generated_info.plist_unthinned --output /tmp/voxboard-watch-sim-derived/Build/Products/Debug-iphonesimulator/Voxboard\ WidgetExtension.appex --plist-output /tmp/voxboard-watch-sim-derived/Build/Intermediates.noindex/Voxboard.build/Debug-iphonesimulator/Voxboard\ WidgetExtension.build/assetcatalog_generated_info.plist

SwiftExplicitDependencyGeneratePcm arm64 /tmp/voxboard-watch-sim-derived/ModuleCache.noindex/Intents-67Q0GL14T6ICWMGQ3Z764U44F.pcm

SwiftDriver Voxboard\ Keyboard normal arm64 com.apple.xcode.tools.swift.compiler (in target 'Voxboard Keyboard' from project 'Voxboard')
    cd /Users/codybontecou/projects/Voxboard
    builtin-SwiftDriver -- /Applications/Xcode.app/Contents/Developer/Toolchains/XcodeDefault.xctoolchain/usr/bin/swiftc -module-name Voxboard_Keyboard -Onone @/tmp/voxboard-watch-sim-derived/Build/Intermediates.noindex/Voxboard.build/Debug-iphonesimulator/Voxboard\ Keyboard.build/Objects-normal/arm64/Voxboard\ Keyboard.SwiftFileList -DDEBUG -enable-bare-slash-regex -enable-upcoming-feature DisableOutwardActorInference -enable-upcoming-feature InferSendableFromCaptures -enable-upcoming-feature GlobalActorIsolatedTypesUsability -enable-upcoming-feature MemberImportVisibility -enable-upcoming-feature InferIsolatedConformances -enable-upcoming-feature NonisolatedNonsendingByDefault -enable-experimental-feature DebugDescriptionMacro -sdk /Applications/Xcode.app/Contents/Developer/Platforms/iPhoneSimulator.platform/Developer/SDKs/iPhoneSimulator26.5.sdk -target arm64-apple-ios17.6-simulator -g -module-cache-path /tmp/voxboard-watch-sim-derived/ModuleCache.noindex -Xfrontend -serialize-debugging-options -application-extension -enable-testing -index-store-path /tmp/voxboard-watch-sim-derived/Index.noindex/DataStore -Xcc -D_LIBCPP_HARDENING_MODE\=_LIBCPP_HARDENING_MODE_DEBUG -swift-version 5 -I /tmp/voxboard-watch-sim-derived/Build/Products/Debug-iphonesimulator -F /tmp/voxboard-watch-sim-derived/Build/Products/Debug-iphonesimulator/PackageFrameworks -F /tmp/voxboard-watch-sim-derived/Build/Products/Debug-iphonesimulator/PackageFrameworks -F /tmp/voxboard-watch-sim-derived/Build/Products/Debug-iphonesimulator/PackageFrameworks -F /tmp/voxboard-watch-sim-derived/Build/Products/Debug-iphonesimulator/PackageFrameworks -F /tmp/voxboard-watch-sim-derived/Build/Products/Debug-iphonesimulator/PackageFrameworks -F /tmp/voxboard-watch-sim-derived/Build/Products/Debug-iphonesimulator -emit-localized-strings -emit-localized-strings-path /tmp/voxboard-watch-sim-derived/Build/Intermediates.noindex/Voxboard.build/Debug-iphonesimulator/Voxboard\ Keyboard.build/Objects-normal/arm64 -c -j10 -enable-batch-mode -incremental -Xcc -ivfsstatcache -Xcc /tmp/voxboard-watch-sim-derived/SDKStatCaches.noindex/iphonesimulator26.5-23F73-6cfe768891a92b912361537c460fe42b.sdkstatcache -output-file-map /tmp/voxboard-watch-sim-derived/Build/Intermediates.noindex/Voxboard.build/Debug-iphonesimulator/Voxboard\ Keyboard.build/Objects-normal/arm64/Voxboard\ Keyboard-OutputFileMap.json -use-frontend-parseable-output -save-temps -no-color-diagnostics -explicit-module-build -module-cache-path /tmp/voxboard-watch-sim-derived/Build/Intermediates.noindex/SwiftExplicitPrecompiledModules -clang-scanner-module-cache-path /tmp/voxboard-watch-sim-derived/ModuleCache.noindex -sdk-module-cache-path /tmp/voxboard-watch-sim-derived/ModuleCache.noindex -serialize-diagnostics -emit-dependencies -emit-module -emit-module-path /tmp/voxboard-watch-sim-derived/Build/Intermediates.noindex/Voxboard.build/Debug-iphonesimulator/Voxboard\ Keyboard.build/Objects-normal/arm64/Voxboard_Keyboard.swiftmodule -validate-clang-modules-once -clang-build-session-file /tmp/voxboard-watch-sim-derived/ModuleCache.noindex/Session.modulevalidation -Xcc -I/tmp/voxboard-watch-sim-derived/Build/Intermediates.noindex/Voxboard.build/Debug-iphonesimulator/Voxboard\ Keyboard.build/swift-overrides.hmap -emit-const-values -Xfrontend -const-gather-protocols-file -Xfrontend /tmp/voxboard-watch-sim-derived/Build/Intermediates.noindex/Voxboard.build/Debug-iphonesimulator/Voxboard\ Keyboard.build/Objects-normal/arm64/Voxboard\ Keyboard_const_extract_protocols.json -Xcc -iquote -Xcc /tmp/voxboard-watch-sim-derived/Build/Intermediates.noindex/Voxboard.build/Debug-iphonesimulator/Voxboard\ Keyboard.build/Voxboard\ Keyboard-generated-files.hmap -Xcc -I/tmp/voxboard-watch-sim-derived/Build/Intermediates.noindex/Voxboard.build/Debug-iphonesimulator/Voxboard\ Keyboard.build/Voxboard\ Keyboard-own-target-headers.hmap -Xcc -I/tmp/voxboard-watch-sim-derived/Build/Intermediates.noindex/Voxboard.build/Debug-iphonesimulator/Voxboard\ Keyboard.build/Voxboard\ Keyboard-all-non-framework-target-headers.hmap -Xcc -ivfsoverlay -Xcc /tmp/voxboard-watch-sim-derived/Build/Intermediates.noindex/Voxboard.build/Debug-iphonesimulator/Voxboard-8d6c3ba71b53f8320d7c577fe4b80237-VFS-iphonesimulator/all-product-headers.yaml -Xcc -iquote -Xcc /tmp/voxboard-watch-sim-derived/Build/Intermediates.noindex/Voxboard.build/Debug-iphonesimulator/Voxboard\ Keyboard.build/Voxboard\ Keyboard-project-headers.hmap -Xcc -I/tmp/voxboard-watch-sim-derived/SourcePackages/checkouts/FluidAudio/Sources/MachTaskSelfWrapper/include -Xcc -I/tmp/voxboard-watch-sim-derived/SourcePackages/checkouts/FluidAudio/Sources/FastClusterWrapper/include -Xcc -I/tmp/voxboard-watch-sim-derived/Build/Products/Debug-iphonesimulator/include -Xcc -I/tmp/voxboard-watch-sim-derived/Build/Intermediates.noindex/Voxboard.build/Debug-iphonesimulator/Voxboard\ Keyboard.build/DerivedSources-normal/arm64 -Xcc -I/tmp/voxboard-watch-sim-derived/Build/Intermediates.noindex/Voxboard.build/Debug-iphonesimulator/Voxboard\ Keyboard.build/DerivedSources/arm64 -Xcc -I/tmp/voxboard-watch-sim-derived/Build/Intermediates.noindex/Voxboard.build/Debug-iphonesimulator/Voxboard\ Keyboard.build/DerivedSources -Xcc -DDEBUG\=1 -emit-objc-header -emit-objc-header-path /tmp/voxboard-watch-sim-derived/Build/Intermediates.noindex/Voxboard.build/Debug-iphonesimulator/Voxboard\ Keyboard.build/Objects-normal/arm64/Voxboard_Keyboard-Swift.h -working-directory /Users/codybontecou/projects/Voxboard -experimental-emit-module-separately -disable-cmo

SwiftDriver Voxboard\ WidgetExtension normal arm64 com.apple.xcode.tools.swift.compiler (in target 'Voxboard WidgetExtension' from project 'Voxboard')
    cd /Users/codybontecou/projects/Voxboard
    builtin-SwiftDriver -- /Applications/Xcode.app/Contents/Developer/Toolchains/XcodeDefault.xctoolchain/usr/bin/swiftc -module-name Voxboard_WidgetExtension -Onone @/tmp/voxboard-watch-sim-derived/Build/Intermediates.noindex/Voxboard.build/Debug-iphonesimulator/Voxboard\ WidgetExtension.build/Objects-normal/arm64/Voxboard\ WidgetExtension.SwiftFileList -DDEBUG -enable-bare-slash-regex -enable-upcoming-feature DisableOutwardActorInference -enable-upcoming-feature InferSendableFromCaptures -enable-upcoming-feature GlobalActorIsolatedTypesUsability -enable-upcoming-feature MemberImportVisibility -enable-upcoming-feature InferIsolatedConformances -enable-upcoming-feature NonisolatedNonsendingByDefault -enable-experimental-feature DebugDescriptionMacro -sdk /Applications/Xcode.app/Contents/Developer/Platforms/iPhoneSimulator.platform/Developer/SDKs/iPhoneSimulator26.5.sdk -target arm64-apple-ios26.2-simulator -g -module-cache-path /tmp/voxboard-watch-sim-derived/ModuleCache.noindex -Xfrontend -serialize-debugging-options -application-extension -enable-testing -index-store-path /tmp/voxboard-watch-sim-derived/Index.noindex/DataStore -Xcc -D_LIBCPP_HARDENING_MODE\=_LIBCPP_HARDENING_MODE_DEBUG -swift-version 5 -I /tmp/voxboard-watch-sim-derived/Build/Products/Debug-iphonesimulator -F /tmp/voxboard-watch-sim-derived/Build/Products/Debug-iphonesimulator/PackageFrameworks -F /tmp/voxboard-watch-sim-derived/Build/Products/Debug-iphonesimulator/PackageFrameworks -F /tmp/voxboard-watch-sim-derived/Build/Products/Debug-iphonesimulator/PackageFrameworks -F /tmp/voxboard-watch-sim-derived/Build/Products/Debug-iphonesimulator/PackageFrameworks -F /tmp/voxboard-watch-sim-derived/Build/Products/Debug-iphonesimulator/PackageFrameworks -F /tmp/voxboard-watch-sim-derived/Build/Products/Debug-iphonesimulator -emit-localized-strings -emit-localized-strings-path /tmp/voxboard-watch-sim-derived/Build/Intermediates.noindex/Voxboard.build/Debug-iphonesimulator/Voxboard\ WidgetExtension.build/Objects-normal/arm64 -c -j10 -enable-batch-mode -incremental -Xcc -ivfsstatcache -Xcc /tmp/voxboard-watch-sim-derived/SDKStatCaches.noindex/iphonesimulator26.5-23F73-6cfe768891a92b912361537c460fe42b.sdkstatcache -output-file-map /tmp/voxboard-watch-sim-derived/Build/Intermediates.noindex/Voxboard.build/Debug-iphonesimulator/Voxboard\ WidgetExtension.build/Objects-normal/arm64/Voxboard\ WidgetExtension-OutputFileMap.json -use-frontend-parseable-output -save-temps -no-color-diagnostics -explicit-module-build -module-cache-path /tmp/voxboard-watch-sim-derived/Build/Intermediates.noindex/SwiftExplicitPrecompiledModules -clang-scanner-module-cache-path /tmp/voxboard-watch-sim-derived/ModuleCache.noindex -sdk-module-cache-path /tmp/voxboard-watch-sim-derived/ModuleCache.noindex -serialize-diagnostics -emit-dependencies -emit-module -emit-module-path /tmp/voxboard-watch-sim-derived/Build/Intermediates.noindex/Voxboard.build/Debug-iphonesimulator/Voxboard\ WidgetExtension.build/Objects-normal/arm64/Voxboard_WidgetExtension.swiftmodule -validate-clang-modules-once -clang-build-session-file /tmp/voxboard-watch-sim-derived/ModuleCache.noindex/Session.modulevalidation -Xcc -I/tmp/voxboard-watch-sim-derived/Build/Intermediates.noindex/Voxboard.build/Debug-iphonesimulator/Voxboard\ WidgetExtension.build/swift-overrides.hmap -emit-const-values -Xfrontend -const-gather-protocols-file -Xfrontend /tmp/voxboard-watch-sim-derived/Build/Intermediates.noindex/Voxboard.build/Debug-iphonesimulator/Voxboard\ WidgetExtension.build/Objects-normal/arm64/Voxboard\ WidgetExtension_const_extract_protocols.json -Xcc -iquote -Xcc /tmp/voxboard-watch-sim-derived/Build/Intermediates.noindex/Voxboard.build/Debug-iphonesimulator/Voxboard\ WidgetExtension.build/Voxboard\ WidgetExtension-generated-files.hmap -Xcc -I/tmp/voxboard-watch-sim-derived/Build/Intermediates.noindex/Voxboard.build/Debug-iphonesimulator/Voxboard\ WidgetExtension.build/Voxboard\ WidgetExtension-own-target-headers.hmap -Xcc -I/tmp/voxboard-watch-sim-derived/Build/Intermediates.noindex/Voxboard.build/Debug-iphonesimulator/Voxboard\ WidgetExtension.build/Voxboard\ WidgetExtension-all-non-framework-target-headers.hmap -Xcc -ivfsoverlay -Xcc /tmp/voxboard-watch-sim-derived/Build/Intermediates.noindex/Voxboard.build/Debug-iphonesimulator/Voxboard-8d6c3ba71b53f8320d7c577fe4b80237-VFS-iphonesimulator/all-product-headers.yaml -Xcc -iquote -Xcc /tmp/voxboard-watch-sim-derived/Build/Intermediates.noindex/Voxboard.build/Debug-iphonesimulator/Voxboard\ WidgetExtension.build/Voxboard\ WidgetExtension-project-headers.hmap -Xcc -I/tmp/voxboard-watch-sim-derived/SourcePackages/checkouts/FluidAudio/Sources/MachTaskSelfWrapper/include -Xcc -I/tmp/voxboard-watch-sim-derived/SourcePackages/checkouts/FluidAudio/Sources/FastClusterWrapper/include -Xcc -I/tmp/voxboard-watch-sim-derived/Build/Products/Debug-iphonesimulator/include -Xcc -I/tmp/voxboard-watch-sim-derived/Build/Intermediates.noindex/Voxboard.build/Debug-iphonesimulator/Voxboard\ WidgetExtension.build/DerivedSources-normal/arm64 -Xcc -I/tmp/voxboard-watch-sim-derived/Build/Intermediates.noindex/Voxboard.build/Debug-iphonesimulator/Voxboard\ WidgetExtension.build/DerivedSources/arm64 -Xcc -I/tmp/voxboard-watch-sim-derived/Build/Intermediates.noindex/Voxboard.build/Debug-iphonesimulator/Voxboard\ WidgetExtension.build/DerivedSources -Xcc -DDEBUG\=1 -emit-objc-header -emit-objc-header-path /tmp/voxboard-watch-sim-derived/Build/Intermediates.noindex/Voxboard.build/Debug-iphonesimulator/Voxboard\ WidgetExtension.build/Objects-normal/arm64/Voxboard_WidgetExtension-Swift.h -working-directory /Users/codybontecou/projects/Voxboard -experimental-emit-module-separately -disable-cmo

SwiftDriverJobDiscovery normal arm64 Compiling TranscriptionIPC.swift, UsageTracker.swift, VoxboardLiveActivity.swift (in target 'VoxboardShared' from project 'VoxboardShared')

SwiftExplicitDependencyGeneratePcm x86_64 /tmp/voxboard-watch-sim-derived/ModuleCache.noindex/SwiftUI-E2T24BMN2NOXFAEH8530WRHXM.pcm

CopyStringsFile /tmp/voxboard-watch-sim-derived/Build/Products/Debug-iphonesimulator/Voxboard\ Keyboard.appex/zh-Hant.lproj/Localizable.strings /tmp/voxboard-watch-sim-derived/Build/Intermediates.noindex/Voxboard.build/Debug-iphonesimulator/Voxboard\ Keyboard.build/zh-Hant.lproj/Localizable.strings (in target 'Voxboard Keyboard' from project 'Voxboard')
    cd /Users/codybontecou/projects/Voxboard
    builtin-copyStrings --validate --outputencoding binary --outfilename Localizable.strings --outdir /tmp/voxboard-watch-sim-derived/Build/Products/Debug-iphonesimulator/Voxboard\ Keyboard.appex/zh-Hant.lproj -- /tmp/voxboard-watch-sim-derived/Build/Intermediates.noindex/Voxboard.build/Debug-iphonesimulator/Voxboard\ Keyboard.build/zh-Hant.lproj/Localizable.strings
/tmp/voxboard-watch-sim-derived/Build/Intermediates.noindex/Voxboard.build/Debug-iphonesimulator/Voxboard Keyboard.build/zh-Hant.lproj/Localizable.strings:1:1: note: detected encoding of input file as Unicode (UTF-8) (in target 'Voxboard Keyboard' from project 'Voxboard')

CopyStringsFile /tmp/voxboard-watch-sim-derived/Build/Products/Debug-iphonesimulator/Voxboard\ Keyboard.appex/zh-Hans.lproj/Localizable.strings /tmp/voxboard-watch-sim-derived/Build/Intermediates.noindex/Voxboard.build/Debug-iphonesimulator/Voxboard\ Keyboard.build/zh-Hans.lproj/Localizable.strings (in target 'Voxboard Keyboard' from project 'Voxboard')
    cd /Users/codybontecou/projects/Voxboard
    builtin-copyStrings --validate --outputencoding binary --outfilename Localizable.strings --outdir /tmp/voxboard-watch-sim-derived/Build/Products/Debug-iphonesimulator/Voxboard\ Keyboard.appex/zh-Hans.lproj -- /tmp/voxboard-watch-sim-derived/Build/Intermediates.noindex/Voxboard.build/Debug-iphonesimulator/Voxboard\ Keyboard.build/zh-Hans.lproj/Localizable.strings
/tmp/voxboard-watch-sim-derived/Build/Intermediates.noindex/Voxboard.build/Debug-iphonesimulator/Voxboard Keyboard.build/zh-Hans.lproj/Localizable.strings:1:1: note: detected encoding of input file as Unicode (UTF-8) (in target 'Voxboard Keyboard' from project 'Voxboard')

CopyStringsFile /tmp/voxboard-watch-sim-derived/Build/Products/Debug-iphonesimulator/Voxboard\ Keyboard.appex/vi.lproj/Localizable.strings /tmp/voxboard-watch-sim-derived/Build/Intermediates.noindex/Voxboard.build/Debug-iphonesimulator/Voxboard\ Keyboard.build/vi.lproj/Localizable.strings (in target 'Voxboard Keyboard' from project 'Voxboard')
    cd /Users/codybontecou/projects/Voxboard
    builtin-copyStrings --validate --outputencoding binary --outfilename Localizable.strings --outdir /tmp/voxboard-watch-sim-derived/Build/Products/Debug-iphonesimulator/Voxboard\ Keyboard.appex/vi.lproj -- /tmp/voxboard-watch-sim-derived/Build/Intermediates.noindex/Voxboard.build/Debug-iphonesimulator/Voxboard\ Keyboard.build/vi.lproj/Localizable.strings
/tmp/voxboard-watch-sim-derived/Build/Intermediates.noindex/Voxboard.build/Debug-iphonesimulator/Voxboard Keyboard.build/vi.lproj/Localizable.strings:1:1: note: detected encoding of input file as Unicode (UTF-8) (in target 'Voxboard Keyboard' from project 'Voxboard')

CopyStringsFile /tmp/voxboard-watch-sim-derived/Build/Products/Debug-iphonesimulator/Voxboard\ Keyboard.appex/ur.lproj/Localizable.strings /tmp/voxboard-watch-sim-derived/Build/Intermediates.noindex/Voxboard.build/Debug-iphonesimulator/Voxboard\ Keyboard.build/ur.lproj/Localizable.strings (in target 'Voxboard Keyboard' from project 'Voxboard')
    cd /Users/codybontecou/projects/Voxboard
    builtin-copyStrings --validate --outputencoding binary --outfilename Localizable.strings --outdir /tmp/voxboard-watch-sim-derived/Build/Products/Debug-iphonesimulator/Voxboard\ Keyboard.appex/ur.lproj -- /tmp/voxboard-watch-sim-derived/Build/Intermediates.noindex/Voxboard.build/Debug-iphonesimulator/Voxboard\ Keyboard.build/ur.lproj/Localizable.strings
/tmp/voxboard-watch-sim-derived/Build/Intermediates.noindex/Voxboard.build/Debug-iphonesimulator/Voxboard Keyboard.build/ur.lproj/Localizable.strings:1:1: note: detected encoding of input file as Unicode (UTF-8) (in target 'Voxboard Keyboard' from project 'Voxboard')

CopyStringsFile /tmp/voxboard-watch-sim-derived/Build/Products/Debug-iphonesimulator/Voxboard\ Keyboard.appex/uk.lproj/Localizable.strings /tmp/voxboard-watch-sim-derived/Build/Intermediates.noindex/Voxboard.build/Debug-iphonesimulator/Voxboard\ Keyboard.build/uk.lproj/Localizable.strings (in target 'Voxboard Keyboard' from project 'Voxboard')
    cd /Users/codybontecou/projects/Voxboard
    builtin-copyStrings --validate --outputencoding binary --outfilename Localizable.strings --outdir /tmp/voxboard-watch-sim-derived/Build/Products/Debug-iphonesimulator/Voxboard\ Keyboard.appex/uk.lproj -- /tmp/voxboard-watch-sim-derived/Build/Intermediates.noindex/Voxboard.build/Debug-iphonesimulator/Voxboard\ Keyboard.build/uk.lproj/Localizable.strings
/tmp/voxboard-watch-sim-derived/Build/Intermediates.noindex/Voxboard.build/Debug-iphonesimulator/Voxboard Keyboard.build/uk.lproj/Localizable.strings:1:1: note: detected encoding of input file as Unicode (UTF-8) (in target 'Voxboard Keyboard' from project 'Voxboard')

CopyStringsFile /tmp/voxboard-watch-sim-derived/Build/Products/Debug-iphonesimulator/Voxboard\ Keyboard.appex/tr.lproj/Localizable.strings /tmp/voxboard-watch-sim-derived/Build/Intermediates.noindex/Voxboard.build/Debug-iphonesimulator/Voxboard\ Keyboard.build/tr.lproj/Localizable.strings (in target 'Voxboard Keyboard' from project 'Voxboard')
    cd /Users/codybontecou/projects/Voxboard
    builtin-copyStrings --validate --outputencoding binary --outfilename Localizable.strings --outdir /tmp/voxboard-watch-sim-derived/Build/Products/Debug-iphonesimulator/Voxboard\ Keyboard.appex/tr.lproj -- /tmp/voxboard-watch-sim-derived/Build/Intermediates.noindex/Voxboard.build/Debug-iphonesimulator/Voxboard\ Keyboard.build/tr.lproj/Localizable.strings
/tmp/voxboard-watch-sim-derived/Build/Intermediates.noindex/Voxboard.build/Debug-iphonesimulator/Voxboard Keyboard.build/tr.lproj/Localizable.strings:1:1: note: detected encoding of input file as Unicode (UTF-8) (in target 'Voxboard Keyboard' from project 'Voxboard')

CopyStringsFile /tmp/voxboard-watch-sim-derived/Build/Products/Debug-iphonesimulator/Voxboard\ Keyboard.appex/th.lproj/Localizable.strings /tmp/voxboard-watch-sim-derived/Build/Intermediates.noindex/Voxboard.build/Debug-iphonesimulator/Voxboard\ Keyboard.build/th.lproj/Localizable.strings (in target 'Voxboard Keyboard' from project 'Voxboard')
    cd /Users/codybontecou/projects/Voxboard
    builtin-copyStrings --validate --outputencoding binary --outfilename Localizable.strings --outdir /tmp/voxboard-watch-sim-derived/Build/Products/Debug-iphonesimulator/Voxboard\ Keyboard.appex/th.lproj -- /tmp/voxboard-watch-sim-derived/Build/Intermediates.noindex/Voxboard.build/Debug-iphonesimulator/Voxboard\ Keyboard.build/th.lproj/Localizable.strings
/tmp/voxboard-watch-sim-derived/Build/Intermediates.noindex/Voxboard.build/Debug-iphonesimulator/Voxboard Keyboard.build/th.lproj/Localizable.strings:1:1: note: detected encoding of input file as Unicode (UTF-8) (in target 'Voxboard Keyboard' from project 'Voxboard')

CopyStringsFile /tmp/voxboard-watch-sim-derived/Build/Products/Debug-iphonesimulator/Voxboard\ Keyboard.appex/ta.lproj/Localizable.strings /tmp/voxboard-watch-sim-derived/Build/Intermediates.noindex/Voxboard.build/Debug-iphonesimulator/Voxboard\ Keyboard.build/ta.lproj/Localizable.strings (in target 'Voxboard Keyboard' from project 'Voxboard')
    cd /Users/codybontecou/projects/Voxboard
    builtin-copyStrings --validate --outputencoding binary --outfilename Localizable.strings --outdir /tmp/voxboard-watch-sim-derived/Build/Products/Debug-iphonesimulator/Voxboard\ Keyboard.appex/ta.lproj -- /tmp/voxboard-watch-sim-derived/Build/Intermediates.noindex/Voxboard.build/Debug-iphonesimulator/Voxboard\ Keyboard.build/ta.lproj/Localizable.strings
/tmp/voxboard-watch-sim-derived/Build/Intermediates.noindex/Voxboard.build/Debug-iphonesimulator/Voxboard Keyboard.build/ta.lproj/Localizable.strings:1:1: note: detected encoding of input file as Unicode (UTF-8) (in target 'Voxboard Keyboard' from project 'Voxboard')

CopyStringsFile /tmp/voxboard-watch-sim-derived/Build/Products/Debug-iphonesimulator/Voxboard\ Keyboard.appex/ru.lproj/Localizable.strings /tmp/voxboard-watch-sim-derived/Build/Intermediates.noindex/Voxboard.build/Debug-iphonesimulator/Voxboard\ Keyboard.build/ru.lproj/Localizable.strings (in target 'Voxboard Keyboard' from project 'Voxboard')
    cd /Users/codybontecou/projects/Voxboard
    builtin-copyStrings --validate --outputencoding binary --outfilename Localizable.strings --outdir /tmp/voxboard-watch-sim-derived/Build/Products/Debug-iphonesimulator/Voxboard\ Keyboard.appex/ru.lproj -- /tmp/voxboard-watch-sim-derived/Build/Intermediates.noindex/Voxboard.build/Debug-iphonesimulator/Voxboard\ Keyboard.build/ru.lproj/Localizable.strings
/tmp/voxboard-watch-sim-derived/Build/Intermediates.noindex/Voxboard.build/Debug-iphonesimulator/Voxboard Keyboard.build/ru.lproj/Localizable.strings:1:1: note: detected encoding of input file as Unicode (UTF-8) (in target 'Voxboard Keyboard' from project 'Voxboard')

CopyStringsFile /tmp/voxboard-watch-sim-derived/Build/Products/Debug-iphonesimulator/Voxboard\ Keyboard.appex/pt-BR.lproj/Localizable.strings /tmp/voxboard-watch-sim-derived/Build/Intermediates.noindex/Voxboard.build/Debug-iphonesimulator/Voxboard\ Keyboard.build/pt-BR.lproj/Localizable.strings (in target 'Voxboard Keyboard' from project 'Voxboard')
    cd /Users/codybontecou/projects/Voxboard
    builtin-copyStrings --validate --outputencoding binary --outfilename Localizable.strings --outdir /tmp/voxboard-watch-sim-derived/Build/Products/Debug-iphonesimulator/Voxboard\ Keyboard.appex/pt-BR.lproj -- /tmp/voxboard-watch-sim-derived/Build/Intermediates.noindex/Voxboard.build/Debug-iphonesimulator/Voxboard\ Keyboard.build/pt-BR.lproj/Localizable.strings
/tmp/voxboard-watch-sim-derived/Build/Intermediates.noindex/Voxboard.build/Debug-iphonesimulator/Voxboard Keyboard.build/pt-BR.lproj/Localizable.strings:1:1: note: detected encoding of input file as Unicode (UTF-8) (in target 'Voxboard Keyboard' from project 'Voxboard')

CopyStringsFile /tmp/voxboard-watch-sim-derived/Build/Products/Debug-iphonesimulator/Voxboard\ Keyboard.appex/pl.lproj/Localizable.strings /tmp/voxboard-watch-sim-derived/Build/Intermediates.noindex/Voxboard.build/Debug-iphonesimulator/Voxboard\ Keyboard.build/pl.lproj/Localizable.strings (in target 'Voxboard Keyboard' from project 'Voxboard')
    cd /Users/codybontecou/projects/Voxboard
    builtin-copyStrings --validate --outputencoding binary --outfilename Localizable.strings --outdir /tmp/voxboard-watch-sim-derived/Build/Products/Debug-iphonesimulator/Voxboard\ Keyboard.appex/pl.lproj -- /tmp/voxboard-watch-sim-derived/Build/Intermediates.noindex/Voxboard.build/Debug-iphonesimulator/Voxboard\ Keyboard.build/pl.lproj/Localizable.strings
/tmp/voxboard-watch-sim-derived/Build/Intermediates.noindex/Voxboard.build/Debug-iphonesimulator/Voxboard Keyboard.build/pl.lproj/Localizable.strings:1:1: note: detected encoding of input file as Unicode (UTF-8) (in target 'Voxboard Keyboard' from project 'Voxboard')

CopyStringsFile /tmp/voxboard-watch-sim-derived/Build/Products/Debug-iphonesimulator/Voxboard\ Keyboard.appex/nl.lproj/Localizable.strings /tmp/voxboard-watch-sim-derived/Build/Intermediates.noindex/Voxboard.build/Debug-iphonesimulator/Voxboard\ Keyboard.build/nl.lproj/Localizable.strings (in target 'Voxboard Keyboard' from project 'Voxboard')
    cd /Users/codybontecou/projects/Voxboard
    builtin-copyStrings --validate --outputencoding binary --outfilename Localizable.strings --outdir /tmp/voxboard-watch-sim-derived/Build/Products/Debug-iphonesimulator/Voxboard\ Keyboard.appex/nl.lproj -- /tmp/voxboard-watch-sim-derived/Build/Intermediates.noindex/Voxboard.build/Debug-iphonesimulator/Voxboard\ Keyboard.build/nl.lproj/Localizable.strings
/tmp/voxboard-watch-sim-derived/Build/Intermediates.noindex/Voxboard.build/Debug-iphonesimulator/Voxboard Keyboard.build/nl.lproj/Localizable.strings:1:1: note: detected encoding of input file as Unicode (UTF-8) (in target 'Voxboard Keyboard' from project 'Voxboard')

CopyStringsFile /tmp/voxboard-watch-sim-derived/Build/Products/Debug-iphonesimulator/Voxboard\ Keyboard.appex/ko.lproj/Localizable.strings /tmp/voxboard-watch-sim-derived/Build/Intermediates.noindex/Voxboard.build/Debug-iphonesimulator/Voxboard\ Keyboard.build/ko.lproj/Localizable.strings (in target 'Voxboard Keyboard' from project 'Voxboard')
    cd /Users/codybontecou/projects/Voxboard
    builtin-copyStrings --validate --outputencoding binary --outfilename Localizable.strings --outdir /tmp/voxboard-watch-sim-derived/Build/Products/Debug-iphonesimulator/Voxboard\ Keyboard.appex/ko.lproj -- /tmp/voxboard-watch-sim-derived/Build/Intermediates.noindex/Voxboard.build/Debug-iphonesimulator/Voxboard\ Keyboard.build/ko.lproj/Localizable.strings
/tmp/voxboard-watch-sim-derived/Build/Intermediates.noindex/Voxboard.build/Debug-iphonesimulator/Voxboard Keyboard.build/ko.lproj/Localizable.strings:1:1: note: detected encoding of input file as Unicode (UTF-8) (in target 'Voxboard Keyboard' from project 'Voxboard')

CopyStringsFile /tmp/voxboard-watch-sim-derived/Build/Products/Debug-iphonesimulator/Voxboard\ Keyboard.appex/ja.lproj/Localizable.strings /tmp/voxboard-watch-sim-derived/Build/Intermediates.noindex/Voxboard.build/Debug-iphonesimulator/Voxboard\ Keyboard.build/ja.lproj/Localizable.strings (in target 'Voxboard Keyboard' from project 'Voxboard')
    cd /Users/codybontecou/projects/Voxboard
    builtin-copyStrings --validate --outputencoding binary --outfilename Localizable.strings --outdir /tmp/voxboard-watch-sim-derived/Build/Products/Debug-iphonesimulator/Voxboard\ Keyboard.appex/ja.lproj -- /tmp/voxboard-watch-sim-derived/Build/Intermediates.noindex/Voxboard.build/Debug-iphonesimulator/Voxboard\ Keyboard.build/ja.lproj/Localizable.strings
/tmp/voxboard-watch-sim-derived/Build/Intermediates.noindex/Voxboard.build/Debug-iphonesimulator/Voxboard Keyboard.build/ja.lproj/Localizable.strings:1:1: note: detected encoding of input file as Unicode (UTF-8) (in target 'Voxboard Keyboard' from project 'Voxboard')

CopyStringsFile /tmp/voxboard-watch-sim-derived/Build/Products/Debug-iphonesimulator/Voxboard\ Keyboard.appex/it.lproj/Localizable.strings /tmp/voxboard-watch-sim-derived/Build/Intermediates.noindex/Voxboard.build/Debug-iphonesimulator/Voxboard\ Keyboard.build/it.lproj/Localizable.strings (in target 'Voxboard Keyboard' from project 'Voxboard')
    cd /Users/codybontecou/projects/Voxboard
    builtin-copyStrings --validate --outputencoding binary --outfilename Localizable.strings --outdir /tmp/voxboard-watch-sim-derived/Build/Products/Debug-iphonesimulator/Voxboard\ Keyboard.appex/it.lproj -- /tmp/voxboard-watch-sim-derived/Build/Intermediates.noindex/Voxboard.build/Debug-iphonesimulator/Voxboard\ Keyboard.build/it.lproj/Localizable.strings
/tmp/voxboard-watch-sim-derived/Build/Intermediates.noindex/Voxboard.build/Debug-iphonesimulator/Voxboard Keyboard.build/it.lproj/Localizable.strings:1:1: note: detected encoding of input file as Unicode (UTF-8) (in target 'Voxboard Keyboard' from project 'Voxboard')

CopyStringsFile /tmp/voxboard-watch-sim-derived/Build/Products/Debug-iphonesimulator/Voxboard\ Keyboard.appex/id.lproj/Localizable.strings /tmp/voxboard-watch-sim-derived/Build/Intermediates.noindex/Voxboard.build/Debug-iphonesimulator/Voxboard\ Keyboard.build/id.lproj/Localizable.strings (in target 'Voxboard Keyboard' from project 'Voxboard')
    cd /Users/codybontecou/projects/Voxboard
    builtin-copyStrings --validate --outputencoding binary --outfilename Localizable.strings --outdir /tmp/voxboard-watch-sim-derived/Build/Products/Debug-iphonesimulator/Voxboard\ Keyboard.appex/id.lproj -- /tmp/voxboard-watch-sim-derived/Build/Intermediates.noindex/Voxboard.build/Debug-iphonesimulator/Voxboard\ Keyboard.build/id.lproj/Localizable.strings
/tmp/voxboard-watch-sim-derived/Build/Intermediates.noindex/Voxboard.build/Debug-iphonesimulator/Voxboard Keyboard.build/id.lproj/Localizable.strings:1:1: note: detected encoding of input file as Unicode (UTF-8) (in target 'Voxboard Keyboard' from project 'Voxboard')

CopyStringsFile /tmp/voxboard-watch-sim-derived/Build/Products/Debug-iphonesimulator/Voxboard\ Keyboard.appex/hi.lproj/Localizable.strings /tmp/voxboard-watch-sim-derived/Build/Intermediates.noindex/Voxboard.build/Debug-iphonesimulator/Voxboard\ Keyboard.build/hi.lproj/Localizable.strings (in target 'Voxboard Keyboard' from project 'Voxboard')
    cd /Users/codybontecou/projects/Voxboard
    builtin-copyStrings --validate --outputencoding binary --outfilename Localizable.strings --outdir /tmp/voxboard-watch-sim-derived/Build/Products/Debug-iphonesimulator/Voxboard\ Keyboard.appex/hi.lproj -- /tmp/voxboard-watch-sim-derived/Build/Intermediates.noindex/Voxboard.build/Debug-iphonesimulator/Voxboard\ Keyboard.build/hi.lproj/Localizable.strings
/tmp/voxboard-watch-sim-derived/Build/Intermediates.noindex/Voxboard.build/Debug-iphonesimulator/Voxboard Keyboard.build/hi.lproj/Localizable.strings:1:1: note: detected encoding of input file as Unicode (UTF-8) (in target 'Voxboard Keyboard' from project 'Voxboard')

CopyStringsFile /tmp/voxboard-watch-sim-derived/Build/Products/Debug-iphonesimulator/Voxboard\ Keyboard.appex/fr.lproj/Localizable.strings /tmp/voxboard-watch-sim-derived/Build/Intermediates.noindex/Voxboard.build/Debug-iphonesimulator/Voxboard\ Keyboard.build/fr.lproj/Localizable.strings (in target 'Voxboard Keyboard' from project 'Voxboard')
    cd /Users/codybontecou/projects/Voxboard
    builtin-copyStrings --validate --outputencoding binary --outfilename Localizable.strings --outdir /tmp/voxboard-watch-sim-derived/Build/Products/Debug-iphonesimulator/Voxboard\ Keyboard.appex/fr.lproj -- /tmp/voxboard-watch-sim-derived/Build/Intermediates.noindex/Voxboard.build/Debug-iphonesimulator/Voxboard\ Keyboard.build/fr.lproj/Localizable.strings
/tmp/voxboard-watch-sim-derived/Build/Intermediates.noindex/Voxboard.build/Debug-iphonesimulator/Voxboard Keyboard.build/fr.lproj/Localizable.strings:1:1: note: detected encoding of input file as Unicode (UTF-8) (in target 'Voxboard Keyboard' from project 'Voxboard')

CopyStringsFile /tmp/voxboard-watch-sim-derived/Build/Products/Debug-iphonesimulator/Voxboard\ Keyboard.appex/es.lproj/Localizable.strings /tmp/voxboard-watch-sim-derived/Build/Intermediates.noindex/Voxboard.build/Debug-iphonesimulator/Voxboard\ Keyboard.build/es.lproj/Localizable.strings (in target 'Voxboard Keyboard' from project 'Voxboard')
    cd /Users/codybontecou/projects/Voxboard
    builtin-copyStrings --validate --outputencoding binary --outfilename Localizable.strings --outdir /tmp/voxboard-watch-sim-derived/Build/Products/Debug-iphonesimulator/Voxboard\ Keyboard.appex/es.lproj -- /tmp/voxboard-watch-sim-derived/Build/Intermediates.noindex/Voxboard.build/Debug-iphonesimulator/Voxboard\ Keyboard.build/es.lproj/Localizable.strings
/tmp/voxboard-watch-sim-derived/Build/Intermediates.noindex/Voxboard.build/Debug-iphonesimulator/Voxboard Keyboard.build/es.lproj/Localizable.strings:1:1: note: detected encoding of input file as Unicode (UTF-8) (in target 'Voxboard Keyboard' from project 'Voxboard')

CopyStringsFile /tmp/voxboard-watch-sim-derived/Build/Products/Debug-iphonesimulator/Voxboard\ Keyboard.appex/en.lproj/Localizable.strings /tmp/voxboard-watch-sim-derived/Build/Intermediates.noindex/Voxboard.build/Debug-iphonesimulator/Voxboard\ Keyboard.build/en.lproj/Localizable.strings (in target 'Voxboard Keyboard' from project 'Voxboard')
    cd /Users/codybontecou/projects/Voxboard
    builtin-copyStrings --validate --outputencoding binary --outfilename Localizable.strings --outdir /tmp/voxboard-watch-sim-derived/Build/Products/Debug-iphonesimulator/Voxboard\ Keyboard.appex/en.lproj -- /tmp/voxboard-watch-sim-derived/Build/Intermediates.noindex/Voxboard.build/Debug-iphonesimulator/Voxboard\ Keyboard.build/en.lproj/Localizable.strings
/tmp/voxboard-watch-sim-derived/Build/Intermediates.noindex/Voxboard.build/Debug-iphonesimulator/Voxboard Keyboard.build/en.lproj/Localizable.strings:1:1: note: detected encoding of input file as Unicode (UTF-8) (in target 'Voxboard Keyboard' from project 'Voxboard')

CopyStringsFile /tmp/voxboard-watch-sim-derived/Build/Products/Debug-iphonesimulator/Voxboard\ Keyboard.appex/de.lproj/Localizable.strings /tmp/voxboard-watch-sim-derived/Build/Intermediates.noindex/Voxboard.build/Debug-iphonesimulator/Voxboard\ Keyboard.build/de.lproj/Localizable.strings (in target 'Voxboard Keyboard' from project 'Voxboard')
    cd /Users/codybontecou/projects/Voxboard
    builtin-copyStrings --validate --outputencoding binary --outfilename Localizable.strings --outdir /tmp/voxboard-watch-sim-derived/Build/Products/Debug-iphonesimulator/Voxboard\ Keyboard.appex/de.lproj -- /tmp/voxboard-watch-sim-derived/Build/Intermediates.noindex/Voxboard.build/Debug-iphonesimulator/Voxboard\ Keyboard.build/de.lproj/Localizable.strings
/tmp/voxboard-watch-sim-derived/Build/Intermediates.noindex/Voxboard.build/Debug-iphonesimulator/Voxboard Keyboard.build/de.lproj/Localizable.strings:1:1: note: detected encoding of input file as Unicode (UTF-8) (in target 'Voxboard Keyboard' from project 'Voxboard')

CopyStringsFile /tmp/voxboard-watch-sim-derived/Build/Products/Debug-iphonesimulator/Voxboard\ Keyboard.appex/bn.lproj/Localizable.strings /tmp/voxboard-watch-sim-derived/Build/Intermediates.noindex/Voxboard.build/Debug-iphonesimulator/Voxboard\ Keyboard.build/bn.lproj/Localizable.strings (in target 'Voxboard Keyboard' from project 'Voxboard')
    cd /Users/codybontecou/projects/Voxboard
    builtin-copyStrings --validate --outputencoding binary --outfilename Localizable.strings --outdir /tmp/voxboard-watch-sim-derived/Build/Products/Debug-iphonesimulator/Voxboard\ Keyboard.appex/bn.lproj -- /tmp/voxboard-watch-sim-derived/Build/Intermediates.noindex/Voxboard.build/Debug-iphonesimulator/Voxboard\ Keyboard.build/bn.lproj/Localizable.strings
/tmp/voxboard-watch-sim-derived/Build/Intermediates.noindex/Voxboard.build/Debug-iphonesimulator/Voxboard Keyboard.build/bn.lproj/Localizable.strings:1:1: note: detected encoding of input file as Unicode (UTF-8) (in target 'Voxboard Keyboard' from project 'Voxboard')

CopyStringsFile /tmp/voxboard-watch-sim-derived/Build/Products/Debug-iphonesimulator/Voxboard\ Keyboard.appex/ar.lproj/Localizable.strings /tmp/voxboard-watch-sim-derived/Build/Intermediates.noindex/Voxboard.build/Debug-iphonesimulator/Voxboard\ Keyboard.build/ar.lproj/Localizable.strings (in target 'Voxboard Keyboard' from project 'Voxboard')
    cd /Users/codybontecou/projects/Voxboard
    builtin-copyStrings --validate --outputencoding binary --outfilename Localizable.strings --outdir /tmp/voxboard-watch-sim-derived/Build/Products/Debug-iphonesimulator/Voxboard\ Keyboard.appex/ar.lproj -- /tmp/voxboard-watch-sim-derived/Build/Intermediates.noindex/Voxboard.build/Debug-iphonesimulator/Voxboard\ Keyboard.build/ar.lproj/Localizable.strings
/tmp/voxboard-watch-sim-derived/Build/Intermediates.noindex/Voxboard.build/Debug-iphonesimulator/Voxboard Keyboard.build/ar.lproj/Localizable.strings:1:1: note: detected encoding of input file as Unicode (UTF-8) (in target 'Voxboard Keyboard' from project 'Voxboard')

SwiftEmitModule normal x86_64 Emitting\ module\ for\ Voxboard_Watch (in target 'Voxboard Watch' from project 'Voxboard')

EmitSwiftModule normal x86_64 (in target 'Voxboard Watch' from project 'Voxboard')
    cd /Users/codybontecou/projects/Voxboard


SwiftCompile normal x86_64 Compiling\ GeneratedAssetSymbols.swift /tmp/voxboard-watch-sim-derived/Build/Intermediates.noindex/Voxboard.build/Debug-watchsimulator/Voxboard\ Watch.build/DerivedSources/GeneratedAssetSymbols.swift (in target 'Voxboard Watch' from project 'Voxboard')

SwiftCompile normal x86_64 /tmp/voxboard-watch-sim-derived/Build/Intermediates.noindex/Voxboard.build/Debug-watchsimulator/Voxboard\ Watch.build/DerivedSources/GeneratedAssetSymbols.swift (in target 'Voxboard Watch' from project 'Voxboard')
    cd /Users/codybontecou/projects/Voxboard


SwiftCompile normal x86_64 Compiling\ WatchLocalRecorder.swift /Users/codybontecou/projects/Voxboard/Voxboard\ Watch/WatchLocalRecorder.swift (in target 'Voxboard Watch' from project 'Voxboard')

SwiftCompile normal x86_64 /Users/codybontecou/projects/Voxboard/Voxboard\ Watch/WatchLocalRecorder.swift (in target 'Voxboard Watch' from project 'Voxboard')
    cd /Users/codybontecou/projects/Voxboard


SwiftDriverJobDiscovery normal arm64 Compiling TranscriptFileExporter.swift, TranscriptFlowFormatter.swift, TranscriptStore.swift (in target 'VoxboardShared' from project 'VoxboardShared')

SwiftCompile normal x86_64 Compiling\ WatchRecorderView.swift /Users/codybontecou/projects/Voxboard/Voxboard\ Watch/WatchRecorderView.swift (in target 'Voxboard Watch' from project 'Voxboard')

SwiftCompile normal x86_64 /Users/codybontecou/projects/Voxboard/Voxboard\ Watch/WatchRecorderView.swift (in target 'Voxboard Watch' from project 'Voxboard')
    cd /Users/codybontecou/projects/Voxboard


SwiftCompile normal x86_64 Compiling\ VoxboardWatchApp.swift /Users/codybontecou/projects/Voxboard/Voxboard\ Watch/VoxboardWatchApp.swift (in target 'Voxboard Watch' from project 'Voxboard')

SwiftCompile normal x86_64 /Users/codybontecou/projects/Voxboard/Voxboard\ Watch/VoxboardWatchApp.swift (in target 'Voxboard Watch' from project 'Voxboard')
    cd /Users/codybontecou/projects/Voxboard


SwiftCompile normal x86_64 Compiling\ WatchPhoneBridge.swift /Users/codybontecou/projects/Voxboard/Voxboard\ Watch\ Shared/WatchPhoneBridge.swift (in target 'Voxboard Watch' from project 'Voxboard')

SwiftCompile normal x86_64 /Users/codybontecou/projects/Voxboard/Voxboard\ Watch\ Shared/WatchPhoneBridge.swift (in target 'Voxboard Watch' from project 'Voxboard')
    cd /Users/codybontecou/projects/Voxboard


SwiftDriverJobDiscovery normal x86_64 Compiling GeneratedAssetSymbols.swift (in target 'Voxboard Watch' from project 'Voxboard')

SwiftDriverJobDiscovery normal x86_64 Emitting module for Voxboard_Watch (in target 'Voxboard Watch' from project 'Voxboard')

SwiftDriver\ Compilation\ Requirements Voxboard\ Watch normal x86_64 com.apple.xcode.tools.swift.compiler (in target 'Voxboard Watch' from project 'Voxboard')
    cd /Users/codybontecou/projects/Voxboard
    builtin-Swift-Compilation-Requirements -- /Applications/Xcode.app/Contents/Developer/Toolchains/XcodeDefault.xctoolchain/usr/bin/swiftc -module-name Voxboard_Watch -Onone @/tmp/voxboard-watch-sim-derived/Build/Intermediates.noindex/Voxboard.build/Debug-watchsimulator/Voxboard\ Watch.build/Objects-normal/x86_64/Voxboard\ Watch.SwiftFileList -DDEBUG -enable-bare-slash-regex -enable-experimental-feature DebugDescriptionMacro -sdk /Applications/Xcode.app/Contents/Developer/Platforms/WatchSimulator.platform/Developer/SDKs/WatchSimulator26.5.sdk -target x86_64-apple-watchos10.0-simulator -g -module-cache-path /tmp/voxboard-watch-sim-derived/ModuleCache.noindex -Xfrontend -serialize-debugging-options -enable-testing -index-store-path /tmp/voxboard-watch-sim-derived/Index.noindex/DataStore -Xcc -D_LIBCPP_HARDENING_MODE\=_LIBCPP_HARDENING_MODE_DEBUG -swift-version 5 -I /tmp/voxboard-watch-sim-derived/Build/Products/Debug-watchsimulator -F /tmp/voxboard-watch-sim-derived/Build/Products/Debug-watchsimulator -emit-localized-strings -emit-localized-strings-path /tmp/voxboard-watch-sim-derived/Build/Intermediates.noindex/Voxboard.build/Debug-watchsimulator/Voxboard\ Watch.build/Objects-normal/x86_64 -c -j10 -enable-batch-mode -incremental -Xcc -ivfsstatcache -Xcc /tmp/voxboard-watch-sim-derived/SDKStatCaches.noindex/watchsimulator26.5-23T570-1651579a441f1322ae888f0ed545cb80.sdkstatcache -output-file-map /tmp/voxboard-watch-sim-derived/Build/Intermediates.noindex/Voxboard.build/Debug-watchsimulator/Voxboard\ Watch.build/Objects-normal/x86_64/Voxboard\ Watch-OutputFileMap.json -use-frontend-parseable-output -save-temps -no-color-diagnostics -explicit-module-build -module-cache-path /tmp/voxboard-watch-sim-derived/Build/Intermediates.noindex/SwiftExplicitPrecompiledModules -clang-scanner-module-cache-path /tmp/voxboard-watch-sim-derived/ModuleCache.noindex -sdk-module-cache-path /tmp/voxboard-watch-sim-derived/ModuleCache.noindex -serialize-diagnostics -emit-dependencies -emit-module -emit-module-path /tmp/voxboard-watch-sim-derived/Build/Intermediates.noindex/Voxboard.build/Debug-watchsimulator/Voxboard\ Watch.build/Objects-normal/x86_64/Voxboard_Watch.swiftmodule -validate-clang-modules-once -clang-build-session-file /tmp/voxboard-watch-sim-derived/ModuleCache.noindex/Session.modulevalidation -Xcc -I/tmp/voxboard-watch-sim-derived/Build/Intermediates.noindex/Voxboard.build/Debug-watchsimulator/Voxboard\ Watch.build/swift-overrides.hmap -emit-const-values -Xfrontend -const-gather-protocols-file -Xfrontend /tmp/voxboard-watch-sim-derived/Build/Intermediates.noindex/Voxboard.build/Debug-watchsimulator/Voxboard\ Watch.build/Objects-normal/x86_64/Voxboard\ Watch_const_extract_protocols.json -Xcc -iquote -Xcc /tmp/voxboard-watch-sim-derived/Build/Intermediates.noindex/Voxboard.build/Debug-watchsimulator/Voxboard\ Watch.build/Voxboard\ Watch-generated-files.hmap -Xcc -I/tmp/voxboard-watch-sim-derived/Build/Intermediates.noindex/Voxboard.build/Debug-watchsimulator/Voxboard\ Watch.build/Voxboard\ Watch-own-target-headers.hmap -Xcc -I/tmp/voxboard-watch-sim-derived/Build/Intermediates.noindex/Voxboard.build/Debug-watchsimulator/Voxboard\ Watch.build/Voxboard\ Watch-all-non-framework-target-headers.hmap -Xcc -ivfsoverlay -Xcc /tmp/voxboard-watch-sim-derived/Build/Intermediates.noindex/Voxboard.build/Debug-watchsimulator/Voxboard-8d6c3ba71b53f8320d7c577fe4b80237-VFS-watchsimulator/all-product-headers.yaml -Xcc -iquote -Xcc /tmp/voxboard-watch-sim-derived/Build/Intermediates.noindex/Voxboard.build/Debug-watchsimulator/Voxboard\ Watch.build/Voxboard\ Watch-project-headers.hmap -Xcc -I/tmp/voxboard-watch-sim-derived/Build/Products/Debug-watchsimulator/include -Xcc -I/tmp/voxboard-watch-sim-derived/Build/Intermediates.noindex/Voxboard.build/Debug-watchsimulator/Voxboard\ Watch.build/DerivedSources-normal/x86_64 -Xcc -I/tmp/voxboard-watch-sim-derived/Build/Intermediates.noindex/Voxboard.build/Debug-watchsimulator/Voxboard\ Watch.build/DerivedSources/x86_64 -Xcc -I/tmp/voxboard-watch-sim-derived/Build/Intermediates.noindex/Voxboard.build/Debug-watchsimulator/Voxboard\ Watch.build/DerivedSources -Xcc -DDEBUG\=1 -emit-objc-header -emit-objc-header-path /tmp/voxboard-watch-sim-derived/Build/Intermediates.noindex/Voxboard.build/Debug-watchsimulator/Voxboard\ Watch.build/Objects-normal/x86_64/Voxboard_Watch-Swift.h -working-directory /Users/codybontecou/projects/Voxboard -experimental-emit-module-separately -disable-cmo

Copy /tmp/voxboard-watch-sim-derived/Build/Products/Debug-watchsimulator/Voxboard_Watch.swiftmodule/x86_64-apple-watchos-simulator.swiftmodule /tmp/voxboard-watch-sim-derived/Build/Intermediates.noindex/Voxboard.build/Debug-watchsimulator/Voxboard\ Watch.build/Objects-normal/x86_64/Voxboard_Watch.swiftmodule (in target 'Voxboard Watch' from project 'Voxboard')
    cd /Users/codybontecou/projects/Voxboard
    builtin-copy -exclude .DS_Store -exclude CVS -exclude .svn -exclude .git -exclude .hg -resolve-src-symlinks -rename /tmp/voxboard-watch-sim-derived/Build/Intermediates.noindex/Voxboard.build/Debug-watchsimulator/Voxboard\ Watch.build/Objects-normal/x86_64/Voxboard_Watch.swiftmodule /tmp/voxboard-watch-sim-derived/Build/Products/Debug-watchsimulator/Voxboard_Watch.swiftmodule/x86_64-apple-watchos-simulator.swiftmodule

Copy /tmp/voxboard-watch-sim-derived/Build/Products/Debug-watchsimulator/Voxboard_Watch.swiftmodule/x86_64-apple-watchos-simulator.swiftdoc /tmp/voxboard-watch-sim-derived/Build/Intermediates.noindex/Voxboard.build/Debug-watchsimulator/Voxboard\ Watch.build/Objects-normal/x86_64/Voxboard_Watch.swiftdoc (in target 'Voxboard Watch' from project 'Voxboard')
    cd /Users/codybontecou/projects/Voxboard
    builtin-copy -exclude .DS_Store -exclude CVS -exclude .svn -exclude .git -exclude .hg -resolve-src-symlinks -rename /tmp/voxboard-watch-sim-derived/Build/Intermediates.noindex/Voxboard.build/Debug-watchsimulator/Voxboard\ Watch.build/Objects-normal/x86_64/Voxboard_Watch.swiftdoc /tmp/voxboard-watch-sim-derived/Build/Products/Debug-watchsimulator/Voxboard_Watch.swiftmodule/x86_64-apple-watchos-simulator.swiftdoc

Copy /tmp/voxboard-watch-sim-derived/Build/Products/Debug-watchsimulator/Voxboard_Watch.swiftmodule/x86_64-apple-watchos-simulator.abi.json /tmp/voxboard-watch-sim-derived/Build/Intermediates.noindex/Voxboard.build/Debug-watchsimulator/Voxboard\ Watch.build/Objects-normal/x86_64/Voxboard_Watch.abi.json (in target 'Voxboard Watch' from project 'Voxboard')
    cd /Users/codybontecou/projects/Voxboard
    builtin-copy -exclude .DS_Store -exclude CVS -exclude .svn -exclude .git -exclude .hg -resolve-src-symlinks -rename /tmp/voxboard-watch-sim-derived/Build/Intermediates.noindex/Voxboard.build/Debug-watchsimulator/Voxboard\ Watch.build/Objects-normal/x86_64/Voxboard_Watch.abi.json /tmp/voxboard-watch-sim-derived/Build/Products/Debug-watchsimulator/Voxboard_Watch.swiftmodule/x86_64-apple-watchos-simulator.abi.json

Copy /tmp/voxboard-watch-sim-derived/Build/Products/Debug-watchsimulator/Voxboard_Watch.swiftmodule/Project/x86_64-apple-watchos-simulator.swiftsourceinfo /tmp/voxboard-watch-sim-derived/Build/Intermediates.noindex/Voxboard.build/Debug-watchsimulator/Voxboard\ Watch.build/Objects-normal/x86_64/Voxboard_Watch.swiftsourceinfo (in target 'Voxboard Watch' from project 'Voxboard')
    cd /Users/codybontecou/projects/Voxboard
    builtin-copy -exclude .DS_Store -exclude CVS -exclude .svn -exclude .git -exclude .hg -resolve-src-symlinks -rename /tmp/voxboard-watch-sim-derived/Build/Intermediates.noindex/Voxboard.build/Debug-watchsimulator/Voxboard\ Watch.build/Objects-normal/x86_64/Voxboard_Watch.swiftsourceinfo /tmp/voxboard-watch-sim-derived/Build/Products/Debug-watchsimulator/Voxboard_Watch.swiftmodule/Project/x86_64-apple-watchos-simulator.swiftsourceinfo

SwiftDriverJobDiscovery normal arm64 Compiling AudioRecorder.swift, CircularAudioBuffer.swift, KeyboardDebugLog.swift (in target 'VoxboardShared' from project 'VoxboardShared')

SwiftDriver\ Compilation VoxboardShared normal arm64 com.apple.xcode.tools.swift.compiler (in target 'VoxboardShared' from project 'VoxboardShared')
    cd /Users/codybontecou/projects/Voxboard/Voxboard.xcodeproj
    builtin-Swift-Compilation -- /Applications/Xcode.app/Contents/Developer/Toolchains/XcodeDefault.xctoolchain/usr/bin/swiftc -module-name VoxboardShared -Onone @/tmp/voxboard-watch-sim-derived/Build/Intermediates.noindex/VoxboardShared.build/Debug-iphonesimulator/VoxboardShared.build/Objects-normal/arm64/VoxboardShared.SwiftFileList -DSWIFT_PACKAGE -DDEBUG -DSWIFT_MODULE_RESOURCE_BUNDLE_UNAVAILABLE -DXcode -plugin-path /Applications/Xcode.app/Contents/Developer/Toolchains/XcodeDefault.xctoolchain/usr/lib/swift/host/plugins/testing -enable-experimental-feature DebugDescriptionMacro -sdk /Applications/Xcode.app/Contents/Developer/Platforms/iPhoneSimulator.platform/Developer/SDKs/iPhoneSimulator26.5.sdk -target arm64-apple-ios17.0-simulator -g -module-cache-path /tmp/voxboard-watch-sim-derived/ModuleCache.noindex -Xfrontend -serialize-debugging-options -enable-testing -suppress-warnings -index-store-path /tmp/voxboard-watch-sim-derived/Index.noindex/DataStore -Xcc -D_LIBCPP_HARDENING_MODE\=_LIBCPP_HARDENING_MODE_DEBUG -swift-version 5 -I /tmp/voxboard-watch-sim-derived/Build/Products/Debug-iphonesimulator -Isystem /Applications/Xcode.app/Contents/Developer/Platforms/iPhoneSimulator.platform/Developer/usr/lib -F /tmp/voxboard-watch-sim-derived/Build/Products/Debug-iphonesimulator/PackageFrameworks -F /tmp/voxboard-watch-sim-derived/Build/Products/Debug-iphonesimulator/PackageFrameworks -F /tmp/voxboard-watch-sim-derived/Build/Products/Debug-iphonesimulator/PackageFrameworks -F /tmp/voxboard-watch-sim-derived/Build/Products/Debug-iphonesimulator/PackageFrameworks -F /tmp/voxboard-watch-sim-derived/Build/Products/Debug-iphonesimulator -F /Applications/Xcode.app/Contents/Developer/Platforms/iPhoneSimulator.platform/Developer/Library/Frameworks -F /Applications/Xcode.app/Contents/Developer/Platforms/iPhoneSimulator.platform/Developer/SDKs/iPhoneSimulator26.5.sdk/Developer/Library/Frameworks -c -j10 -enable-batch-mode -incremental -Xcc -ivfsstatcache -Xcc /tmp/voxboard-watch-sim-derived/SDKStatCaches.noindex/iphonesimulator26.5-23F73-6cfe768891a92b912361537c460fe42b.sdkstatcache -output-file-map /tmp/voxboard-watch-sim-derived/Build/Intermediates.noindex/VoxboardShared.build/Debug-iphonesimulator/VoxboardShared.build/Objects-normal/arm64/VoxboardShared-OutputFileMap.json -use-frontend-parseable-output -save-temps -no-color-diagnostics -explicit-module-build -module-cache-path /tmp/voxboard-watch-sim-derived/Build/Intermediates.noindex/SwiftExplicitPrecompiledModules -clang-scanner-module-cache-path /tmp/voxboard-watch-sim-derived/ModuleCache.noindex -sdk-module-cache-path /tmp/voxboard-watch-sim-derived/ModuleCache.noindex -serialize-diagnostics -emit-dependencies -emit-module -emit-module-path /tmp/voxboard-watch-sim-derived/Build/Intermediates.noindex/VoxboardShared.build/Debug-iphonesimulator/VoxboardShared.build/Objects-normal/arm64/VoxboardShared.swiftmodule -validate-clang-modules-once -clang-build-session-file /tmp/voxboard-watch-sim-derived/ModuleCache.noindex/Session.modulevalidation -package-name voxboardshared -Xcc -I/tmp/voxboard-watch-sim-derived/Build/Intermediates.noindex/VoxboardShared.build/Debug-iphonesimulator/VoxboardShared.build/swift-overrides.hmap -emit-const-values -Xfrontend -const-gather-protocols-file -Xfrontend /tmp/voxboard-watch-sim-derived/Build/Intermediates.noindex/VoxboardShared.build/Debug-iphonesimulator/VoxboardShared.build/Objects-normal/arm64/VoxboardShared_const_extract_protocols.json -Xcc -I/tmp/voxboard-watch-sim-derived/SourcePackages/checkouts/FluidAudio/Sources/MachTaskSelfWrapper/include -Xcc -I/tmp/voxboard-watch-sim-derived/SourcePackages/checkouts/FluidAudio/Sources/FastClusterWrapper/include -Xcc -I/tmp/voxboard-watch-sim-derived/Build/Products/Debug-iphonesimulator/include -Xcc -I/tmp/voxboard-watch-sim-derived/Build/Intermediates.noindex/VoxboardShared.build/Debug-iphonesimulator/VoxboardShared.build/DerivedSources-normal/arm64 -Xcc -I/tmp/voxboard-watch-sim-derived/Build/Intermediates.noindex/VoxboardShared.build/Debug-iphonesimulator/VoxboardShared.build/DerivedSources/arm64 -Xcc -I/tmp/voxboard-watch-sim-derived/Build/Intermediates.noindex/VoxboardShared.build/Debug-iphonesimulator/VoxboardShared.build/DerivedSources -Xcc -DSWIFT_PACKAGE -Xcc -DDEBUG\=1 -emit-objc-header -emit-objc-header-path /tmp/voxboard-watch-sim-derived/Build/Intermediates.noindex/VoxboardShared.build/Debug-iphonesimulator/VoxboardShared.build/Objects-normal/arm64/VoxboardShared-Swift.h -working-directory /Users/codybontecou/projects/Voxboard/Voxboard.xcodeproj -experimental-emit-module-separately -disable-cmo

SwiftExplicitDependencyGeneratePcm arm64 /tmp/voxboard-watch-sim-derived/ModuleCache.noindex/MapKit-1PQD4QNNCX4IXKR135J3ZPAHZ.pcm

SwiftExplicitDependencyGeneratePcm arm64 /tmp/voxboard-watch-sim-derived/ModuleCache.noindex/HomeKit-8QWCER6HIA0N8LPBG1QTDVGL8.pcm

SwiftDriverJobDiscovery normal x86_64 Compiling VoxboardWatchApp.swift (in target 'Voxboard Watch' from project 'Voxboard')

SwiftExplicitDependencyGeneratePcm arm64 /tmp/voxboard-watch-sim-derived/ModuleCache.noindex/_Builtin_stdarg-3JI5EG1PSFLC2RP1BDU15I7E6.pcm

SwiftExplicitDependencyGeneratePcm arm64 /tmp/voxboard-watch-sim-derived/ModuleCache.noindex/ActivityKit-4ROQBG1JLX5OP1FNSVEYNRPPC.pcm

SwiftExplicitDependencyGeneratePcm arm64 /tmp/voxboard-watch-sim-derived/ModuleCache.noindex/_SwiftConcurrencyShims-4R5TGWUAP0ZW0SIQSOQQQ7SWJ.pcm

SwiftExplicitDependencyGeneratePcm arm64 /tmp/voxboard-watch-sim-derived/ModuleCache.noindex/ptrcheck-CN6D9BEYHPUCYWQIH1E5FS3XC.pcm

SwiftExplicitDependencyGeneratePcm arm64 /tmp/voxboard-watch-sim-derived/ModuleCache.noindex/DeveloperToolsSupport-7LYTQRXSELQIWM159DIECGAGJ.pcm

SwiftExplicitDependencyGeneratePcm arm64 /tmp/voxboard-watch-sim-derived/ModuleCache.noindex/ptrauth-D7N1R3SNB4WYZJEATGMZ8WBL4.pcm

SwiftExplicitDependencyGeneratePcm arm64 /tmp/voxboard-watch-sim-derived/ModuleCache.noindex/_Builtin_stddef-4L2X8J6Y47K0TMYKMS9571M1U.pcm

SwiftExplicitDependencyGeneratePcm arm64 /tmp/voxboard-watch-sim-derived/ModuleCache.noindex/WatchKit-2M7EEVW9806PXY91RQUELVK7E.pcm

SwiftExplicitDependencyGeneratePcm arm64 /tmp/voxboard-watch-sim-derived/ModuleCache.noindex/_Builtin_stdbool-F3ANT867M3CJOLMEUKW1C7ZEF.pcm

SwiftExplicitDependencyGeneratePcm arm64 /tmp/voxboard-watch-sim-derived/ModuleCache.noindex/SwiftShims-EOA7RCA6HGGDRDDD5V9TZTXVL.pcm

SwiftExplicitDependencyGeneratePcm arm64 /tmp/voxboard-watch-sim-derived/ModuleCache.noindex/_Builtin_float-C8TN273HEPPGUUB3BS8VAMBZT.pcm

SwiftExplicitDependencyGeneratePcm arm64 /tmp/voxboard-watch-sim-derived/ModuleCache.noindex/_AvailabilityInternal-EHTRYMHF0G4N589W56BEIY7T0.pcm

SwiftExplicitDependencyGeneratePcm arm64 /tmp/voxboard-watch-sim-derived/Build/Intermediates.noindex/SwiftExplicitPrecompiledModules/FastClusterWrapper-CXS9WBQ32933APS0NHMC1KME1.pcm

SwiftExplicitDependencyGeneratePcm arm64 /tmp/voxboard-watch-sim-derived/ModuleCache.noindex/_DarwinFoundation1-26RJST42ONMQI4JW2X92N4WYH.pcm

SwiftExplicitDependencyGeneratePcm arm64 /tmp/voxboard-watch-sim-derived/ModuleCache.noindex/SwiftUI-CTXYLNAVNWDYTDK6V9W4AWUCM.pcm

SwiftEmitModule normal arm64 Emitting\ module\ for\ Voxboard_Watch (in target 'Voxboard Watch' from project 'Voxboard')

EmitSwiftModule normal arm64 (in target 'Voxboard Watch' from project 'Voxboard')
    cd /Users/codybontecou/projects/Voxboard


SwiftCompile normal arm64 Compiling\ WatchPhoneBridge.swift /Users/codybontecou/projects/Voxboard/Voxboard\ Watch\ Shared/WatchPhoneBridge.swift (in target 'Voxboard Watch' from project 'Voxboard')

SwiftCompile normal arm64 /Users/codybontecou/projects/Voxboard/Voxboard\ Watch\ Shared/WatchPhoneBridge.swift (in target 'Voxboard Watch' from project 'Voxboard')
    cd /Users/codybontecou/projects/Voxboard


SwiftCompile normal arm64 Compiling\ GeneratedAssetSymbols.swift /tmp/voxboard-watch-sim-derived/Build/Intermediates.noindex/Voxboard.build/Debug-watchsimulator/Voxboard\ Watch.build/DerivedSources/GeneratedAssetSymbols.swift (in target 'Voxboard Watch' from project 'Voxboard')

SwiftCompile normal arm64 /tmp/voxboard-watch-sim-derived/Build/Intermediates.noindex/Voxboard.build/Debug-watchsimulator/Voxboard\ Watch.build/DerivedSources/GeneratedAssetSymbols.swift (in target 'Voxboard Watch' from project 'Voxboard')
    cd /Users/codybontecou/projects/Voxboard


SwiftCompile normal arm64 Compiling\ WatchRecorderView.swift /Users/codybontecou/projects/Voxboard/Voxboard\ Watch/WatchRecorderView.swift (in target 'Voxboard Watch' from project 'Voxboard')

SwiftCompile normal arm64 /Users/codybontecou/projects/Voxboard/Voxboard\ Watch/WatchRecorderView.swift (in target 'Voxboard Watch' from project 'Voxboard')
    cd /Users/codybontecou/projects/Voxboard


SwiftCompile normal arm64 Compiling\ WatchLocalRecorder.swift /Users/codybontecou/projects/Voxboard/Voxboard\ Watch/WatchLocalRecorder.swift (in target 'Voxboard Watch' from project 'Voxboard')

SwiftCompile normal arm64 /Users/codybontecou/projects/Voxboard/Voxboard\ Watch/WatchLocalRecorder.swift (in target 'Voxboard Watch' from project 'Voxboard')
    cd /Users/codybontecou/projects/Voxboard


SwiftCompile normal arm64 Compiling\ VoxboardWatchApp.swift /Users/codybontecou/projects/Voxboard/Voxboard\ Watch/VoxboardWatchApp.swift (in target 'Voxboard Watch' from project 'Voxboard')

SwiftCompile normal arm64 /Users/codybontecou/projects/Voxboard/Voxboard\ Watch/VoxboardWatchApp.swift (in target 'Voxboard Watch' from project 'Voxboard')
    cd /Users/codybontecou/projects/Voxboard


SwiftExplicitDependencyGeneratePcm arm64 /tmp/voxboard-watch-sim-derived/ModuleCache.noindex/_Builtin_limits-3JERJN274ZFPFQPB7NK31MV1B.pcm

SwiftDriverJobDiscovery normal x86_64 Compiling WatchPhoneBridge.swift (in target 'Voxboard Watch' from project 'Voxboard')

SwiftExplicitDependencyGeneratePcm arm64 /tmp/voxboard-watch-sim-derived/ModuleCache.noindex/_DarwinFoundation2-DUFJ5ZHVW50NPU7ER9CTQA3XR.pcm

SwiftExplicitDependencyGeneratePcm arm64 /tmp/voxboard-watch-sim-derived/ModuleCache.noindex/ExtensionFoundation-A52H2TI9MGPAXSEA59B3N7XVJ.pcm

SwiftDriverJobDiscovery normal arm64 Compiling GeneratedAssetSymbols.swift (in target 'Voxboard Watch' from project 'Voxboard')

SwiftDriverJobDiscovery normal arm64 Emitting module for Voxboard_Watch (in target 'Voxboard Watch' from project 'Voxboard')

SwiftDriver\ Compilation\ Requirements Voxboard\ Watch normal arm64 com.apple.xcode.tools.swift.compiler (in target 'Voxboard Watch' from project 'Voxboard')
    cd /Users/codybontecou/projects/Voxboard
    builtin-Swift-Compilation-Requirements -- /Applications/Xcode.app/Contents/Developer/Toolchains/XcodeDefault.xctoolchain/usr/bin/swiftc -module-name Voxboard_Watch -Onone @/tmp/voxboard-watch-sim-derived/Build/Intermediates.noindex/Voxboard.build/Debug-watchsimulator/Voxboard\ Watch.build/Objects-normal/arm64/Voxboard\ Watch.SwiftFileList -DDEBUG -enable-bare-slash-regex -enable-experimental-feature DebugDescriptionMacro -sdk /Applications/Xcode.app/Contents/Developer/Platforms/WatchSimulator.platform/Developer/SDKs/WatchSimulator26.5.sdk -target arm64-apple-watchos10.0-simulator -g -module-cache-path /tmp/voxboard-watch-sim-derived/ModuleCache.noindex -Xfrontend -serialize-debugging-options -enable-testing -index-store-path /tmp/voxboard-watch-sim-derived/Index.noindex/DataStore -Xcc -D_LIBCPP_HARDENING_MODE\=_LIBCPP_HARDENING_MODE_DEBUG -swift-version 5 -I /tmp/voxboard-watch-sim-derived/Build/Products/Debug-watchsimulator -F /tmp/voxboard-watch-sim-derived/Build/Products/Debug-watchsimulator -emit-localized-strings -emit-localized-strings-path /tmp/voxboard-watch-sim-derived/Build/Intermediates.noindex/Voxboard.build/Debug-watchsimulator/Voxboard\ Watch.build/Objects-normal/arm64 -c -j10 -enable-batch-mode -incremental -Xcc -ivfsstatcache -Xcc /tmp/voxboard-watch-sim-derived/SDKStatCaches.noindex/watchsimulator26.5-23T570-1651579a441f1322ae888f0ed545cb80.sdkstatcache -output-file-map /tmp/voxboard-watch-sim-derived/Build/Intermediates.noindex/Voxboard.build/Debug-watchsimulator/Voxboard\ Watch.build/Objects-normal/arm64/Voxboard\ Watch-OutputFileMap.json -use-frontend-parseable-output -save-temps -no-color-diagnostics -explicit-module-build -module-cache-path /tmp/voxboard-watch-sim-derived/Build/Intermediates.noindex/SwiftExplicitPrecompiledModules -clang-scanner-module-cache-path /tmp/voxboard-watch-sim-derived/ModuleCache.noindex -sdk-module-cache-path /tmp/voxboard-watch-sim-derived/ModuleCache.noindex -serialize-diagnostics -emit-dependencies -emit-module -emit-module-path /tmp/voxboard-watch-sim-derived/Build/Intermediates.noindex/Voxboard.build/Debug-watchsimulator/Voxboard\ Watch.build/Objects-normal/arm64/Voxboard_Watch.swiftmodule -validate-clang-modules-once -clang-build-session-file /tmp/voxboard-watch-sim-derived/ModuleCache.noindex/Session.modulevalidation -Xcc -I/tmp/voxboard-watch-sim-derived/Build/Intermediates.noindex/Voxboard.build/Debug-watchsimulator/Voxboard\ Watch.build/swift-overrides.hmap -emit-const-values -Xfrontend -const-gather-protocols-file -Xfrontend /tmp/voxboard-watch-sim-derived/Build/Intermediates.noindex/Voxboard.build/Debug-watchsimulator/Voxboard\ Watch.build/Objects-normal/arm64/Voxboard\ Watch_const_extract_protocols.json -Xcc -iquote -Xcc /tmp/voxboard-watch-sim-derived/Build/Intermediates.noindex/Voxboard.build/Debug-watchsimulator/Voxboard\ Watch.build/Voxboard\ Watch-generated-files.hmap -Xcc -I/tmp/voxboard-watch-sim-derived/Build/Intermediates.noindex/Voxboard.build/Debug-watchsimulator/Voxboard\ Watch.build/Voxboard\ Watch-own-target-headers.hmap -Xcc -I/tmp/voxboard-watch-sim-derived/Build/Intermediates.noindex/Voxboard.build/Debug-watchsimulator/Voxboard\ Watch.build/Voxboard\ Watch-all-non-framework-target-headers.hmap -Xcc -ivfsoverlay -Xcc /tmp/voxboard-watch-sim-derived/Build/Intermediates.noindex/Voxboard.build/Debug-watchsimulator/Voxboard-8d6c3ba71b53f8320d7c577fe4b80237-VFS-watchsimulator/all-product-headers.yaml -Xcc -iquote -Xcc /tmp/voxboard-watch-sim-derived/Build/Intermediates.noindex/Voxboard.build/Debug-watchsimulator/Voxboard\ Watch.build/Voxboard\ Watch-project-headers.hmap -Xcc -I/tmp/voxboard-watch-sim-derived/Build/Products/Debug-watchsimulator/include -Xcc -I/tmp/voxboard-watch-sim-derived/Build/Intermediates.noindex/Voxboard.build/Debug-watchsimulator/Voxboard\ Watch.build/DerivedSources-normal/arm64 -Xcc -I/tmp/voxboard-watch-sim-derived/Build/Intermediates.noindex/Voxboard.build/Debug-watchsimulator/Voxboard\ Watch.build/DerivedSources/arm64 -Xcc -I/tmp/voxboard-watch-sim-derived/Build/Intermediates.noindex/Voxboard.build/Debug-watchsimulator/Voxboard\ Watch.build/DerivedSources -Xcc -DDEBUG\=1 -emit-objc-header -emit-objc-header-path /tmp/voxboard-watch-sim-derived/Build/Intermediates.noindex/Voxboard.build/Debug-watchsimulator/Voxboard\ Watch.build/Objects-normal/arm64/Voxboard_Watch-Swift.h -working-directory /Users/codybontecou/projects/Voxboard -experimental-emit-module-separately -disable-cmo

SwiftMergeGeneratedHeaders /tmp/voxboard-watch-sim-derived/Build/Intermediates.noindex/Voxboard.build/Debug-watchsimulator/Voxboard\ Watch.build/DerivedSources/Voxboard_Watch-Swift.h /tmp/voxboard-watch-sim-derived/Build/Intermediates.noindex/Voxboard.build/Debug-watchsimulator/Voxboard\ Watch.build/Objects-normal/arm64/Voxboard_Watch-Swift.h /tmp/voxboard-watch-sim-derived/Build/Intermediates.noindex/Voxboard.build/Debug-watchsimulator/Voxboard\ Watch.build/Objects-normal/x86_64/Voxboard_Watch-Swift.h (in target 'Voxboard Watch' from project 'Voxboard')
    cd /Users/codybontecou/projects/Voxboard
    builtin-swiftHeaderTool -arch arm64 /tmp/voxboard-watch-sim-derived/Build/Intermediates.noindex/Voxboard.build/Debug-watchsimulator/Voxboard\ Watch.build/Objects-normal/arm64/Voxboard_Watch-Swift.h -arch x86_64 /tmp/voxboard-watch-sim-derived/Build/Intermediates.noindex/Voxboard.build/Debug-watchsimulator/Voxboard\ Watch.build/Objects-normal/x86_64/Voxboard_Watch-Swift.h -o /tmp/voxboard-watch-sim-derived/Build/Intermediates.noindex/Voxboard.build/Debug-watchsimulator/Voxboard\ Watch.build/DerivedSources/Voxboard_Watch-Swift.h

Copy /tmp/voxboard-watch-sim-derived/Build/Products/Debug-watchsimulator/Voxboard_Watch.swiftmodule/arm64-apple-watchos-simulator.swiftmodule /tmp/voxboard-watch-sim-derived/Build/Intermediates.noindex/Voxboard.build/Debug-watchsimulator/Voxboard\ Watch.build/Objects-normal/arm64/Voxboard_Watch.swiftmodule (in target 'Voxboard Watch' from project 'Voxboard')
    cd /Users/codybontecou/projects/Voxboard
    builtin-copy -exclude .DS_Store -exclude CVS -exclude .svn -exclude .git -exclude .hg -resolve-src-symlinks -rename /tmp/voxboard-watch-sim-derived/Build/Intermediates.noindex/Voxboard.build/Debug-watchsimulator/Voxboard\ Watch.build/Objects-normal/arm64/Voxboard_Watch.swiftmodule /tmp/voxboard-watch-sim-derived/Build/Products/Debug-watchsimulator/Voxboard_Watch.swiftmodule/arm64-apple-watchos-simulator.swiftmodule

Copy /tmp/voxboard-watch-sim-derived/Build/Products/Debug-watchsimulator/Voxboard_Watch.swiftmodule/arm64-apple-watchos-simulator.swiftdoc /tmp/voxboard-watch-sim-derived/Build/Intermediates.noindex/Voxboard.build/Debug-watchsimulator/Voxboard\ Watch.build/Objects-normal/arm64/Voxboard_Watch.swiftdoc (in target 'Voxboard Watch' from project 'Voxboard')
    cd /Users/codybontecou/projects/Voxboard
    builtin-copy -exclude .DS_Store -exclude CVS -exclude .svn -exclude .git -exclude .hg -resolve-src-symlinks -rename /tmp/voxboard-watch-sim-derived/Build/Intermediates.noindex/Voxboard.build/Debug-watchsimulator/Voxboard\ Watch.build/Objects-normal/arm64/Voxboard_Watch.swiftdoc /tmp/voxboard-watch-sim-derived/Build/Products/Debug-watchsimulator/Voxboard_Watch.swiftmodule/arm64-apple-watchos-simulator.swiftdoc

Copy /tmp/voxboard-watch-sim-derived/Build/Products/Debug-watchsimulator/Voxboard_Watch.swiftmodule/arm64-apple-watchos-simulator.abi.json /tmp/voxboard-watch-sim-derived/Build/Intermediates.noindex/Voxboard.build/Debug-watchsimulator/Voxboard\ Watch.build/Objects-normal/arm64/Voxboard_Watch.abi.json (in target 'Voxboard Watch' from project 'Voxboard')
    cd /Users/codybontecou/projects/Voxboard
    builtin-copy -exclude .DS_Store -exclude CVS -exclude .svn -exclude .git -exclude .hg -resolve-src-symlinks -rename /tmp/voxboard-watch-sim-derived/Build/Intermediates.noindex/Voxboard.build/Debug-watchsimulator/Voxboard\ Watch.build/Objects-normal/arm64/Voxboard_Watch.abi.json /tmp/voxboard-watch-sim-derived/Build/Products/Debug-watchsimulator/Voxboard_Watch.swiftmodule/arm64-apple-watchos-simulator.abi.json

Copy /tmp/voxboard-watch-sim-derived/Build/Products/Debug-watchsimulator/Voxboard_Watch.swiftmodule/Project/arm64-apple-watchos-simulator.swiftsourceinfo /tmp/voxboard-watch-sim-derived/Build/Intermediates.noindex/Voxboard.build/Debug-watchsimulator/Voxboard\ Watch.build/Objects-normal/arm64/Voxboard_Watch.swiftsourceinfo (in target 'Voxboard Watch' from project 'Voxboard')
    cd /Users/codybontecou/projects/Voxboard
    builtin-copy -exclude .DS_Store -exclude CVS -exclude .svn -exclude .git -exclude .hg -resolve-src-symlinks -rename /tmp/voxboard-watch-sim-derived/Build/Intermediates.noindex/Voxboard.build/Debug-watchsimulator/Voxboard\ Watch.build/Objects-normal/arm64/Voxboard_Watch.swiftsourceinfo /tmp/voxboard-watch-sim-derived/Build/Products/Debug-watchsimulator/Voxboard_Watch.swiftmodule/Project/arm64-apple-watchos-simulator.swiftsourceinfo

SwiftExplicitDependencyGeneratePcm arm64 /tmp/voxboard-watch-sim-derived/ModuleCache.noindex/_Builtin_tgmath-3NLTM5SVECG0MCKES1YA162K9.pcm

SwiftExplicitDependencyGeneratePcm arm64 /tmp/voxboard-watch-sim-derived/ModuleCache.noindex/_Builtin_stdint-EEPSIF4RO4V1P5K5WCX65V83Y.pcm

SwiftExplicitDependencyGeneratePcm arm64 /tmp/voxboard-watch-sim-derived/ModuleCache.noindex/sys_types-MW5G1GWR0DAJN9Y2S7RPOMOH.pcm

SwiftDriverJobDiscovery normal arm64 Compiling VoxboardWatchApp.swift (in target 'Voxboard Watch' from project 'Voxboard')

SwiftExplicitDependencyGeneratePcm arm64 /tmp/voxboard-watch-sim-derived/Build/Intermediates.noindex/SwiftExplicitPrecompiledModules/whisper-61YT3V4RH6LQKZYXA9KF8DW7W.pcm

SwiftExplicitDependencyGeneratePcm arm64 /tmp/voxboard-watch-sim-derived/ModuleCache.noindex/_Builtin_intrinsics-2DGQJGPOP3HRCCDJP9GZXGPVP.pcm

SwiftExplicitDependencyGeneratePcm arm64 /tmp/voxboard-watch-sim-derived/ModuleCache.noindex/_DarwinFoundation3-57HE93JFC6C9NONGHFLGZT6DW.pcm

SwiftExplicitDependencyGeneratePcm arm64 /tmp/voxboard-watch-sim-derived/ModuleCache.noindex/_Builtin_stdatomic-C9AG0CN82YQM0H6HU6BUQDF34.pcm

SwiftDriverJobDiscovery normal x86_64 Compiling WatchRecorderView.swift (in target 'Voxboard Watch' from project 'Voxboard')

SwiftExplicitDependencyGeneratePcm arm64 /tmp/voxboard-watch-sim-derived/ModuleCache.noindex/_Builtin_inttypes-8F7AK3FRR8JAVRT4Z0TLV98LE.pcm

SwiftExplicitDependencyGeneratePcm arm64 /tmp/voxboard-watch-sim-derived/ModuleCache.noindex/Darwin-56GL6HA8IR3RR2K29G8IIP8NW.pcm

SwiftExplicitDependencyGeneratePcm arm64 /tmp/voxboard-watch-sim-derived/ModuleCache.noindex/simd-770WZPHSLG9DCWSSMG5KQ09DQ.pcm

SwiftExplicitDependencyGeneratePcm arm64 /tmp/voxboard-watch-sim-derived/ModuleCache.noindex/ObjectiveC-8VJ6X4X0709Y65GW0JY6UU08.pcm

SwiftExplicitDependencyGeneratePcm arm64 /tmp/voxboard-watch-sim-derived/ModuleCache.noindex/MachO-CR4QMX9UZD9O7QEN3R0YK6ME5.pcm

SwiftExplicitDependencyGeneratePcm arm64 /tmp/voxboard-watch-sim-derived/Build/Intermediates.noindex/SwiftExplicitPrecompiledModules/MachTaskSelfWrapper-7DOHT2NE3JORPD0DM89T47D8H.pcm

SwiftDriverJobDiscovery normal arm64 Compiling WatchPhoneBridge.swift (in target 'Voxboard Watch' from project 'Voxboard')

SwiftExplicitDependencyGeneratePcm arm64 /tmp/voxboard-watch-sim-derived/ModuleCache.noindex/os_object-D7SQERSP8LHENB0R6E2FX37ZU.pcm

SwiftExplicitDependencyGeneratePcm arm64 /tmp/voxboard-watch-sim-derived/ModuleCache.noindex/Spatial-3JDLL0FD5AHX7MOIYL2TAHN9F.pcm

SwiftExplicitDependencyGeneratePcm arm64 /tmp/voxboard-watch-sim-derived/ModuleCache.noindex/os_workgroup-8Q2GK3HMRWJLPCU0GDQD47VWK.pcm

SwiftDriverJobDiscovery normal arm64 Compiling WatchRecorderView.swift (in target 'Voxboard Watch' from project 'Voxboard')

SwiftDriverJobDiscovery normal x86_64 Compiling WatchLocalRecorder.swift (in target 'Voxboard Watch' from project 'Voxboard')

SwiftDriver\ Compilation Voxboard\ Watch normal x86_64 com.apple.xcode.tools.swift.compiler (in target 'Voxboard Watch' from project 'Voxboard')
    cd /Users/codybontecou/projects/Voxboard
    builtin-Swift-Compilation -- /Applications/Xcode.app/Contents/Developer/Toolchains/XcodeDefault.xctoolchain/usr/bin/swiftc -module-name Voxboard_Watch -Onone @/tmp/voxboard-watch-sim-derived/Build/Intermediates.noindex/Voxboard.build/Debug-watchsimulator/Voxboard\ Watch.build/Objects-normal/x86_64/Voxboard\ Watch.SwiftFileList -DDEBUG -enable-bare-slash-regex -enable-experimental-feature DebugDescriptionMacro -sdk /Applications/Xcode.app/Contents/Developer/Platforms/WatchSimulator.platform/Developer/SDKs/WatchSimulator26.5.sdk -target x86_64-apple-watchos10.0-simulator -g -module-cache-path /tmp/voxboard-watch-sim-derived/ModuleCache.noindex -Xfrontend -serialize-debugging-options -enable-testing -index-store-path /tmp/voxboard-watch-sim-derived/Index.noindex/DataStore -Xcc -D_LIBCPP_HARDENING_MODE\=_LIBCPP_HARDENING_MODE_DEBUG -swift-version 5 -I /tmp/voxboard-watch-sim-derived/Build/Products/Debug-watchsimulator -F /tmp/voxboard-watch-sim-derived/Build/Products/Debug-watchsimulator -emit-localized-strings -emit-localized-strings-path /tmp/voxboard-watch-sim-derived/Build/Intermediates.noindex/Voxboard.build/Debug-watchsimulator/Voxboard\ Watch.build/Objects-normal/x86_64 -c -j10 -enable-batch-mode -incremental -Xcc -ivfsstatcache -Xcc /tmp/voxboard-watch-sim-derived/SDKStatCaches.noindex/watchsimulator26.5-23T570-1651579a441f1322ae888f0ed545cb80.sdkstatcache -output-file-map /tmp/voxboard-watch-sim-derived/Build/Intermediates.noindex/Voxboard.build/Debug-watchsimulator/Voxboard\ Watch.build/Objects-normal/x86_64/Voxboard\ Watch-OutputFileMap.json -use-frontend-parseable-output -save-temps -no-color-diagnostics -explicit-module-build -module-cache-path /tmp/voxboard-watch-sim-derived/Build/Intermediates.noindex/SwiftExplicitPrecompiledModules -clang-scanner-module-cache-path /tmp/voxboard-watch-sim-derived/ModuleCache.noindex -sdk-module-cache-path /tmp/voxboard-watch-sim-derived/ModuleCache.noindex -serialize-diagnostics -emit-dependencies -emit-module -emit-module-path /tmp/voxboard-watch-sim-derived/Build/Intermediates.noindex/Voxboard.build/Debug-watchsimulator/Voxboard\ Watch.build/Objects-normal/x86_64/Voxboard_Watch.swiftmodule -validate-clang-modules-once -clang-build-session-file /tmp/voxboard-watch-sim-derived/ModuleCache.noindex/Session.modulevalidation -Xcc -I/tmp/voxboard-watch-sim-derived/Build/Intermediates.noindex/Voxboard.build/Debug-watchsimulator/Voxboard\ Watch.build/swift-overrides.hmap -emit-const-values -Xfrontend -const-gather-protocols-file -Xfrontend /tmp/voxboard-watch-sim-derived/Build/Intermediates.noindex/Voxboard.build/Debug-watchsimulator/Voxboard\ Watch.build/Objects-normal/x86_64/Voxboard\ Watch_const_extract_protocols.json -Xcc -iquote -Xcc /tmp/voxboard-watch-sim-derived/Build/Intermediates.noindex/Voxboard.build/Debug-watchsimulator/Voxboard\ Watch.build/Voxboard\ Watch-generated-files.hmap -Xcc -I/tmp/voxboard-watch-sim-derived/Build/Intermediates.noindex/Voxboard.build/Debug-watchsimulator/Voxboard\ Watch.build/Voxboard\ Watch-own-target-headers.hmap -Xcc -I/tmp/voxboard-watch-sim-derived/Build/Intermediates.noindex/Voxboard.build/Debug-watchsimulator/Voxboard\ Watch.build/Voxboard\ Watch-all-non-framework-target-headers.hmap -Xcc -ivfsoverlay -Xcc /tmp/voxboard-watch-sim-derived/Build/Intermediates.noindex/Voxboard.build/Debug-watchsimulator/Voxboard-8d6c3ba71b53f8320d7c577fe4b80237-VFS-watchsimulator/all-product-headers.yaml -Xcc -iquote -Xcc /tmp/voxboard-watch-sim-derived/Build/Intermediates.noindex/Voxboard.build/Debug-watchsimulator/Voxboard\ Watch.build/Voxboard\ Watch-project-headers.hmap -Xcc -I/tmp/voxboard-watch-sim-derived/Build/Products/Debug-watchsimulator/include -Xcc -I/tmp/voxboard-watch-sim-derived/Build/Intermediates.noindex/Voxboard.build/Debug-watchsimulator/Voxboard\ Watch.build/DerivedSources-normal/x86_64 -Xcc -I/tmp/voxboard-watch-sim-derived/Build/Intermediates.noindex/Voxboard.build/Debug-watchsimulator/Voxboard\ Watch.build/DerivedSources/x86_64 -Xcc -I/tmp/voxboard-watch-sim-derived/Build/Intermediates.noindex/Voxboard.build/Debug-watchsimulator/Voxboard\ Watch.build/DerivedSources -Xcc -DDEBUG\=1 -emit-objc-header -emit-objc-header-path /tmp/voxboard-watch-sim-derived/Build/Intermediates.noindex/Voxboard.build/Debug-watchsimulator/Voxboard\ Watch.build/Objects-normal/x86_64/Voxboard_Watch-Swift.h -working-directory /Users/codybontecou/projects/Voxboard -experimental-emit-module-separately -disable-cmo

Ld /tmp/voxboard-watch-sim-derived/Build/Intermediates.noindex/Voxboard.build/Debug-watchsimulator/Voxboard\ Watch.build/Objects-normal/x86_64/Binary/Voxboard\ Watch.debug.dylib normal x86_64 (in target 'Voxboard Watch' from project 'Voxboard')
    cd /Users/codybontecou/projects/Voxboard
    /Applications/Xcode.app/Contents/Developer/Toolchains/XcodeDefault.xctoolchain/usr/bin/clang -Xlinker -reproducible -target x86_64-apple-watchos10.0-simulator -dynamiclib -isysroot /Applications/Xcode.app/Contents/Developer/Platforms/WatchSimulator.platform/Developer/SDKs/WatchSimulator26.5.sdk -O0 -L/tmp/voxboard-watch-sim-derived/Build/Intermediates.noindex/EagerLinkingTBDs/Debug-watchsimulator -L/tmp/voxboard-watch-sim-derived/Build/Products/Debug-watchsimulator -F/tmp/voxboard-watch-sim-derived/Build/Intermediates.noindex/EagerLinkingTBDs/Debug-watchsimulator -F/tmp/voxboard-watch-sim-derived/Build/Products/Debug-watchsimulator -filelist /tmp/voxboard-watch-sim-derived/Build/Intermediates.noindex/Voxboard.build/Debug-watchsimulator/Voxboard\ Watch.build/Objects-normal/x86_64/Voxboard\ Watch.LinkFileList -install_name @rpath/Voxboard\ Watch.debug.dylib -Xlinker -rpath -Xlinker /usr/lib/swift -Xlinker -rpath -Xlinker @executable_path/Frameworks -Xlinker -dead_strip -Xlinker -object_path_lto -Xlinker /tmp/voxboard-watch-sim-derived/Build/Intermediates.noindex/Voxboard.build/Debug-watchsimulator/Voxboard\ Watch.build/Objects-normal/x86_64/Voxboard\ Watch_lto.o -rdynamic -Xlinker -no_deduplicate -Xlinker -objc_abi_version -Xlinker 2 -Xlinker -dependency_info -Xlinker /tmp/voxboard-watch-sim-derived/Build/Intermediates.noindex/Voxboard.build/Debug-watchsimulator/Voxboard\ Watch.build/Objects-normal/x86_64/Voxboard\ Watch_dependency_info.dat -fobjc-link-runtime -L/Applications/Xcode.app/Contents/Developer/Toolchains/XcodeDefault.xctoolchain/usr/lib/swift/watchsimulator -L/usr/lib/swift -Xlinker -add_ast_path -Xlinker /tmp/voxboard-watch-sim-derived/Build/Intermediates.noindex/Voxboard.build/Debug-watchsimulator/Voxboard\ Watch.build/Objects-normal/x86_64/Voxboard_Watch.swiftmodule @/tmp/voxboard-watch-sim-derived/Build/Intermediates.noindex/Voxboard.build/Debug-watchsimulator/Voxboard\ Watch.build/Objects-normal/x86_64/Voxboard_Watch-linker-args.resp -Xlinker -alias -Xlinker _main -Xlinker ___debug_main_executable_dylib_entry_point -framework SwiftUI -framework WatchConnectivity -framework AppIntents -framework AVFoundation -Xlinker -no_adhoc_codesign -o /tmp/voxboard-watch-sim-derived/Build/Intermediates.noindex/Voxboard.build/Debug-watchsimulator/Voxboard\ Watch.build/Objects-normal/x86_64/Binary/Voxboard\ Watch.debug.dylib

SwiftExplicitDependencyGeneratePcm arm64 /tmp/voxboard-watch-sim-derived/ModuleCache.noindex/Dispatch-93URBBWU9VENHB5K6BUX7ZLCA.pcm

SwiftExplicitDependencyGeneratePcm arm64 /tmp/voxboard-watch-sim-derived/ModuleCache.noindex/CoreFoundation-81AK3CTYB7X6FNIH2X3U0Y7D5.pcm

SwiftExplicitDependencyGeneratePcm arm64 /tmp/voxboard-watch-sim-derived/ModuleCache.noindex/dnssd-YTEIUMPDQET1VWAH5ML94JWG.pcm

SwiftExplicitDependencyGeneratePcm arm64 /tmp/voxboard-watch-sim-derived/ModuleCache.noindex/XPC-638H6VTJ5JOA295ONRW9VL2AC.pcm

SwiftExplicitDependencyGeneratePcm arm64 /tmp/voxboard-watch-sim-derived/ModuleCache.noindex/os-BR8TOGLO5LY7LGPFHD9603C7A.pcm

SwiftExplicitDependencyGeneratePcm arm64 /tmp/voxboard-watch-sim-derived/ModuleCache.noindex/CoreGraphics-4H3MBA43VY05K6V70WITRK73C.pcm

SwiftExplicitDependencyGeneratePcm arm64 /tmp/voxboard-watch-sim-derived/ModuleCache.noindex/CFNetwork-CQ94SXZ2RQIDNYMZXX0ZO1B8M.pcm

SwiftExplicitDependencyGeneratePcm arm64 /tmp/voxboard-watch-sim-derived/ModuleCache.noindex/CoreAudioTypes-E1WZZRHZFC8FO7I0WNN24EY8E.pcm

SwiftExplicitDependencyGeneratePcm arm64 /tmp/voxboard-watch-sim-derived/ModuleCache.noindex/CoreServices-EV531LUMDEZLUWXME1R7174M8.pcm

SwiftExplicitDependencyGeneratePcm arm64 /tmp/voxboard-watch-sim-derived/ModuleCache.noindex/Security-BGA4RLUI0QJPYPVTBMIDD1PHU.pcm

SwiftExplicitDependencyGeneratePcm arm64 /tmp/voxboard-watch-sim-derived/ModuleCache.noindex/CoreAudio-7I6NUB0B24SVT4EEEQQJQ5I5F.pcm

ConstructStubExecutorLinkFileList /tmp/voxboard-watch-sim-derived/Build/Intermediates.noindex/Voxboard.build/Debug-watchsimulator/Voxboard\ Watch.build/Voxboard\ Watch-ExecutorLinkFileList-normal-x86_64.txt (in target 'Voxboard Watch' from project 'Voxboard')
    cd /Users/codybontecou/projects/Voxboard
    construct-stub-executor-link-file-list /tmp/voxboard-watch-sim-derived/Build/Intermediates.noindex/Voxboard.build/Debug-watchsimulator/Voxboard\ Watch.build/Objects-normal/x86_64/Binary/Voxboard\ Watch.debug.dylib /Applications/Xcode.app/Contents/Developer/Platforms/WatchSimulator.platform/Developer/usr/lib/libPreviewsJITStubExecutor_no_swift_entry_point.a /Applications/Xcode.app/Contents/Developer/Platforms/WatchSimulator.platform/Developer/usr/lib/libPreviewsJITStubExecutor.a --output /tmp/voxboard-watch-sim-derived/Build/Intermediates.noindex/Voxboard.build/Debug-watchsimulator/Voxboard\ Watch.build/Voxboard\ Watch-ExecutorLinkFileList-normal-x86_64.txt
note: Using stub executor library with Swift entry point. (in target 'Voxboard Watch' from project 'Voxboard')

Ld /tmp/voxboard-watch-sim-derived/Build/Intermediates.noindex/Voxboard.build/Debug-watchsimulator/Voxboard\ Watch.build/Objects-normal/x86_64/Binary/Voxboard\ Watch normal x86_64 (in target 'Voxboard Watch' from project 'Voxboard')
    cd /Users/codybontecou/projects/Voxboard
    /Applications/Xcode.app/Contents/Developer/Toolchains/XcodeDefault.xctoolchain/usr/bin/clang -Xlinker -reproducible -target x86_64-apple-watchos10.0-simulator -isysroot /Applications/Xcode.app/Contents/Developer/Platforms/WatchSimulator.platform/Developer/SDKs/WatchSimulator26.5.sdk -O0 -L/tmp/voxboard-watch-sim-derived/Build/Products/Debug-watchsimulator -F/tmp/voxboard-watch-sim-derived/Build/Products/Debug-watchsimulator -Xlinker -rpath -Xlinker @executable_path -Xlinker -rpath -Xlinker @executable_path/Frameworks -rdynamic -Xlinker -no_deduplicate -Xlinker -objc_abi_version -Xlinker 2 -e ___debug_blank_executor_main -Xlinker -sectcreate -Xlinker __TEXT -Xlinker __debug_dylib -Xlinker /tmp/voxboard-watch-sim-derived/Build/Intermediates.noindex/Voxboard.build/Debug-watchsimulator/Voxboard\ Watch.build/Voxboard\ Watch-DebugDylibPath-normal-x86_64.txt -Xlinker -sectcreate -Xlinker __TEXT -Xlinker __debug_instlnm -Xlinker /tmp/voxboard-watch-sim-derived/Build/Intermediates.noindex/Voxboard.build/Debug-watchsimulator/Voxboard\ Watch.build/Voxboard\ Watch-DebugDylibInstallName-normal-x86_64.txt -Xlinker -filelist -Xlinker /tmp/voxboard-watch-sim-derived/Build/Intermediates.noindex/Voxboard.build/Debug-watchsimulator/Voxboard\ Watch.build/Voxboard\ Watch-ExecutorLinkFileList-normal-x86_64.txt -Xlinker -sectcreate -Xlinker __TEXT -Xlinker __entitlements -Xlinker /tmp/voxboard-watch-sim-derived/Build/Intermediates.noindex/Voxboard.build/Debug-watchsimulator/Voxboard\ Watch.build/Voxboard\ Watch.app-Simulated.xcent -Xlinker -sectcreate -Xlinker __TEXT -Xlinker __ents_der -Xlinker /tmp/voxboard-watch-sim-derived/Build/Intermediates.noindex/Voxboard.build/Debug-watchsimulator/Voxboard\ Watch.build/Voxboard\ Watch.app-Simulated.xcent.der /tmp/voxboard-watch-sim-derived/Build/Intermediates.noindex/Voxboard.build/Debug-watchsimulator/Voxboard\ Watch.build/Objects-normal/x86_64/Binary/Voxboard\ Watch.debug.dylib -Xlinker -no_adhoc_codesign -o /tmp/voxboard-watch-sim-derived/Build/Intermediates.noindex/Voxboard.build/Debug-watchsimulator/Voxboard\ Watch.build/Objects-normal/x86_64/Binary/Voxboard\ Watch

SwiftExplicitDependencyGeneratePcm arm64 /tmp/voxboard-watch-sim-derived/ModuleCache.noindex/Foundation-BRG5WKTC664X2E83P9AU0NLKC.pcm

SwiftExplicitDependencyGeneratePcm arm64 /tmp/voxboard-watch-sim-derived/ModuleCache.noindex/ImageIO-6FGNZU0ZSX6K144PIBV1N346W.pcm

SwiftExplicitDependencyGeneratePcm arm64 /tmp/voxboard-watch-sim-derived/ModuleCache.noindex/CoreText-36IUME7785CXXDB1TCOE3UYLG.pcm

SwiftDriverJobDiscovery normal arm64 Compiling WatchLocalRecorder.swift (in target 'Voxboard Watch' from project 'Voxboard')

SwiftDriver\ Compilation Voxboard\ Watch normal arm64 com.apple.xcode.tools.swift.compiler (in target 'Voxboard Watch' from project 'Voxboard')
    cd /Users/codybontecou/projects/Voxboard
    builtin-Swift-Compilation -- /Applications/Xcode.app/Contents/Developer/Toolchains/XcodeDefault.xctoolchain/usr/bin/swiftc -module-name Voxboard_Watch -Onone @/tmp/voxboard-watch-sim-derived/Build/Intermediates.noindex/Voxboard.build/Debug-watchsimulator/Voxboard\ Watch.build/Objects-normal/arm64/Voxboard\ Watch.SwiftFileList -DDEBUG -enable-bare-slash-regex -enable-experimental-feature DebugDescriptionMacro -sdk /Applications/Xcode.app/Contents/Developer/Platforms/WatchSimulator.platform/Developer/SDKs/WatchSimulator26.5.sdk -target arm64-apple-watchos10.0-simulator -g -module-cache-path /tmp/voxboard-watch-sim-derived/ModuleCache.noindex -Xfrontend -serialize-debugging-options -enable-testing -index-store-path /tmp/voxboard-watch-sim-derived/Index.noindex/DataStore -Xcc -D_LIBCPP_HARDENING_MODE\=_LIBCPP_HARDENING_MODE_DEBUG -swift-version 5 -I /tmp/voxboard-watch-sim-derived/Build/Products/Debug-watchsimulator -F /tmp/voxboard-watch-sim-derived/Build/Products/Debug-watchsimulator -emit-localized-strings -emit-localized-strings-path /tmp/voxboard-watch-sim-derived/Build/Intermediates.noindex/Voxboard.build/Debug-watchsimulator/Voxboard\ Watch.build/Objects-normal/arm64 -c -j10 -enable-batch-mode -incremental -Xcc -ivfsstatcache -Xcc /tmp/voxboard-watch-sim-derived/SDKStatCaches.noindex/watchsimulator26.5-23T570-1651579a441f1322ae888f0ed545cb80.sdkstatcache -output-file-map /tmp/voxboard-watch-sim-derived/Build/Intermediates.noindex/Voxboard.build/Debug-watchsimulator/Voxboard\ Watch.build/Objects-normal/arm64/Voxboard\ Watch-OutputFileMap.json -use-frontend-parseable-output -save-temps -no-color-diagnostics -explicit-module-build -module-cache-path /tmp/voxboard-watch-sim-derived/Build/Intermediates.noindex/SwiftExplicitPrecompiledModules -clang-scanner-module-cache-path /tmp/voxboard-watch-sim-derived/ModuleCache.noindex -sdk-module-cache-path /tmp/voxboard-watch-sim-derived/ModuleCache.noindex -serialize-diagnostics -emit-dependencies -emit-module -emit-module-path /tmp/voxboard-watch-sim-derived/Build/Intermediates.noindex/Voxboard.build/Debug-watchsimulator/Voxboard\ Watch.build/Objects-normal/arm64/Voxboard_Watch.swiftmodule -validate-clang-modules-once -clang-build-session-file /tmp/voxboard-watch-sim-derived/ModuleCache.noindex/Session.modulevalidation -Xcc -I/tmp/voxboard-watch-sim-derived/Build/Intermediates.noindex/Voxboard.build/Debug-watchsimulator/Voxboard\ Watch.build/swift-overrides.hmap -emit-const-values -Xfrontend -const-gather-protocols-file -Xfrontend /tmp/voxboard-watch-sim-derived/Build/Intermediates.noindex/Voxboard.build/Debug-watchsimulator/Voxboard\ Watch.build/Objects-normal/arm64/Voxboard\ Watch_const_extract_protocols.json -Xcc -iquote -Xcc /tmp/voxboard-watch-sim-derived/Build/Intermediates.noindex/Voxboard.build/Debug-watchsimulator/Voxboard\ Watch.build/Voxboard\ Watch-generated-files.hmap -Xcc -I/tmp/voxboard-watch-sim-derived/Build/Intermediates.noindex/Voxboard.build/Debug-watchsimulator/Voxboard\ Watch.build/Voxboard\ Watch-own-target-headers.hmap -Xcc -I/tmp/voxboard-watch-sim-derived/Build/Intermediates.noindex/Voxboard.build/Debug-watchsimulator/Voxboard\ Watch.build/Voxboard\ Watch-all-non-framework-target-headers.hmap -Xcc -ivfsoverlay -Xcc /tmp/voxboard-watch-sim-derived/Build/Intermediates.noindex/Voxboard.build/Debug-watchsimulator/Voxboard-8d6c3ba71b53f8320d7c577fe4b80237-VFS-watchsimulator/all-product-headers.yaml -Xcc -iquote -Xcc /tmp/voxboard-watch-sim-derived/Build/Intermediates.noindex/Voxboard.build/Debug-watchsimulator/Voxboard\ Watch.build/Voxboard\ Watch-project-headers.hmap -Xcc -I/tmp/voxboard-watch-sim-derived/Build/Products/Debug-watchsimulator/include -Xcc -I/tmp/voxboard-watch-sim-derived/Build/Intermediates.noindex/Voxboard.build/Debug-watchsimulator/Voxboard\ Watch.build/DerivedSources-normal/arm64 -Xcc -I/tmp/voxboard-watch-sim-derived/Build/Intermediates.noindex/Voxboard.build/Debug-watchsimulator/Voxboard\ Watch.build/DerivedSources/arm64 -Xcc -I/tmp/voxboard-watch-sim-derived/Build/Intermediates.noindex/Voxboard.build/Debug-watchsimulator/Voxboard\ Watch.build/DerivedSources -Xcc -DDEBUG\=1 -emit-objc-header -emit-objc-header-path /tmp/voxboard-watch-sim-derived/Build/Intermediates.noindex/Voxboard.build/Debug-watchsimulator/Voxboard\ Watch.build/Objects-normal/arm64/Voxboard_Watch-Swift.h -working-directory /Users/codybontecou/projects/Voxboard -experimental-emit-module-separately -disable-cmo

Ld /tmp/voxboard-watch-sim-derived/Build/Intermediates.noindex/Voxboard.build/Debug-watchsimulator/Voxboard\ Watch.build/Objects-normal/arm64/Binary/Voxboard\ Watch.debug.dylib normal arm64 (in target 'Voxboard Watch' from project 'Voxboard')
    cd /Users/codybontecou/projects/Voxboard
    /Applications/Xcode.app/Contents/Developer/Toolchains/XcodeDefault.xctoolchain/usr/bin/clang -Xlinker -reproducible -target arm64-apple-watchos10.0-simulator -dynamiclib -isysroot /Applications/Xcode.app/Contents/Developer/Platforms/WatchSimulator.platform/Developer/SDKs/WatchSimulator26.5.sdk -O0 -L/tmp/voxboard-watch-sim-derived/Build/Intermediates.noindex/EagerLinkingTBDs/Debug-watchsimulator -L/tmp/voxboard-watch-sim-derived/Build/Products/Debug-watchsimulator -F/tmp/voxboard-watch-sim-derived/Build/Intermediates.noindex/EagerLinkingTBDs/Debug-watchsimulator -F/tmp/voxboard-watch-sim-derived/Build/Products/Debug-watchsimulator -filelist /tmp/voxboard-watch-sim-derived/Build/Intermediates.noindex/Voxboard.build/Debug-watchsimulator/Voxboard\ Watch.build/Objects-normal/arm64/Voxboard\ Watch.LinkFileList -install_name @rpath/Voxboard\ Watch.debug.dylib -Xlinker -rpath -Xlinker /usr/lib/swift -Xlinker -rpath -Xlinker @executable_path/Frameworks -Xlinker -dead_strip -Xlinker -object_path_lto -Xlinker /tmp/voxboard-watch-sim-derived/Build/Intermediates.noindex/Voxboard.build/Debug-watchsimulator/Voxboard\ Watch.build/Objects-normal/arm64/Voxboard\ Watch_lto.o -rdynamic -Xlinker -no_deduplicate -Xlinker -objc_abi_version -Xlinker 2 -Xlinker -dependency_info -Xlinker /tmp/voxboard-watch-sim-derived/Build/Intermediates.noindex/Voxboard.build/Debug-watchsimulator/Voxboard\ Watch.build/Objects-normal/arm64/Voxboard\ Watch_dependency_info.dat -fobjc-link-runtime -L/Applications/Xcode.app/Contents/Developer/Toolchains/XcodeDefault.xctoolchain/usr/lib/swift/watchsimulator -L/usr/lib/swift -Xlinker -add_ast_path -Xlinker /tmp/voxboard-watch-sim-derived/Build/Intermediates.noindex/Voxboard.build/Debug-watchsimulator/Voxboard\ Watch.build/Objects-normal/arm64/Voxboard_Watch.swiftmodule @/tmp/voxboard-watch-sim-derived/Build/Intermediates.noindex/Voxboard.build/Debug-watchsimulator/Voxboard\ Watch.build/Objects-normal/arm64/Voxboard_Watch-linker-args.resp -Xlinker -alias -Xlinker _main -Xlinker ___debug_main_executable_dylib_entry_point -framework SwiftUI -framework WatchConnectivity -framework AppIntents -framework AVFoundation -Xlinker -no_adhoc_codesign -o /tmp/voxboard-watch-sim-derived/Build/Intermediates.noindex/Voxboard.build/Debug-watchsimulator/Voxboard\ Watch.build/Objects-normal/arm64/Binary/Voxboard\ Watch.debug.dylib

SwiftExplicitDependencyGeneratePcm arm64 /tmp/voxboard-watch-sim-derived/ModuleCache.noindex/_LocationEssentials-4IDGZ1I8PPZ3MG89VB156M6SV.pcm

SwiftExplicitDependencyGeneratePcm arm64 /tmp/voxboard-watch-sim-derived/ModuleCache.noindex/WidgetKit-DN5LRFDEKIWK5PH5RVLKWAEYU.pcm

SwiftExplicitDependencyGeneratePcm arm64 /tmp/voxboard-watch-sim-derived/ModuleCache.noindex/CoreMIDI-4AXJHAWIHQSO16AZUEBDY6Q3N.pcm

SwiftExplicitDependencyGeneratePcm arm64 /tmp/voxboard-watch-sim-derived/ModuleCache.noindex/OpenGLES-D08VJ09O9T575CT8VC3TN3WHO.pcm

SwiftExplicitDependencyGeneratePcm arm64 /tmp/voxboard-watch-sim-derived/ModuleCache.noindex/CoreData-832UQLGYWFK8UOXCVN8BN1LM0.pcm

SwiftExplicitDependencyGeneratePcm arm64 /tmp/voxboard-watch-sim-derived/ModuleCache.noindex/DataDetection-E3TTRZ1MJTS405RODNSQ35WUL.pcm

SwiftExplicitDependencyGeneratePcm arm64 /tmp/voxboard-watch-sim-derived/ModuleCache.noindex/Accessibility-4DRK7RCPBDOGLVG338UHUHXH0.pcm

SwiftExplicitDependencyGeneratePcm arm64 /tmp/voxboard-watch-sim-derived/ModuleCache.noindex/RelevanceKit-4ZW29GQJ6W80OMV0QL5GCUE19.pcm

SwiftExplicitDependencyGeneratePcm arm64 /tmp/voxboard-watch-sim-derived/ModuleCache.noindex/AppIntents-8M9QSLOOCJCWR393TC7YY5NV3.pcm

SwiftExplicitDependencyGeneratePcm arm64 /tmp/voxboard-watch-sim-derived/ModuleCache.noindex/OSLog-9XD3O8OX49ISICF65IYJ3GBTQ.pcm

SwiftExplicitDependencyGeneratePcm arm64 /tmp/voxboard-watch-sim-derived/ModuleCache.noindex/Symbols-8AMO0WZCMPTRXMY57EEXC05Z4.pcm

SwiftExplicitDependencyGeneratePcm arm64 /tmp/voxboard-watch-sim-derived/Build/Intermediates.noindex/SwiftExplicitPrecompiledModules/LicenseKit-9DVN9OYMYFXXJNYHWR846PYG1.pcm

SwiftExplicitDependencyGeneratePcm arm64 /tmp/voxboard-watch-sim-derived/ModuleCache.noindex/LocalAuthentication-60AK0DBFQQ1OP6SMXG2U00L9F.pcm

SwiftExplicitDependencyGeneratePcm arm64 /tmp/voxboard-watch-sim-derived/ModuleCache.noindex/Network-DJ4BETQ1RW334D6QIAF71Y6BO.pcm

SwiftExplicitDependencyGeneratePcm arm64 /tmp/voxboard-watch-sim-derived/ModuleCache.noindex/AudioToolbox-7B0ID3XVNVEZNM7SEBODXMZE2.pcm

SwiftExplicitDependencyGeneratePcm arm64 /tmp/voxboard-watch-sim-derived/ModuleCache.noindex/CoreTransferable-2R44KS6S1OJD3NPNDQLT980LY.pcm

SwiftExplicitDependencyGeneratePcm arm64 /tmp/voxboard-watch-sim-derived/ModuleCache.noindex/Contacts-30RAZ3JWQA88H3W9ZYMJZ1P1S.pcm

SwiftExplicitDependencyGeneratePcm arm64 /tmp/voxboard-watch-sim-derived/ModuleCache.noindex/ModelIO-15W7RWMPSYWN6AXE9CWMA8SE4.pcm

SwiftExplicitDependencyGeneratePcm arm64 /tmp/voxboard-watch-sim-derived/ModuleCache.noindex/IOSurface-86SG615IS9WJVNP5XZPV26DSB.pcm

SwiftExplicitDependencyGeneratePcm arm64 /tmp/voxboard-watch-sim-derived/ModuleCache.noindex/CoreLocation-BRUXV6108HP9CIHJJVVQ2X5UA.pcm

SwiftExplicitDependencyGeneratePcm arm64 /tmp/voxboard-watch-sim-derived/ModuleCache.noindex/UIUtilities-4KY3BQVSQ95N2VQRMIO6GDUJP.pcm

SwiftExplicitDependencyGeneratePcm arm64 /tmp/voxboard-watch-sim-derived/ModuleCache.noindex/NaturalLanguage-4B8KRKH6WMGLJL8DU8P1KVULV.pcm

SwiftExplicitDependencyGeneratePcm arm64 /tmp/voxboard-watch-sim-derived/ModuleCache.noindex/FileProvider-2P05Z5X7GA82Y49R7J6Y1NOKJ.pcm

SwiftExplicitDependencyGeneratePcm arm64 /tmp/voxboard-watch-sim-derived/ModuleCache.noindex/AVRouting-1GLDHW8M53SD2M3A5U4DY53AD.pcm

SwiftExplicitDependencyGeneratePcm arm64 /tmp/voxboard-watch-sim-derived/ModuleCache.noindex/Metal-675711EKPML3D4LTM381R8YKU.pcm

SwiftExplicitDependencyGeneratePcm arm64 /tmp/voxboard-watch-sim-derived/ModuleCache.noindex/UserNotifications-DG6WWZN1WHM2PRL6CVR3IEPD3.pcm

CreateUniversalBinary /tmp/voxboard-watch-sim-derived/Build/Products/Debug-watchsimulator/Voxboard\ Watch.app/Voxboard\ Watch.debug.dylib normal arm64\ x86_64 (in target 'Voxboard Watch' from project 'Voxboard')
    cd /Users/codybontecou/projects/Voxboard
    /Applications/Xcode.app/Contents/Developer/Toolchains/XcodeDefault.xctoolchain/usr/bin/lipo -create /tmp/voxboard-watch-sim-derived/Build/Intermediates.noindex/Voxboard.build/Debug-watchsimulator/Voxboard\ Watch.build/Objects-normal/arm64/Binary/Voxboard\ Watch.debug.dylib /tmp/voxboard-watch-sim-derived/Build/Intermediates.noindex/Voxboard.build/Debug-watchsimulator/Voxboard\ Watch.build/Objects-normal/x86_64/Binary/Voxboard\ Watch.debug.dylib -output /tmp/voxboard-watch-sim-derived/Build/Products/Debug-watchsimulator/Voxboard\ Watch.app/Voxboard\ Watch.debug.dylib

ConstructStubExecutorLinkFileList /tmp/voxboard-watch-sim-derived/Build/Intermediates.noindex/Voxboard.build/Debug-watchsimulator/Voxboard\ Watch.build/Voxboard\ Watch-ExecutorLinkFileList-normal-arm64.txt (in target 'Voxboard Watch' from project 'Voxboard')
    cd /Users/codybontecou/projects/Voxboard
    construct-stub-executor-link-file-list /tmp/voxboard-watch-sim-derived/Build/Intermediates.noindex/Voxboard.build/Debug-watchsimulator/Voxboard\ Watch.build/Objects-normal/arm64/Binary/Voxboard\ Watch.debug.dylib /Applications/Xcode.app/Contents/Developer/Platforms/WatchSimulator.platform/Developer/usr/lib/libPreviewsJITStubExecutor_no_swift_entry_point.a /Applications/Xcode.app/Contents/Developer/Platforms/WatchSimulator.platform/Developer/usr/lib/libPreviewsJITStubExecutor.a --output /tmp/voxboard-watch-sim-derived/Build/Intermediates.noindex/Voxboard.build/Debug-watchsimulator/Voxboard\ Watch.build/Voxboard\ Watch-ExecutorLinkFileList-normal-arm64.txt
note: Using stub executor library with Swift entry point. (in target 'Voxboard Watch' from project 'Voxboard')

SwiftExplicitDependencyGeneratePcm arm64 /tmp/voxboard-watch-sim-derived/ModuleCache.noindex/UniformTypeIdentifiers-436LG14MSAOVQRHF1IBMY58VU.pcm

Ld /tmp/voxboard-watch-sim-derived/Build/Intermediates.noindex/Voxboard.build/Debug-watchsimulator/Voxboard\ Watch.build/Objects-normal/arm64/Binary/Voxboard\ Watch normal arm64 (in target 'Voxboard Watch' from project 'Voxboard')
    cd /Users/codybontecou/projects/Voxboard
    /Applications/Xcode.app/Contents/Developer/Toolchains/XcodeDefault.xctoolchain/usr/bin/clang -Xlinker -reproducible -target arm64-apple-watchos10.0-simulator -isysroot /Applications/Xcode.app/Contents/Developer/Platforms/WatchSimulator.platform/Developer/SDKs/WatchSimulator26.5.sdk -O0 -L/tmp/voxboard-watch-sim-derived/Build/Products/Debug-watchsimulator -F/tmp/voxboard-watch-sim-derived/Build/Products/Debug-watchsimulator -Xlinker -rpath -Xlinker @executable_path -Xlinker -rpath -Xlinker @executable_path/Frameworks -rdynamic -Xlinker -no_deduplicate -Xlinker -objc_abi_version -Xlinker 2 -e ___debug_blank_executor_main -Xlinker -sectcreate -Xlinker __TEXT -Xlinker __debug_dylib -Xlinker /tmp/voxboard-watch-sim-derived/Build/Intermediates.noindex/Voxboard.build/Debug-watchsimulator/Voxboard\ Watch.build/Voxboard\ Watch-DebugDylibPath-normal-arm64.txt -Xlinker -sectcreate -Xlinker __TEXT -Xlinker __debug_instlnm -Xlinker /tmp/voxboard-watch-sim-derived/Build/Intermediates.noindex/Voxboard.build/Debug-watchsimulator/Voxboard\ Watch.build/Voxboard\ Watch-DebugDylibInstallName-normal-arm64.txt -Xlinker -filelist -Xlinker /tmp/voxboard-watch-sim-derived/Build/Intermediates.noindex/Voxboard.build/Debug-watchsimulator/Voxboard\ Watch.build/Voxboard\ Watch-ExecutorLinkFileList-normal-arm64.txt -Xlinker -sectcreate -Xlinker __TEXT -Xlinker __entitlements -Xlinker /tmp/voxboard-watch-sim-derived/Build/Intermediates.noindex/Voxboard.build/Debug-watchsimulator/Voxboard\ Watch.build/Voxboard\ Watch.app-Simulated.xcent -Xlinker -sectcreate -Xlinker __TEXT -Xlinker __ents_der -Xlinker /tmp/voxboard-watch-sim-derived/Build/Intermediates.noindex/Voxboard.build/Debug-watchsimulator/Voxboard\ Watch.build/Voxboard\ Watch.app-Simulated.xcent.der /tmp/voxboard-watch-sim-derived/Build/Intermediates.noindex/Voxboard.build/Debug-watchsimulator/Voxboard\ Watch.build/Objects-normal/arm64/Binary/Voxboard\ Watch.debug.dylib -Xlinker -no_adhoc_codesign -o /tmp/voxboard-watch-sim-derived/Build/Intermediates.noindex/Voxboard.build/Debug-watchsimulator/Voxboard\ Watch.build/Objects-normal/arm64/Binary/Voxboard\ Watch

CreateUniversalBinary /tmp/voxboard-watch-sim-derived/Build/Products/Debug-watchsimulator/Voxboard\ Watch.app/Voxboard\ Watch normal arm64\ x86_64 (in target 'Voxboard Watch' from project 'Voxboard')
    cd /Users/codybontecou/projects/Voxboard
    /Applications/Xcode.app/Contents/Developer/Toolchains/XcodeDefault.xctoolchain/usr/bin/lipo -create /tmp/voxboard-watch-sim-derived/Build/Intermediates.noindex/Voxboard.build/Debug-watchsimulator/Voxboard\ Watch.build/Objects-normal/arm64/Binary/Voxboard\ Watch /tmp/voxboard-watch-sim-derived/Build/Intermediates.noindex/Voxboard.build/Debug-watchsimulator/Voxboard\ Watch.build/Objects-normal/x86_64/Binary/Voxboard\ Watch -output /tmp/voxboard-watch-sim-derived/Build/Products/Debug-watchsimulator/Voxboard\ Watch.app/Voxboard\ Watch

Copy /tmp/voxboard-watch-sim-derived/Build/Products/Debug-watchsimulator/Voxboard\ Watch.app/PlugIns/Voxboard\ Watch\ WidgetExtension.appex /tmp/voxboard-watch-sim-derived/Build/Products/Debug-watchsimulator/Voxboard\ Watch\ WidgetExtension.appex (in target 'Voxboard Watch' from project 'Voxboard')
    cd /Users/codybontecou/projects/Voxboard
    builtin-copy -exclude .DS_Store -exclude CVS -exclude .svn -exclude .git -exclude .hg -exclude Headers -exclude PrivateHeaders -exclude Modules -exclude \*.tbd -resolve-src-symlinks -remove-static-executable /tmp/voxboard-watch-sim-derived/Build/Products/Debug-watchsimulator/Voxboard\ Watch\ WidgetExtension.appex /tmp/voxboard-watch-sim-derived/Build/Products/Debug-watchsimulator/Voxboard\ Watch.app/PlugIns

SwiftExplicitDependencyGeneratePcm arm64 /tmp/voxboard-watch-sim-derived/ModuleCache.noindex/Intents-7AIE8FK4M3V1T6OLZ293PGS8K.pcm

SwiftExplicitDependencyGeneratePcm arm64 /tmp/voxboard-watch-sim-derived/ModuleCache.noindex/CoreSpotlight-25UAUXKUSI5AP49OM4DQWLMQJ.pcm

ProcessInfoPlistFile /tmp/voxboard-watch-sim-derived/Build/Products/Debug-watchsimulator/Voxboard\ Watch.app/Info.plist /Users/codybontecou/projects/Voxboard/Voxboard\ Watch/Info.plist (in target 'Voxboard Watch' from project 'Voxboard')
    cd /Users/codybontecou/projects/Voxboard
    builtin-infoPlistUtility /Users/codybontecou/projects/Voxboard/Voxboard\ Watch/Info.plist -producttype com.apple.product-type.application -genpkginfo /tmp/voxboard-watch-sim-derived/Build/Products/Debug-watchsimulator/Voxboard\ Watch.app/PkgInfo -expandbuildsettings -format binary -platform watchsimulator -additionalcontentfile /tmp/voxboard-watch-sim-derived/Build/Intermediates.noindex/Voxboard.build/Debug-watchsimulator/Voxboard\ Watch.build/assetcatalog_generated_info.plist -scanforprivacyfile /tmp/voxboard-watch-sim-derived/Build/Products/Debug-watchsimulator/Voxboard\ Watch.app/PlugIns/Voxboard\ Watch\ WidgetExtension.appex -o /tmp/voxboard-watch-sim-derived/Build/Products/Debug-watchsimulator/Voxboard\ Watch.app/Info.plist

ExtractAppIntentsMetadata (in target 'Voxboard Watch' from project 'Voxboard')
    cd /Users/codybontecou/projects/Voxboard
    /Applications/Xcode.app/Contents/Developer/Toolchains/XcodeDefault.xctoolchain/usr/bin/appintentsmetadataprocessor --toolchain-dir /Applications/Xcode.app/Contents/Developer/Toolchains/XcodeDefault.xctoolchain --module-name Voxboard_Watch --sdk-root /Applications/Xcode.app/Contents/Developer/Platforms/WatchSimulator.platform/Developer/SDKs/WatchSimulator26.5.sdk --xcode-version 17F42 --platform-family watchOS --deployment-target 10.0 --bundle-identifier bontecou.Voxboard.watchkitapp --output /tmp/voxboard-watch-sim-derived/Build/Products/Debug-watchsimulator/Voxboard\ Watch.app --target-triple arm64-apple-watchos10.0-simulator --target-triple x86_64-apple-watchos10.0-simulator --binary-file /tmp/voxboard-watch-sim-derived/Build/Products/Debug-watchsimulator/Voxboard\ Watch.app/Voxboard\ Watch --dependency-file /tmp/voxboard-watch-sim-derived/Build/Intermediates.noindex/Voxboard.build/Debug-watchsimulator/Voxboard\ Watch.build/Objects-normal/arm64/Voxboard\ Watch_dependency_info.dat --dependency-file /tmp/voxboard-watch-sim-derived/Build/Intermediates.noindex/Voxboard.build/Debug-watchsimulator/Voxboard\ Watch.build/Objects-normal/x86_64/Voxboard\ Watch_dependency_info.dat --stringsdata-file /tmp/voxboard-watch-sim-derived/Build/Intermediates.noindex/Voxboard.build/Debug-watchsimulator/Voxboard\ Watch.build/Objects-normal/arm64/ExtractedAppShortcutsMetadata.stringsdata --stringsdata-file /tmp/voxboard-watch-sim-derived/Build/Intermediates.noindex/Voxboard.build/Debug-watchsimulator/Voxboard\ Watch.build/Objects-normal/x86_64/ExtractedAppShortcutsMetadata.stringsdata --source-file-list /tmp/voxboard-watch-sim-derived/Build/Intermediates.noindex/Voxboard.build/Debug-watchsimulator/Voxboard\ Watch.build/Objects-normal/arm64/Voxboard\ Watch.SwiftFileList --source-file-list /tmp/voxboard-watch-sim-derived/Build/Intermediates.noindex/Voxboard.build/Debug-watchsimulator/Voxboard\ Watch.build/Objects-normal/x86_64/Voxboard\ Watch.SwiftFileList --metadata-file-list /tmp/voxboard-watch-sim-derived/Build/Intermediates.noindex/Voxboard.build/Debug-watchsimulator/Voxboard\ Watch.build/Voxboard\ Watch.DependencyMetadataFileList --static-metadata-file-list /tmp/voxboard-watch-sim-derived/Build/Intermediates.noindex/Voxboard.build/Debug-watchsimulator/Voxboard\ Watch.build/Voxboard\ Watch.DependencyStaticMetadataFileList --swift-const-vals-list /tmp/voxboard-watch-sim-derived/Build/Intermediates.noindex/Voxboard.build/Debug-watchsimulator/Voxboard\ Watch.build/Objects-normal/arm64/Voxboard\ Watch.SwiftConstValuesFileList --swift-const-vals-list /tmp/voxboard-watch-sim-derived/Build/Intermediates.noindex/Voxboard.build/Debug-watchsimulator/Voxboard\ Watch.build/Objects-normal/x86_64/Voxboard\ Watch.SwiftConstValuesFileList --compile-time-extraction --deployment-aware-processing --validate-assistant-intents --no-app-shortcuts-localization
2026-06-20 10:16:11.064 appintentsmetadataprocessor[20803:3459927] Starting appintentsmetadataprocessor export
2026-06-20 10:16:11.109 appintentsmetadataprocessor[20803:3459927] Extracted no relevant App Intents symbols, skipping writing output

CopySwiftLibs /tmp/voxboard-watch-sim-derived/Build/Products/Debug-watchsimulator/Voxboard\ Watch.app (in target 'Voxboard Watch' from project 'Voxboard')
    cd /Users/codybontecou/projects/Voxboard
    builtin-swiftStdLibTool --copy --verbose --sign - --scan-executable /tmp/voxboard-watch-sim-derived/Build/Products/Debug-watchsimulator/Voxboard\ Watch.app/Voxboard\ Watch.debug.dylib --scan-folder /tmp/voxboard-watch-sim-derived/Build/Products/Debug-watchsimulator/Voxboard\ Watch.app/Frameworks --scan-folder /tmp/voxboard-watch-sim-derived/Build/Products/Debug-watchsimulator/Voxboard\ Watch.app/PlugIns --scan-folder /tmp/voxboard-watch-sim-derived/Build/Products/Debug-watchsimulator/Voxboard\ Watch.app/SystemExtensions --scan-folder /tmp/voxboard-watch-sim-derived/Build/Products/Debug-watchsimulator/Voxboard\ Watch.app/Extensions --scan-folder /Applications/Xcode.app/Contents/Developer/Platforms/WatchSimulator.platform/Developer/SDKs/WatchSimulator26.5.sdk/System/Library/Frameworks/SwiftUI.framework --scan-folder /Applications/Xcode.app/Contents/Developer/Platforms/WatchSimulator.platform/Developer/SDKs/WatchSimulator26.5.sdk/System/Library/Frameworks/WatchConnectivity.framework --scan-folder /Applications/Xcode.app/Contents/Developer/Platforms/WatchSimulator.platform/Developer/SDKs/WatchSimulator26.5.sdk/System/Library/Frameworks/AppIntents.framework --scan-folder /Applications/Xcode.app/Contents/Developer/Platforms/WatchSimulator.platform/Developer/SDKs/WatchSimulator26.5.sdk/System/Library/Frameworks/AVFoundation.framework --platform watchsimulator --toolchain /Applications/Xcode.app/Contents/Developer/Toolchains/XcodeDefault.xctoolchain --destination /tmp/voxboard-watch-sim-derived/Build/Products/Debug-watchsimulator/Voxboard\ Watch.app/Frameworks --strip-bitcode --strip-bitcode-tool /Applications/Xcode.app/Contents/Developer/Toolchains/XcodeDefault.xctoolchain/usr/bin/bitcode_strip --emit-dependency-info /tmp/voxboard-watch-sim-derived/Build/Intermediates.noindex/Voxboard.build/Debug-watchsimulator/Voxboard\ Watch.build/SwiftStdLibToolInputDependencies.dep --filter-for-swift-os --back-deploy-swift-span

SwiftExplicitDependencyGeneratePcm arm64 /tmp/voxboard-watch-sim-derived/ModuleCache.noindex/CoreVideo-CTQ7PDJ68W91BED7BA4B96SSN.pcm

CodeSign /tmp/voxboard-watch-sim-derived/Build/Products/Debug-watchsimulator/Voxboard\ Watch.app/Voxboard\ Watch.debug.dylib (in target 'Voxboard Watch' from project 'Voxboard')
    cd /Users/codybontecou/projects/Voxboard

    Signing Identity:     "Sign to Run Locally"

    /usr/bin/codesign --force --sign - --timestamp\=none --generate-entitlement-der /tmp/voxboard-watch-sim-derived/Build/Products/Debug-watchsimulator/Voxboard\ Watch.app/Voxboard\ Watch.debug.dylib

SwiftExplicitDependencyGeneratePcm arm64 /tmp/voxboard-watch-sim-derived/ModuleCache.noindex/Accelerate-B34RSEG7X92HQM46DFFP6OHHK.pcm

SwiftExplicitDependencyGeneratePcm arm64 /tmp/voxboard-watch-sim-derived/ModuleCache.noindex/CoreML-480DKXTNIBW3U6X10IOQ7OT25.pcm

SwiftExplicitDependencyGeneratePcm arm64 /tmp/voxboard-watch-sim-derived/ModuleCache.noindex/CoreImage-DN2UEGN0N1FFFGYXCKFCWA5CD.pcm

SwiftExplicitDependencyGeneratePcm arm64 /tmp/voxboard-watch-sim-derived/ModuleCache.noindex/QuartzCore-5L6YY2MIVPBGIPG62B3FYGU5B.pcm

SwiftExplicitDependencyGeneratePcm arm64 /tmp/voxboard-watch-sim-derived/ModuleCache.noindex/CoreMedia-2V0UF737WXIL9NA0B1W4R8BNY.pcm

CodeSign /tmp/voxboard-watch-sim-derived/Build/Products/Debug-watchsimulator/Voxboard\ Watch.app/__preview.dylib (in target 'Voxboard Watch' from project 'Voxboard')
    cd /Users/codybontecou/projects/Voxboard

    Signing Identity:     "Sign to Run Locally"

    /usr/bin/codesign --force --sign - --timestamp\=none --generate-entitlement-der /tmp/voxboard-watch-sim-derived/Build/Products/Debug-watchsimulator/Voxboard\ Watch.app/__preview.dylib

SwiftDriverJobDiscovery normal arm64 Compiling Qwen3StreamingManager.swift, WhisperMelSpectrogram.swift, SpeakerManager.swift, SpeakerOperations.swift, SpeakerTypes.swift, DiarizerManager.swift, DiarizerModels.swift, DiarizerTypes.swift, DiarizerTimeline.swift, EmbeddingExtractor.swift, LSEENDDatatypes.swift, LSEENDDiarizer.swift, LSEENDModelInference.swift, LSEENDPreprocessor.swift, AHCClustering.swift (in target 'FluidAudio' from project 'FluidAudio')

CodeSign /tmp/voxboard-watch-sim-derived/Build/Products/Debug-watchsimulator/Voxboard\ Watch.app (in target 'Voxboard Watch' from project 'Voxboard')
    cd /Users/codybontecou/projects/Voxboard

    Signing Identity:     "Sign to Run Locally"

    /usr/bin/codesign --force --sign - --entitlements /tmp/voxboard-watch-sim-derived/Build/Intermediates.noindex/Voxboard.build/Debug-watchsimulator/Voxboard\ Watch.build/Voxboard\ Watch.app.xcent --timestamp\=none --generate-entitlement-der /tmp/voxboard-watch-sim-derived/Build/Products/Debug-watchsimulator/Voxboard\ Watch.app

SwiftDriver\ Compilation FluidAudio normal arm64 com.apple.xcode.tools.swift.compiler (in target 'FluidAudio' from project 'FluidAudio')
    cd /Users/codybontecou/projects/Voxboard/Voxboard.xcodeproj
    builtin-Swift-Compilation -- /Applications/Xcode.app/Contents/Developer/Toolchains/XcodeDefault.xctoolchain/usr/bin/swiftc -module-name FluidAudio -Onone @/tmp/voxboard-watch-sim-derived/Build/Intermediates.noindex/FluidAudio.build/Debug-iphonesimulator/FluidAudio.build/Objects-normal/arm64/FluidAudio.SwiftFileList -DSWIFT_PACKAGE -DDEBUG -DSWIFT_MODULE_RESOURCE_BUNDLE_UNAVAILABLE -DXcode -plugin-path /Applications/Xcode.app/Contents/Developer/Toolchains/XcodeDefault.xctoolchain/usr/lib/swift/host/plugins/testing -enable-experimental-feature DebugDescriptionMacro -sdk /Applications/Xcode.app/Contents/Developer/Platforms/iPhoneSimulator.platform/Developer/SDKs/iPhoneSimulator26.5.sdk -target arm64-apple-ios17.0-simulator -g -module-cache-path /tmp/voxboard-watch-sim-derived/ModuleCache.noindex -Xfrontend -serialize-debugging-options -enable-testing -suppress-warnings -index-store-path /tmp/voxboard-watch-sim-derived/Index.noindex/DataStore -Xcc -D_LIBCPP_HARDENING_MODE\=_LIBCPP_HARDENING_MODE_DEBUG -swift-version 6 -I /tmp/voxboard-watch-sim-derived/Build/Products/Debug-iphonesimulator -Isystem /Applications/Xcode.app/Contents/Developer/Platforms/iPhoneSimulator.platform/Developer/usr/lib -F /tmp/voxboard-watch-sim-derived/Build/Products/Debug-iphonesimulator/PackageFrameworks -F /tmp/voxboard-watch-sim-derived/Build/Products/Debug-iphonesimulator/PackageFrameworks -F /tmp/voxboard-watch-sim-derived/Build/Products/Debug-iphonesimulator -F /Applications/Xcode.app/Contents/Developer/Platforms/iPhoneSimulator.platform/Developer/Library/Frameworks -F /Applications/Xcode.app/Contents/Developer/Platforms/iPhoneSimulator.platform/Developer/SDKs/iPhoneSimulator26.5.sdk/Developer/Library/Frameworks -c -j10 -enable-batch-mode -incremental -Xcc -ivfsstatcache -Xcc /tmp/voxboard-watch-sim-derived/SDKStatCaches.noindex/iphonesimulator26.5-23F73-6cfe768891a92b912361537c460fe42b.sdkstatcache -output-file-map /tmp/voxboard-watch-sim-derived/Build/Intermediates.noindex/FluidAudio.build/Debug-iphonesimulator/FluidAudio.build/Objects-normal/arm64/FluidAudio-OutputFileMap.json -use-frontend-parseable-output -save-temps -no-color-diagnostics -explicit-module-build -module-cache-path /tmp/voxboard-watch-sim-derived/Build/Intermediates.noindex/SwiftExplicitPrecompiledModules -clang-scanner-module-cache-path /tmp/voxboard-watch-sim-derived/ModuleCache.noindex -sdk-module-cache-path /tmp/voxboard-watch-sim-derived/ModuleCache.noindex -serialize-diagnostics -emit-dependencies -emit-module -emit-module-path /tmp/voxboard-watch-sim-derived/Build/Intermediates.noindex/FluidAudio.build/Debug-iphonesimulator/FluidAudio.build/Objects-normal/arm64/FluidAudio.swiftmodule -user-module-version 0.13.4 -validate-clang-modules-once -clang-build-session-file /tmp/voxboard-watch-sim-derived/ModuleCache.noindex/Session.modulevalidation -package-name fluidaudio -Xcc -I/tmp/voxboard-watch-sim-derived/Build/Intermediates.noindex/FluidAudio.build/Debug-iphonesimulator/FluidAudio.build/swift-overrides.hmap -emit-const-values -Xfrontend -const-gather-protocols-file -Xfrontend /tmp/voxboard-watch-sim-derived/Build/Intermediates.noindex/FluidAudio.build/Debug-iphonesimulator/FluidAudio.build/Objects-normal/arm64/FluidAudio_const_extract_protocols.json -Xcc -I/tmp/voxboard-watch-sim-derived/SourcePackages/checkouts/FluidAudio/Sources/MachTaskSelfWrapper/include -Xcc -I/tmp/voxboard-watch-sim-derived/SourcePackages/checkouts/FluidAudio/Sources/FastClusterWrapper/include -Xcc -I/tmp/voxboard-watch-sim-derived/Build/Products/Debug-iphonesimulator/include -Xcc -I/tmp/voxboard-watch-sim-derived/Build/Intermediates.noindex/FluidAudio.build/Debug-iphonesimulator/FluidAudio.build/DerivedSources-normal/arm64 -Xcc -I/tmp/voxboard-watch-sim-derived/Build/Intermediates.noindex/FluidAudio.build/Debug-iphonesimulator/FluidAudio.build/DerivedSources/arm64 -Xcc -I/tmp/voxboard-watch-sim-derived/Build/Intermediates.noindex/FluidAudio.build/Debug-iphonesimulator/FluidAudio.build/DerivedSources -Xcc -DSWIFT_PACKAGE -Xcc -DDEBUG\=1 -emit-objc-header -emit-objc-header-path /tmp/voxboard-watch-sim-derived/Build/Intermediates.noindex/FluidAudio.build/Debug-iphonesimulator/FluidAudio.build/Objects-normal/arm64/FluidAudio-Swift.h -working-directory /Users/codybontecou/projects/Voxboard/Voxboard.xcodeproj -experimental-emit-module-separately -disable-cmo

Ld /tmp/voxboard-watch-sim-derived/Build/Products/Debug-iphonesimulator/FluidAudio.o normal (in target 'FluidAudio' from project 'FluidAudio')
    cd /tmp/voxboard-watch-sim-derived/SourcePackages/checkouts/FluidAudio
    /Applications/Xcode.app/Contents/Developer/Toolchains/XcodeDefault.xctoolchain/usr/bin/clang -Xlinker -reproducible -target arm64-apple-ios17.0-simulator -r -isysroot /Applications/Xcode.app/Contents/Developer/Platforms/iPhoneSimulator.platform/Developer/SDKs/iPhoneSimulator26.5.sdk -O0 -w -F/tmp/voxboard-watch-sim-derived/Build/Intermediates.noindex/EagerLinkingTBDs/Debug-iphonesimulator -F/tmp/voxboard-watch-sim-derived/Build/Products/Debug-iphonesimulator/PackageFrameworks -F/tmp/voxboard-watch-sim-derived/Build/Products/Debug-iphonesimulator/PackageFrameworks -F/tmp/voxboard-watch-sim-derived/Build/Products/Debug-iphonesimulator -iframework /Applications/Xcode.app/Contents/Developer/Platforms/iPhoneSimulator.platform/Developer/Library/Frameworks -iframework /Applications/Xcode.app/Contents/Developer/Platforms/iPhoneSimulator.platform/Developer/SDKs/iPhoneSimulator26.5.sdk/Developer/Library/Frameworks -filelist /tmp/voxboard-watch-sim-derived/Build/Intermediates.noindex/FluidAudio.build/Debug-iphonesimulator/FluidAudio.build/Objects-normal/arm64/FluidAudio.LinkFileList -nostdlib -Xlinker -object_path_lto -Xlinker /tmp/voxboard-watch-sim-derived/Build/Intermediates.noindex/FluidAudio.build/Debug-iphonesimulator/FluidAudio.build/Objects-normal/arm64/FluidAudio_lto.o -Xlinker -no_deduplicate -Xlinker -objc_abi_version -Xlinker 2 -Xlinker -dependency_info -Xlinker /tmp/voxboard-watch-sim-derived/Build/Intermediates.noindex/FluidAudio.build/Debug-iphonesimulator/FluidAudio.build/Objects-normal/arm64/FluidAudio_dependency_info.dat -fobjc-link-runtime -L/Applications/Xcode.app/Contents/Developer/Toolchains/XcodeDefault.xctoolchain/usr/lib/swift/iphonesimulator -L/usr/lib/swift -Xlinker -add_ast_path -Xlinker /tmp/voxboard-watch-sim-derived/Build/Intermediates.noindex/FluidAudio.build/Debug-iphonesimulator/FluidAudio.build/Objects-normal/arm64/FluidAudio.swiftmodule @/tmp/voxboard-watch-sim-derived/Build/Intermediates.noindex/FluidAudio.build/Debug-iphonesimulator/FluidAudio.build/Objects-normal/arm64/FluidAudio-linker-args.resp -o /tmp/voxboard-watch-sim-derived/Build/Products/Debug-iphonesimulator/FluidAudio.o

SwiftExplicitDependencyGeneratePcm arm64 /tmp/voxboard-watch-sim-derived/ModuleCache.noindex/UIKit-F2JYLMSGKQKRR4Q16CUK1AZL9.pcm

SwiftExplicitDependencyGeneratePcm arm64 /tmp/voxboard-watch-sim-derived/ModuleCache.noindex/SwiftUICore-70M8CLE4R3SPY1RUBWE9SIQKT.pcm

SwiftExplicitDependencyGeneratePcm arm64 /tmp/voxboard-watch-sim-derived/ModuleCache.noindex/AVFAudio-UAOMV0AQ5JT5U3CI8OF67LHC.pcm

SwiftExplicitDependencyGeneratePcm arm64 /tmp/voxboard-watch-sim-derived/ModuleCache.noindex/MediaToolbox-AYF65WA1QCE49YDMIK2WZYXPI.pcm

ValidateEmbeddedBinary /tmp/voxboard-watch-sim-derived/Build/Products/Debug-watchsimulator/Voxboard\ Watch.app/PlugIns/Voxboard\ Watch\ WidgetExtension.appex (in target 'Voxboard Watch' from project 'Voxboard')
    cd /Users/codybontecou/projects/Voxboard
    /Applications/Xcode.app/Contents/Developer/usr/bin/embeddedBinaryValidationUtility /tmp/voxboard-watch-sim-derived/Build/Products/Debug-watchsimulator/Voxboard\ Watch.app/PlugIns/Voxboard\ Watch\ WidgetExtension.appex -signing-cert - -info-plist-path /tmp/voxboard-watch-sim-derived/Build/Products/Debug-watchsimulator/Voxboard\ Watch.app/Info.plist

RegisterExecutionPolicyException /tmp/voxboard-watch-sim-derived/Build/Products/Debug-watchsimulator/Voxboard\ Watch.app (in target 'Voxboard Watch' from project 'Voxboard')
    cd /Users/codybontecou/projects/Voxboard
    builtin-RegisterExecutionPolicyException /tmp/voxboard-watch-sim-derived/Build/Products/Debug-watchsimulator/Voxboard\ Watch.app

Validate /tmp/voxboard-watch-sim-derived/Build/Products/Debug-watchsimulator/Voxboard\ Watch.app (in target 'Voxboard Watch' from project 'Voxboard')
    cd /Users/codybontecou/projects/Voxboard
    builtin-validationUtility /tmp/voxboard-watch-sim-derived/Build/Products/Debug-watchsimulator/Voxboard\ Watch.app -shallow-bundle -infoplist-subpath Info.plist

Touch /tmp/voxboard-watch-sim-derived/Build/Products/Debug-watchsimulator/Voxboard\ Watch.app (in target 'Voxboard Watch' from project 'Voxboard')
    cd /Users/codybontecou/projects/Voxboard
    /usr/bin/touch -c /tmp/voxboard-watch-sim-derived/Build/Products/Debug-watchsimulator/Voxboard\ Watch.app

ExtractAppIntentsMetadata (in target 'FluidAudio' from project 'FluidAudio')
    cd /tmp/voxboard-watch-sim-derived/SourcePackages/checkouts/FluidAudio
    /Applications/Xcode.app/Contents/Developer/Toolchains/XcodeDefault.xctoolchain/usr/bin/appintentsmetadataprocessor --toolchain-dir /Applications/Xcode.app/Contents/Developer/Toolchains/XcodeDefault.xctoolchain --module-name FluidAudio --sdk-root /Applications/Xcode.app/Contents/Developer/Platforms/iPhoneSimulator.platform/Developer/SDKs/iPhoneSimulator26.5.sdk --xcode-version 17F42 --platform-family iOS --deployment-target 17.0 --bundle-identifier fluidaudio.FluidAudio --output /tmp/voxboard-watch-sim-derived/Build/Products/Debug-iphonesimulator/FluidAudio.appintents --target-triple arm64-apple-ios17.0-simulator --binary-file /tmp/voxboard-watch-sim-derived/Build/Products/Debug-iphonesimulator/FluidAudio.o --dependency-file /tmp/voxboard-watch-sim-derived/Build/Intermediates.noindex/FluidAudio.build/Debug-iphonesimulator/FluidAudio.build/Objects-normal/arm64/FluidAudio_dependency_info.dat --stringsdata-file /tmp/voxboard-watch-sim-derived/Build/Intermediates.noindex/FluidAudio.build/Debug-iphonesimulator/FluidAudio.build/Objects-normal/arm64/ExtractedAppShortcutsMetadata.stringsdata --source-file-list /tmp/voxboard-watch-sim-derived/Build/Intermediates.noindex/FluidAudio.build/Debug-iphonesimulator/FluidAudio.build/Objects-normal/arm64/FluidAudio.SwiftFileList --metadata-file-list /tmp/voxboard-watch-sim-derived/Build/Intermediates.noindex/FluidAudio.build/Debug-iphonesimulator/FluidAudio.build/FluidAudio.DependencyMetadataFileList --static-metadata-file-list /tmp/voxboard-watch-sim-derived/Build/Intermediates.noindex/FluidAudio.build/Debug-iphonesimulator/FluidAudio.build/FluidAudio.DependencyStaticMetadataFileList --swift-const-vals-list /tmp/voxboard-watch-sim-derived/Build/Intermediates.noindex/FluidAudio.build/Debug-iphonesimulator/FluidAudio.build/Objects-normal/arm64/FluidAudio.SwiftConstValuesFileList --force --compile-time-extraction --deployment-aware-processing --validate-assistant-intents --no-app-shortcuts-localization
2026-06-20 10:16:11.724 appintentsmetadataprocessor[20836:3460013] Starting appintentsmetadataprocessor export
2026-06-20 10:16:11.784 appintentsmetadataprocessor[20836:3460013] Extracted no relevant App Intents symbols, skipping writing output

RegisterExecutionPolicyException /tmp/voxboard-watch-sim-derived/Build/Products/Debug-iphonesimulator/FluidAudio.o (in target 'FluidAudio' from project 'FluidAudio')
    cd /tmp/voxboard-watch-sim-derived/SourcePackages/checkouts/FluidAudio
    builtin-RegisterExecutionPolicyException /tmp/voxboard-watch-sim-derived/Build/Products/Debug-iphonesimulator/FluidAudio.o

SwiftExplicitDependencyGeneratePcm arm64 /tmp/voxboard-watch-sim-derived/ModuleCache.noindex/AVFoundation-3KB9R84P0K5GRTANFIEDCL539.pcm

Ld /tmp/voxboard-watch-sim-derived/Build/Products/Debug-iphonesimulator/VoxboardShared.o normal (in target 'VoxboardShared' from project 'VoxboardShared')
    cd /Users/codybontecou/projects/Voxboard/Packages/VoxboardShared
    /Applications/Xcode.app/Contents/Developer/Toolchains/XcodeDefault.xctoolchain/usr/bin/clang -Xlinker -reproducible -target arm64-apple-ios17.0-simulator -r -isysroot /Applications/Xcode.app/Contents/Developer/Platforms/iPhoneSimulator.platform/Developer/SDKs/iPhoneSimulator26.5.sdk -O0 -w -F/tmp/voxboard-watch-sim-derived/Build/Intermediates.noindex/EagerLinkingTBDs/Debug-iphonesimulator -F/tmp/voxboard-watch-sim-derived/Build/Products/Debug-iphonesimulator/PackageFrameworks -F/tmp/voxboard-watch-sim-derived/Build/Products/Debug-iphonesimulator/PackageFrameworks -F/tmp/voxboard-watch-sim-derived/Build/Products/Debug-iphonesimulator/PackageFrameworks -F/tmp/voxboard-watch-sim-derived/Build/Products/Debug-iphonesimulator/PackageFrameworks -F/tmp/voxboard-watch-sim-derived/Build/Products/Debug-iphonesimulator -iframework /Applications/Xcode.app/Contents/Developer/Platforms/iPhoneSimulator.platform/Developer/Library/Frameworks -iframework /Applications/Xcode.app/Contents/Developer/Platforms/iPhoneSimulator.platform/Developer/SDKs/iPhoneSimulator26.5.sdk/Developer/Library/Frameworks -filelist /tmp/voxboard-watch-sim-derived/Build/Intermediates.noindex/VoxboardShared.build/Debug-iphonesimulator/VoxboardShared.build/Objects-normal/arm64/VoxboardShared.LinkFileList -nostdlib -Xlinker -object_path_lto -Xlinker /tmp/voxboard-watch-sim-derived/Build/Intermediates.noindex/VoxboardShared.build/Debug-iphonesimulator/VoxboardShared.build/Objects-normal/arm64/VoxboardShared_lto.o -Xlinker -no_deduplicate -Xlinker -objc_abi_version -Xlinker 2 -Xlinker -dependency_info -Xlinker /tmp/voxboard-watch-sim-derived/Build/Intermediates.noindex/VoxboardShared.build/Debug-iphonesimulator/VoxboardShared.build/Objects-normal/arm64/VoxboardShared_dependency_info.dat -fobjc-link-runtime -L/Applications/Xcode.app/Contents/Developer/Toolchains/XcodeDefault.xctoolchain/usr/lib/swift/iphonesimulator -L/usr/lib/swift -Xlinker -add_ast_path -Xlinker /tmp/voxboard-watch-sim-derived/Build/Intermediates.noindex/VoxboardShared.build/Debug-iphonesimulator/VoxboardShared.build/Objects-normal/arm64/VoxboardShared.swiftmodule @/tmp/voxboard-watch-sim-derived/Build/Intermediates.noindex/VoxboardShared.build/Debug-iphonesimulator/VoxboardShared.build/Objects-normal/arm64/VoxboardShared-linker-args.resp -o /tmp/voxboard-watch-sim-derived/Build/Products/Debug-iphonesimulator/VoxboardShared.o

ExtractAppIntentsMetadata (in target 'VoxboardShared' from project 'VoxboardShared')
    cd /Users/codybontecou/projects/Voxboard/Packages/VoxboardShared
    /Applications/Xcode.app/Contents/Developer/Toolchains/XcodeDefault.xctoolchain/usr/bin/appintentsmetadataprocessor --toolchain-dir /Applications/Xcode.app/Contents/Developer/Toolchains/XcodeDefault.xctoolchain --module-name VoxboardShared --sdk-root /Applications/Xcode.app/Contents/Developer/Platforms/iPhoneSimulator.platform/Developer/SDKs/iPhoneSimulator26.5.sdk --xcode-version 17F42 --platform-family iOS --deployment-target 17.0 --bundle-identifier voxboardshared.VoxboardShared --output /tmp/voxboard-watch-sim-derived/Build/Products/Debug-iphonesimulator/VoxboardShared.appintents --target-triple arm64-apple-ios17.0-simulator --binary-file /tmp/voxboard-watch-sim-derived/Build/Products/Debug-iphonesimulator/VoxboardShared.o --dependency-file /tmp/voxboard-watch-sim-derived/Build/Intermediates.noindex/VoxboardShared.build/Debug-iphonesimulator/VoxboardShared.build/Objects-normal/arm64/VoxboardShared_dependency_info.dat --stringsdata-file /tmp/voxboard-watch-sim-derived/Build/Intermediates.noindex/VoxboardShared.build/Debug-iphonesimulator/VoxboardShared.build/Objects-normal/arm64/ExtractedAppShortcutsMetadata.stringsdata --source-file-list /tmp/voxboard-watch-sim-derived/Build/Intermediates.noindex/VoxboardShared.build/Debug-iphonesimulator/VoxboardShared.build/Objects-normal/arm64/VoxboardShared.SwiftFileList --metadata-file-list /tmp/voxboard-watch-sim-derived/Build/Intermediates.noindex/VoxboardShared.build/Debug-iphonesimulator/VoxboardShared.build/VoxboardShared.DependencyMetadataFileList --static-metadata-file-list /tmp/voxboard-watch-sim-derived/Build/Intermediates.noindex/VoxboardShared.build/Debug-iphonesimulator/VoxboardShared.build/VoxboardShared.DependencyStaticMetadataFileList --swift-const-vals-list /tmp/voxboard-watch-sim-derived/Build/Intermediates.noindex/VoxboardShared.build/Debug-iphonesimulator/VoxboardShared.build/Objects-normal/arm64/VoxboardShared.SwiftConstValuesFileList --force --compile-time-extraction --deployment-aware-processing --validate-assistant-intents --no-app-shortcuts-localization
2026-06-20 10:16:12.096 appintentsmetadataprocessor[20849:3460059] Starting appintentsmetadataprocessor export
2026-06-20 10:16:12.133 appintentsmetadataprocessor[20849:3460059] Extracted no relevant App Intents symbols, skipping writing output

RegisterExecutionPolicyException /tmp/voxboard-watch-sim-derived/Build/Products/Debug-iphonesimulator/VoxboardShared.o (in target 'VoxboardShared' from project 'VoxboardShared')
    cd /Users/codybontecou/projects/Voxboard/Packages/VoxboardShared
    builtin-RegisterExecutionPolicyException /tmp/voxboard-watch-sim-derived/Build/Products/Debug-iphonesimulator/VoxboardShared.o

Ld /tmp/voxboard-watch-sim-derived/Build/Products/Debug-iphonesimulator/Voxboard\ WidgetExtension.appex/__preview.dylib normal (in target 'Voxboard WidgetExtension' from project 'Voxboard')
    cd /Users/codybontecou/projects/Voxboard
    /Applications/Xcode.app/Contents/Developer/Toolchains/XcodeDefault.xctoolchain/usr/bin/clang -Xlinker -reproducible -target arm64-apple-ios26.2-simulator -dynamiclib -isysroot /Applications/Xcode.app/Contents/Developer/Platforms/iPhoneSimulator.platform/Developer/SDKs/iPhoneSimulator26.5.sdk -O0 -L/tmp/voxboard-watch-sim-derived/Build/Products/Debug-iphonesimulator -F/tmp/voxboard-watch-sim-derived/Build/Products/Debug-iphonesimulator/PackageFrameworks -F/tmp/voxboard-watch-sim-derived/Build/Products/Debug-iphonesimulator/PackageFrameworks -F/tmp/voxboard-watch-sim-derived/Build/Products/Debug-iphonesimulator/PackageFrameworks -F/tmp/voxboard-watch-sim-derived/Build/Products/Debug-iphonesimulator/PackageFrameworks -F/tmp/voxboard-watch-sim-derived/Build/Products/Debug-iphonesimulator/PackageFrameworks -F/tmp/voxboard-watch-sim-derived/Build/Products/Debug-iphonesimulator -install_name @rpath/Voxboard\ WidgetExtension.debug.dylib -Xlinker -dead_strip -rdynamic -Xlinker -no_deduplicate -Xlinker -objc_abi_version -Xlinker 2 -Xlinker -dependency_info -Xlinker /tmp/voxboard-watch-sim-derived/Build/Intermediates.noindex/Voxboard.build/Debug-iphonesimulator/Voxboard\ WidgetExtension.build/Objects-normal/arm64/Voxboard\ WidgetExtension_dependency_info.dat -Xlinker -sectcreate -Xlinker __TEXT -Xlinker __entitlements -Xlinker /tmp/voxboard-watch-sim-derived/Build/Intermediates.noindex/Voxboard.build/Debug-iphonesimulator/Voxboard\ WidgetExtension.build/Voxboard\ WidgetExtension.appex-Simulated.xcent -Xlinker -sectcreate -Xlinker __TEXT -Xlinker __ents_der -Xlinker /tmp/voxboard-watch-sim-derived/Build/Intermediates.noindex/Voxboard.build/Debug-iphonesimulator/Voxboard\ WidgetExtension.build/Voxboard\ WidgetExtension.appex-Simulated.xcent.der -Xlinker -no_adhoc_codesign -o /tmp/voxboard-watch-sim-derived/Build/Products/Debug-iphonesimulator/Voxboard\ WidgetExtension.appex/__preview.dylib

ProcessInfoPlistFile /tmp/voxboard-watch-sim-derived/Build/Products/Debug-iphonesimulator/Voxboard\ WidgetExtension.appex/Info.plist /Users/codybontecou/projects/Voxboard/Voxboard\ Widget/Info.plist (in target 'Voxboard WidgetExtension' from project 'Voxboard')
    cd /Users/codybontecou/projects/Voxboard
    builtin-infoPlistUtility /Users/codybontecou/projects/Voxboard/Voxboard\ Widget/Info.plist -producttype com.apple.product-type.app-extension -expandbuildsettings -format binary -platform iphonesimulator -additionalcontentfile /tmp/voxboard-watch-sim-derived/Build/Intermediates.noindex/Voxboard.build/Debug-iphonesimulator/Voxboard\ WidgetExtension.build/assetcatalog_generated_info.plist -o /tmp/voxboard-watch-sim-derived/Build/Products/Debug-iphonesimulator/Voxboard\ WidgetExtension.appex/Info.plist

ProcessInfoPlistFile /tmp/voxboard-watch-sim-derived/Build/Products/Debug-iphonesimulator/Voxboard\ Keyboard.appex/Info.plist /Users/codybontecou/projects/Voxboard/Voxboard\ Keyboard/Info.plist (in target 'Voxboard Keyboard' from project 'Voxboard')
    cd /Users/codybontecou/projects/Voxboard
    builtin-infoPlistUtility /Users/codybontecou/projects/Voxboard/Voxboard\ Keyboard/Info.plist -producttype com.apple.product-type.app-extension -expandbuildsettings -format binary -platform iphonesimulator -o /tmp/voxboard-watch-sim-derived/Build/Products/Debug-iphonesimulator/Voxboard\ Keyboard.appex/Info.plist

Ld /tmp/voxboard-watch-sim-derived/Build/Products/Debug-iphonesimulator/Voxboard\ Keyboard.appex/__preview.dylib normal (in target 'Voxboard Keyboard' from project 'Voxboard')
    cd /Users/codybontecou/projects/Voxboard
    /Applications/Xcode.app/Contents/Developer/Toolchains/XcodeDefault.xctoolchain/usr/bin/clang -Xlinker -reproducible -target arm64-apple-ios17.6-simulator -dynamiclib -isysroot /Applications/Xcode.app/Contents/Developer/Platforms/iPhoneSimulator.platform/Developer/SDKs/iPhoneSimulator26.5.sdk -O0 -L/tmp/voxboard-watch-sim-derived/Build/Products/Debug-iphonesimulator -F/tmp/voxboard-watch-sim-derived/Build/Products/Debug-iphonesimulator/PackageFrameworks -F/tmp/voxboard-watch-sim-derived/Build/Products/Debug-iphonesimulator/PackageFrameworks -F/tmp/voxboard-watch-sim-derived/Build/Products/Debug-iphonesimulator/PackageFrameworks -F/tmp/voxboard-watch-sim-derived/Build/Products/Debug-iphonesimulator/PackageFrameworks -F/tmp/voxboard-watch-sim-derived/Build/Products/Debug-iphonesimulator/PackageFrameworks -F/tmp/voxboard-watch-sim-derived/Build/Products/Debug-iphonesimulator -install_name @rpath/Voxboard\ Keyboard.debug.dylib -Xlinker -dead_strip -rdynamic -Xlinker -no_deduplicate -Xlinker -objc_abi_version -Xlinker 2 -Xlinker -dependency_info -Xlinker /tmp/voxboard-watch-sim-derived/Build/Intermediates.noindex/Voxboard.build/Debug-iphonesimulator/Voxboard\ Keyboard.build/Objects-normal/arm64/Voxboard\ Keyboard_dependency_info.dat -Xlinker -sectcreate -Xlinker __TEXT -Xlinker __entitlements -Xlinker /tmp/voxboard-watch-sim-derived/Build/Intermediates.noindex/Voxboard.build/Debug-iphonesimulator/Voxboard\ Keyboard.build/Voxboard\ Keyboard.appex-Simulated.xcent -Xlinker -sectcreate -Xlinker __TEXT -Xlinker __ents_der -Xlinker /tmp/voxboard-watch-sim-derived/Build/Intermediates.noindex/Voxboard.build/Debug-iphonesimulator/Voxboard\ Keyboard.build/Voxboard\ Keyboard.appex-Simulated.xcent.der -Xlinker -no_adhoc_codesign -o /tmp/voxboard-watch-sim-derived/Build/Products/Debug-iphonesimulator/Voxboard\ Keyboard.appex/__preview.dylib

SwiftExplicitDependencyGeneratePcm arm64 /tmp/voxboard-watch-sim-derived/ModuleCache.noindex/Speech-5A75SHM98OPHFKFYSXUMOYQ98.pcm

SwiftExplicitDependencyGeneratePcm arm64 /tmp/voxboard-watch-sim-derived/ModuleCache.noindex/SwiftUI-DH2QZWXWTMUWB1FKE9QW18NK3.pcm

SwiftExplicitDependencyGeneratePcm arm64 /tmp/voxboard-watch-sim-derived/ModuleCache.noindex/GLKit-A05U09ZBG2QT0BICKPP0SV64R.pcm

SwiftExplicitDependencyGeneratePcm arm64 /tmp/voxboard-watch-sim-derived/ModuleCache.noindex/GameController-BB9L0NC0F52JI69G5V90CLG7B.pcm

SwiftExplicitDependencyGeneratePcm arm64 /tmp/voxboard-watch-sim-derived/Build/Intermediates.noindex/SwiftExplicitPrecompiledModules/KeyboardKit-AUWCHQBXWI1U4MZ80DNB3ND7H.pcm

SwiftExplicitDependencyGeneratePcm arm64 /tmp/voxboard-watch-sim-derived/ModuleCache.noindex/ReplayKit-4ZMN1RHU8I05YQN91QC50UUIP.pcm

SwiftExplicitDependencyCompileModuleFromInterface arm64 /tmp/voxboard-watch-sim-derived/Build/Intermediates.noindex/SwiftExplicitPrecompiledModules/LicenseKit-1CMG33AMOLQLB.swiftmodule

SwiftCompile normal arm64 Compiling\ VoxboardWidgetBundle.swift /Users/codybontecou/projects/Voxboard/Voxboard\ Widget/VoxboardWidgetBundle.swift (in target 'Voxboard WidgetExtension' from project 'Voxboard')
SwiftCompile normal arm64 /Users/codybontecou/projects/Voxboard/Voxboard\ Widget/VoxboardWidgetBundle.swift (in target 'Voxboard WidgetExtension' from project 'Voxboard')
    cd /Users/codybontecou/projects/Voxboard


SwiftCompile normal arm64 Compiling\ WidgetViews.swift /Users/codybontecou/projects/Voxboard/Voxboard\ Widget/WidgetViews.swift (in target 'Voxboard WidgetExtension' from project 'Voxboard')
SwiftCompile normal arm64 /Users/codybontecou/projects/Voxboard/Voxboard\ Widget/WidgetViews.swift (in target 'Voxboard WidgetExtension' from project 'Voxboard')
    cd /Users/codybontecou/projects/Voxboard


SwiftCompile normal arm64 Compiling\ VoxboardRecordControl.swift /Users/codybontecou/projects/Voxboard/Voxboard\ Widget/VoxboardRecordControl.swift (in target 'Voxboard WidgetExtension' from project 'Voxboard')

SwiftCompile normal arm64 /Users/codybontecou/projects/Voxboard/Voxboard\ Widget/VoxboardRecordControl.swift (in target 'Voxboard WidgetExtension' from project 'Voxboard')
    cd /Users/codybontecou/projects/Voxboard


SwiftEmitModule normal arm64 Emitting\ module\ for\ Voxboard_WidgetExtension (in target 'Voxboard WidgetExtension' from project 'Voxboard')

EmitSwiftModule normal arm64 (in target 'Voxboard WidgetExtension' from project 'Voxboard')
    cd /Users/codybontecou/projects/Voxboard


SwiftCompile normal arm64 Compiling\ VoxboardRecordWidget.swift /Users/codybontecou/projects/Voxboard/Voxboard\ Widget/VoxboardRecordWidget.swift (in target 'Voxboard WidgetExtension' from project 'Voxboard')

SwiftCompile normal arm64 /Users/codybontecou/projects/Voxboard/Voxboard\ Widget/VoxboardRecordWidget.swift (in target 'Voxboard WidgetExtension' from project 'Voxboard')
    cd /Users/codybontecou/projects/Voxboard


SwiftCompile normal arm64 Compiling\ GeneratedAssetSymbols.swift /tmp/voxboard-watch-sim-derived/Build/Intermediates.noindex/Voxboard.build/Debug-iphonesimulator/Voxboard\ WidgetExtension.build/DerivedSources/GeneratedAssetSymbols.swift (in target 'Voxboard WidgetExtension' from project 'Voxboard')

SwiftCompile normal arm64 /tmp/voxboard-watch-sim-derived/Build/Intermediates.noindex/Voxboard.build/Debug-iphonesimulator/Voxboard\ WidgetExtension.build/DerivedSources/GeneratedAssetSymbols.swift (in target 'Voxboard WidgetExtension' from project 'Voxboard')
    cd /Users/codybontecou/projects/Voxboard


SwiftCompile normal arm64 Compiling\ LiveActivityRecordingIntents.swift /Users/codybontecou/projects/Voxboard/Voxboard/LiveActivityRecordingIntents.swift (in target 'Voxboard WidgetExtension' from project 'Voxboard')

SwiftCompile normal arm64 /Users/codybontecou/projects/Voxboard/Voxboard/LiveActivityRecordingIntents.swift (in target 'Voxboard WidgetExtension' from project 'Voxboard')
    cd /Users/codybontecou/projects/Voxboard


SwiftCompile normal arm64 Compiling\ VoxboardLiveActivity.swift /Users/codybontecou/projects/Voxboard/Voxboard\ Widget/VoxboardLiveActivity.swift (in target 'Voxboard WidgetExtension' from project 'Voxboard')
SwiftCompile normal arm64 /Users/codybontecou/projects/Voxboard/Voxboard\ Widget/VoxboardLiveActivity.swift (in target 'Voxboard WidgetExtension' from project 'Voxboard')
    cd /Users/codybontecou/projects/Voxboard


SwiftExplicitDependencyGeneratePcm arm64 /tmp/voxboard-watch-sim-derived/ModuleCache.noindex/SpriteKit-57ER1YKCCZHU5NV8S3FGSS6QM.pcm

SwiftExplicitDependencyGeneratePcm arm64 /tmp/voxboard-watch-sim-derived/ModuleCache.noindex/SceneKit-QPOQTWK1GFN89MFJLEOYDVBC.pcm

SwiftCompile normal arm64 Compiling\ OpenVoxboardRecordIntent.swift /Users/codybontecou/projects/Voxboard/Voxboard/OpenVoxboardRecordIntent.swift (in target 'Voxboard WidgetExtension' from project 'Voxboard')

SwiftCompile normal arm64 /Users/codybontecou/projects/Voxboard/Voxboard/OpenVoxboardRecordIntent.swift (in target 'Voxboard WidgetExtension' from project 'Voxboard')
    cd /Users/codybontecou/projects/Voxboard


SwiftDriverJobDiscovery normal arm64 Emitting module for Voxboard_WidgetExtension (in target 'Voxboard WidgetExtension' from project 'Voxboard')

SwiftDriver\ Compilation\ Requirements Voxboard\ WidgetExtension normal arm64 com.apple.xcode.tools.swift.compiler (in target 'Voxboard WidgetExtension' from project 'Voxboard')
    cd /Users/codybontecou/projects/Voxboard
    builtin-Swift-Compilation-Requirements -- /Applications/Xcode.app/Contents/Developer/Toolchains/XcodeDefault.xctoolchain/usr/bin/swiftc -module-name Voxboard_WidgetExtension -Onone @/tmp/voxboard-watch-sim-derived/Build/Intermediates.noindex/Voxboard.build/Debug-iphonesimulator/Voxboard\ WidgetExtension.build/Objects-normal/arm64/Voxboard\ WidgetExtension.SwiftFileList -DDEBUG -enable-bare-slash-regex -enable-upcoming-feature DisableOutwardActorInference -enable-upcoming-feature InferSendableFromCaptures -enable-upcoming-feature GlobalActorIsolatedTypesUsability -enable-upcoming-feature MemberImportVisibility -enable-upcoming-feature InferIsolatedConformances -enable-upcoming-feature NonisolatedNonsendingByDefault -enable-experimental-feature DebugDescriptionMacro -sdk /Applications/Xcode.app/Contents/Developer/Platforms/iPhoneSimulator.platform/Developer/SDKs/iPhoneSimulator26.5.sdk -target arm64-apple-ios26.2-simulator -g -module-cache-path /tmp/voxboard-watch-sim-derived/ModuleCache.noindex -Xfrontend -serialize-debugging-options -application-extension -enable-testing -index-store-path /tmp/voxboard-watch-sim-derived/Index.noindex/DataStore -Xcc -D_LIBCPP_HARDENING_MODE\=_LIBCPP_HARDENING_MODE_DEBUG -swift-version 5 -I /tmp/voxboard-watch-sim-derived/Build/Products/Debug-iphonesimulator -F /tmp/voxboard-watch-sim-derived/Build/Products/Debug-iphonesimulator/PackageFrameworks -F /tmp/voxboard-watch-sim-derived/Build/Products/Debug-iphonesimulator/PackageFrameworks -F /tmp/voxboard-watch-sim-derived/Build/Products/Debug-iphonesimulator/PackageFrameworks -F /tmp/voxboard-watch-sim-derived/Build/Products/Debug-iphonesimulator/PackageFrameworks -F /tmp/voxboard-watch-sim-derived/Build/Products/Debug-iphonesimulator/PackageFrameworks -F /tmp/voxboard-watch-sim-derived/Build/Products/Debug-iphonesimulator -emit-localized-strings -emit-localized-strings-path /tmp/voxboard-watch-sim-derived/Build/Intermediates.noindex/Voxboard.build/Debug-iphonesimulator/Voxboard\ WidgetExtension.build/Objects-normal/arm64 -c -j10 -enable-batch-mode -incremental -Xcc -ivfsstatcache -Xcc /tmp/voxboard-watch-sim-derived/SDKStatCaches.noindex/iphonesimulator26.5-23F73-6cfe768891a92b912361537c460fe42b.sdkstatcache -output-file-map /tmp/voxboard-watch-sim-derived/Build/Intermediates.noindex/Voxboard.build/Debug-iphonesimulator/Voxboard\ WidgetExtension.build/Objects-normal/arm64/Voxboard\ WidgetExtension-OutputFileMap.json -use-frontend-parseable-output -save-temps -no-color-diagnostics -explicit-module-build -module-cache-path /tmp/voxboard-watch-sim-derived/Build/Intermediates.noindex/SwiftExplicitPrecompiledModules -clang-scanner-module-cache-path /tmp/voxboard-watch-sim-derived/ModuleCache.noindex -sdk-module-cache-path /tmp/voxboard-watch-sim-derived/ModuleCache.noindex -serialize-diagnostics -emit-dependencies -emit-module -emit-module-path /tmp/voxboard-watch-sim-derived/Build/Intermediates.noindex/Voxboard.build/Debug-iphonesimulator/Voxboard\ WidgetExtension.build/Objects-normal/arm64/Voxboard_WidgetExtension.swiftmodule -validate-clang-modules-once -clang-build-session-file /tmp/voxboard-watch-sim-derived/ModuleCache.noindex/Session.modulevalidation -Xcc -I/tmp/voxboard-watch-sim-derived/Build/Intermediates.noindex/Voxboard.build/Debug-iphonesimulator/Voxboard\ WidgetExtension.build/swift-overrides.hmap -emit-const-values -Xfrontend -const-gather-protocols-file -Xfrontend /tmp/voxboard-watch-sim-derived/Build/Intermediates.noindex/Voxboard.build/Debug-iphonesimulator/Voxboard\ WidgetExtension.build/Objects-normal/arm64/Voxboard\ WidgetExtension_const_extract_protocols.json -Xcc -iquote -Xcc /tmp/voxboard-watch-sim-derived/Build/Intermediates.noindex/Voxboard.build/Debug-iphonesimulator/Voxboard\ WidgetExtension.build/Voxboard\ WidgetExtension-generated-files.hmap -Xcc -I/tmp/voxboard-watch-sim-derived/Build/Intermediates.noindex/Voxboard.build/Debug-iphonesimulator/Voxboard\ WidgetExtension.build/Voxboard\ WidgetExtension-own-target-headers.hmap -Xcc -I/tmp/voxboard-watch-sim-derived/Build/Intermediates.noindex/Voxboard.build/Debug-iphonesimulator/Voxboard\ WidgetExtension.build/Voxboard\ WidgetExtension-all-non-framework-target-headers.hmap -Xcc -ivfsoverlay -Xcc /tmp/voxboard-watch-sim-derived/Build/Intermediates.noindex/Voxboard.build/Debug-iphonesimulator/Voxboard-8d6c3ba71b53f8320d7c577fe4b80237-VFS-iphonesimulator/all-product-headers.yaml -Xcc -iquote -Xcc /tmp/voxboard-watch-sim-derived/Build/Intermediates.noindex/Voxboard.build/Debug-iphonesimulator/Voxboard\ WidgetExtension.build/Voxboard\ WidgetExtension-project-headers.hmap -Xcc -I/tmp/voxboard-watch-sim-derived/SourcePackages/checkouts/FluidAudio/Sources/MachTaskSelfWrapper/include -Xcc -I/tmp/voxboard-watch-sim-derived/SourcePackages/checkouts/FluidAudio/Sources/FastClusterWrapper/include -Xcc -I/tmp/voxboard-watch-sim-derived/Build/Products/Debug-iphonesimulator/include -Xcc -I/tmp/voxboard-watch-sim-derived/Build/Intermediates.noindex/Voxboard.build/Debug-iphonesimulator/Voxboard\ WidgetExtension.build/DerivedSources-normal/arm64 -Xcc -I/tmp/voxboard-watch-sim-derived/Build/Intermediates.noindex/Voxboard.build/Debug-iphonesimulator/Voxboard\ WidgetExtension.build/DerivedSources/arm64 -Xcc -I/tmp/voxboard-watch-sim-derived/Build/Intermediates.noindex/Voxboard.build/Debug-iphonesimulator/Voxboard\ WidgetExtension.build/DerivedSources -Xcc -DDEBUG\=1 -emit-objc-header -emit-objc-header-path /tmp/voxboard-watch-sim-derived/Build/Intermediates.noindex/Voxboard.build/Debug-iphonesimulator/Voxboard\ WidgetExtension.build/Objects-normal/arm64/Voxboard_WidgetExtension-Swift.h -working-directory /Users/codybontecou/projects/Voxboard -experimental-emit-module-separately -disable-cmo

SwiftMergeGeneratedHeaders /tmp/voxboard-watch-sim-derived/Build/Intermediates.noindex/Voxboard.build/Debug-iphonesimulator/Voxboard\ WidgetExtension.build/DerivedSources/Voxboard_WidgetExtension-Swift.h /tmp/voxboard-watch-sim-derived/Build/Intermediates.noindex/Voxboard.build/Debug-iphonesimulator/Voxboard\ WidgetExtension.build/Objects-normal/arm64/Voxboard_WidgetExtension-Swift.h (in target 'Voxboard WidgetExtension' from project 'Voxboard')
    cd /Users/codybontecou/projects/Voxboard
    builtin-swiftHeaderTool -arch arm64 /tmp/voxboard-watch-sim-derived/Build/Intermediates.noindex/Voxboard.build/Debug-iphonesimulator/Voxboard\ WidgetExtension.build/Objects-normal/arm64/Voxboard_WidgetExtension-Swift.h -o /tmp/voxboard-watch-sim-derived/Build/Intermediates.noindex/Voxboard.build/Debug-iphonesimulator/Voxboard\ WidgetExtension.build/DerivedSources/Voxboard_WidgetExtension-Swift.h

Copy /tmp/voxboard-watch-sim-derived/Build/Products/Debug-iphonesimulator/Voxboard_WidgetExtension.swiftmodule/arm64-apple-ios-simulator.swiftmodule /tmp/voxboard-watch-sim-derived/Build/Intermediates.noindex/Voxboard.build/Debug-iphonesimulator/Voxboard\ WidgetExtension.build/Objects-normal/arm64/Voxboard_WidgetExtension.swiftmodule (in target 'Voxboard WidgetExtension' from project 'Voxboard')
    cd /Users/codybontecou/projects/Voxboard
    builtin-copy -exclude .DS_Store -exclude CVS -exclude .svn -exclude .git -exclude .hg -resolve-src-symlinks -rename /tmp/voxboard-watch-sim-derived/Build/Intermediates.noindex/Voxboard.build/Debug-iphonesimulator/Voxboard\ WidgetExtension.build/Objects-normal/arm64/Voxboard_WidgetExtension.swiftmodule /tmp/voxboard-watch-sim-derived/Build/Products/Debug-iphonesimulator/Voxboard_WidgetExtension.swiftmodule/arm64-apple-ios-simulator.swiftmodule

Copy /tmp/voxboard-watch-sim-derived/Build/Products/Debug-iphonesimulator/Voxboard_WidgetExtension.swiftmodule/arm64-apple-ios-simulator.swiftdoc /tmp/voxboard-watch-sim-derived/Build/Intermediates.noindex/Voxboard.build/Debug-iphonesimulator/Voxboard\ WidgetExtension.build/Objects-normal/arm64/Voxboard_WidgetExtension.swiftdoc (in target 'Voxboard WidgetExtension' from project 'Voxboard')
    cd /Users/codybontecou/projects/Voxboard
    builtin-copy -exclude .DS_Store -exclude CVS -exclude .svn -exclude .git -exclude .hg -resolve-src-symlinks -rename /tmp/voxboard-watch-sim-derived/Build/Intermediates.noindex/Voxboard.build/Debug-iphonesimulator/Voxboard\ WidgetExtension.build/Objects-normal/arm64/Voxboard_WidgetExtension.swiftdoc /tmp/voxboard-watch-sim-derived/Build/Products/Debug-iphonesimulator/Voxboard_WidgetExtension.swiftmodule/arm64-apple-ios-simulator.swiftdoc

Copy /tmp/voxboard-watch-sim-derived/Build/Products/Debug-iphonesimulator/Voxboard_WidgetExtension.swiftmodule/arm64-apple-ios-simulator.abi.json /tmp/voxboard-watch-sim-derived/Build/Intermediates.noindex/Voxboard.build/Debug-iphonesimulator/Voxboard\ WidgetExtension.build/Objects-normal/arm64/Voxboard_WidgetExtension.abi.json (in target 'Voxboard WidgetExtension' from project 'Voxboard')
    cd /Users/codybontecou/projects/Voxboard
    builtin-copy -exclude .DS_Store -exclude CVS -exclude .svn -exclude .git -exclude .hg -resolve-src-symlinks -rename /tmp/voxboard-watch-sim-derived/Build/Intermediates.noindex/Voxboard.build/Debug-iphonesimulator/Voxboard\ WidgetExtension.build/Objects-normal/arm64/Voxboard_WidgetExtension.abi.json /tmp/voxboard-watch-sim-derived/Build/Products/Debug-iphonesimulator/Voxboard_WidgetExtension.swiftmodule/arm64-apple-ios-simulator.abi.json

Copy /tmp/voxboard-watch-sim-derived/Build/Products/Debug-iphonesimulator/Voxboard_WidgetExtension.swiftmodule/Project/arm64-apple-ios-simulator.swiftsourceinfo /tmp/voxboard-watch-sim-derived/Build/Intermediates.noindex/Voxboard.build/Debug-iphonesimulator/Voxboard\ WidgetExtension.build/Objects-normal/arm64/Voxboard_WidgetExtension.swiftsourceinfo (in target 'Voxboard WidgetExtension' from project 'Voxboard')
    cd /Users/codybontecou/projects/Voxboard
    builtin-copy -exclude .DS_Store -exclude CVS -exclude .svn -exclude .git -exclude .hg -resolve-src-symlinks -rename /tmp/voxboard-watch-sim-derived/Build/Intermediates.noindex/Voxboard.build/Debug-iphonesimulator/Voxboard\ WidgetExtension.build/Objects-normal/arm64/Voxboard_WidgetExtension.swiftsourceinfo /tmp/voxboard-watch-sim-derived/Build/Products/Debug-iphonesimulator/Voxboard_WidgetExtension.swiftmodule/Project/arm64-apple-ios-simulator.swiftsourceinfo

SwiftDriverJobDiscovery normal arm64 Compiling GeneratedAssetSymbols.swift (in target 'Voxboard WidgetExtension' from project 'Voxboard')

SwiftExplicitDependencyGeneratePcm arm64 /tmp/voxboard-watch-sim-derived/ModuleCache.noindex/GameplayKit-14U1ZHF3697B603Q7KG9TVZH0.pcm

SwiftExplicitDependencyGeneratePcm arm64 /tmp/voxboard-watch-sim-derived/ModuleCache.noindex/GameKit-OOOMA0QDW3EY459IB8BA3XR1.pcm

SwiftExplicitDependencyCompileModuleFromInterface arm64 /tmp/voxboard-watch-sim-derived/Build/Intermediates.noindex/SwiftExplicitPrecompiledModules/KeyboardKit-1WMOQ3RMHE2RB.swiftmodule

SwiftDriverJobDiscovery normal arm64 Compiling LiveActivityRecordingIntents.swift (in target 'Voxboard WidgetExtension' from project 'Voxboard')

SwiftDriverJobDiscovery normal arm64 Compiling OpenVoxboardRecordIntent.swift (in target 'Voxboard WidgetExtension' from project 'Voxboard')

SwiftDriverJobDiscovery normal arm64 Compiling VoxboardWidgetBundle.swift (in target 'Voxboard WidgetExtension' from project 'Voxboard')

SwiftDriverJobDiscovery normal arm64 Compiling VoxboardRecordWidget.swift (in target 'Voxboard WidgetExtension' from project 'Voxboard')

SwiftDriverJobDiscovery normal arm64 Compiling VoxboardRecordControl.swift (in target 'Voxboard WidgetExtension' from project 'Voxboard')

SwiftDriverJobDiscovery normal arm64 Compiling WidgetViews.swift (in target 'Voxboard WidgetExtension' from project 'Voxboard')

SwiftDriverJobDiscovery normal arm64 Compiling VoxboardLiveActivity.swift (in target 'Voxboard WidgetExtension' from project 'Voxboard')

SwiftDriver\ Compilation Voxboard\ WidgetExtension normal arm64 com.apple.xcode.tools.swift.compiler (in target 'Voxboard WidgetExtension' from project 'Voxboard')
    cd /Users/codybontecou/projects/Voxboard
    builtin-Swift-Compilation -- /Applications/Xcode.app/Contents/Developer/Toolchains/XcodeDefault.xctoolchain/usr/bin/swiftc -module-name Voxboard_WidgetExtension -Onone @/tmp/voxboard-watch-sim-derived/Build/Intermediates.noindex/Voxboard.build/Debug-iphonesimulator/Voxboard\ WidgetExtension.build/Objects-normal/arm64/Voxboard\ WidgetExtension.SwiftFileList -DDEBUG -enable-bare-slash-regex -enable-upcoming-feature DisableOutwardActorInference -enable-upcoming-feature InferSendableFromCaptures -enable-upcoming-feature GlobalActorIsolatedTypesUsability -enable-upcoming-feature MemberImportVisibility -enable-upcoming-feature InferIsolatedConformances -enable-upcoming-feature NonisolatedNonsendingByDefault -enable-experimental-feature DebugDescriptionMacro -sdk /Applications/Xcode.app/Contents/Developer/Platforms/iPhoneSimulator.platform/Developer/SDKs/iPhoneSimulator26.5.sdk -target arm64-apple-ios26.2-simulator -g -module-cache-path /tmp/voxboard-watch-sim-derived/ModuleCache.noindex -Xfrontend -serialize-debugging-options -application-extension -enable-testing -index-store-path /tmp/voxboard-watch-sim-derived/Index.noindex/DataStore -Xcc -D_LIBCPP_HARDENING_MODE\=_LIBCPP_HARDENING_MODE_DEBUG -swift-version 5 -I /tmp/voxboard-watch-sim-derived/Build/Products/Debug-iphonesimulator -F /tmp/voxboard-watch-sim-derived/Build/Products/Debug-iphonesimulator/PackageFrameworks -F /tmp/voxboard-watch-sim-derived/Build/Products/Debug-iphonesimulator/PackageFrameworks -F /tmp/voxboard-watch-sim-derived/Build/Products/Debug-iphonesimulator/PackageFrameworks -F /tmp/voxboard-watch-sim-derived/Build/Products/Debug-iphonesimulator/PackageFrameworks -F /tmp/voxboard-watch-sim-derived/Build/Products/Debug-iphonesimulator/PackageFrameworks -F /tmp/voxboard-watch-sim-derived/Build/Products/Debug-iphonesimulator -emit-localized-strings -emit-localized-strings-path /tmp/voxboard-watch-sim-derived/Build/Intermediates.noindex/Voxboard.build/Debug-iphonesimulator/Voxboard\ WidgetExtension.build/Objects-normal/arm64 -c -j10 -enable-batch-mode -incremental -Xcc -ivfsstatcache -Xcc /tmp/voxboard-watch-sim-derived/SDKStatCaches.noindex/iphonesimulator26.5-23F73-6cfe768891a92b912361537c460fe42b.sdkstatcache -output-file-map /tmp/voxboard-watch-sim-derived/Build/Intermediates.noindex/Voxboard.build/Debug-iphonesimulator/Voxboard\ WidgetExtension.build/Objects-normal/arm64/Voxboard\ WidgetExtension-OutputFileMap.json -use-frontend-parseable-output -save-temps -no-color-diagnostics -explicit-module-build -module-cache-path /tmp/voxboard-watch-sim-derived/Build/Intermediates.noindex/SwiftExplicitPrecompiledModules -clang-scanner-module-cache-path /tmp/voxboard-watch-sim-derived/ModuleCache.noindex -sdk-module-cache-path /tmp/voxboard-watch-sim-derived/ModuleCache.noindex -serialize-diagnostics -emit-dependencies -emit-module -emit-module-path /tmp/voxboard-watch-sim-derived/Build/Intermediates.noindex/Voxboard.build/Debug-iphonesimulator/Voxboard\ WidgetExtension.build/Objects-normal/arm64/Voxboard_WidgetExtension.swiftmodule -validate-clang-modules-once -clang-build-session-file /tmp/voxboard-watch-sim-derived/ModuleCache.noindex/Session.modulevalidation -Xcc -I/tmp/voxboard-watch-sim-derived/Build/Intermediates.noindex/Voxboard.build/Debug-iphonesimulator/Voxboard\ WidgetExtension.build/swift-overrides.hmap -emit-const-values -Xfrontend -const-gather-protocols-file -Xfrontend /tmp/voxboard-watch-sim-derived/Build/Intermediates.noindex/Voxboard.build/Debug-iphonesimulator/Voxboard\ WidgetExtension.build/Objects-normal/arm64/Voxboard\ WidgetExtension_const_extract_protocols.json -Xcc -iquote -Xcc /tmp/voxboard-watch-sim-derived/Build/Intermediates.noindex/Voxboard.build/Debug-iphonesimulator/Voxboard\ WidgetExtension.build/Voxboard\ WidgetExtension-generated-files.hmap -Xcc -I/tmp/voxboard-watch-sim-derived/Build/Intermediates.noindex/Voxboard.build/Debug-iphonesimulator/Voxboard\ WidgetExtension.build/Voxboard\ WidgetExtension-own-target-headers.hmap -Xcc -I/tmp/voxboard-watch-sim-derived/Build/Intermediates.noindex/Voxboard.build/Debug-iphonesimulator/Voxboard\ WidgetExtension.build/Voxboard\ WidgetExtension-all-non-framework-target-headers.hmap -Xcc -ivfsoverlay -Xcc /tmp/voxboard-watch-sim-derived/Build/Intermediates.noindex/Voxboard.build/Debug-iphonesimulator/Voxboard-8d6c3ba71b53f8320d7c577fe4b80237-VFS-iphonesimulator/all-product-headers.yaml -Xcc -iquote -Xcc /tmp/voxboard-watch-sim-derived/Build/Intermediates.noindex/Voxboard.build/Debug-iphonesimulator/Voxboard\ WidgetExtension.build/Voxboard\ WidgetExtension-project-headers.hmap -Xcc -I/tmp/voxboard-watch-sim-derived/SourcePackages/checkouts/FluidAudio/Sources/MachTaskSelfWrapper/include -Xcc -I/tmp/voxboard-watch-sim-derived/SourcePackages/checkouts/FluidAudio/Sources/FastClusterWrapper/include -Xcc -I/tmp/voxboard-watch-sim-derived/Build/Products/Debug-iphonesimulator/include -Xcc -I/tmp/voxboard-watch-sim-derived/Build/Intermediates.noindex/Voxboard.build/Debug-iphonesimulator/Voxboard\ WidgetExtension.build/DerivedSources-normal/arm64 -Xcc -I/tmp/voxboard-watch-sim-derived/Build/Intermediates.noindex/Voxboard.build/Debug-iphonesimulator/Voxboard\ WidgetExtension.build/DerivedSources/arm64 -Xcc -I/tmp/voxboard-watch-sim-derived/Build/Intermediates.noindex/Voxboard.build/Debug-iphonesimulator/Voxboard\ WidgetExtension.build/DerivedSources -Xcc -DDEBUG\=1 -emit-objc-header -emit-objc-header-path /tmp/voxboard-watch-sim-derived/Build/Intermediates.noindex/Voxboard.build/Debug-iphonesimulator/Voxboard\ WidgetExtension.build/Objects-normal/arm64/Voxboard_WidgetExtension-Swift.h -working-directory /Users/codybontecou/projects/Voxboard -experimental-emit-module-separately -disable-cmo

Ld /tmp/voxboard-watch-sim-derived/Build/Products/Debug-iphonesimulator/Voxboard\ WidgetExtension.appex/Voxboard\ WidgetExtension.debug.dylib normal (in target 'Voxboard WidgetExtension' from project 'Voxboard')
    cd /Users/codybontecou/projects/Voxboard
    /Applications/Xcode.app/Contents/Developer/Toolchains/XcodeDefault.xctoolchain/usr/bin/clang -Xlinker -reproducible -target arm64-apple-ios26.2-simulator -dynamiclib -isysroot /Applications/Xcode.app/Contents/Developer/Platforms/iPhoneSimulator.platform/Developer/SDKs/iPhoneSimulator26.5.sdk -O0 -L/tmp/voxboard-watch-sim-derived/Build/Intermediates.noindex/EagerLinkingTBDs/Debug-iphonesimulator -L/tmp/voxboard-watch-sim-derived/Build/Products/Debug-iphonesimulator -F/tmp/voxboard-watch-sim-derived/Build/Intermediates.noindex/EagerLinkingTBDs/Debug-iphonesimulator -F/tmp/voxboard-watch-sim-derived/Build/Products/Debug-iphonesimulator/PackageFrameworks -F/tmp/voxboard-watch-sim-derived/Build/Products/Debug-iphonesimulator/PackageFrameworks -F/tmp/voxboard-watch-sim-derived/Build/Products/Debug-iphonesimulator/PackageFrameworks -F/tmp/voxboard-watch-sim-derived/Build/Products/Debug-iphonesimulator/PackageFrameworks -F/tmp/voxboard-watch-sim-derived/Build/Products/Debug-iphonesimulator/PackageFrameworks -F/tmp/voxboard-watch-sim-derived/Build/Products/Debug-iphonesimulator -filelist /tmp/voxboard-watch-sim-derived/Build/Intermediates.noindex/Voxboard.build/Debug-iphonesimulator/Voxboard\ WidgetExtension.build/Objects-normal/arm64/Voxboard\ WidgetExtension.LinkFileList -install_name @rpath/Voxboard\ WidgetExtension.debug.dylib -Xlinker -rpath -Xlinker /tmp/voxboard-watch-sim-derived/Build/Products/Debug-iphonesimulator/PackageFrameworks -Xlinker -rpath -Xlinker @executable_path/Frameworks -Xlinker -rpath -Xlinker @executable_path/../../Frameworks -Xlinker -dead_strip -Xlinker -object_path_lto -Xlinker /tmp/voxboard-watch-sim-derived/Build/Intermediates.noindex/Voxboard.build/Debug-iphonesimulator/Voxboard\ WidgetExtension.build/Objects-normal/arm64/Voxboard\ WidgetExtension_lto.o -rdynamic -Xlinker -no_deduplicate -Xlinker -objc_abi_version -Xlinker 2 -Xlinker -dependency_info -Xlinker /tmp/voxboard-watch-sim-derived/Build/Intermediates.noindex/Voxboard.build/Debug-iphonesimulator/Voxboard\ WidgetExtension.build/Objects-normal/arm64/Voxboard\ WidgetExtension_dependency_info.dat -fapplication-extension -fobjc-link-runtime -L/Applications/Xcode.app/Contents/Developer/Toolchains/XcodeDefault.xctoolchain/usr/lib/swift/iphonesimulator -L/usr/lib/swift -Xlinker -add_ast_path -Xlinker /tmp/voxboard-watch-sim-derived/Build/Intermediates.noindex/Voxboard.build/Debug-iphonesimulator/Voxboard\ WidgetExtension.build/Objects-normal/arm64/Voxboard_WidgetExtension.swiftmodule @/tmp/voxboard-watch-sim-derived/Build/Intermediates.noindex/Voxboard.build/Debug-iphonesimulator/Voxboard\ WidgetExtension.build/Objects-normal/arm64/Voxboard_WidgetExtension-linker-args.resp -Wl,-no_warn_duplicate_libraries -lc++ -Wl,-no_warn_duplicate_libraries -Wl,-no_warn_duplicate_libraries -Wl,-no_warn_duplicate_libraries -Wl,-no_warn_duplicate_libraries -framework Accelerate -framework Metal -framework Foundation -framework CoreML -Xlinker -alias -Xlinker _NSExtensionMain -Xlinker ___debug_main_executable_dylib_entry_point -framework SwiftUI -framework WidgetKit -framework whisper -framework AppIntents -Xlinker -no_adhoc_codesign -o /tmp/voxboard-watch-sim-derived/Build/Products/Debug-iphonesimulator/Voxboard\ WidgetExtension.appex/Voxboard\ WidgetExtension.debug.dylib -Xlinker -add_ast_path -Xlinker /tmp/voxboard-watch-sim-derived/Build/Intermediates.noindex/VoxboardShared.build/Debug-iphonesimulator/VoxboardShared.build/Objects-normal/arm64/VoxboardShared.swiftmodule @/tmp/voxboard-watch-sim-derived/Build/Intermediates.noindex/VoxboardShared.build/Debug-iphonesimulator/VoxboardShared.build/Objects-normal/arm64/VoxboardShared-linker-args.resp -Xlinker -add_ast_path -Xlinker /tmp/voxboard-watch-sim-derived/Build/Intermediates.noindex/FluidAudio.build/Debug-iphonesimulator/FluidAudio.build/Objects-normal/arm64/FluidAudio.swiftmodule @/tmp/voxboard-watch-sim-derived/Build/Intermediates.noindex/FluidAudio.build/Debug-iphonesimulator/FluidAudio.build/Objects-normal/arm64/FluidAudio-linker-args.resp -Xlinker -add_ast_path -Xlinker /tmp/voxboard-watch-sim-derived/Build/Intermediates.noindex/ExportKit.build/Debug-iphonesimulator/ExportKit.build/Objects-normal/arm64/ExportKit.swiftmodule @/tmp/voxboard-watch-sim-derived/Build/Intermediates.noindex/ExportKit.build/Debug-iphonesimulator/ExportKit.build/Objects-normal/arm64/ExportKit-linker-args.resp

ConstructStubExecutorLinkFileList /tmp/voxboard-watch-sim-derived/Build/Intermediates.noindex/Voxboard.build/Debug-iphonesimulator/Voxboard\ WidgetExtension.build/Voxboard\ WidgetExtension-ExecutorLinkFileList-normal-arm64.txt (in target 'Voxboard WidgetExtension' from project 'Voxboard')
    cd /Users/codybontecou/projects/Voxboard
    construct-stub-executor-link-file-list /tmp/voxboard-watch-sim-derived/Build/Products/Debug-iphonesimulator/Voxboard\ WidgetExtension.appex/Voxboard\ WidgetExtension.debug.dylib /Applications/Xcode.app/Contents/Developer/Platforms/iPhoneSimulator.platform/Developer/usr/lib/libPreviewsJITStubExecutor_no_swift_entry_point.a /Applications/Xcode.app/Contents/Developer/Platforms/iPhoneSimulator.platform/Developer/usr/lib/libPreviewsJITStubExecutor.a --output /tmp/voxboard-watch-sim-derived/Build/Intermediates.noindex/Voxboard.build/Debug-iphonesimulator/Voxboard\ WidgetExtension.build/Voxboard\ WidgetExtension-ExecutorLinkFileList-normal-arm64.txt
note: Using stub executor library with Swift entry point. (in target 'Voxboard WidgetExtension' from project 'Voxboard')

Ld /tmp/voxboard-watch-sim-derived/Build/Products/Debug-iphonesimulator/Voxboard\ WidgetExtension.appex/Voxboard\ WidgetExtension normal (in target 'Voxboard WidgetExtension' from project 'Voxboard')
    cd /Users/codybontecou/projects/Voxboard
    /Applications/Xcode.app/Contents/Developer/Toolchains/XcodeDefault.xctoolchain/usr/bin/clang -Xlinker -reproducible -target arm64-apple-ios26.2-simulator -isysroot /Applications/Xcode.app/Contents/Developer/Platforms/iPhoneSimulator.platform/Developer/SDKs/iPhoneSimulator26.5.sdk -O0 -L/tmp/voxboard-watch-sim-derived/Build/Products/Debug-iphonesimulator -F/tmp/voxboard-watch-sim-derived/Build/Products/Debug-iphonesimulator/PackageFrameworks -F/tmp/voxboard-watch-sim-derived/Build/Products/Debug-iphonesimulator/PackageFrameworks -F/tmp/voxboard-watch-sim-derived/Build/Products/Debug-iphonesimulator/PackageFrameworks -F/tmp/voxboard-watch-sim-derived/Build/Products/Debug-iphonesimulator/PackageFrameworks -F/tmp/voxboard-watch-sim-derived/Build/Products/Debug-iphonesimulator/PackageFrameworks -F/tmp/voxboard-watch-sim-derived/Build/Products/Debug-iphonesimulator -Xlinker -rpath -Xlinker @executable_path -Xlinker -rpath -Xlinker /tmp/voxboard-watch-sim-derived/Build/Products/Debug-iphonesimulator/PackageFrameworks -Xlinker -rpath -Xlinker @executable_path/Frameworks -Xlinker -rpath -Xlinker @executable_path/../../Frameworks -rdynamic -Xlinker -no_deduplicate -Xlinker -objc_abi_version -Xlinker 2 -e ___debug_blank_executor_main -Xlinker -sectcreate -Xlinker __TEXT -Xlinker __debug_dylib -Xlinker /tmp/voxboard-watch-sim-derived/Build/Intermediates.noindex/Voxboard.build/Debug-iphonesimulator/Voxboard\ WidgetExtension.build/Voxboard\ WidgetExtension-DebugDylibPath-normal-arm64.txt -Xlinker -sectcreate -Xlinker __TEXT -Xlinker __debug_entry -Xlinker /tmp/voxboard-watch-sim-derived/Build/Intermediates.noindex/Voxboard.build/Debug-iphonesimulator/Voxboard\ WidgetExtension.build/Voxboard\ WidgetExtension-DebugEntryPoint-normal-arm64.txt -Xlinker -sectcreate -Xlinker __TEXT -Xlinker __debug_instlnm -Xlinker /tmp/voxboard-watch-sim-derived/Build/Intermediates.noindex/Voxboard.build/Debug-iphonesimulator/Voxboard\ WidgetExtension.build/Voxboard\ WidgetExtension-DebugDylibInstallName-normal-arm64.txt -Xlinker -filelist -Xlinker /tmp/voxboard-watch-sim-derived/Build/Intermediates.noindex/Voxboard.build/Debug-iphonesimulator/Voxboard\ WidgetExtension.build/Voxboard\ WidgetExtension-ExecutorLinkFileList-normal-arm64.txt -Xlinker -sectcreate -Xlinker __TEXT -Xlinker __entitlements -Xlinker /tmp/voxboard-watch-sim-derived/Build/Intermediates.noindex/Voxboard.build/Debug-iphonesimulator/Voxboard\ WidgetExtension.build/Voxboard\ WidgetExtension.appex-Simulated.xcent -Xlinker -sectcreate -Xlinker __TEXT -Xlinker __ents_der -Xlinker /tmp/voxboard-watch-sim-derived/Build/Intermediates.noindex/Voxboard.build/Debug-iphonesimulator/Voxboard\ WidgetExtension.build/Voxboard\ WidgetExtension.appex-Simulated.xcent.der /tmp/voxboard-watch-sim-derived/Build/Products/Debug-iphonesimulator/Voxboard\ WidgetExtension.appex/Voxboard\ WidgetExtension.debug.dylib -Xlinker -no_adhoc_codesign -o /tmp/voxboard-watch-sim-derived/Build/Products/Debug-iphonesimulator/Voxboard\ WidgetExtension.appex/Voxboard\ WidgetExtension

ExtractAppIntentsMetadata (in target 'Voxboard WidgetExtension' from project 'Voxboard')
    cd /Users/codybontecou/projects/Voxboard
    /Applications/Xcode.app/Contents/Developer/Toolchains/XcodeDefault.xctoolchain/usr/bin/appintentsmetadataprocessor --toolchain-dir /Applications/Xcode.app/Contents/Developer/Toolchains/XcodeDefault.xctoolchain --module-name Voxboard_WidgetExtension --sdk-root /Applications/Xcode.app/Contents/Developer/Platforms/iPhoneSimulator.platform/Developer/SDKs/iPhoneSimulator26.5.sdk --xcode-version 17F42 --platform-family iOS --deployment-target 26.2 --bundle-identifier bontecou.Voxboard.Voxboard-Widget --output /tmp/voxboard-watch-sim-derived/Build/Products/Debug-iphonesimulator/Voxboard\ WidgetExtension.appex --target-triple arm64-apple-ios26.2-simulator --binary-file /tmp/voxboard-watch-sim-derived/Build/Products/Debug-iphonesimulator/Voxboard\ WidgetExtension.appex/Voxboard\ WidgetExtension --dependency-file /tmp/voxboard-watch-sim-derived/Build/Intermediates.noindex/Voxboard.build/Debug-iphonesimulator/Voxboard\ WidgetExtension.build/Objects-normal/arm64/Voxboard\ WidgetExtension_dependency_info.dat --stringsdata-file /tmp/voxboard-watch-sim-derived/Build/Intermediates.noindex/Voxboard.build/Debug-iphonesimulator/Voxboard\ WidgetExtension.build/Objects-normal/arm64/ExtractedAppShortcutsMetadata.stringsdata --source-file-list /tmp/voxboard-watch-sim-derived/Build/Intermediates.noindex/Voxboard.build/Debug-iphonesimulator/Voxboard\ WidgetExtension.build/Objects-normal/arm64/Voxboard\ WidgetExtension.SwiftFileList --metadata-file-list /tmp/voxboard-watch-sim-derived/Build/Intermediates.noindex/Voxboard.build/Debug-iphonesimulator/Voxboard\ WidgetExtension.build/Voxboard\ WidgetExtension.DependencyMetadataFileList --static-metadata-file-list /tmp/voxboard-watch-sim-derived/Build/Intermediates.noindex/Voxboard.build/Debug-iphonesimulator/Voxboard\ WidgetExtension.build/Voxboard\ WidgetExtension.DependencyStaticMetadataFileList --swift-const-vals-list /tmp/voxboard-watch-sim-derived/Build/Intermediates.noindex/Voxboard.build/Debug-iphonesimulator/Voxboard\ WidgetExtension.build/Objects-normal/arm64/Voxboard\ WidgetExtension.SwiftConstValuesFileList --compile-time-extraction --deployment-aware-processing --validate-assistant-intents --no-app-shortcuts-localization
2026-06-20 10:16:17.085 appintentsmetadataprocessor[20948:3460377] Starting appintentsmetadataprocessor export
2026-06-20 10:16:17.116 appintentsmetadataprocessor[20948:3460377] Writing Metadata.appintents
2026-06-20 10:16:17.116 appintentsmetadataprocessor[20948:3460377] Metadata root: /tmp/voxboard-watch-sim-derived/Build/Products/Debug-iphonesimulator/Voxboard WidgetExtension.appex/Metadata.appintents

AppIntentsSSUTraining (in target 'Voxboard WidgetExtension' from project 'Voxboard')
    cd /Users/codybontecou/projects/Voxboard
    /Applications/Xcode.app/Contents/Developer/Toolchains/XcodeDefault.xctoolchain/usr/bin/appintentsnltrainingprocessor --infoplist-path /tmp/voxboard-watch-sim-derived/Build/Products/Debug-iphonesimulator/Voxboard\ WidgetExtension.appex/Info.plist --temp-dir-path /tmp/voxboard-watch-sim-derived/Build/Intermediates.noindex/Voxboard.build/Debug-iphonesimulator/Voxboard\ WidgetExtension.build/ssu --bundle-id bontecou.Voxboard.Voxboard-Widget --product-path /tmp/voxboard-watch-sim-derived/Build/Products/Debug-iphonesimulator/Voxboard\ WidgetExtension.appex --extracted-metadata-path /tmp/voxboard-watch-sim-derived/Build/Products/Debug-iphonesimulator/Voxboard\ WidgetExtension.appex/Metadata.appintents --metadata-file-list /tmp/voxboard-watch-sim-derived/Build/Intermediates.noindex/Voxboard.build/Debug-iphonesimulator/Voxboard\ WidgetExtension.build/Voxboard\ WidgetExtension.DependencyMetadataFileList --source-file /tmp/voxboard-watch-sim-derived/Build/Products/Debug-iphonesimulator/Voxboard\ WidgetExtension.appex/Info.plist --archive-ssu-assets
2026-06-20 10:16:17.191 appintentsnltrainingprocessor[20952:3460386] Parsing options for appintentsnltrainingprocessor
2026-06-20 10:16:17.193 appintentsnltrainingprocessor[20952:3460386] Starting AppIntents SSU YAML Generation
2026-06-20 10:16:17.250 appintentsnltrainingprocessor[20952:3460386] No AppShortcuts found - Skipping.

CodeSign /tmp/voxboard-watch-sim-derived/Build/Products/Debug-iphonesimulator/Voxboard\ WidgetExtension.appex/Voxboard\ WidgetExtension.debug.dylib (in target 'Voxboard WidgetExtension' from project 'Voxboard')
    cd /Users/codybontecou/projects/Voxboard

    Signing Identity:     "Sign to Run Locally"

    /usr/bin/codesign --force --sign - --timestamp\=none --generate-entitlement-der /tmp/voxboard-watch-sim-derived/Build/Products/Debug-iphonesimulator/Voxboard\ WidgetExtension.appex/Voxboard\ WidgetExtension.debug.dylib

CodeSign /tmp/voxboard-watch-sim-derived/Build/Products/Debug-iphonesimulator/Voxboard\ WidgetExtension.appex/__preview.dylib (in target 'Voxboard WidgetExtension' from project 'Voxboard')
    cd /Users/codybontecou/projects/Voxboard

    Signing Identity:     "Sign to Run Locally"

    /usr/bin/codesign --force --sign - --timestamp\=none --generate-entitlement-der /tmp/voxboard-watch-sim-derived/Build/Products/Debug-iphonesimulator/Voxboard\ WidgetExtension.appex/__preview.dylib

CodeSign /tmp/voxboard-watch-sim-derived/Build/Products/Debug-iphonesimulator/Voxboard\ WidgetExtension.appex (in target 'Voxboard WidgetExtension' from project 'Voxboard')
    cd /Users/codybontecou/projects/Voxboard

    Signing Identity:     "Sign to Run Locally"

    /usr/bin/codesign --force --sign - --entitlements /tmp/voxboard-watch-sim-derived/Build/Intermediates.noindex/Voxboard.build/Debug-iphonesimulator/Voxboard\ WidgetExtension.build/Voxboard\ WidgetExtension.appex.xcent --timestamp\=none --generate-entitlement-der /tmp/voxboard-watch-sim-derived/Build/Products/Debug-iphonesimulator/Voxboard\ WidgetExtension.appex

RegisterExecutionPolicyException /tmp/voxboard-watch-sim-derived/Build/Products/Debug-iphonesimulator/Voxboard\ WidgetExtension.appex (in target 'Voxboard WidgetExtension' from project 'Voxboard')
    cd /Users/codybontecou/projects/Voxboard
    builtin-RegisterExecutionPolicyException /tmp/voxboard-watch-sim-derived/Build/Products/Debug-iphonesimulator/Voxboard\ WidgetExtension.appex

Touch /tmp/voxboard-watch-sim-derived/Build/Products/Debug-iphonesimulator/Voxboard\ WidgetExtension.appex (in target 'Voxboard WidgetExtension' from project 'Voxboard')
    cd /Users/codybontecou/projects/Voxboard
    /usr/bin/touch -c /tmp/voxboard-watch-sim-derived/Build/Products/Debug-iphonesimulator/Voxboard\ WidgetExtension.appex

SwiftCompile normal arm64 Compiling\ KeyboardViewController.swift /Users/codybontecou/projects/Voxboard/Voxboard\ Keyboard/KeyboardViewController.swift (in target 'Voxboard Keyboard' from project 'Voxboard')

SwiftCompile normal arm64 /Users/codybontecou/projects/Voxboard/Voxboard\ Keyboard/KeyboardViewController.swift (in target 'Voxboard Keyboard' from project 'Voxboard')
    cd /Users/codybontecou/projects/Voxboard


SwiftEmitModule normal arm64 Emitting\ module\ for\ Voxboard_Keyboard (in target 'Voxboard Keyboard' from project 'Voxboard')
EmitSwiftModule normal arm64 (in target 'Voxboard Keyboard' from project 'Voxboard')
    cd /Users/codybontecou/projects/Voxboard


SwiftCompile normal arm64 Compiling\ GeneratedStringSymbols_Localizable.swift /tmp/voxboard-watch-sim-derived/Build/Intermediates.noindex/Voxboard.build/Debug-iphonesimulator/Voxboard\ Keyboard.build/DerivedSources/GeneratedStringSymbols_Localizable.swift (in target 'Voxboard Keyboard' from project 'Voxboard')

SwiftCompile normal arm64 /tmp/voxboard-watch-sim-derived/Build/Intermediates.noindex/Voxboard.build/Debug-iphonesimulator/Voxboard\ Keyboard.build/DerivedSources/GeneratedStringSymbols_Localizable.swift (in target 'Voxboard Keyboard' from project 'Voxboard')
    cd /Users/codybontecou/projects/Voxboard


SwiftCompile normal arm64 Compiling\ VoiceKeyboardState.swift /Users/codybontecou/projects/Voxboard/Voxboard\ Keyboard/VoiceKeyboardState.swift (in target 'Voxboard Keyboard' from project 'Voxboard')
SwiftCompile normal arm64 /Users/codybontecou/projects/Voxboard/Voxboard\ Keyboard/VoiceKeyboardState.swift (in target 'Voxboard Keyboard' from project 'Voxboard')
    cd /Users/codybontecou/projects/Voxboard

/Users/codybontecou/projects/Voxboard/Voxboard Keyboard/VoiceKeyboardState.swift:634:27: warning: reference to captured var 'self' in concurrently-executing code; this is an error in the Swift 6 language mode
                guard let self, let startedAt = self.recordingStartedAt else { return }
                          ^

SwiftCompile normal arm64 Compiling\ SoundWaveView.swift /Users/codybontecou/projects/Voxboard/Voxboard\ Keyboard/SoundWaveView.swift (in target 'Voxboard Keyboard' from project 'Voxboard')

SwiftCompile normal arm64 /Users/codybontecou/projects/Voxboard/Voxboard\ Keyboard/SoundWaveView.swift (in target 'Voxboard Keyboard' from project 'Voxboard')
    cd /Users/codybontecou/projects/Voxboard


SwiftCompile normal arm64 Compiling\ CalloutActionsProvider.swift /Users/codybontecou/projects/Voxboard/Voxboard\ Keyboard/CalloutActionsProvider.swift (in target 'Voxboard Keyboard' from project 'Voxboard')

SwiftCompile normal arm64 /Users/codybontecou/projects/Voxboard/Voxboard\ Keyboard/CalloutActionsProvider.swift (in target 'Voxboard Keyboard' from project 'Voxboard')
    cd /Users/codybontecou/projects/Voxboard


SwiftCompile normal arm64 Compiling\ VoiceToolbarView.swift /Users/codybontecou/projects/Voxboard/Voxboard\ Keyboard/VoiceToolbarView.swift (in target 'Voxboard Keyboard' from project 'Voxboard')

SwiftCompile normal arm64 /Users/codybontecou/projects/Voxboard/Voxboard\ Keyboard/VoiceToolbarView.swift (in target 'Voxboard Keyboard' from project 'Voxboard')
    cd /Users/codybontecou/projects/Voxboard


SwiftDriverJobDiscovery normal arm64 Compiling GeneratedStringSymbols_Localizable.swift (in target 'Voxboard Keyboard' from project 'Voxboard')

SwiftDriverJobDiscovery normal arm64 Compiling SoundWaveView.swift (in target 'Voxboard Keyboard' from project 'Voxboard')

SwiftDriverJobDiscovery normal arm64 Compiling CalloutActionsProvider.swift (in target 'Voxboard Keyboard' from project 'Voxboard')

SwiftDriverJobDiscovery normal arm64 Compiling KeyboardViewController.swift (in target 'Voxboard Keyboard' from project 'Voxboard')

SwiftDriverJobDiscovery normal arm64 Emitting module for Voxboard_Keyboard (in target 'Voxboard Keyboard' from project 'Voxboard')

SwiftDriver\ Compilation\ Requirements Voxboard\ Keyboard normal arm64 com.apple.xcode.tools.swift.compiler (in target 'Voxboard Keyboard' from project 'Voxboard')
    cd /Users/codybontecou/projects/Voxboard
    builtin-Swift-Compilation-Requirements -- /Applications/Xcode.app/Contents/Developer/Toolchains/XcodeDefault.xctoolchain/usr/bin/swiftc -module-name Voxboard_Keyboard -Onone @/tmp/voxboard-watch-sim-derived/Build/Intermediates.noindex/Voxboard.build/Debug-iphonesimulator/Voxboard\ Keyboard.build/Objects-normal/arm64/Voxboard\ Keyboard.SwiftFileList -DDEBUG -enable-bare-slash-regex -enable-upcoming-feature DisableOutwardActorInference -enable-upcoming-feature InferSendableFromCaptures -enable-upcoming-feature GlobalActorIsolatedTypesUsability -enable-upcoming-feature MemberImportVisibility -enable-upcoming-feature InferIsolatedConformances -enable-upcoming-feature NonisolatedNonsendingByDefault -enable-experimental-feature DebugDescriptionMacro -sdk /Applications/Xcode.app/Contents/Developer/Platforms/iPhoneSimulator.platform/Developer/SDKs/iPhoneSimulator26.5.sdk -target arm64-apple-ios17.6-simulator -g -module-cache-path /tmp/voxboard-watch-sim-derived/ModuleCache.noindex -Xfrontend -serialize-debugging-options -application-extension -enable-testing -index-store-path /tmp/voxboard-watch-sim-derived/Index.noindex/DataStore -Xcc -D_LIBCPP_HARDENING_MODE\=_LIBCPP_HARDENING_MODE_DEBUG -swift-version 5 -I /tmp/voxboard-watch-sim-derived/Build/Products/Debug-iphonesimulator -F /tmp/voxboard-watch-sim-derived/Build/Products/Debug-iphonesimulator/PackageFrameworks -F /tmp/voxboard-watch-sim-derived/Build/Products/Debug-iphonesimulator/PackageFrameworks -F /tmp/voxboard-watch-sim-derived/Build/Products/Debug-iphonesimulator/PackageFrameworks -F /tmp/voxboard-watch-sim-derived/Build/Products/Debug-iphonesimulator/PackageFrameworks -F /tmp/voxboard-watch-sim-derived/Build/Products/Debug-iphonesimulator/PackageFrameworks -F /tmp/voxboard-watch-sim-derived/Build/Products/Debug-iphonesimulator -emit-localized-strings -emit-localized-strings-path /tmp/voxboard-watch-sim-derived/Build/Intermediates.noindex/Voxboard.build/Debug-iphonesimulator/Voxboard\ Keyboard.build/Objects-normal/arm64 -c -j10 -enable-batch-mode -incremental -Xcc -ivfsstatcache -Xcc /tmp/voxboard-watch-sim-derived/SDKStatCaches.noindex/iphonesimulator26.5-23F73-6cfe768891a92b912361537c460fe42b.sdkstatcache -output-file-map /tmp/voxboard-watch-sim-derived/Build/Intermediates.noindex/Voxboard.build/Debug-iphonesimulator/Voxboard\ Keyboard.build/Objects-normal/arm64/Voxboard\ Keyboard-OutputFileMap.json -use-frontend-parseable-output -save-temps -no-color-diagnostics -explicit-module-build -module-cache-path /tmp/voxboard-watch-sim-derived/Build/Intermediates.noindex/SwiftExplicitPrecompiledModules -clang-scanner-module-cache-path /tmp/voxboard-watch-sim-derived/ModuleCache.noindex -sdk-module-cache-path /tmp/voxboard-watch-sim-derived/ModuleCache.noindex -serialize-diagnostics -emit-dependencies -emit-module -emit-module-path /tmp/voxboard-watch-sim-derived/Build/Intermediates.noindex/Voxboard.build/Debug-iphonesimulator/Voxboard\ Keyboard.build/Objects-normal/arm64/Voxboard_Keyboard.swiftmodule -validate-clang-modules-once -clang-build-session-file /tmp/voxboard-watch-sim-derived/ModuleCache.noindex/Session.modulevalidation -Xcc -I/tmp/voxboard-watch-sim-derived/Build/Intermediates.noindex/Voxboard.build/Debug-iphonesimulator/Voxboard\ Keyboard.build/swift-overrides.hmap -emit-const-values -Xfrontend -const-gather-protocols-file -Xfrontend /tmp/voxboard-watch-sim-derived/Build/Intermediates.noindex/Voxboard.build/Debug-iphonesimulator/Voxboard\ Keyboard.build/Objects-normal/arm64/Voxboard\ Keyboard_const_extract_protocols.json -Xcc -iquote -Xcc /tmp/voxboard-watch-sim-derived/Build/Intermediates.noindex/Voxboard.build/Debug-iphonesimulator/Voxboard\ Keyboard.build/Voxboard\ Keyboard-generated-files.hmap -Xcc -I/tmp/voxboard-watch-sim-derived/Build/Intermediates.noindex/Voxboard.build/Debug-iphonesimulator/Voxboard\ Keyboard.build/Voxboard\ Keyboard-own-target-headers.hmap -Xcc -I/tmp/voxboard-watch-sim-derived/Build/Intermediates.noindex/Voxboard.build/Debug-iphonesimulator/Voxboard\ Keyboard.build/Voxboard\ Keyboard-all-non-framework-target-headers.hmap -Xcc -ivfsoverlay -Xcc /tmp/voxboard-watch-sim-derived/Build/Intermediates.noindex/Voxboard.build/Debug-iphonesimulator/Voxboard-8d6c3ba71b53f8320d7c577fe4b80237-VFS-iphonesimulator/all-product-headers.yaml -Xcc -iquote -Xcc /tmp/voxboard-watch-sim-derived/Build/Intermediates.noindex/Voxboard.build/Debug-iphonesimulator/Voxboard\ Keyboard.build/Voxboard\ Keyboard-project-headers.hmap -Xcc -I/tmp/voxboard-watch-sim-derived/SourcePackages/checkouts/FluidAudio/Sources/MachTaskSelfWrapper/include -Xcc -I/tmp/voxboard-watch-sim-derived/SourcePackages/checkouts/FluidAudio/Sources/FastClusterWrapper/include -Xcc -I/tmp/voxboard-watch-sim-derived/Build/Products/Debug-iphonesimulator/include -Xcc -I/tmp/voxboard-watch-sim-derived/Build/Intermediates.noindex/Voxboard.build/Debug-iphonesimulator/Voxboard\ Keyboard.build/DerivedSources-normal/arm64 -Xcc -I/tmp/voxboard-watch-sim-derived/Build/Intermediates.noindex/Voxboard.build/Debug-iphonesimulator/Voxboard\ Keyboard.build/DerivedSources/arm64 -Xcc -I/tmp/voxboard-watch-sim-derived/Build/Intermediates.noindex/Voxboard.build/Debug-iphonesimulator/Voxboard\ Keyboard.build/DerivedSources -Xcc -DDEBUG\=1 -emit-objc-header -emit-objc-header-path /tmp/voxboard-watch-sim-derived/Build/Intermediates.noindex/Voxboard.build/Debug-iphonesimulator/Voxboard\ Keyboard.build/Objects-normal/arm64/Voxboard_Keyboard-Swift.h -working-directory /Users/codybontecou/projects/Voxboard -experimental-emit-module-separately -disable-cmo

SwiftMergeGeneratedHeaders /tmp/voxboard-watch-sim-derived/Build/Intermediates.noindex/Voxboard.build/Debug-iphonesimulator/Voxboard\ Keyboard.build/DerivedSources/Voxboard_Keyboard-Swift.h /tmp/voxboard-watch-sim-derived/Build/Intermediates.noindex/Voxboard.build/Debug-iphonesimulator/Voxboard\ Keyboard.build/Objects-normal/arm64/Voxboard_Keyboard-Swift.h (in target 'Voxboard Keyboard' from project 'Voxboard')
    cd /Users/codybontecou/projects/Voxboard
    builtin-swiftHeaderTool -arch arm64 /tmp/voxboard-watch-sim-derived/Build/Intermediates.noindex/Voxboard.build/Debug-iphonesimulator/Voxboard\ Keyboard.build/Objects-normal/arm64/Voxboard_Keyboard-Swift.h -o /tmp/voxboard-watch-sim-derived/Build/Intermediates.noindex/Voxboard.build/Debug-iphonesimulator/Voxboard\ Keyboard.build/DerivedSources/Voxboard_Keyboard-Swift.h

Copy /tmp/voxboard-watch-sim-derived/Build/Products/Debug-iphonesimulator/Voxboard_Keyboard.swiftmodule/arm64-apple-ios-simulator.swiftmodule /tmp/voxboard-watch-sim-derived/Build/Intermediates.noindex/Voxboard.build/Debug-iphonesimulator/Voxboard\ Keyboard.build/Objects-normal/arm64/Voxboard_Keyboard.swiftmodule (in target 'Voxboard Keyboard' from project 'Voxboard')
    cd /Users/codybontecou/projects/Voxboard
    builtin-copy -exclude .DS_Store -exclude CVS -exclude .svn -exclude .git -exclude .hg -resolve-src-symlinks -rename /tmp/voxboard-watch-sim-derived/Build/Intermediates.noindex/Voxboard.build/Debug-iphonesimulator/Voxboard\ Keyboard.build/Objects-normal/arm64/Voxboard_Keyboard.swiftmodule /tmp/voxboard-watch-sim-derived/Build/Products/Debug-iphonesimulator/Voxboard_Keyboard.swiftmodule/arm64-apple-ios-simulator.swiftmodule

Copy /tmp/voxboard-watch-sim-derived/Build/Products/Debug-iphonesimulator/Voxboard_Keyboard.swiftmodule/arm64-apple-ios-simulator.abi.json /tmp/voxboard-watch-sim-derived/Build/Intermediates.noindex/Voxboard.build/Debug-iphonesimulator/Voxboard\ Keyboard.build/Objects-normal/arm64/Voxboard_Keyboard.abi.json (in target 'Voxboard Keyboard' from project 'Voxboard')
    cd /Users/codybontecou/projects/Voxboard
    builtin-copy -exclude .DS_Store -exclude CVS -exclude .svn -exclude .git -exclude .hg -resolve-src-symlinks -rename /tmp/voxboard-watch-sim-derived/Build/Intermediates.noindex/Voxboard.build/Debug-iphonesimulator/Voxboard\ Keyboard.build/Objects-normal/arm64/Voxboard_Keyboard.abi.json /tmp/voxboard-watch-sim-derived/Build/Products/Debug-iphonesimulator/Voxboard_Keyboard.swiftmodule/arm64-apple-ios-simulator.abi.json

Copy /tmp/voxboard-watch-sim-derived/Build/Products/Debug-iphonesimulator/Voxboard_Keyboard.swiftmodule/Project/arm64-apple-ios-simulator.swiftsourceinfo /tmp/voxboard-watch-sim-derived/Build/Intermediates.noindex/Voxboard.build/Debug-iphonesimulator/Voxboard\ Keyboard.build/Objects-normal/arm64/Voxboard_Keyboard.swiftsourceinfo (in target 'Voxboard Keyboard' from project 'Voxboard')
    cd /Users/codybontecou/projects/Voxboard
    builtin-copy -exclude .DS_Store -exclude CVS -exclude .svn -exclude .git -exclude .hg -resolve-src-symlinks -rename /tmp/voxboard-watch-sim-derived/Build/Intermediates.noindex/Voxboard.build/Debug-iphonesimulator/Voxboard\ Keyboard.build/Objects-normal/arm64/Voxboard_Keyboard.swiftsourceinfo /tmp/voxboard-watch-sim-derived/Build/Products/Debug-iphonesimulator/Voxboard_Keyboard.swiftmodule/Project/arm64-apple-ios-simulator.swiftsourceinfo

Copy /tmp/voxboard-watch-sim-derived/Build/Products/Debug-iphonesimulator/Voxboard_Keyboard.swiftmodule/arm64-apple-ios-simulator.swiftdoc /tmp/voxboard-watch-sim-derived/Build/Intermediates.noindex/Voxboard.build/Debug-iphonesimulator/Voxboard\ Keyboard.build/Objects-normal/arm64/Voxboard_Keyboard.swiftdoc (in target 'Voxboard Keyboard' from project 'Voxboard')
    cd /Users/codybontecou/projects/Voxboard
    builtin-copy -exclude .DS_Store -exclude CVS -exclude .svn -exclude .git -exclude .hg -resolve-src-symlinks -rename /tmp/voxboard-watch-sim-derived/Build/Intermediates.noindex/Voxboard.build/Debug-iphonesimulator/Voxboard\ Keyboard.build/Objects-normal/arm64/Voxboard_Keyboard.swiftdoc /tmp/voxboard-watch-sim-derived/Build/Products/Debug-iphonesimulator/Voxboard_Keyboard.swiftmodule/arm64-apple-ios-simulator.swiftdoc

ProcessProductPackaging /Users/codybontecou/projects/Voxboard/Voxboard/Voxboard.entitlements /tmp/voxboard-watch-sim-derived/Build/Intermediates.noindex/Voxboard.build/Debug-iphonesimulator/Voxboard.build/Voxboard.app.xcent (in target 'Voxboard' from project 'Voxboard')
    cd /Users/codybontecou/projects/Voxboard

    Entitlements:

    {
}

    builtin-productPackagingUtility /Users/codybontecou/projects/Voxboard/Voxboard/Voxboard.entitlements -entitlements -format xml -o /tmp/voxboard-watch-sim-derived/Build/Intermediates.noindex/Voxboard.build/Debug-iphonesimulator/Voxboard.build/Voxboard.app.xcent

ProcessProductPackaging /Users/codybontecou/projects/Voxboard/Voxboard/Voxboard.entitlements /tmp/voxboard-watch-sim-derived/Build/Intermediates.noindex/Voxboard.build/Debug-iphonesimulator/Voxboard.build/Voxboard.app-Simulated.xcent (in target 'Voxboard' from project 'Voxboard')
    cd /Users/codybontecou/projects/Voxboard

    Entitlements:

    {
    "application-identifier" = "67KC823C9A.bontecou.Voxboard";
    "com.apple.security.application-groups" =     (
        "group.bontecou.Voxboard"
    );
}

    builtin-productPackagingUtility /Users/codybontecou/projects/Voxboard/Voxboard/Voxboard.entitlements -entitlements -format xml -o /tmp/voxboard-watch-sim-derived/Build/Intermediates.noindex/Voxboard.build/Debug-iphonesimulator/Voxboard.build/Voxboard.app-Simulated.xcent

ProcessProductPackagingDER /tmp/voxboard-watch-sim-derived/Build/Intermediates.noindex/Voxboard.build/Debug-iphonesimulator/Voxboard.build/Voxboard.app-Simulated.xcent /tmp/voxboard-watch-sim-derived/Build/Intermediates.noindex/Voxboard.build/Debug-iphonesimulator/Voxboard.build/Voxboard.app-Simulated.xcent.der (in target 'Voxboard' from project 'Voxboard')
    cd /Users/codybontecou/projects/Voxboard
    /usr/bin/derq query -f xml -i /tmp/voxboard-watch-sim-derived/Build/Intermediates.noindex/Voxboard.build/Debug-iphonesimulator/Voxboard.build/Voxboard.app-Simulated.xcent -o /tmp/voxboard-watch-sim-derived/Build/Intermediates.noindex/Voxboard.build/Debug-iphonesimulator/Voxboard.build/Voxboard.app-Simulated.xcent.der --raw

ProcessProductPackagingDER /tmp/voxboard-watch-sim-derived/Build/Intermediates.noindex/Voxboard.build/Debug-iphonesimulator/Voxboard.build/Voxboard.app.xcent /tmp/voxboard-watch-sim-derived/Build/Intermediates.noindex/Voxboard.build/Debug-iphonesimulator/Voxboard.build/Voxboard.app.xcent.der (in target 'Voxboard' from project 'Voxboard')
    cd /Users/codybontecou/projects/Voxboard
    /usr/bin/derq query -f xml -i /tmp/voxboard-watch-sim-derived/Build/Intermediates.noindex/Voxboard.build/Debug-iphonesimulator/Voxboard.build/Voxboard.app.xcent -o /tmp/voxboard-watch-sim-derived/Build/Intermediates.noindex/Voxboard.build/Debug-iphonesimulator/Voxboard.build/Voxboard.app.xcent.der --raw

MkDir /tmp/voxboard-watch-sim-derived/Build/Intermediates.noindex/Voxboard.build/Debug-iphonesimulator/Voxboard.build/assetcatalog_output/thinned (in target 'Voxboard' from project 'Voxboard')
    cd /Users/codybontecou/projects/Voxboard
    /bin/mkdir -p /tmp/voxboard-watch-sim-derived/Build/Intermediates.noindex/Voxboard.build/Debug-iphonesimulator/Voxboard.build/assetcatalog_output/thinned

MkDir /tmp/voxboard-watch-sim-derived/Build/Intermediates.noindex/Voxboard.build/Debug-iphonesimulator/Voxboard.build/assetcatalog_output/unthinned (in target 'Voxboard' from project 'Voxboard')
    cd /Users/codybontecou/projects/Voxboard
    /bin/mkdir -p /tmp/voxboard-watch-sim-derived/Build/Intermediates.noindex/Voxboard.build/Debug-iphonesimulator/Voxboard.build/assetcatalog_output/unthinned

GenerateStringSymbols /tmp/voxboard-watch-sim-derived/Build/Intermediates.noindex/Voxboard.build/Debug-iphonesimulator/Voxboard.build/DerivedSources/GeneratedStringSymbols_Localizable.swift /Users/codybontecou/projects/Voxboard/Voxboard/Localizable.xcstrings (in target 'Voxboard' from project 'Voxboard')
    cd /Users/codybontecou/projects/Voxboard
    /Applications/Xcode.app/Contents/Developer/usr/bin/xcstringstool generate-symbols --language swift --output-directory /tmp/voxboard-watch-sim-derived/Build/Intermediates.noindex/Voxboard.build/Debug-iphonesimulator/Voxboard.build/DerivedSources /Users/codybontecou/projects/Voxboard/Voxboard/Localizable.xcstrings

GenerateAssetSymbols /Users/codybontecou/projects/Voxboard/Voxboard/Assets.xcassets (in target 'Voxboard' from project 'Voxboard')
    cd /Users/codybontecou/projects/Voxboard
    /Applications/Xcode.app/Contents/Developer/usr/bin/actool /Users/codybontecou/projects/Voxboard/Voxboard/Assets.xcassets --compile /tmp/voxboard-watch-sim-derived/Build/Products/Debug-iphonesimulator/Voxboard.app --output-format human-readable-text --notices --warnings --export-dependency-info /tmp/voxboard-watch-sim-derived/Build/Intermediates.noindex/Voxboard.build/Debug-iphonesimulator/Voxboard.build/assetcatalog_dependencies --output-partial-info-plist /tmp/voxboard-watch-sim-derived/Build/Intermediates.noindex/Voxboard.build/Debug-iphonesimulator/Voxboard.build/assetcatalog_generated_info.plist --app-icon AppIcon --accent-color AccentColor --compress-pngs --enable-on-demand-resources YES --development-region en --target-device iphone --target-device ipad --minimum-deployment-target 17.6 --platform iphonesimulator --bundle-identifier bontecou.Voxboard --generate-swift-asset-symbols /tmp/voxboard-watch-sim-derived/Build/Intermediates.noindex/Voxboard.build/Debug-iphonesimulator/Voxboard.build/DerivedSources/GeneratedAssetSymbols.swift --generate-objc-asset-symbols /tmp/voxboard-watch-sim-derived/Build/Intermediates.noindex/Voxboard.build/Debug-iphonesimulator/Voxboard.build/DerivedSources/GeneratedAssetSymbols.h --generate-asset-symbol-index /tmp/voxboard-watch-sim-derived/Build/Intermediates.noindex/Voxboard.build/Debug-iphonesimulator/Voxboard.build/DerivedSources/GeneratedAssetSymbols-Index.plist
/* com.apple.actool.document.warnings */
/Users/codybontecou/projects/Voxboard/Voxboard/Assets.xcassets:./AppIcon.appiconset/(null)[2d][AppIcon-1024-backup.png]: warning: The app icon set "AppIcon" has an unassigned child.
/Users/codybontecou/projects/Voxboard/Voxboard/Assets.xcassets:./AppIcon.appiconset/(null)[2d][AppIcon-1024-backup.png]: warning: The app icon set "AppIcon" has an unassigned child.
/* com.apple.actool.compilation-results */
/tmp/voxboard-watch-sim-derived/Build/Intermediates.noindex/Voxboard.build/Debug-iphonesimulator/Voxboard.build/DerivedSources/GeneratedAssetSymbols-Index.plist
/tmp/voxboard-watch-sim-derived/Build/Intermediates.noindex/Voxboard.build/Debug-iphonesimulator/Voxboard.build/DerivedSources/GeneratedAssetSymbols.h
/tmp/voxboard-watch-sim-derived/Build/Intermediates.noindex/Voxboard.build/Debug-iphonesimulator/Voxboard.build/DerivedSources/GeneratedAssetSymbols.swift


CompileAssetCatalogVariant thinned /tmp/voxboard-watch-sim-derived/Build/Products/Debug-iphonesimulator/Voxboard.app /Users/codybontecou/projects/Voxboard/Voxboard/Assets.xcassets (in target 'Voxboard' from project 'Voxboard')
    cd /Users/codybontecou/projects/Voxboard
    /Applications/Xcode.app/Contents/Developer/usr/bin/actool /Users/codybontecou/projects/Voxboard/Voxboard/Assets.xcassets --compile /tmp/voxboard-watch-sim-derived/Build/Intermediates.noindex/Voxboard.build/Debug-iphonesimulator/Voxboard.build/assetcatalog_output/thinned --output-format human-readable-text --notices --warnings --export-dependency-info /tmp/voxboard-watch-sim-derived/Build/Intermediates.noindex/Voxboard.build/Debug-iphonesimulator/Voxboard.build/assetcatalog_dependencies_thinned --output-partial-info-plist /tmp/voxboard-watch-sim-derived/Build/Intermediates.noindex/Voxboard.build/Debug-iphonesimulator/Voxboard.build/assetcatalog_generated_info.plist_thinned --app-icon AppIcon --accent-color AccentColor --compress-pngs --enable-on-demand-resources YES --filter-for-thinning-device-configuration iPhone18,3 --filter-for-device-os-version 26.5 --development-region en --target-device iphone --target-device ipad --minimum-deployment-target 17.6 --platform iphonesimulator
/* com.apple.actool.document.warnings */
/Users/codybontecou/projects/Voxboard/Voxboard/Assets.xcassets:./AppIcon.appiconset/(null)[2d][AppIcon-1024-backup.png]: warning: The app icon set "AppIcon" has an unassigned child.
/Users/codybontecou/projects/Voxboard/Voxboard/Assets.xcassets:./AppIcon.appiconset/(null)[2d][AppIcon-1024-backup.png]: warning: The app icon set "AppIcon" has an unassigned child.
/Users/codybontecou/projects/Voxboard/Voxboard/Assets.xcassets:./AppIcon.appiconset/(null)[2d][AppIcon-1024-backup.png]: warning: The app icon set "AppIcon" has an unassigned child.
/* com.apple.actool.compilation-results */
/tmp/voxboard-watch-sim-derived/Build/Intermediates.noindex/Voxboard.build/Debug-iphonesimulator/Voxboard.build/assetcatalog_generated_info.plist_thinned
/tmp/voxboard-watch-sim-derived/Build/Intermediates.noindex/Voxboard.build/Debug-iphonesimulator/Voxboard.build/assetcatalog_output/thinned/AppIcon60x60@2x.png
/tmp/voxboard-watch-sim-derived/Build/Intermediates.noindex/Voxboard.build/Debug-iphonesimulator/Voxboard.build/assetcatalog_output/thinned/AppIcon76x76@2x~ipad.png
/tmp/voxboard-watch-sim-derived/Build/Intermediates.noindex/Voxboard.build/Debug-iphonesimulator/Voxboard.build/assetcatalog_output/thinned/Assets.car


CompileXCStrings /tmp/voxboard-watch-sim-derived/Build/Intermediates.noindex/Voxboard.build/Debug-iphonesimulator/Voxboard.build/ /Users/codybontecou/projects/Voxboard/Voxboard/Localizable.xcstrings (in target 'Voxboard' from project 'Voxboard')
    cd /Users/codybontecou/projects/Voxboard
    /Applications/Xcode.app/Contents/Developer/usr/bin/xcstringstool compile --output-directory /tmp/voxboard-watch-sim-derived/Build/Intermediates.noindex/Voxboard.build/Debug-iphonesimulator/Voxboard.build /Users/codybontecou/projects/Voxboard/Voxboard/Localizable.xcstrings

SwiftDriver Voxboard normal arm64 com.apple.xcode.tools.swift.compiler (in target 'Voxboard' from project 'Voxboard')
    cd /Users/codybontecou/projects/Voxboard
    builtin-SwiftDriver -- /Applications/Xcode.app/Contents/Developer/Toolchains/XcodeDefault.xctoolchain/usr/bin/swiftc -module-name Voxboard -Onone @/tmp/voxboard-watch-sim-derived/Build/Intermediates.noindex/Voxboard.build/Debug-iphonesimulator/Voxboard.build/Objects-normal/arm64/Voxboard.SwiftFileList -DDEBUG -default-isolation\=MainActor -enable-bare-slash-regex -enable-upcoming-feature DisableOutwardActorInference -enable-upcoming-feature InferSendableFromCaptures -enable-upcoming-feature GlobalActorIsolatedTypesUsability -enable-upcoming-feature MemberImportVisibility -enable-upcoming-feature InferIsolatedConformances -enable-upcoming-feature NonisolatedNonsendingByDefault -enable-experimental-feature DebugDescriptionMacro -sdk /Applications/Xcode.app/Contents/Developer/Platforms/iPhoneSimulator.platform/Developer/SDKs/iPhoneSimulator26.5.sdk -target arm64-apple-ios17.6-simulator -g -module-cache-path /tmp/voxboard-watch-sim-derived/ModuleCache.noindex -Xfrontend -serialize-debugging-options -enable-testing -index-store-path /tmp/voxboard-watch-sim-derived/Index.noindex/DataStore -Xcc -D_LIBCPP_HARDENING_MODE\=_LIBCPP_HARDENING_MODE_DEBUG -swift-version 5 -I /tmp/voxboard-watch-sim-derived/Build/Products/Debug-iphonesimulator -F /tmp/voxboard-watch-sim-derived/Build/Products/Debug-iphonesimulator/PackageFrameworks -F /tmp/voxboard-watch-sim-derived/Build/Products/Debug-iphonesimulator/PackageFrameworks -F /tmp/voxboard-watch-sim-derived/Build/Products/Debug-iphonesimulator/PackageFrameworks -F /tmp/voxboard-watch-sim-derived/Build/Products/Debug-iphonesimulator/PackageFrameworks -F /tmp/voxboard-watch-sim-derived/Build/Products/Debug-iphonesimulator/PackageFrameworks -F /tmp/voxboard-watch-sim-derived/Build/Products/Debug-iphonesimulator/PackageFrameworks -F /tmp/voxboard-watch-sim-derived/Build/Products/Debug-iphonesimulator/PackageFrameworks -F /tmp/voxboard-watch-sim-derived/Build/Products/Debug-iphonesimulator -emit-localized-strings -emit-localized-strings-path /tmp/voxboard-watch-sim-derived/Build/Intermediates.noindex/Voxboard.build/Debug-iphonesimulator/Voxboard.build/Objects-normal/arm64 -c -j10 -enable-batch-mode -incremental -Xcc -ivfsstatcache -Xcc /tmp/voxboard-watch-sim-derived/SDKStatCaches.noindex/iphonesimulator26.5-23F73-6cfe768891a92b912361537c460fe42b.sdkstatcache -output-file-map /tmp/voxboard-watch-sim-derived/Build/Intermediates.noindex/Voxboard.build/Debug-iphonesimulator/Voxboard.build/Objects-normal/arm64/Voxboard-OutputFileMap.json -use-frontend-parseable-output -save-temps -no-color-diagnostics -explicit-module-build -module-cache-path /tmp/voxboard-watch-sim-derived/Build/Intermediates.noindex/SwiftExplicitPrecompiledModules -clang-scanner-module-cache-path /tmp/voxboard-watch-sim-derived/ModuleCache.noindex -sdk-module-cache-path /tmp/voxboard-watch-sim-derived/ModuleCache.noindex -serialize-diagnostics -emit-dependencies -emit-module -emit-module-path /tmp/voxboard-watch-sim-derived/Build/Intermediates.noindex/Voxboard.build/Debug-iphonesimulator/Voxboard.build/Objects-normal/arm64/Voxboard.swiftmodule -validate-clang-modules-once -clang-build-session-file /tmp/voxboard-watch-sim-derived/ModuleCache.noindex/Session.modulevalidation -Xcc -I/tmp/voxboard-watch-sim-derived/Build/Intermediates.noindex/Voxboard.build/Debug-iphonesimulator/Voxboard.build/swift-overrides.hmap -emit-const-values -Xfrontend -const-gather-protocols-file -Xfrontend /tmp/voxboard-watch-sim-derived/Build/Intermediates.noindex/Voxboard.build/Debug-iphonesimulator/Voxboard.build/Objects-normal/arm64/Voxboard_const_extract_protocols.json -Xcc -iquote -Xcc /tmp/voxboard-watch-sim-derived/Build/Intermediates.noindex/Voxboard.build/Debug-iphonesimulator/Voxboard.build/Voxboard-generated-files.hmap -Xcc -I/tmp/voxboard-watch-sim-derived/Build/Intermediates.noindex/Voxboard.build/Debug-iphonesimulator/Voxboard.build/Voxboard-own-target-headers.hmap -Xcc -I/tmp/voxboard-watch-sim-derived/Build/Intermediates.noindex/Voxboard.build/Debug-iphonesimulator/Voxboard.build/Voxboard-all-non-framework-target-headers.hmap -Xcc -ivfsoverlay -Xcc /tmp/voxboard-watch-sim-derived/Build/Intermediates.noindex/Voxboard.build/Debug-iphonesimulator/Voxboard-8d6c3ba71b53f8320d7c577fe4b80237-VFS-iphonesimulator/all-product-headers.yaml -Xcc -iquote -Xcc /tmp/voxboard-watch-sim-derived/Build/Intermediates.noindex/Voxboard.build/Debug-iphonesimulator/Voxboard.build/Voxboard-project-headers.hmap -Xcc -I/tmp/voxboard-watch-sim-derived/SourcePackages/checkouts/FluidAudio/Sources/MachTaskSelfWrapper/include -Xcc -I/tmp/voxboard-watch-sim-derived/SourcePackages/checkouts/FluidAudio/Sources/FastClusterWrapper/include -Xcc -I/tmp/voxboard-watch-sim-derived/Build/Products/Debug-iphonesimulator/include -Xcc -I/tmp/voxboard-watch-sim-derived/Build/Intermediates.noindex/Voxboard.build/Debug-iphonesimulator/Voxboard.build/DerivedSources-normal/arm64 -Xcc -I/tmp/voxboard-watch-sim-derived/Build/Intermediates.noindex/Voxboard.build/Debug-iphonesimulator/Voxboard.build/DerivedSources/arm64 -Xcc -I/tmp/voxboard-watch-sim-derived/Build/Intermediates.noindex/Voxboard.build/Debug-iphonesimulator/Voxboard.build/DerivedSources -Xcc -DDEBUG\=1 -emit-objc-header -emit-objc-header-path /tmp/voxboard-watch-sim-derived/Build/Intermediates.noindex/Voxboard.build/Debug-iphonesimulator/Voxboard.build/Objects-normal/arm64/Voxboard-Swift.h -working-directory /Users/codybontecou/projects/Voxboard -experimental-emit-module-separately -disable-cmo

CopyStringsFile /tmp/voxboard-watch-sim-derived/Build/Products/Debug-iphonesimulator/Voxboard.app/zh-Hant.lproj/Localizable.strings /tmp/voxboard-watch-sim-derived/Build/Intermediates.noindex/Voxboard.build/Debug-iphonesimulator/Voxboard.build/zh-Hant.lproj/Localizable.strings (in target 'Voxboard' from project 'Voxboard')
    cd /Users/codybontecou/projects/Voxboard
    builtin-copyStrings --validate --outputencoding binary --outfilename Localizable.strings --outdir /tmp/voxboard-watch-sim-derived/Build/Products/Debug-iphonesimulator/Voxboard.app/zh-Hant.lproj -- /tmp/voxboard-watch-sim-derived/Build/Intermediates.noindex/Voxboard.build/Debug-iphonesimulator/Voxboard.build/zh-Hant.lproj/Localizable.strings
/tmp/voxboard-watch-sim-derived/Build/Intermediates.noindex/Voxboard.build/Debug-iphonesimulator/Voxboard.build/zh-Hant.lproj/Localizable.strings:1:1: note: detected encoding of input file as Unicode (UTF-8) (in target 'Voxboard' from project 'Voxboard')

CopyStringsFile /tmp/voxboard-watch-sim-derived/Build/Products/Debug-iphonesimulator/Voxboard.app/zh-Hans.lproj/Localizable.strings /tmp/voxboard-watch-sim-derived/Build/Intermediates.noindex/Voxboard.build/Debug-iphonesimulator/Voxboard.build/zh-Hans.lproj/Localizable.strings (in target 'Voxboard' from project 'Voxboard')
    cd /Users/codybontecou/projects/Voxboard
    builtin-copyStrings --validate --outputencoding binary --outfilename Localizable.strings --outdir /tmp/voxboard-watch-sim-derived/Build/Products/Debug-iphonesimulator/Voxboard.app/zh-Hans.lproj -- /tmp/voxboard-watch-sim-derived/Build/Intermediates.noindex/Voxboard.build/Debug-iphonesimulator/Voxboard.build/zh-Hans.lproj/Localizable.strings
/tmp/voxboard-watch-sim-derived/Build/Intermediates.noindex/Voxboard.build/Debug-iphonesimulator/Voxboard.build/zh-Hans.lproj/Localizable.strings:1:1: note: detected encoding of input file as Unicode (UTF-8) (in target 'Voxboard' from project 'Voxboard')

CopyStringsFile /tmp/voxboard-watch-sim-derived/Build/Products/Debug-iphonesimulator/Voxboard.app/vi.lproj/Localizable.strings /tmp/voxboard-watch-sim-derived/Build/Intermediates.noindex/Voxboard.build/Debug-iphonesimulator/Voxboard.build/vi.lproj/Localizable.strings (in target 'Voxboard' from project 'Voxboard')
    cd /Users/codybontecou/projects/Voxboard
    builtin-copyStrings --validate --outputencoding binary --outfilename Localizable.strings --outdir /tmp/voxboard-watch-sim-derived/Build/Products/Debug-iphonesimulator/Voxboard.app/vi.lproj -- /tmp/voxboard-watch-sim-derived/Build/Intermediates.noindex/Voxboard.build/Debug-iphonesimulator/Voxboard.build/vi.lproj/Localizable.strings
/tmp/voxboard-watch-sim-derived/Build/Intermediates.noindex/Voxboard.build/Debug-iphonesimulator/Voxboard.build/vi.lproj/Localizable.strings:1:1: note: detected encoding of input file as Unicode (UTF-8) (in target 'Voxboard' from project 'Voxboard')

CopyStringsFile /tmp/voxboard-watch-sim-derived/Build/Products/Debug-iphonesimulator/Voxboard.app/ur.lproj/Localizable.strings /tmp/voxboard-watch-sim-derived/Build/Intermediates.noindex/Voxboard.build/Debug-iphonesimulator/Voxboard.build/ur.lproj/Localizable.strings (in target 'Voxboard' from project 'Voxboard')
    cd /Users/codybontecou/projects/Voxboard
    builtin-copyStrings --validate --outputencoding binary --outfilename Localizable.strings --outdir /tmp/voxboard-watch-sim-derived/Build/Products/Debug-iphonesimulator/Voxboard.app/ur.lproj -- /tmp/voxboard-watch-sim-derived/Build/Intermediates.noindex/Voxboard.build/Debug-iphonesimulator/Voxboard.build/ur.lproj/Localizable.strings
/tmp/voxboard-watch-sim-derived/Build/Intermediates.noindex/Voxboard.build/Debug-iphonesimulator/Voxboard.build/ur.lproj/Localizable.strings:1:1: note: detected encoding of input file as Unicode (UTF-8) (in target 'Voxboard' from project 'Voxboard')

CopyStringsFile /tmp/voxboard-watch-sim-derived/Build/Products/Debug-iphonesimulator/Voxboard.app/uk.lproj/Localizable.strings /tmp/voxboard-watch-sim-derived/Build/Intermediates.noindex/Voxboard.build/Debug-iphonesimulator/Voxboard.build/uk.lproj/Localizable.strings (in target 'Voxboard' from project 'Voxboard')
    cd /Users/codybontecou/projects/Voxboard
    builtin-copyStrings --validate --outputencoding binary --outfilename Localizable.strings --outdir /tmp/voxboard-watch-sim-derived/Build/Products/Debug-iphonesimulator/Voxboard.app/uk.lproj -- /tmp/voxboard-watch-sim-derived/Build/Intermediates.noindex/Voxboard.build/Debug-iphonesimulator/Voxboard.build/uk.lproj/Localizable.strings
/tmp/voxboard-watch-sim-derived/Build/Intermediates.noindex/Voxboard.build/Debug-iphonesimulator/Voxboard.build/uk.lproj/Localizable.strings:1:1: note: detected encoding of input file as Unicode (UTF-8) (in target 'Voxboard' from project 'Voxboard')

CopyStringsFile /tmp/voxboard-watch-sim-derived/Build/Products/Debug-iphonesimulator/Voxboard.app/tr.lproj/Localizable.strings /tmp/voxboard-watch-sim-derived/Build/Intermediates.noindex/Voxboard.build/Debug-iphonesimulator/Voxboard.build/tr.lproj/Localizable.strings (in target 'Voxboard' from project 'Voxboard')
    cd /Users/codybontecou/projects/Voxboard
    builtin-copyStrings --validate --outputencoding binary --outfilename Localizable.strings --outdir /tmp/voxboard-watch-sim-derived/Build/Products/Debug-iphonesimulator/Voxboard.app/tr.lproj -- /tmp/voxboard-watch-sim-derived/Build/Intermediates.noindex/Voxboard.build/Debug-iphonesimulator/Voxboard.build/tr.lproj/Localizable.strings
/tmp/voxboard-watch-sim-derived/Build/Intermediates.noindex/Voxboard.build/Debug-iphonesimulator/Voxboard.build/tr.lproj/Localizable.strings:1:1: note: detected encoding of input file as Unicode (UTF-8) (in target 'Voxboard' from project 'Voxboard')

CopyStringsFile /tmp/voxboard-watch-sim-derived/Build/Products/Debug-iphonesimulator/Voxboard.app/th.lproj/Localizable.strings /tmp/voxboard-watch-sim-derived/Build/Intermediates.noindex/Voxboard.build/Debug-iphonesimulator/Voxboard.build/th.lproj/Localizable.strings (in target 'Voxboard' from project 'Voxboard')
    cd /Users/codybontecou/projects/Voxboard
    builtin-copyStrings --validate --outputencoding binary --outfilename Localizable.strings --outdir /tmp/voxboard-watch-sim-derived/Build/Products/Debug-iphonesimulator/Voxboard.app/th.lproj -- /tmp/voxboard-watch-sim-derived/Build/Intermediates.noindex/Voxboard.build/Debug-iphonesimulator/Voxboard.build/th.lproj/Localizable.strings
/tmp/voxboard-watch-sim-derived/Build/Intermediates.noindex/Voxboard.build/Debug-iphonesimulator/Voxboard.build/th.lproj/Localizable.strings:1:1: note: detected encoding of input file as Unicode (UTF-8) (in target 'Voxboard' from project 'Voxboard')

CopyStringsFile /tmp/voxboard-watch-sim-derived/Build/Products/Debug-iphonesimulator/Voxboard.app/ta.lproj/Localizable.strings /tmp/voxboard-watch-sim-derived/Build/Intermediates.noindex/Voxboard.build/Debug-iphonesimulator/Voxboard.build/ta.lproj/Localizable.strings (in target 'Voxboard' from project 'Voxboard')
    cd /Users/codybontecou/projects/Voxboard
    builtin-copyStrings --validate --outputencoding binary --outfilename Localizable.strings --outdir /tmp/voxboard-watch-sim-derived/Build/Products/Debug-iphonesimulator/Voxboard.app/ta.lproj -- /tmp/voxboard-watch-sim-derived/Build/Intermediates.noindex/Voxboard.build/Debug-iphonesimulator/Voxboard.build/ta.lproj/Localizable.strings
/tmp/voxboard-watch-sim-derived/Build/Intermediates.noindex/Voxboard.build/Debug-iphonesimulator/Voxboard.build/ta.lproj/Localizable.strings:1:1: note: detected encoding of input file as Unicode (UTF-8) (in target 'Voxboard' from project 'Voxboard')

CopyStringsFile /tmp/voxboard-watch-sim-derived/Build/Products/Debug-iphonesimulator/Voxboard.app/ru.lproj/Localizable.strings /tmp/voxboard-watch-sim-derived/Build/Intermediates.noindex/Voxboard.build/Debug-iphonesimulator/Voxboard.build/ru.lproj/Localizable.strings (in target 'Voxboard' from project 'Voxboard')
    cd /Users/codybontecou/projects/Voxboard
    builtin-copyStrings --validate --outputencoding binary --outfilename Localizable.strings --outdir /tmp/voxboard-watch-sim-derived/Build/Products/Debug-iphonesimulator/Voxboard.app/ru.lproj -- /tmp/voxboard-watch-sim-derived/Build/Intermediates.noindex/Voxboard.build/Debug-iphonesimulator/Voxboard.build/ru.lproj/Localizable.strings
/tmp/voxboard-watch-sim-derived/Build/Intermediates.noindex/Voxboard.build/Debug-iphonesimulator/Voxboard.build/ru.lproj/Localizable.strings:1:1: note: detected encoding of input file as Unicode (UTF-8) (in target 'Voxboard' from project 'Voxboard')

CopyStringsFile /tmp/voxboard-watch-sim-derived/Build/Products/Debug-iphonesimulator/Voxboard.app/pt-BR.lproj/Localizable.strings /tmp/voxboard-watch-sim-derived/Build/Intermediates.noindex/Voxboard.build/Debug-iphonesimulator/Voxboard.build/pt-BR.lproj/Localizable.strings (in target 'Voxboard' from project 'Voxboard')
    cd /Users/codybontecou/projects/Voxboard
    builtin-copyStrings --validate --outputencoding binary --outfilename Localizable.strings --outdir /tmp/voxboard-watch-sim-derived/Build/Products/Debug-iphonesimulator/Voxboard.app/pt-BR.lproj -- /tmp/voxboard-watch-sim-derived/Build/Intermediates.noindex/Voxboard.build/Debug-iphonesimulator/Voxboard.build/pt-BR.lproj/Localizable.strings
/tmp/voxboard-watch-sim-derived/Build/Intermediates.noindex/Voxboard.build/Debug-iphonesimulator/Voxboard.build/pt-BR.lproj/Localizable.strings:1:1: note: detected encoding of input file as Unicode (UTF-8) (in target 'Voxboard' from project 'Voxboard')

CopyStringsFile /tmp/voxboard-watch-sim-derived/Build/Products/Debug-iphonesimulator/Voxboard.app/pl.lproj/Localizable.strings /tmp/voxboard-watch-sim-derived/Build/Intermediates.noindex/Voxboard.build/Debug-iphonesimulator/Voxboard.build/pl.lproj/Localizable.strings (in target 'Voxboard' from project 'Voxboard')
    cd /Users/codybontecou/projects/Voxboard
    builtin-copyStrings --validate --outputencoding binary --outfilename Localizable.strings --outdir /tmp/voxboard-watch-sim-derived/Build/Products/Debug-iphonesimulator/Voxboard.app/pl.lproj -- /tmp/voxboard-watch-sim-derived/Build/Intermediates.noindex/Voxboard.build/Debug-iphonesimulator/Voxboard.build/pl.lproj/Localizable.strings
/tmp/voxboard-watch-sim-derived/Build/Intermediates.noindex/Voxboard.build/Debug-iphonesimulator/Voxboard.build/pl.lproj/Localizable.strings:1:1: note: detected encoding of input file as Unicode (UTF-8) (in target 'Voxboard' from project 'Voxboard')

CopyStringsFile /tmp/voxboard-watch-sim-derived/Build/Products/Debug-iphonesimulator/Voxboard.app/nl.lproj/Localizable.strings /tmp/voxboard-watch-sim-derived/Build/Intermediates.noindex/Voxboard.build/Debug-iphonesimulator/Voxboard.build/nl.lproj/Localizable.strings (in target 'Voxboard' from project 'Voxboard')
    cd /Users/codybontecou/projects/Voxboard
    builtin-copyStrings --validate --outputencoding binary --outfilename Localizable.strings --outdir /tmp/voxboard-watch-sim-derived/Build/Products/Debug-iphonesimulator/Voxboard.app/nl.lproj -- /tmp/voxboard-watch-sim-derived/Build/Intermediates.noindex/Voxboard.build/Debug-iphonesimulator/Voxboard.build/nl.lproj/Localizable.strings
/tmp/voxboard-watch-sim-derived/Build/Intermediates.noindex/Voxboard.build/Debug-iphonesimulator/Voxboard.build/nl.lproj/Localizable.strings:1:1: note: detected encoding of input file as Unicode (UTF-8) (in target 'Voxboard' from project 'Voxboard')

CopyStringsFile /tmp/voxboard-watch-sim-derived/Build/Products/Debug-iphonesimulator/Voxboard.app/ko.lproj/Localizable.strings /tmp/voxboard-watch-sim-derived/Build/Intermediates.noindex/Voxboard.build/Debug-iphonesimulator/Voxboard.build/ko.lproj/Localizable.strings (in target 'Voxboard' from project 'Voxboard')
    cd /Users/codybontecou/projects/Voxboard
    builtin-copyStrings --validate --outputencoding binary --outfilename Localizable.strings --outdir /tmp/voxboard-watch-sim-derived/Build/Products/Debug-iphonesimulator/Voxboard.app/ko.lproj -- /tmp/voxboard-watch-sim-derived/Build/Intermediates.noindex/Voxboard.build/Debug-iphonesimulator/Voxboard.build/ko.lproj/Localizable.strings
/tmp/voxboard-watch-sim-derived/Build/Intermediates.noindex/Voxboard.build/Debug-iphonesimulator/Voxboard.build/ko.lproj/Localizable.strings:1:1: note: detected encoding of input file as Unicode (UTF-8) (in target 'Voxboard' from project 'Voxboard')

CopyStringsFile /tmp/voxboard-watch-sim-derived/Build/Products/Debug-iphonesimulator/Voxboard.app/ja.lproj/Localizable.strings /tmp/voxboard-watch-sim-derived/Build/Intermediates.noindex/Voxboard.build/Debug-iphonesimulator/Voxboard.build/ja.lproj/Localizable.strings (in target 'Voxboard' from project 'Voxboard')
    cd /Users/codybontecou/projects/Voxboard
    builtin-copyStrings --validate --outputencoding binary --outfilename Localizable.strings --outdir /tmp/voxboard-watch-sim-derived/Build/Products/Debug-iphonesimulator/Voxboard.app/ja.lproj -- /tmp/voxboard-watch-sim-derived/Build/Intermediates.noindex/Voxboard.build/Debug-iphonesimulator/Voxboard.build/ja.lproj/Localizable.strings
/tmp/voxboard-watch-sim-derived/Build/Intermediates.noindex/Voxboard.build/Debug-iphonesimulator/Voxboard.build/ja.lproj/Localizable.strings:1:1: note: detected encoding of input file as Unicode (UTF-8) (in target 'Voxboard' from project 'Voxboard')

CopyStringsFile /tmp/voxboard-watch-sim-derived/Build/Products/Debug-iphonesimulator/Voxboard.app/it.lproj/Localizable.strings /tmp/voxboard-watch-sim-derived/Build/Intermediates.noindex/Voxboard.build/Debug-iphonesimulator/Voxboard.build/it.lproj/Localizable.strings (in target 'Voxboard' from project 'Voxboard')
    cd /Users/codybontecou/projects/Voxboard
    builtin-copyStrings --validate --outputencoding binary --outfilename Localizable.strings --outdir /tmp/voxboard-watch-sim-derived/Build/Products/Debug-iphonesimulator/Voxboard.app/it.lproj -- /tmp/voxboard-watch-sim-derived/Build/Intermediates.noindex/Voxboard.build/Debug-iphonesimulator/Voxboard.build/it.lproj/Localizable.strings
/tmp/voxboard-watch-sim-derived/Build/Intermediates.noindex/Voxboard.build/Debug-iphonesimulator/Voxboard.build/it.lproj/Localizable.strings:1:1: note: detected encoding of input file as Unicode (UTF-8) (in target 'Voxboard' from project 'Voxboard')

CopyStringsFile /tmp/voxboard-watch-sim-derived/Build/Products/Debug-iphonesimulator/Voxboard.app/id.lproj/Localizable.strings /tmp/voxboard-watch-sim-derived/Build/Intermediates.noindex/Voxboard.build/Debug-iphonesimulator/Voxboard.build/id.lproj/Localizable.strings (in target 'Voxboard' from project 'Voxboard')
    cd /Users/codybontecou/projects/Voxboard
    builtin-copyStrings --validate --outputencoding binary --outfilename Localizable.strings --outdir /tmp/voxboard-watch-sim-derived/Build/Products/Debug-iphonesimulator/Voxboard.app/id.lproj -- /tmp/voxboard-watch-sim-derived/Build/Intermediates.noindex/Voxboard.build/Debug-iphonesimulator/Voxboard.build/id.lproj/Localizable.strings
/tmp/voxboard-watch-sim-derived/Build/Intermediates.noindex/Voxboard.build/Debug-iphonesimulator/Voxboard.build/id.lproj/Localizable.strings:1:1: note: detected encoding of input file as Unicode (UTF-8) (in target 'Voxboard' from project 'Voxboard')

CopyStringsFile /tmp/voxboard-watch-sim-derived/Build/Products/Debug-iphonesimulator/Voxboard.app/hi.lproj/Localizable.strings /tmp/voxboard-watch-sim-derived/Build/Intermediates.noindex/Voxboard.build/Debug-iphonesimulator/Voxboard.build/hi.lproj/Localizable.strings (in target 'Voxboard' from project 'Voxboard')
    cd /Users/codybontecou/projects/Voxboard
    builtin-copyStrings --validate --outputencoding binary --outfilename Localizable.strings --outdir /tmp/voxboard-watch-sim-derived/Build/Products/Debug-iphonesimulator/Voxboard.app/hi.lproj -- /tmp/voxboard-watch-sim-derived/Build/Intermediates.noindex/Voxboard.build/Debug-iphonesimulator/Voxboard.build/hi.lproj/Localizable.strings
/tmp/voxboard-watch-sim-derived/Build/Intermediates.noindex/Voxboard.build/Debug-iphonesimulator/Voxboard.build/hi.lproj/Localizable.strings:1:1: note: detected encoding of input file as Unicode (UTF-8) (in target 'Voxboard' from project 'Voxboard')

CopyStringsFile /tmp/voxboard-watch-sim-derived/Build/Products/Debug-iphonesimulator/Voxboard.app/fr.lproj/Localizable.strings /tmp/voxboard-watch-sim-derived/Build/Intermediates.noindex/Voxboard.build/Debug-iphonesimulator/Voxboard.build/fr.lproj/Localizable.strings (in target 'Voxboard' from project 'Voxboard')
    cd /Users/codybontecou/projects/Voxboard
    builtin-copyStrings --validate --outputencoding binary --outfilename Localizable.strings --outdir /tmp/voxboard-watch-sim-derived/Build/Products/Debug-iphonesimulator/Voxboard.app/fr.lproj -- /tmp/voxboard-watch-sim-derived/Build/Intermediates.noindex/Voxboard.build/Debug-iphonesimulator/Voxboard.build/fr.lproj/Localizable.strings
/tmp/voxboard-watch-sim-derived/Build/Intermediates.noindex/Voxboard.build/Debug-iphonesimulator/Voxboard.build/fr.lproj/Localizable.strings:1:1: note: detected encoding of input file as Unicode (UTF-8) (in target 'Voxboard' from project 'Voxboard')

CopyStringsFile /tmp/voxboard-watch-sim-derived/Build/Products/Debug-iphonesimulator/Voxboard.app/es.lproj/Localizable.strings /tmp/voxboard-watch-sim-derived/Build/Intermediates.noindex/Voxboard.build/Debug-iphonesimulator/Voxboard.build/es.lproj/Localizable.strings (in target 'Voxboard' from project 'Voxboard')
    cd /Users/codybontecou/projects/Voxboard
    builtin-copyStrings --validate --outputencoding binary --outfilename Localizable.strings --outdir /tmp/voxboard-watch-sim-derived/Build/Products/Debug-iphonesimulator/Voxboard.app/es.lproj -- /tmp/voxboard-watch-sim-derived/Build/Intermediates.noindex/Voxboard.build/Debug-iphonesimulator/Voxboard.build/es.lproj/Localizable.strings
/tmp/voxboard-watch-sim-derived/Build/Intermediates.noindex/Voxboard.build/Debug-iphonesimulator/Voxboard.build/es.lproj/Localizable.strings:1:1: note: detected encoding of input file as Unicode (UTF-8) (in target 'Voxboard' from project 'Voxboard')

CopyStringsFile /tmp/voxboard-watch-sim-derived/Build/Products/Debug-iphonesimulator/Voxboard.app/en.lproj/Localizable.strings /tmp/voxboard-watch-sim-derived/Build/Intermediates.noindex/Voxboard.build/Debug-iphonesimulator/Voxboard.build/en.lproj/Localizable.strings (in target 'Voxboard' from project 'Voxboard')
    cd /Users/codybontecou/projects/Voxboard
    builtin-copyStrings --validate --outputencoding binary --outfilename Localizable.strings --outdir /tmp/voxboard-watch-sim-derived/Build/Products/Debug-iphonesimulator/Voxboard.app/en.lproj -- /tmp/voxboard-watch-sim-derived/Build/Intermediates.noindex/Voxboard.build/Debug-iphonesimulator/Voxboard.build/en.lproj/Localizable.strings
/tmp/voxboard-watch-sim-derived/Build/Intermediates.noindex/Voxboard.build/Debug-iphonesimulator/Voxboard.build/en.lproj/Localizable.strings:1:1: note: detected encoding of input file as Unicode (UTF-8) (in target 'Voxboard' from project 'Voxboard')

CopyStringsFile /tmp/voxboard-watch-sim-derived/Build/Products/Debug-iphonesimulator/Voxboard.app/bn.lproj/Localizable.strings /tmp/voxboard-watch-sim-derived/Build/Intermediates.noindex/Voxboard.build/Debug-iphonesimulator/Voxboard.build/bn.lproj/Localizable.strings (in target 'Voxboard' from project 'Voxboard')
    cd /Users/codybontecou/projects/Voxboard
    builtin-copyStrings --validate --outputencoding binary --outfilename Localizable.strings --outdir /tmp/voxboard-watch-sim-derived/Build/Products/Debug-iphonesimulator/Voxboard.app/bn.lproj -- /tmp/voxboard-watch-sim-derived/Build/Intermediates.noindex/Voxboard.build/Debug-iphonesimulator/Voxboard.build/bn.lproj/Localizable.strings
/tmp/voxboard-watch-sim-derived/Build/Intermediates.noindex/Voxboard.build/Debug-iphonesimulator/Voxboard.build/bn.lproj/Localizable.strings:1:1: note: detected encoding of input file as Unicode (UTF-8) (in target 'Voxboard' from project 'Voxboard')

CopyStringsFile /tmp/voxboard-watch-sim-derived/Build/Products/Debug-iphonesimulator/Voxboard.app/de.lproj/Localizable.strings /tmp/voxboard-watch-sim-derived/Build/Intermediates.noindex/Voxboard.build/Debug-iphonesimulator/Voxboard.build/de.lproj/Localizable.strings (in target 'Voxboard' from project 'Voxboard')
    cd /Users/codybontecou/projects/Voxboard
    builtin-copyStrings --validate --outputencoding binary --outfilename Localizable.strings --outdir /tmp/voxboard-watch-sim-derived/Build/Products/Debug-iphonesimulator/Voxboard.app/de.lproj -- /tmp/voxboard-watch-sim-derived/Build/Intermediates.noindex/Voxboard.build/Debug-iphonesimulator/Voxboard.build/de.lproj/Localizable.strings
/tmp/voxboard-watch-sim-derived/Build/Intermediates.noindex/Voxboard.build/Debug-iphonesimulator/Voxboard.build/de.lproj/Localizable.strings:1:1: note: detected encoding of input file as Unicode (UTF-8) (in target 'Voxboard' from project 'Voxboard')

CopyStringsFile /tmp/voxboard-watch-sim-derived/Build/Products/Debug-iphonesimulator/Voxboard.app/ar.lproj/Localizable.strings /tmp/voxboard-watch-sim-derived/Build/Intermediates.noindex/Voxboard.build/Debug-iphonesimulator/Voxboard.build/ar.lproj/Localizable.strings (in target 'Voxboard' from project 'Voxboard')
    cd /Users/codybontecou/projects/Voxboard
    builtin-copyStrings --validate --outputencoding binary --outfilename Localizable.strings --outdir /tmp/voxboard-watch-sim-derived/Build/Products/Debug-iphonesimulator/Voxboard.app/ar.lproj -- /tmp/voxboard-watch-sim-derived/Build/Intermediates.noindex/Voxboard.build/Debug-iphonesimulator/Voxboard.build/ar.lproj/Localizable.strings
/tmp/voxboard-watch-sim-derived/Build/Intermediates.noindex/Voxboard.build/Debug-iphonesimulator/Voxboard.build/ar.lproj/Localizable.strings:1:1: note: detected encoding of input file as Unicode (UTF-8) (in target 'Voxboard' from project 'Voxboard')

SwiftDriverJobDiscovery normal arm64 Compiling VoiceToolbarView.swift (in target 'Voxboard Keyboard' from project 'Voxboard')

SwiftDriverJobDiscovery normal arm64 Compiling VoiceKeyboardState.swift (in target 'Voxboard Keyboard' from project 'Voxboard')

SwiftDriver\ Compilation Voxboard\ Keyboard normal arm64 com.apple.xcode.tools.swift.compiler (in target 'Voxboard Keyboard' from project 'Voxboard')
    cd /Users/codybontecou/projects/Voxboard
    builtin-Swift-Compilation -- /Applications/Xcode.app/Contents/Developer/Toolchains/XcodeDefault.xctoolchain/usr/bin/swiftc -module-name Voxboard_Keyboard -Onone @/tmp/voxboard-watch-sim-derived/Build/Intermediates.noindex/Voxboard.build/Debug-iphonesimulator/Voxboard\ Keyboard.build/Objects-normal/arm64/Voxboard\ Keyboard.SwiftFileList -DDEBUG -enable-bare-slash-regex -enable-upcoming-feature DisableOutwardActorInference -enable-upcoming-feature InferSendableFromCaptures -enable-upcoming-feature GlobalActorIsolatedTypesUsability -enable-upcoming-feature MemberImportVisibility -enable-upcoming-feature InferIsolatedConformances -enable-upcoming-feature NonisolatedNonsendingByDefault -enable-experimental-feature DebugDescriptionMacro -sdk /Applications/Xcode.app/Contents/Developer/Platforms/iPhoneSimulator.platform/Developer/SDKs/iPhoneSimulator26.5.sdk -target arm64-apple-ios17.6-simulator -g -module-cache-path /tmp/voxboard-watch-sim-derived/ModuleCache.noindex -Xfrontend -serialize-debugging-options -application-extension -enable-testing -index-store-path /tmp/voxboard-watch-sim-derived/Index.noindex/DataStore -Xcc -D_LIBCPP_HARDENING_MODE\=_LIBCPP_HARDENING_MODE_DEBUG -swift-version 5 -I /tmp/voxboard-watch-sim-derived/Build/Products/Debug-iphonesimulator -F /tmp/voxboard-watch-sim-derived/Build/Products/Debug-iphonesimulator/PackageFrameworks -F /tmp/voxboard-watch-sim-derived/Build/Products/Debug-iphonesimulator/PackageFrameworks -F /tmp/voxboard-watch-sim-derived/Build/Products/Debug-iphonesimulator/PackageFrameworks -F /tmp/voxboard-watch-sim-derived/Build/Products/Debug-iphonesimulator/PackageFrameworks -F /tmp/voxboard-watch-sim-derived/Build/Products/Debug-iphonesimulator/PackageFrameworks -F /tmp/voxboard-watch-sim-derived/Build/Products/Debug-iphonesimulator -emit-localized-strings -emit-localized-strings-path /tmp/voxboard-watch-sim-derived/Build/Intermediates.noindex/Voxboard.build/Debug-iphonesimulator/Voxboard\ Keyboard.build/Objects-normal/arm64 -c -j10 -enable-batch-mode -incremental -Xcc -ivfsstatcache -Xcc /tmp/voxboard-watch-sim-derived/SDKStatCaches.noindex/iphonesimulator26.5-23F73-6cfe768891a92b912361537c460fe42b.sdkstatcache -output-file-map /tmp/voxboard-watch-sim-derived/Build/Intermediates.noindex/Voxboard.build/Debug-iphonesimulator/Voxboard\ Keyboard.build/Objects-normal/arm64/Voxboard\ Keyboard-OutputFileMap.json -use-frontend-parseable-output -save-temps -no-color-diagnostics -explicit-module-build -module-cache-path /tmp/voxboard-watch-sim-derived/Build/Intermediates.noindex/SwiftExplicitPrecompiledModules -clang-scanner-module-cache-path /tmp/voxboard-watch-sim-derived/ModuleCache.noindex -sdk-module-cache-path /tmp/voxboard-watch-sim-derived/ModuleCache.noindex -serialize-diagnostics -emit-dependencies -emit-module -emit-module-path /tmp/voxboard-watch-sim-derived/Build/Intermediates.noindex/Voxboard.build/Debug-iphonesimulator/Voxboard\ Keyboard.build/Objects-normal/arm64/Voxboard_Keyboard.swiftmodule -validate-clang-modules-once -clang-build-session-file /tmp/voxboard-watch-sim-derived/ModuleCache.noindex/Session.modulevalidation -Xcc -I/tmp/voxboard-watch-sim-derived/Build/Intermediates.noindex/Voxboard.build/Debug-iphonesimulator/Voxboard\ Keyboard.build/swift-overrides.hmap -emit-const-values -Xfrontend -const-gather-protocols-file -Xfrontend /tmp/voxboard-watch-sim-derived/Build/Intermediates.noindex/Voxboard.build/Debug-iphonesimulator/Voxboard\ Keyboard.build/Objects-normal/arm64/Voxboard\ Keyboard_const_extract_protocols.json -Xcc -iquote -Xcc /tmp/voxboard-watch-sim-derived/Build/Intermediates.noindex/Voxboard.build/Debug-iphonesimulator/Voxboard\ Keyboard.build/Voxboard\ Keyboard-generated-files.hmap -Xcc -I/tmp/voxboard-watch-sim-derived/Build/Intermediates.noindex/Voxboard.build/Debug-iphonesimulator/Voxboard\ Keyboard.build/Voxboard\ Keyboard-own-target-headers.hmap -Xcc -I/tmp/voxboard-watch-sim-derived/Build/Intermediates.noindex/Voxboard.build/Debug-iphonesimulator/Voxboard\ Keyboard.build/Voxboard\ Keyboard-all-non-framework-target-headers.hmap -Xcc -ivfsoverlay -Xcc /tmp/voxboard-watch-sim-derived/Build/Intermediates.noindex/Voxboard.build/Debug-iphonesimulator/Voxboard-8d6c3ba71b53f8320d7c577fe4b80237-VFS-iphonesimulator/all-product-headers.yaml -Xcc -iquote -Xcc /tmp/voxboard-watch-sim-derived/Build/Intermediates.noindex/Voxboard.build/Debug-iphonesimulator/Voxboard\ Keyboard.build/Voxboard\ Keyboard-project-headers.hmap -Xcc -I/tmp/voxboard-watch-sim-derived/SourcePackages/checkouts/FluidAudio/Sources/MachTaskSelfWrapper/include -Xcc -I/tmp/voxboard-watch-sim-derived/SourcePackages/checkouts/FluidAudio/Sources/FastClusterWrapper/include -Xcc -I/tmp/voxboard-watch-sim-derived/Build/Products/Debug-iphonesimulator/include -Xcc -I/tmp/voxboard-watch-sim-derived/Build/Intermediates.noindex/Voxboard.build/Debug-iphonesimulator/Voxboard\ Keyboard.build/DerivedSources-normal/arm64 -Xcc -I/tmp/voxboard-watch-sim-derived/Build/Intermediates.noindex/Voxboard.build/Debug-iphonesimulator/Voxboard\ Keyboard.build/DerivedSources/arm64 -Xcc -I/tmp/voxboard-watch-sim-derived/Build/Intermediates.noindex/Voxboard.build/Debug-iphonesimulator/Voxboard\ Keyboard.build/DerivedSources -Xcc -DDEBUG\=1 -emit-objc-header -emit-objc-header-path /tmp/voxboard-watch-sim-derived/Build/Intermediates.noindex/Voxboard.build/Debug-iphonesimulator/Voxboard\ Keyboard.build/Objects-normal/arm64/Voxboard_Keyboard-Swift.h -working-directory /Users/codybontecou/projects/Voxboard -experimental-emit-module-separately -disable-cmo

Ld /tmp/voxboard-watch-sim-derived/Build/Products/Debug-iphonesimulator/Voxboard\ Keyboard.appex/Voxboard\ Keyboard.debug.dylib normal (in target 'Voxboard Keyboard' from project 'Voxboard')
    cd /Users/codybontecou/projects/Voxboard
    /Applications/Xcode.app/Contents/Developer/Toolchains/XcodeDefault.xctoolchain/usr/bin/clang -Xlinker -reproducible -target arm64-apple-ios17.6-simulator -dynamiclib -isysroot /Applications/Xcode.app/Contents/Developer/Platforms/iPhoneSimulator.platform/Developer/SDKs/iPhoneSimulator26.5.sdk -O0 -L/tmp/voxboard-watch-sim-derived/Build/Intermediates.noindex/EagerLinkingTBDs/Debug-iphonesimulator -L/tmp/voxboard-watch-sim-derived/Build/Products/Debug-iphonesimulator -F/tmp/voxboard-watch-sim-derived/Build/Intermediates.noindex/EagerLinkingTBDs/Debug-iphonesimulator -F/tmp/voxboard-watch-sim-derived/Build/Products/Debug-iphonesimulator/PackageFrameworks -F/tmp/voxboard-watch-sim-derived/Build/Products/Debug-iphonesimulator/PackageFrameworks -F/tmp/voxboard-watch-sim-derived/Build/Products/Debug-iphonesimulator/PackageFrameworks -F/tmp/voxboard-watch-sim-derived/Build/Products/Debug-iphonesimulator/PackageFrameworks -F/tmp/voxboard-watch-sim-derived/Build/Products/Debug-iphonesimulator/PackageFrameworks -F/tmp/voxboard-watch-sim-derived/Build/Products/Debug-iphonesimulator -filelist /tmp/voxboard-watch-sim-derived/Build/Intermediates.noindex/Voxboard.build/Debug-iphonesimulator/Voxboard\ Keyboard.build/Objects-normal/arm64/Voxboard\ Keyboard.LinkFileList -install_name @rpath/Voxboard\ Keyboard.debug.dylib -Xlinker -rpath -Xlinker /usr/lib/swift -Xlinker -rpath -Xlinker /tmp/voxboard-watch-sim-derived/Build/Products/Debug-iphonesimulator/PackageFrameworks -Xlinker -rpath -Xlinker @executable_path/Frameworks -Xlinker -rpath -Xlinker @executable_path/../../Frameworks -Xlinker -dead_strip -Xlinker -object_path_lto -Xlinker /tmp/voxboard-watch-sim-derived/Build/Intermediates.noindex/Voxboard.build/Debug-iphonesimulator/Voxboard\ Keyboard.build/Objects-normal/arm64/Voxboard\ Keyboard_lto.o -rdynamic -Xlinker -no_deduplicate -Xlinker -objc_abi_version -Xlinker 2 -Xlinker -dependency_info -Xlinker /tmp/voxboard-watch-sim-derived/Build/Intermediates.noindex/Voxboard.build/Debug-iphonesimulator/Voxboard\ Keyboard.build/Objects-normal/arm64/Voxboard\ Keyboard_dependency_info.dat -fapplication-extension -fobjc-link-runtime -L/Applications/Xcode.app/Contents/Developer/Toolchains/XcodeDefault.xctoolchain/usr/lib/swift/iphonesimulator -L/usr/lib/swift -Xlinker -add_ast_path -Xlinker /tmp/voxboard-watch-sim-derived/Build/Intermediates.noindex/Voxboard.build/Debug-iphonesimulator/Voxboard\ Keyboard.build/Objects-normal/arm64/Voxboard_Keyboard.swiftmodule @/tmp/voxboard-watch-sim-derived/Build/Intermediates.noindex/Voxboard.build/Debug-iphonesimulator/Voxboard\ Keyboard.build/Objects-normal/arm64/Voxboard_Keyboard-linker-args.resp -Wl,-no_warn_duplicate_libraries -lc++ -Wl,-no_warn_duplicate_libraries -Wl,-no_warn_duplicate_libraries -Wl,-no_warn_duplicate_libraries -Wl,-no_warn_duplicate_libraries -framework Accelerate -framework Metal -framework Foundation -framework CoreML -Xlinker -alias -Xlinker _NSExtensionMain -Xlinker ___debug_main_executable_dylib_entry_point -framework whisper -Xlinker -no_adhoc_codesign -o /tmp/voxboard-watch-sim-derived/Build/Products/Debug-iphonesimulator/Voxboard\ Keyboard.appex/Voxboard\ Keyboard.debug.dylib -Xlinker -add_ast_path -Xlinker /tmp/voxboard-watch-sim-derived/Build/Intermediates.noindex/VoxboardShared.build/Debug-iphonesimulator/VoxboardShared.build/Objects-normal/arm64/VoxboardShared.swiftmodule @/tmp/voxboard-watch-sim-derived/Build/Intermediates.noindex/VoxboardShared.build/Debug-iphonesimulator/VoxboardShared.build/Objects-normal/arm64/VoxboardShared-linker-args.resp -Xlinker -add_ast_path -Xlinker /tmp/voxboard-watch-sim-derived/Build/Intermediates.noindex/FluidAudio.build/Debug-iphonesimulator/FluidAudio.build/Objects-normal/arm64/FluidAudio.swiftmodule @/tmp/voxboard-watch-sim-derived/Build/Intermediates.noindex/FluidAudio.build/Debug-iphonesimulator/FluidAudio.build/Objects-normal/arm64/FluidAudio-linker-args.resp -Xlinker -add_ast_path -Xlinker /tmp/voxboard-watch-sim-derived/Build/Intermediates.noindex/ExportKit.build/Debug-iphonesimulator/ExportKit.build/Objects-normal/arm64/ExportKit.swiftmodule @/tmp/voxboard-watch-sim-derived/Build/Intermediates.noindex/ExportKit.build/Debug-iphonesimulator/ExportKit.build/Objects-normal/arm64/ExportKit-linker-args.resp

ConstructStubExecutorLinkFileList /tmp/voxboard-watch-sim-derived/Build/Intermediates.noindex/Voxboard.build/Debug-iphonesimulator/Voxboard\ Keyboard.build/Voxboard\ Keyboard-ExecutorLinkFileList-normal-arm64.txt (in target 'Voxboard Keyboard' from project 'Voxboard')
    cd /Users/codybontecou/projects/Voxboard
    construct-stub-executor-link-file-list /tmp/voxboard-watch-sim-derived/Build/Products/Debug-iphonesimulator/Voxboard\ Keyboard.appex/Voxboard\ Keyboard.debug.dylib /Applications/Xcode.app/Contents/Developer/Platforms/iPhoneSimulator.platform/Developer/usr/lib/libPreviewsJITStubExecutor_no_swift_entry_point.a /Applications/Xcode.app/Contents/Developer/Platforms/iPhoneSimulator.platform/Developer/usr/lib/libPreviewsJITStubExecutor.a --output /tmp/voxboard-watch-sim-derived/Build/Intermediates.noindex/Voxboard.build/Debug-iphonesimulator/Voxboard\ Keyboard.build/Voxboard\ Keyboard-ExecutorLinkFileList-normal-arm64.txt
note: Using stub executor library without Swift entry point. (in target 'Voxboard Keyboard' from project 'Voxboard')

Ld /tmp/voxboard-watch-sim-derived/Build/Products/Debug-iphonesimulator/Voxboard\ Keyboard.appex/Voxboard\ Keyboard normal (in target 'Voxboard Keyboard' from project 'Voxboard')
    cd /Users/codybontecou/projects/Voxboard
    /Applications/Xcode.app/Contents/Developer/Toolchains/XcodeDefault.xctoolchain/usr/bin/clang -Xlinker -reproducible -target arm64-apple-ios17.6-simulator -isysroot /Applications/Xcode.app/Contents/Developer/Platforms/iPhoneSimulator.platform/Developer/SDKs/iPhoneSimulator26.5.sdk -O0 -L/tmp/voxboard-watch-sim-derived/Build/Products/Debug-iphonesimulator -F/tmp/voxboard-watch-sim-derived/Build/Products/Debug-iphonesimulator/PackageFrameworks -F/tmp/voxboard-watch-sim-derived/Build/Products/Debug-iphonesimulator/PackageFrameworks -F/tmp/voxboard-watch-sim-derived/Build/Products/Debug-iphonesimulator/PackageFrameworks -F/tmp/voxboard-watch-sim-derived/Build/Products/Debug-iphonesimulator/PackageFrameworks -F/tmp/voxboard-watch-sim-derived/Build/Products/Debug-iphonesimulator/PackageFrameworks -F/tmp/voxboard-watch-sim-derived/Build/Products/Debug-iphonesimulator -Xlinker -rpath -Xlinker @executable_path -Xlinker -rpath -Xlinker /tmp/voxboard-watch-sim-derived/Build/Products/Debug-iphonesimulator/PackageFrameworks -Xlinker -rpath -Xlinker @executable_path/Frameworks -Xlinker -rpath -Xlinker @executable_path/../../Frameworks -rdynamic -Xlinker -no_deduplicate -Xlinker -objc_abi_version -Xlinker 2 -e ___debug_blank_executor_main -Xlinker -sectcreate -Xlinker __TEXT -Xlinker __debug_dylib -Xlinker /tmp/voxboard-watch-sim-derived/Build/Intermediates.noindex/Voxboard.build/Debug-iphonesimulator/Voxboard\ Keyboard.build/Voxboard\ Keyboard-DebugDylibPath-normal-arm64.txt -Xlinker -sectcreate -Xlinker __TEXT -Xlinker __debug_entry -Xlinker /tmp/voxboard-watch-sim-derived/Build/Intermediates.noindex/Voxboard.build/Debug-iphonesimulator/Voxboard\ Keyboard.build/Voxboard\ Keyboard-DebugEntryPoint-normal-arm64.txt -Xlinker -sectcreate -Xlinker __TEXT -Xlinker __debug_instlnm -Xlinker /tmp/voxboard-watch-sim-derived/Build/Intermediates.noindex/Voxboard.build/Debug-iphonesimulator/Voxboard\ Keyboard.build/Voxboard\ Keyboard-DebugDylibInstallName-normal-arm64.txt -Xlinker -filelist -Xlinker /tmp/voxboard-watch-sim-derived/Build/Intermediates.noindex/Voxboard.build/Debug-iphonesimulator/Voxboard\ Keyboard.build/Voxboard\ Keyboard-ExecutorLinkFileList-normal-arm64.txt -Xlinker -sectcreate -Xlinker __TEXT -Xlinker __entitlements -Xlinker /tmp/voxboard-watch-sim-derived/Build/Intermediates.noindex/Voxboard.build/Debug-iphonesimulator/Voxboard\ Keyboard.build/Voxboard\ Keyboard.appex-Simulated.xcent -Xlinker -sectcreate -Xlinker __TEXT -Xlinker __ents_der -Xlinker /tmp/voxboard-watch-sim-derived/Build/Intermediates.noindex/Voxboard.build/Debug-iphonesimulator/Voxboard\ Keyboard.build/Voxboard\ Keyboard.appex-Simulated.xcent.der /tmp/voxboard-watch-sim-derived/Build/Products/Debug-iphonesimulator/Voxboard\ Keyboard.appex/Voxboard\ Keyboard.debug.dylib -Xlinker -no_adhoc_codesign -o /tmp/voxboard-watch-sim-derived/Build/Products/Debug-iphonesimulator/Voxboard\ Keyboard.appex/Voxboard\ Keyboard

ExtractAppIntentsMetadata (in target 'Voxboard Keyboard' from project 'Voxboard')
    cd /Users/codybontecou/projects/Voxboard
    /Applications/Xcode.app/Contents/Developer/Toolchains/XcodeDefault.xctoolchain/usr/bin/appintentsmetadataprocessor --toolchain-dir /Applications/Xcode.app/Contents/Developer/Toolchains/XcodeDefault.xctoolchain --module-name Voxboard_Keyboard --sdk-root /Applications/Xcode.app/Contents/Developer/Platforms/iPhoneSimulator.platform/Developer/SDKs/iPhoneSimulator26.5.sdk --xcode-version 17F42 --platform-family iOS --deployment-target 17.6 --bundle-identifier bontecou.Voxboard.Voxboard-Keyboard --output /tmp/voxboard-watch-sim-derived/Build/Products/Debug-iphonesimulator/Voxboard\ Keyboard.appex --target-triple arm64-apple-ios17.6-simulator --binary-file /tmp/voxboard-watch-sim-derived/Build/Products/Debug-iphonesimulator/Voxboard\ Keyboard.appex/Voxboard\ Keyboard --dependency-file /tmp/voxboard-watch-sim-derived/Build/Intermediates.noindex/Voxboard.build/Debug-iphonesimulator/Voxboard\ Keyboard.build/Objects-normal/arm64/Voxboard\ Keyboard_dependency_info.dat --stringsdata-file /tmp/voxboard-watch-sim-derived/Build/Intermediates.noindex/Voxboard.build/Debug-iphonesimulator/Voxboard\ Keyboard.build/Objects-normal/arm64/ExtractedAppShortcutsMetadata.stringsdata --source-file-list /tmp/voxboard-watch-sim-derived/Build/Intermediates.noindex/Voxboard.build/Debug-iphonesimulator/Voxboard\ Keyboard.build/Objects-normal/arm64/Voxboard\ Keyboard.SwiftFileList --metadata-file-list /tmp/voxboard-watch-sim-derived/Build/Intermediates.noindex/Voxboard.build/Debug-iphonesimulator/Voxboard\ Keyboard.build/Voxboard\ Keyboard.DependencyMetadataFileList --static-metadata-file-list /tmp/voxboard-watch-sim-derived/Build/Intermediates.noindex/Voxboard.build/Debug-iphonesimulator/Voxboard\ Keyboard.build/Voxboard\ Keyboard.DependencyStaticMetadataFileList --swift-const-vals-list /tmp/voxboard-watch-sim-derived/Build/Intermediates.noindex/Voxboard.build/Debug-iphonesimulator/Voxboard\ Keyboard.build/Objects-normal/arm64/Voxboard\ Keyboard.SwiftConstValuesFileList --compile-time-extraction --deployment-aware-processing --validate-assistant-intents --no-app-shortcuts-localization
2026-06-20 10:16:21.705 appintentsmetadataprocessor[21067:3461190] Starting appintentsmetadataprocessor export
2026-06-20 10:16:21.709 appintentsmetadataprocessor[21067:3461190] warning: Metadata extraction skipped. No AppIntents.framework dependency found.

AppIntentsSSUTraining (in target 'Voxboard Keyboard' from project 'Voxboard')
    cd /Users/codybontecou/projects/Voxboard
    /Applications/Xcode.app/Contents/Developer/Toolchains/XcodeDefault.xctoolchain/usr/bin/appintentsnltrainingprocessor --infoplist-path /tmp/voxboard-watch-sim-derived/Build/Products/Debug-iphonesimulator/Voxboard\ Keyboard.appex/Info.plist --temp-dir-path /tmp/voxboard-watch-sim-derived/Build/Intermediates.noindex/Voxboard.build/Debug-iphonesimulator/Voxboard\ Keyboard.build/ssu --bundle-id bontecou.Voxboard.Voxboard-Keyboard --product-path /tmp/voxboard-watch-sim-derived/Build/Products/Debug-iphonesimulator/Voxboard\ Keyboard.appex --extracted-metadata-path /tmp/voxboard-watch-sim-derived/Build/Products/Debug-iphonesimulator/Voxboard\ Keyboard.appex/Metadata.appintents --metadata-file-list /tmp/voxboard-watch-sim-derived/Build/Intermediates.noindex/Voxboard.build/Debug-iphonesimulator/Voxboard\ Keyboard.build/Voxboard\ Keyboard.DependencyMetadataFileList --source-file /tmp/voxboard-watch-sim-derived/Build/Products/Debug-iphonesimulator/Voxboard\ Keyboard.appex/Info.plist --archive-ssu-assets
2026-06-20 10:16:21.763 appintentsnltrainingprocessor[21068:3461193] Parsing options for appintentsnltrainingprocessor
2026-06-20 10:16:21.768 appintentsnltrainingprocessor[21068:3461193] Starting AppIntents SSU YAML Generation
2026-06-20 10:16:21.769 appintentsnltrainingprocessor[21068:3461193] No AppShortcuts found - Skipping.

SwiftExplicitDependencyGeneratePcm arm64 /tmp/voxboard-watch-sim-derived/ModuleCache.noindex/_Builtin_stdbool-30G1RMC3KN4294S3PAIQ03ZBW.pcm

SwiftExplicitDependencyGeneratePcm arm64 /tmp/voxboard-watch-sim-derived/ModuleCache.noindex/ptrcheck-20F7PE3WC8PCA41SDWJAVUCZM.pcm

SwiftExplicitDependencyGeneratePcm arm64 /tmp/voxboard-watch-sim-derived/ModuleCache.noindex/_AvailabilityInternal-3VL6NTRYL6JA69L3CWJAABI55.pcm

SwiftExplicitDependencyGeneratePcm arm64 /tmp/voxboard-watch-sim-derived/ModuleCache.noindex/_Builtin_stdarg-8QLLDX3VV6VJGNAM4EXNAKA7T.pcm

SwiftExplicitDependencyGeneratePcm arm64 /tmp/voxboard-watch-sim-derived/ModuleCache.noindex/DeveloperToolsSupport-7WP0AZTUGOER2XOA2BF6WGG40.pcm

SwiftExplicitDependencyGeneratePcm arm64 /tmp/voxboard-watch-sim-derived/ModuleCache.noindex/_Builtin_float-9MCIIR0X981BDUT66FRSRC317.pcm

SwiftExplicitDependencyGeneratePcm arm64 /tmp/voxboard-watch-sim-derived/ModuleCache.noindex/_SwiftConcurrencyShims-CJ6MDPSNDC1Q9AUZ923RE9HKF.pcm

SwiftExplicitDependencyGeneratePcm arm64 /tmp/voxboard-watch-sim-derived/ModuleCache.noindex/ActivityKit-9PWFPPUXAR632H6QQ86CE5V7S.pcm

SwiftExplicitDependencyGeneratePcm arm64 /tmp/voxboard-watch-sim-derived/ModuleCache.noindex/SwiftShims-DFTSCM4ONB55IY8CTF0ZXH0X8.pcm

SwiftExplicitDependencyGeneratePcm arm64 /tmp/voxboard-watch-sim-derived/ModuleCache.noindex/ptrauth-88572EMRA44MNY5OKJBQRL7FZ.pcm

SwiftExplicitDependencyGeneratePcm arm64 /tmp/voxboard-watch-sim-derived/ModuleCache.noindex/_Builtin_stddef-7AQUGD737LKYM171N9901YTF5.pcm

SwiftExplicitDependencyGeneratePcm arm64 /tmp/voxboard-watch-sim-derived/ModuleCache.noindex/_DarwinFoundation1-2B8938H5CE2X8R7EXPRREFY2R.pcm

CodeSign /tmp/voxboard-watch-sim-derived/Build/Products/Debug-iphonesimulator/Voxboard\ Keyboard.appex/Voxboard\ Keyboard.debug.dylib (in target 'Voxboard Keyboard' from project 'Voxboard')
    cd /Users/codybontecou/projects/Voxboard

    Signing Identity:     "Sign to Run Locally"

    /usr/bin/codesign --force --sign - --timestamp\=none --generate-entitlement-der /tmp/voxboard-watch-sim-derived/Build/Products/Debug-iphonesimulator/Voxboard\ Keyboard.appex/Voxboard\ Keyboard.debug.dylib

SwiftExplicitDependencyGeneratePcm arm64 /tmp/voxboard-watch-sim-derived/Build/Intermediates.noindex/SwiftExplicitPrecompiledModules/FastClusterWrapper-SCIKO0ZAERR6ISSJ5L7D6T7F.pcm

CodeSign /tmp/voxboard-watch-sim-derived/Build/Products/Debug-iphonesimulator/Voxboard\ Keyboard.appex/__preview.dylib (in target 'Voxboard Keyboard' from project 'Voxboard')
    cd /Users/codybontecou/projects/Voxboard

    Signing Identity:     "Sign to Run Locally"

    /usr/bin/codesign --force --sign - --timestamp\=none --generate-entitlement-der /tmp/voxboard-watch-sim-derived/Build/Products/Debug-iphonesimulator/Voxboard\ Keyboard.appex/__preview.dylib

SwiftExplicitDependencyGeneratePcm arm64 /tmp/voxboard-watch-sim-derived/ModuleCache.noindex/_Builtin_limits-263GSS9R28SBGZRUG20HQVMOP.pcm

SwiftExplicitDependencyGeneratePcm arm64 /tmp/voxboard-watch-sim-derived/ModuleCache.noindex/_DarwinFoundation2-AAY1SJTMLBXN1AHW9OXK61FRD.pcm

SwiftExplicitDependencyGeneratePcm arm64 /tmp/voxboard-watch-sim-derived/ModuleCache.noindex/ExtensionFoundation-QO1ZAAQLJMCDOLFAEI9JIAG8.pcm

CodeSign /tmp/voxboard-watch-sim-derived/Build/Products/Debug-iphonesimulator/Voxboard\ Keyboard.appex (in target 'Voxboard Keyboard' from project 'Voxboard')
    cd /Users/codybontecou/projects/Voxboard

    Signing Identity:     "Sign to Run Locally"

    /usr/bin/codesign --force --sign - --entitlements /tmp/voxboard-watch-sim-derived/Build/Intermediates.noindex/Voxboard.build/Debug-iphonesimulator/Voxboard\ Keyboard.build/Voxboard\ Keyboard.appex.xcent --timestamp\=none --generate-entitlement-der /tmp/voxboard-watch-sim-derived/Build/Products/Debug-iphonesimulator/Voxboard\ Keyboard.appex

SwiftExplicitDependencyGeneratePcm arm64 /tmp/voxboard-watch-sim-derived/ModuleCache.noindex/sys_types-6RSY3PAHQL0YP680PELHOB8QU.pcm

SwiftExplicitDependencyGeneratePcm arm64 /tmp/voxboard-watch-sim-derived/ModuleCache.noindex/_Builtin_tgmath-DZRRDE7X0LIORW3DSMASMIFI3.pcm

SwiftExplicitDependencyGeneratePcm arm64 /tmp/voxboard-watch-sim-derived/ModuleCache.noindex/_Builtin_stdint-CIHQR1913KHLU0U4OO8OPV388.pcm

RegisterExecutionPolicyException /tmp/voxboard-watch-sim-derived/Build/Products/Debug-iphonesimulator/Voxboard\ Keyboard.appex (in target 'Voxboard Keyboard' from project 'Voxboard')
    cd /Users/codybontecou/projects/Voxboard
    builtin-RegisterExecutionPolicyException /tmp/voxboard-watch-sim-derived/Build/Products/Debug-iphonesimulator/Voxboard\ Keyboard.appex

Touch /tmp/voxboard-watch-sim-derived/Build/Products/Debug-iphonesimulator/Voxboard\ Keyboard.appex (in target 'Voxboard Keyboard' from project 'Voxboard')
    cd /Users/codybontecou/projects/Voxboard
    /usr/bin/touch -c /tmp/voxboard-watch-sim-derived/Build/Products/Debug-iphonesimulator/Voxboard\ Keyboard.appex

Ld /tmp/voxboard-watch-sim-derived/Build/Products/Debug-iphonesimulator/Voxboard.app/__preview.dylib normal (in target 'Voxboard' from project 'Voxboard')
    cd /Users/codybontecou/projects/Voxboard
    /Applications/Xcode.app/Contents/Developer/Toolchains/XcodeDefault.xctoolchain/usr/bin/clang -Xlinker -reproducible -target arm64-apple-ios17.6-simulator -dynamiclib -isysroot /Applications/Xcode.app/Contents/Developer/Platforms/iPhoneSimulator.platform/Developer/SDKs/iPhoneSimulator26.5.sdk -O0 -L/tmp/voxboard-watch-sim-derived/Build/Products/Debug-iphonesimulator -F/tmp/voxboard-watch-sim-derived/Build/Products/Debug-iphonesimulator/PackageFrameworks -F/tmp/voxboard-watch-sim-derived/Build/Products/Debug-iphonesimulator/PackageFrameworks -F/tmp/voxboard-watch-sim-derived/Build/Products/Debug-iphonesimulator/PackageFrameworks -F/tmp/voxboard-watch-sim-derived/Build/Products/Debug-iphonesimulator/PackageFrameworks -F/tmp/voxboard-watch-sim-derived/Build/Products/Debug-iphonesimulator/PackageFrameworks -F/tmp/voxboard-watch-sim-derived/Build/Products/Debug-iphonesimulator/PackageFrameworks -F/tmp/voxboard-watch-sim-derived/Build/Products/Debug-iphonesimulator/PackageFrameworks -F/tmp/voxboard-watch-sim-derived/Build/Products/Debug-iphonesimulator -install_name @rpath/Voxboard.debug.dylib -Xlinker -dead_strip -rdynamic -Xlinker -no_deduplicate -Xlinker -objc_abi_version -Xlinker 2 -Xlinker -dependency_info -Xlinker /tmp/voxboard-watch-sim-derived/Build/Intermediates.noindex/Voxboard.build/Debug-iphonesimulator/Voxboard.build/Objects-normal/arm64/Voxboard_dependency_info.dat -Xlinker -sectcreate -Xlinker __TEXT -Xlinker __entitlements -Xlinker /tmp/voxboard-watch-sim-derived/Build/Intermediates.noindex/Voxboard.build/Debug-iphonesimulator/Voxboard.build/Voxboard.app-Simulated.xcent -Xlinker -sectcreate -Xlinker __TEXT -Xlinker __ents_der -Xlinker /tmp/voxboard-watch-sim-derived/Build/Intermediates.noindex/Voxboard.build/Debug-iphonesimulator/Voxboard.build/Voxboard.app-Simulated.xcent.der -Xlinker -no_adhoc_codesign -o /tmp/voxboard-watch-sim-derived/Build/Products/Debug-iphonesimulator/Voxboard.app/__preview.dylib

CpResource /tmp/voxboard-watch-sim-derived/Build/Products/Debug-iphonesimulator/Voxboard.app/ggml-base.bin /Users/codybontecou/projects/Voxboard/Voxboard/ggml-base.bin (in target 'Voxboard' from project 'Voxboard')
    cd /Users/codybontecou/projects/Voxboard
    builtin-copy -exclude .DS_Store -exclude CVS -exclude .svn -exclude .git -exclude .hg -resolve-src-symlinks /Users/codybontecou/projects/Voxboard/Voxboard/ggml-base.bin /tmp/voxboard-watch-sim-derived/Build/Products/Debug-iphonesimulator/Voxboard.app

CpResource /tmp/voxboard-watch-sim-derived/Build/Products/Debug-iphonesimulator/Voxboard.app/Voxboard.storekit /Users/codybontecou/projects/Voxboard/Voxboard/Voxboard.storekit (in target 'Voxboard' from project 'Voxboard')
    cd /Users/codybontecou/projects/Voxboard
    builtin-copy -exclude .DS_Store -exclude CVS -exclude .svn -exclude .git -exclude .hg -resolve-src-symlinks /Users/codybontecou/projects/Voxboard/Voxboard/Voxboard.storekit /tmp/voxboard-watch-sim-derived/Build/Products/Debug-iphonesimulator/Voxboard.app

Copy /tmp/voxboard-watch-sim-derived/Build/Products/Debug-iphonesimulator/Voxboard.app/Frameworks/whisper.framework /Users/codybontecou/projects/Voxboard/whisper.xcframework/ios-arm64_x86_64-simulator/whisper.framework (in target 'Voxboard' from project 'Voxboard')
    cd /Users/codybontecou/projects/Voxboard
    builtin-copy -exclude .DS_Store -exclude CVS -exclude .svn -exclude .git -exclude .hg -exclude Headers -exclude PrivateHeaders -exclude Modules -exclude \*.tbd -resolve-src-symlinks -remove-static-executable /Users/codybontecou/projects/Voxboard/whisper.xcframework/ios-arm64_x86_64-simulator/whisper.framework /tmp/voxboard-watch-sim-derived/Build/Products/Debug-iphonesimulator/Voxboard.app/Frameworks
note: Injecting stub binary into codeless framework (in target 'Voxboard' from project 'Voxboard')
    /Applications/Xcode.app/Contents/Developer/Toolchains/XcodeDefault.xctoolchain/usr/bin/clang -isysroot /Applications/Xcode.app/Contents/Developer/Platforms/iPhoneSimulator.platform/Developer/SDKs/iPhoneSimulator26.5.sdk -x c -c /dev/null -target arm64-apple-ios17.6-simulator -o /private/var/folders/dj/3srkns7n7qxb2kp1vxb_4xjm0000gn/T/swbuild.tmp.72sMPGFQ/Data.noindex/arm64-apple.o
    /Applications/Xcode.app/Contents/Developer/Toolchains/XcodeDefault.xctoolchain/usr/bin/clang -isysroot /Applications/Xcode.app/Contents/Developer/Platforms/iPhoneSimulator.platform/Developer/SDKs/iPhoneSimulator26.5.sdk -dynamiclib -Xlinker -adhoc_codesign -target arm64-apple-ios17.6-simulator -o /private/var/folders/dj/3srkns7n7qxb2kp1vxb_4xjm0000gn/T/swbuild.tmp.72sMPGFQ/Data.noindex/arm64-apple /private/var/folders/dj/3srkns7n7qxb2kp1vxb_4xjm0000gn/T/swbuild.tmp.72sMPGFQ/Data.noindex/arm64-apple.o
    /Applications/Xcode.app/Contents/Developer/Toolchains/XcodeDefault.xctoolchain/usr/bin/lipo -create -output /tmp/voxboard-watch-sim-derived/Build/Products/Debug-iphonesimulator/Voxboard.app/Frameworks/whisper.framework/whisper /private/var/folders/dj/3srkns7n7qxb2kp1vxb_4xjm0000gn/T/swbuild.tmp.72sMPGFQ/Data.noindex/arm64-apple

Copy /tmp/voxboard-watch-sim-derived/Build/Products/Debug-iphonesimulator/Voxboard.app/Frameworks/LicenseKit.framework /tmp/voxboard-watch-sim-derived/SourcePackages/artifacts/licensekit/LicenseKit/LicenseKit.xcframework/ios-arm64_x86_64-simulator/LicenseKit.framework (in target 'Voxboard' from project 'Voxboard')
    cd /Users/codybontecou/projects/Voxboard
    builtin-copy -exclude .DS_Store -exclude CVS -exclude .svn -exclude .git -exclude .hg -exclude Headers -exclude PrivateHeaders -exclude Modules -exclude \*.tbd -resolve-src-symlinks -remove-static-executable /tmp/voxboard-watch-sim-derived/SourcePackages/artifacts/licensekit/LicenseKit/LicenseKit.xcframework/ios-arm64_x86_64-simulator/LicenseKit.framework /tmp/voxboard-watch-sim-derived/Build/Products/Debug-iphonesimulator/Voxboard.app/Frameworks

Copy /tmp/voxboard-watch-sim-derived/Build/Products/Debug-iphonesimulator/Voxboard.app/Frameworks/KeyboardKit.framework /tmp/voxboard-watch-sim-derived/SourcePackages/artifacts/keyboardkit/KeyboardKit/KeyboardKit.xcframework/ios-arm64_x86_64-simulator/KeyboardKit.framework (in target 'Voxboard' from project 'Voxboard')
    cd /Users/codybontecou/projects/Voxboard
    builtin-copy -exclude .DS_Store -exclude CVS -exclude .svn -exclude .git -exclude .hg -exclude Headers -exclude PrivateHeaders -exclude Modules -exclude \*.tbd -resolve-src-symlinks -remove-static-executable /tmp/voxboard-watch-sim-derived/SourcePackages/artifacts/keyboardkit/KeyboardKit/KeyboardKit.xcframework/ios-arm64_x86_64-simulator/KeyboardKit.framework /tmp/voxboard-watch-sim-derived/Build/Products/Debug-iphonesimulator/Voxboard.app/Frameworks

SwiftExplicitDependencyGeneratePcm arm64 /tmp/voxboard-watch-sim-derived/ModuleCache.noindex/_Builtin_intrinsics-A4G45IKZE8AX4R04LC8BSDATO.pcm

SwiftExplicitDependencyGeneratePcm arm64 /tmp/voxboard-watch-sim-derived/ModuleCache.noindex/_Builtin_stdatomic-5Y7ZWWCBN29KQZAP73TDJ4HWH.pcm

SwiftExplicitDependencyGeneratePcm arm64 /tmp/voxboard-watch-sim-derived/ModuleCache.noindex/_DarwinFoundation3-BI1WUYFQPILB3KPZDQWMUV6HG.pcm

SwiftExplicitDependencyGeneratePcm arm64 /tmp/voxboard-watch-sim-derived/Build/Intermediates.noindex/SwiftExplicitPrecompiledModules/whisper-2TL56FB2NCBSKRW2Q3JTT0MEL.pcm

CodeSign /tmp/voxboard-watch-sim-derived/Build/Products/Debug-iphonesimulator/Voxboard.app/Frameworks/LicenseKit.framework (in target 'Voxboard' from project 'Voxboard')
    cd /Users/codybontecou/projects/Voxboard

    Signing Identity:     "Sign to Run Locally"

    /usr/bin/codesign --force --sign - --timestamp\=none --preserve-metadata\=identifier,entitlements,flags --generate-entitlement-der /tmp/voxboard-watch-sim-derived/Build/Products/Debug-iphonesimulator/Voxboard.app/Frameworks/LicenseKit.framework
/tmp/voxboard-watch-sim-derived/Build/Products/Debug-iphonesimulator/Voxboard.app/Frameworks/LicenseKit.framework: replacing existing signature

CodeSign /tmp/voxboard-watch-sim-derived/Build/Products/Debug-iphonesimulator/Voxboard.app/Frameworks/whisper.framework (in target 'Voxboard' from project 'Voxboard')
    cd /Users/codybontecou/projects/Voxboard

    Signing Identity:     "Sign to Run Locally"

    /usr/bin/codesign --force --sign - --timestamp\=none --preserve-metadata\=identifier,entitlements,flags --generate-entitlement-der /tmp/voxboard-watch-sim-derived/Build/Products/Debug-iphonesimulator/Voxboard.app/Frameworks/whisper.framework
/tmp/voxboard-watch-sim-derived/Build/Products/Debug-iphonesimulator/Voxboard.app/Frameworks/whisper.framework: replacing existing signature

SwiftExplicitDependencyGeneratePcm arm64 /tmp/voxboard-watch-sim-derived/ModuleCache.noindex/_Builtin_inttypes-9R0ZKZSSS75QLP2HYL81J54RB.pcm

CodeSign /tmp/voxboard-watch-sim-derived/Build/Products/Debug-iphonesimulator/Voxboard.app/Frameworks/KeyboardKit.framework (in target 'Voxboard' from project 'Voxboard')
    cd /Users/codybontecou/projects/Voxboard

    Signing Identity:     "Sign to Run Locally"

    /usr/bin/codesign --force --sign - --timestamp\=none --preserve-metadata\=identifier,entitlements,flags --generate-entitlement-der /tmp/voxboard-watch-sim-derived/Build/Products/Debug-iphonesimulator/Voxboard.app/Frameworks/KeyboardKit.framework
/tmp/voxboard-watch-sim-derived/Build/Products/Debug-iphonesimulator/Voxboard.app/Frameworks/KeyboardKit.framework: replacing existing signature

SwiftExplicitDependencyGeneratePcm arm64 /tmp/voxboard-watch-sim-derived/ModuleCache.noindex/Darwin-AQQ0W93WKKSPPJN2LJ4AT8P6H.pcm

SwiftExplicitDependencyGeneratePcm arm64 /tmp/voxboard-watch-sim-derived/ModuleCache.noindex/simd-BQAYXAQHBXYX0N6G1SMO459G7.pcm

SwiftExplicitDependencyGeneratePcm arm64 /tmp/voxboard-watch-sim-derived/Build/Intermediates.noindex/SwiftExplicitPrecompiledModules/MachTaskSelfWrapper-8FVIE2TUX817CNXEOAI6CBAZO.pcm

SwiftExplicitDependencyGeneratePcm arm64 /tmp/voxboard-watch-sim-derived/ModuleCache.noindex/MachO-4T025GTIVG8R0VLX3PL169Y5F.pcm

SwiftExplicitDependencyGeneratePcm arm64 /tmp/voxboard-watch-sim-derived/ModuleCache.noindex/ObjectiveC-4S60Z7OQOF8HRDYPXIAPFZ6Q6.pcm

SwiftExplicitDependencyGeneratePcm arm64 /tmp/voxboard-watch-sim-derived/ModuleCache.noindex/Spatial-BEGKFW0LKOONGWOKGCA8C9RUG.pcm

SwiftExplicitDependencyGeneratePcm arm64 /tmp/voxboard-watch-sim-derived/ModuleCache.noindex/os_object-2MLY8OZAJE2YEBZSJCNG28850.pcm

SwiftExplicitDependencyGeneratePcm arm64 /tmp/voxboard-watch-sim-derived/ModuleCache.noindex/os_workgroup-4CTURD2E4R88EYRXV64TFGI8K.pcm

SwiftExplicitDependencyGeneratePcm arm64 /tmp/voxboard-watch-sim-derived/ModuleCache.noindex/Dispatch-23O55Y9Y41E3EEV7D2MUK1PUG.pcm

SwiftExplicitDependencyGeneratePcm arm64 /tmp/voxboard-watch-sim-derived/ModuleCache.noindex/XPC-2SCVI5QW6L0NET9ING7L3EP4Q.pcm

SwiftExplicitDependencyGeneratePcm arm64 /tmp/voxboard-watch-sim-derived/ModuleCache.noindex/CoreFoundation-9Y47KRK3UFQG66JYG3HOG5BL7.pcm

SwiftExplicitDependencyGeneratePcm arm64 /tmp/voxboard-watch-sim-derived/ModuleCache.noindex/dnssd-4NI26PW89ZDPF1SZRVGZPADGJ.pcm

SwiftExplicitDependencyGeneratePcm arm64 /tmp/voxboard-watch-sim-derived/ModuleCache.noindex/os-7FQA2D9XBGM9YRDV4FZ1R7490.pcm

SwiftExplicitDependencyGeneratePcm arm64 /tmp/voxboard-watch-sim-derived/ModuleCache.noindex/CoreAudioTypes-6C53L3TB3342UFIJ6AX55XVCS.pcm

SwiftExplicitDependencyGeneratePcm arm64 /tmp/voxboard-watch-sim-derived/ModuleCache.noindex/CoreGraphics-LLCPDS1JIYTS9TSVEA45OKQZ.pcm

SwiftExplicitDependencyGeneratePcm arm64 /tmp/voxboard-watch-sim-derived/ModuleCache.noindex/CFNetwork-5CSIG3CCI2U4YKPAVVCXIBORQ.pcm

SwiftExplicitDependencyGeneratePcm arm64 /tmp/voxboard-watch-sim-derived/ModuleCache.noindex/Security-47T6NZVTNEUWOY3QI4E80OW2E.pcm

SwiftExplicitDependencyGeneratePcm arm64 /tmp/voxboard-watch-sim-derived/ModuleCache.noindex/CoreAudio-134XPDWHK8SMIHQB8OBSUKUSE.pcm

SwiftExplicitDependencyGeneratePcm arm64 /tmp/voxboard-watch-sim-derived/ModuleCache.noindex/Foundation-9QT9R7N7YROH6ECZFG1PE0UWT.pcm

SwiftExplicitDependencyGeneratePcm arm64 /tmp/voxboard-watch-sim-derived/ModuleCache.noindex/ImageIO-5GS3SEL054BYHBZ28R5FWF3OJ.pcm

SwiftExplicitDependencyGeneratePcm arm64 /tmp/voxboard-watch-sim-derived/ModuleCache.noindex/CoreText-4CGERRT9D7T2AVUF4EDMFLYI7.pcm

SwiftExplicitDependencyGeneratePcm arm64 /tmp/voxboard-watch-sim-derived/ModuleCache.noindex/WatchConnectivity-85YNEBLPJC8THK8OJPAKCGNI4.pcm

SwiftExplicitDependencyGeneratePcm arm64 /tmp/voxboard-watch-sim-derived/ModuleCache.noindex/LocalAuthentication-97C3WQ4MGYF19UJP0NTDC8KFU.pcm

SwiftExplicitDependencyGeneratePcm arm64 /tmp/voxboard-watch-sim-derived/ModuleCache.noindex/Accessibility-BWQJC01B4EGIJ1XM4X7D9RM9M.pcm

SwiftExplicitDependencyGeneratePcm arm64 /tmp/voxboard-watch-sim-derived/ModuleCache.noindex/CoreData-AC8NS61A4JI8794QEMAD3DFX4.pcm

SwiftExplicitDependencyGeneratePcm arm64 /tmp/voxboard-watch-sim-derived/ModuleCache.noindex/UniformTypeIdentifiers-EP30LJUDIHHJAP00WQHKF9TG9.pcm

SwiftExplicitDependencyGeneratePcm arm64 /tmp/voxboard-watch-sim-derived/ModuleCache.noindex/CoreMIDI-2DNYK9BGXBJ0XG6LS5ZV69ERV.pcm

SwiftExplicitDependencyGeneratePcm arm64 /tmp/voxboard-watch-sim-derived/ModuleCache.noindex/_LocationEssentials-9TLODP7FWY23I3XHEZWS4OPFC.pcm

SwiftExplicitDependencyGeneratePcm arm64 /tmp/voxboard-watch-sim-derived/ModuleCache.noindex/Symbols-7ORB1WL1XA7Q2ZSHK3Z2K8QM5.pcm

SwiftExplicitDependencyGeneratePcm arm64 /tmp/voxboard-watch-sim-derived/ModuleCache.noindex/RelevanceKit-8SCVBI0HPCUZCG6O3XDZN5QUU.pcm

SwiftExplicitDependencyGeneratePcm arm64 /tmp/voxboard-watch-sim-derived/ModuleCache.noindex/DataDetection-ECNI2YLT0VVEVS7F48F7AP6ML.pcm

SwiftExplicitDependencyGeneratePcm arm64 /tmp/voxboard-watch-sim-derived/ModuleCache.noindex/CoreTransferable-BVTCPA9XB5LNOTNU82RGMVOXJ.pcm

SwiftExplicitDependencyGeneratePcm arm64 /tmp/voxboard-watch-sim-derived/ModuleCache.noindex/UserNotifications-E8GB4BX8A8WNWEWAB0H28X3Q4.pcm

SwiftExplicitDependencyGeneratePcm arm64 /tmp/voxboard-watch-sim-derived/ModuleCache.noindex/BackgroundAssets-CI7BWQPHXOQUUKVX2R0D8RK5K.pcm

SwiftExplicitDependencyGeneratePcm arm64 /tmp/voxboard-watch-sim-derived/ModuleCache.noindex/UIUtilities-1D9D3JSK7V0PEGKLTJOFNT569.pcm

SwiftExplicitDependencyGeneratePcm arm64 /tmp/voxboard-watch-sim-derived/ModuleCache.noindex/FileProvider-7WGJTJYHAP0ZTAMY57OJOP02P.pcm

SwiftExplicitDependencyGeneratePcm arm64 /tmp/voxboard-watch-sim-derived/ModuleCache.noindex/OpenGLES-1PJ4S572OZZWF3JE5V7B95920.pcm

SwiftExplicitDependencyGeneratePcm arm64 /tmp/voxboard-watch-sim-derived/ModuleCache.noindex/CoreLocation-BYQHI0E4W7D140WVRAGDOACCJ.pcm

SwiftExplicitDependencyGeneratePcm arm64 /tmp/voxboard-watch-sim-derived/ModuleCache.noindex/Network-6AQWBRUYIFZOO81EGXR3YXNZ3.pcm

SwiftExplicitDependencyGeneratePcm arm64 /tmp/voxboard-watch-sim-derived/ModuleCache.noindex/AudioToolbox-13AR0F9DLUJCPOC4L2UIHS6U3.pcm

SwiftExplicitDependencyGeneratePcm arm64 /tmp/voxboard-watch-sim-derived/ModuleCache.noindex/AppIntents-6LTUTYZROFLF9G1Y93Z980ASB.pcm

SwiftExplicitDependencyGeneratePcm arm64 /tmp/voxboard-watch-sim-derived/ModuleCache.noindex/OSLog-9R0WGP6HOVR9Z4SCQTUESQ1T1.pcm

SwiftExplicitDependencyGeneratePcm arm64 /tmp/voxboard-watch-sim-derived/ModuleCache.noindex/CoreSpotlight-BPFZC0W890MNFM0M032V16IKL.pcm

SwiftExplicitDependencyGeneratePcm arm64 /tmp/voxboard-watch-sim-derived/ModuleCache.noindex/IOSurface-AGGOUF793ATITS494TDO5NZV8.pcm

SwiftExplicitDependencyGeneratePcm arm64 /tmp/voxboard-watch-sim-derived/ModuleCache.noindex/WidgetKit-20H1474H65Y1ROKD9Z79R11GB.pcm

SwiftExplicitDependencyGeneratePcm arm64 /tmp/voxboard-watch-sim-derived/ModuleCache.noindex/Intents-O4SBLL48PIFJCL7EIKCTOSD6.pcm

SwiftExplicitDependencyGeneratePcm arm64 /tmp/voxboard-watch-sim-derived/ModuleCache.noindex/NaturalLanguage-2N9325AC4KB5TK52WDIB3T0DV.pcm

SwiftExplicitDependencyGeneratePcm arm64 /tmp/voxboard-watch-sim-derived/ModuleCache.noindex/AVRouting-CL8D8UNS9OMFX37T1IQHOYXGA.pcm

SwiftExplicitDependencyGeneratePcm arm64 /tmp/voxboard-watch-sim-derived/ModuleCache.noindex/MediaAccessibility-9FZF54DGE3COEZBLDGKW0OMK8.pcm

SwiftExplicitDependencyGeneratePcm arm64 /tmp/voxboard-watch-sim-derived/ModuleCache.noindex/Metal-EA925I9VYMPTP0VE6JCPRNOSX.pcm

SwiftExplicitDependencyGeneratePcm arm64 /tmp/voxboard-watch-sim-derived/ModuleCache.noindex/CoreVideo-C29JXI18J6NFONCK752I4R71.pcm

SwiftExplicitDependencyGeneratePcm arm64 /tmp/voxboard-watch-sim-derived/ModuleCache.noindex/CoreImage-8JP7WK6TETLPX590ORXHYTDZU.pcm

SwiftExplicitDependencyGeneratePcm arm64 /tmp/voxboard-watch-sim-derived/ModuleCache.noindex/CoreMedia-DPNJR4E14FF4AW5DZ83HK512G.pcm

SwiftExplicitDependencyGeneratePcm arm64 /tmp/voxboard-watch-sim-derived/ModuleCache.noindex/Accelerate-DGE90X38MVIF2RT7XM5GK63TN.pcm

SwiftExplicitDependencyGeneratePcm arm64 /tmp/voxboard-watch-sim-derived/ModuleCache.noindex/QuartzCore-DAJOYWL00X84UHRPHQZ334FIR.pcm

SwiftExplicitDependencyGeneratePcm arm64 /tmp/voxboard-watch-sim-derived/ModuleCache.noindex/CoreML-CBACFO059WOYCRTPTI9LQ4DPL.pcm

SwiftExplicitDependencyGeneratePcm arm64 /tmp/voxboard-watch-sim-derived/ModuleCache.noindex/SwiftUICore-EDPUFYF6388ALVTVITCFX1YA1.pcm

SwiftExplicitDependencyGeneratePcm arm64 /tmp/voxboard-watch-sim-derived/ModuleCache.noindex/UIKit-A0XICH7PKB8ILQHC96IRTHFP.pcm

SwiftExplicitDependencyGeneratePcm arm64 /tmp/voxboard-watch-sim-derived/ModuleCache.noindex/MediaToolbox-CUVEBHERMOHDD96TN1PMW81WO.pcm

SwiftExplicitDependencyGeneratePcm arm64 /tmp/voxboard-watch-sim-derived/ModuleCache.noindex/AVFAudio-C4DVXZ33NU49P071SCOBYDFLC.pcm

SwiftExplicitDependencyGeneratePcm arm64 /tmp/voxboard-watch-sim-derived/ModuleCache.noindex/AVFoundation-EQCC28ND4LZ7PTQSAGQMRF3O5.pcm

SwiftExplicitDependencyGeneratePcm arm64 /tmp/voxboard-watch-sim-derived/ModuleCache.noindex/MessageUI-1H48WLJ3PX7Q0Y81PU8A81ZEM.pcm

SwiftExplicitDependencyGeneratePcm arm64 /tmp/voxboard-watch-sim-derived/ModuleCache.noindex/StoreKit-7P1ETRKPRECLDODHMX2A40ZHU.pcm

SwiftExplicitDependencyGeneratePcm arm64 /tmp/voxboard-watch-sim-derived/ModuleCache.noindex/SwiftUI-AUYYGXFK6UR7KPQFTX876KQGY.pcm

SwiftExplicitDependencyGeneratePcm arm64 /tmp/voxboard-watch-sim-derived/ModuleCache.noindex/AVKit-4CBX7CJIMJKS72BVAR1DGVM4A.pcm

SwiftEmitModule normal arm64 Emitting\ module\ for\ Voxboard (in target 'Voxboard' from project 'Voxboard')
EmitSwiftModule normal arm64 (in target 'Voxboard' from project 'Voxboard')
    cd /Users/codybontecou/projects/Voxboard

/Users/codybontecou/projects/Voxboard/Voxboard/StoreManager.swift:31:5: warning: 'nonisolated(unsafe)' has no effect on property 'transactionListenerTask', consider using 'nonisolated'
    nonisolated(unsafe) private var transactionListenerTask: Task<Void, Never>?
    ^~~~~~~~~~~
    nonisolated

SwiftCompile normal arm64 Compiling\ StoreManager.swift,\ TranscriptionServer.swift /Users/codybontecou/projects/Voxboard/Voxboard/StoreManager.swift /Users/codybontecou/projects/Voxboard/Voxboard/TranscriptionServer.swift (in target 'Voxboard' from project 'Voxboard')

SwiftCompile normal arm64 /Users/codybontecou/projects/Voxboard/Voxboard/StoreManager.swift (in target 'Voxboard' from project 'Voxboard')
    cd /Users/codybontecou/projects/Voxboard

/Users/codybontecou/projects/Voxboard/Voxboard/StoreManager.swift:31:5: warning: 'nonisolated(unsafe)' has no effect on property 'transactionListenerTask', consider using 'nonisolated'
    nonisolated(unsafe) private var transactionListenerTask: Task<Void, Never>?
    ^~~~~~~~~~~
    nonisolated

SwiftCompile normal arm64 /Users/codybontecou/projects/Voxboard/Voxboard/TranscriptionServer.swift (in target 'Voxboard' from project 'Voxboard')
    cd /Users/codybontecou/projects/Voxboard

/Users/codybontecou/projects/Voxboard/Voxboard/TranscriptionServer.swift:92:17: warning: reference to captured var 'self' in concurrently-executing code; this is an error in the Swift 6 language mode
                self?.isProcessing = false
                ^

SwiftCompile normal arm64 Compiling\ ReleaseNotes.swift,\ ReviewPromptManager.swift /Users/codybontecou/projects/Voxboard/Voxboard/ReleaseNotes.swift /Users/codybontecou/projects/Voxboard/Voxboard/ReviewPromptManager.swift (in target 'Voxboard' from project 'Voxboard')

SwiftCompile normal arm64 /Users/codybontecou/projects/Voxboard/Voxboard/ReleaseNotes.swift (in target 'Voxboard' from project 'Voxboard')
    cd /Users/codybontecou/projects/Voxboard


SwiftCompile normal arm64 /Users/codybontecou/projects/Voxboard/Voxboard/ReviewPromptManager.swift (in target 'Voxboard' from project 'Voxboard')
    cd /Users/codybontecou/projects/Voxboard


SwiftCompile normal arm64 Compiling\ WatchRecordingController.swift,\ WatchRecordingInbox.swift /Users/codybontecou/projects/Voxboard/Voxboard/WatchRecordingController.swift /Users/codybontecou/projects/Voxboard/Voxboard/WatchRecordingInbox.swift (in target 'Voxboard' from project 'Voxboard')

SwiftCompile normal arm64 /Users/codybontecou/projects/Voxboard/Voxboard/WatchRecordingController.swift (in target 'Voxboard' from project 'Voxboard')
    cd /Users/codybontecou/projects/Voxboard


SwiftCompile normal arm64 /Users/codybontecou/projects/Voxboard/Voxboard/WatchRecordingInbox.swift (in target 'Voxboard' from project 'Voxboard')
    cd /Users/codybontecou/projects/Voxboard


SwiftCompile normal arm64 Compiling\ FlowSettingsView.swift,\ HistoryView.swift,\ HomeView.swift /Users/codybontecou/projects/Voxboard/Voxboard/Views/FlowSettingsView.swift /Users/codybontecou/projects/Voxboard/Voxboard/Views/HistoryView.swift /Users/codybontecou/projects/Voxboard/Voxboard/Views/HomeView.swift (in target 'Voxboard' from project 'Voxboard')
SwiftCompile normal arm64 /Users/codybontecou/projects/Voxboard/Voxboard/Views/FlowSettingsView.swift (in target 'Voxboard' from project 'Voxboard')
    cd /Users/codybontecou/projects/Voxboard


SwiftCompile normal arm64 /Users/codybontecou/projects/Voxboard/Voxboard/Views/HistoryView.swift (in target 'Voxboard' from project 'Voxboard')
    cd /Users/codybontecou/projects/Voxboard


SwiftCompile normal arm64 /Users/codybontecou/projects/Voxboard/Voxboard/Views/HomeView.swift (in target 'Voxboard' from project 'Voxboard')
    cd /Users/codybontecou/projects/Voxboard


SwiftCompile normal arm64 Compiling\ VoxboardApp.swift,\ VoxboardShortcutsProvider.swift /Users/codybontecou/projects/Voxboard/Voxboard/VoxboardApp.swift /Users/codybontecou/projects/Voxboard/Voxboard/VoxboardShortcutsProvider.swift (in target 'Voxboard' from project 'Voxboard')

SwiftCompile normal arm64 /Users/codybontecou/projects/Voxboard/Voxboard/VoxboardApp.swift (in target 'Voxboard' from project 'Voxboard')
    cd /Users/codybontecou/projects/Voxboard


SwiftCompile normal arm64 /Users/codybontecou/projects/Voxboard/Voxboard/VoxboardShortcutsProvider.swift (in target 'Voxboard' from project 'Voxboard')
    cd /Users/codybontecou/projects/Voxboard


SwiftCompile normal arm64 Compiling\ RecordingFlowView.swift,\ RootView.swift,\ BrutalTheme.swift /Users/codybontecou/projects/Voxboard/Voxboard/Views/RecordingFlowView.swift /Users/codybontecou/projects/Voxboard/Voxboard/Views/RootView.swift /Users/codybontecou/projects/Voxboard/Voxboard/BrutalTheme.swift (in target 'Voxboard' from project 'Voxboard')

SwiftCompile normal arm64 /Users/codybontecou/projects/Voxboard/Voxboard/Views/RecordingFlowView.swift (in target 'Voxboard' from project 'Voxboard')
    cd /Users/codybontecou/projects/Voxboard


SwiftCompile normal arm64 /Users/codybontecou/projects/Voxboard/Voxboard/Views/RootView.swift (in target 'Voxboard' from project 'Voxboard')
    cd /Users/codybontecou/projects/Voxboard


SwiftCompile normal arm64 /Users/codybontecou/projects/Voxboard/Voxboard/BrutalTheme.swift (in target 'Voxboard' from project 'Voxboard')
    cd /Users/codybontecou/projects/Voxboard


SwiftCompile normal arm64 Compiling\ MetaSettingsView.swift,\ ModelTabView.swift,\ PaywallView.swift /Users/codybontecou/projects/Voxboard/Voxboard/Views/MetaSettingsView.swift /Users/codybontecou/projects/Voxboard/Voxboard/Views/ModelTabView.swift /Users/codybontecou/projects/Voxboard/Voxboard/Views/PaywallView.swift (in target 'Voxboard' from project 'Voxboard')

SwiftCompile normal arm64 /Users/codybontecou/projects/Voxboard/Voxboard/Views/MetaSettingsView.swift (in target 'Voxboard' from project 'Voxboard')
    cd /Users/codybontecou/projects/Voxboard


SwiftCompile normal arm64 /Users/codybontecou/projects/Voxboard/Voxboard/Views/ModelTabView.swift (in target 'Voxboard' from project 'Voxboard')
    cd /Users/codybontecou/projects/Voxboard


SwiftCompile normal arm64 /Users/codybontecou/projects/Voxboard/Voxboard/Views/PaywallView.swift (in target 'Voxboard' from project 'Voxboard')
    cd /Users/codybontecou/projects/Voxboard


SwiftCompile normal arm64 Compiling\ FeedbackHelper.swift,\ FoundationModelsBackend.swift,\ LiveActivityController.swift /Users/codybontecou/projects/Voxboard/Voxboard/FeedbackHelper.swift /Users/codybontecou/projects/Voxboard/Voxboard/FoundationModelsBackend.swift /Users/codybontecou/projects/Voxboard/Voxboard/LiveActivityController.swift (in target 'Voxboard' from project 'Voxboard')

SwiftCompile normal arm64 /Users/codybontecou/projects/Voxboard/Voxboard/FeedbackHelper.swift (in target 'Voxboard' from project 'Voxboard')
    cd /Users/codybontecou/projects/Voxboard


SwiftCompile normal arm64 /Users/codybontecou/projects/Voxboard/Voxboard/FoundationModelsBackend.swift (in target 'Voxboard' from project 'Voxboard')
    cd /Users/codybontecou/projects/Voxboard


SwiftCompile normal arm64 /Users/codybontecou/projects/Voxboard/Voxboard/LiveActivityController.swift (in target 'Voxboard' from project 'Voxboard')
    cd /Users/codybontecou/projects/Voxboard


SwiftCompile normal arm64 Compiling\ GeneratedAssetSymbols.swift,\ GeneratedStringSymbols_Localizable.swift /tmp/voxboard-watch-sim-derived/Build/Intermediates.noindex/Voxboard.build/Debug-iphonesimulator/Voxboard.build/DerivedSources/GeneratedAssetSymbols.swift /tmp/voxboard-watch-sim-derived/Build/Intermediates.noindex/Voxboard.build/Debug-iphonesimulator/Voxboard.build/DerivedSources/GeneratedStringSymbols_Localizable.swift (in target 'Voxboard' from project 'Voxboard')

SwiftCompile normal arm64 /tmp/voxboard-watch-sim-derived/Build/Intermediates.noindex/Voxboard.build/Debug-iphonesimulator/Voxboard.build/DerivedSources/GeneratedAssetSymbols.swift (in target 'Voxboard' from project 'Voxboard')
    cd /Users/codybontecou/projects/Voxboard


SwiftCompile normal arm64 /tmp/voxboard-watch-sim-derived/Build/Intermediates.noindex/Voxboard.build/Debug-iphonesimulator/Voxboard.build/DerivedSources/GeneratedStringSymbols_Localizable.swift (in target 'Voxboard' from project 'Voxboard')
    cd /Users/codybontecou/projects/Voxboard


LinkAssetCatalog /Users/codybontecou/projects/Voxboard/Voxboard/Assets.xcassets (in target 'Voxboard' from project 'Voxboard')
    cd /Users/codybontecou/projects/Voxboard
    builtin-linkAssetCatalog --thinned /tmp/voxboard-watch-sim-derived/Build/Intermediates.noindex/Voxboard.build/Debug-iphonesimulator/Voxboard.build/assetcatalog_output/thinned --thinned-dependencies /tmp/voxboard-watch-sim-derived/Build/Intermediates.noindex/Voxboard.build/Debug-iphonesimulator/Voxboard.build/assetcatalog_dependencies_thinned --thinned-info-plist-content /tmp/voxboard-watch-sim-derived/Build/Intermediates.noindex/Voxboard.build/Debug-iphonesimulator/Voxboard.build/assetcatalog_generated_info.plist_thinned --unthinned /tmp/voxboard-watch-sim-derived/Build/Intermediates.noindex/Voxboard.build/Debug-iphonesimulator/Voxboard.build/assetcatalog_output/unthinned --unthinned-dependencies /tmp/voxboard-watch-sim-derived/Build/Intermediates.noindex/Voxboard.build/Debug-iphonesimulator/Voxboard.build/assetcatalog_dependencies_unthinned --unthinned-info-plist-content /tmp/voxboard-watch-sim-derived/Build/Intermediates.noindex/Voxboard.build/Debug-iphonesimulator/Voxboard.build/assetcatalog_generated_info.plist_unthinned --output /tmp/voxboard-watch-sim-derived/Build/Products/Debug-iphonesimulator/Voxboard.app --plist-output /tmp/voxboard-watch-sim-derived/Build/Intermediates.noindex/Voxboard.build/Debug-iphonesimulator/Voxboard.build/assetcatalog_generated_info.plist
note: Emplaced /tmp/voxboard-watch-sim-derived/Build/Products/Debug-iphonesimulator/Voxboard.app/AppIcon76x76@2x~ipad.png (in target 'Voxboard' from project 'Voxboard')
note: Emplaced /tmp/voxboard-watch-sim-derived/Build/Products/Debug-iphonesimulator/Voxboard.app/AppIcon60x60@2x.png (in target 'Voxboard' from project 'Voxboard')
note: Emplaced /tmp/voxboard-watch-sim-derived/Build/Products/Debug-iphonesimulator/Voxboard.app/Assets.car (in target 'Voxboard' from project 'Voxboard')

SwiftDriverJobDiscovery normal arm64 Compiling GeneratedAssetSymbols.swift, GeneratedStringSymbols_Localizable.swift (in target 'Voxboard' from project 'Voxboard')

SwiftCompile normal arm64 Compiling\ LiveActivityRecordingIntents.swift,\ OpenVoxboardRecordIntent.swift,\ PersistentRecorder.swift /Users/codybontecou/projects/Voxboard/Voxboard/LiveActivityRecordingIntents.swift /Users/codybontecou/projects/Voxboard/Voxboard/OpenVoxboardRecordIntent.swift /Users/codybontecou/projects/Voxboard/Voxboard/PersistentRecorder.swift (in target 'Voxboard' from project 'Voxboard')

SwiftCompile normal arm64 /Users/codybontecou/projects/Voxboard/Voxboard/LiveActivityRecordingIntents.swift (in target 'Voxboard' from project 'Voxboard')
    cd /Users/codybontecou/projects/Voxboard


SwiftCompile normal arm64 /Users/codybontecou/projects/Voxboard/Voxboard/OpenVoxboardRecordIntent.swift (in target 'Voxboard' from project 'Voxboard')
    cd /Users/codybontecou/projects/Voxboard


SwiftCompile normal arm64 /Users/codybontecou/projects/Voxboard/Voxboard/PersistentRecorder.swift (in target 'Voxboard' from project 'Voxboard')
    cd /Users/codybontecou/projects/Voxboard

/Users/codybontecou/projects/Voxboard/Voxboard/PersistentRecorder.swift:165:28: warning: 'recordPermission' was deprecated in iOS 17.0: Please use AVAudioApplication recordPermission
        let perm = session.recordPermission
                           ^
/Users/codybontecou/projects/Voxboard/Voxboard/PersistentRecorder.swift:166:80: warning: 'granted' was deprecated in iOS 17.0: renamed to 'AVAudioApplication.recordPermission.granted'
        log.log("[PersistentRecorder] startListening — permission=\(perm == .granted ? "granted" : "other"), inputAvailable=\(session.isInputAvailable)")
/Users/codybontecou/projects/Voxboard/Voxboard/PersistentRecorder.swift:166:80: note: use 'AVAudioApplication.recordPermission.granted' instead
        log.log("[PersistentRecorder] startListening — permission=\(perm == .granted ? "granted" : "other"), inputAvailable=\(session.isInputAvailable)")
/Users/codybontecou/projects/Voxboard/Voxboard/PersistentRecorder.swift:168:24: warning: 'granted' was deprecated in iOS 17.0: renamed to 'AVAudioApplication.recordPermission.granted'
        guard perm == .granted else {
                       ^
/Users/codybontecou/projects/Voxboard/Voxboard/PersistentRecorder.swift:168:24: note: use 'AVAudioApplication.recordPermission.granted' instead
        guard perm == .granted else {
                       ^~~~~~~
                       AVAudioApplication.recordPermission.granted
/Users/codybontecou/projects/Voxboard/Voxboard/PersistentRecorder.swift:175:99: warning: 'allowBluetooth' was deprecated in iOS 8.0: renamed to 'AVAudioSession.CategoryOptions.allowBluetoothHFP'
            try session.setCategory(.playAndRecord, mode: .default, options: [.defaultToSpeaker, .allowBluetooth, .mixWithOthers])
                                                                                                  ^
/Users/codybontecou/projects/Voxboard/Voxboard/PersistentRecorder.swift:175:99: note: use 'AVAudioSession.CategoryOptions.allowBluetoothHFP' instead
            try session.setCategory(.playAndRecord, mode: .default, options: [.defaultToSpeaker, .allowBluetooth, .mixWithOthers])
                                                                                                  ^~~~~~~~~~~~~~
                                                                                                  AVAudioSession.CategoryOptions.allowBluetoothHFP
/Users/codybontecou/projects/Voxboard/Voxboard/PersistentRecorder.swift:344:39: warning: reference to captured var 'self' in concurrently-executing code; this is an error in the Swift 6 language mode
                await MainActor.run { self?.isPreloadingModel = false }
                                      ^
/Users/codybontecou/projects/Voxboard/Voxboard/PersistentRecorder.swift:350:43: warning: reference to captured var 'self' in concurrently-executing code; this is an error in the Swift 6 language mode
                    await MainActor.run { self?.isPreloadingModel = false }
                                          ^
/Users/codybontecou/projects/Voxboard/Voxboard/PersistentRecorder.swift:355:21: warning: reference to captured var 'self' in concurrently-executing code; this is an error in the Swift 6 language mode
                    self?.isPreloadingModel = false
                    ^
/Users/codybontecou/projects/Voxboard/Voxboard/PersistentRecorder.swift:357:25: warning: reference to captured var 'self' in concurrently-executing code; this is an error in the Swift 6 language mode
                        self?.cachedParakeetContext = ctx
                        ^
/Users/codybontecou/projects/Voxboard/Voxboard/PersistentRecorder.swift:358:25: warning: reference to captured var 'self' in concurrently-executing code; this is an error in the Swift 6 language mode
                        self?.cachedWhisperContext = nil
                        ^
/Users/codybontecou/projects/Voxboard/Voxboard/PersistentRecorder.swift:359:25: warning: reference to captured var 'self' in concurrently-executing code; this is an error in the Swift 6 language mode
                        self?.cachedModelId = modelId
                        ^
/Users/codybontecou/projects/Voxboard/Voxboard/PersistentRecorder.swift:368:21: warning: reference to captured var 'self' in concurrently-executing code; this is an error in the Swift 6 language mode
                    self?.isPreloadingModel = false
                    ^
/Users/codybontecou/projects/Voxboard/Voxboard/PersistentRecorder.swift:370:25: warning: reference to captured var 'self' in concurrently-executing code; this is an error in the Swift 6 language mode
                        self?.cachedWhisperContext = ctx
                        ^
/Users/codybontecou/projects/Voxboard/Voxboard/PersistentRecorder.swift:371:25: warning: reference to captured var 'self' in concurrently-executing code; this is an error in the Swift 6 language mode
                        self?.cachedParakeetContext = nil
                        ^
/Users/codybontecou/projects/Voxboard/Voxboard/PersistentRecorder.swift:372:25: warning: reference to captured var 'self' in concurrently-executing code; this is an error in the Swift 6 language mode
                        self?.cachedModelId = modelId
                        ^
/Users/codybontecou/projects/Voxboard/Voxboard/PersistentRecorder.swift:343:17: warning: main actor-isolated let 'log' cannot be accessed from outside of the actor; this is an error in the Swift 6 language mode
                log.log("[PersistentRecorder] ⚠️ Pre-load skipped — model not found: \(modelId)")
/Users/codybontecou/projects/Voxboard/Voxboard/PersistentRecorder.swift:694:25: warning: reference to captured var 'self' in concurrently-executing code; this is an error in the Swift 6 language mode
                        self?.lastError = "Could not import audio: \(error.localizedDescription)"
                        ^
/Users/codybontecou/projects/Voxboard/Voxboard/PersistentRecorder.swift:695:25: warning: reference to captured var 'self' in concurrently-executing code; this is an error in the Swift 6 language mode
                        self?.lastTranscriptionResult = nil
                        ^
/Users/codybontecou/projects/Voxboard/Voxboard/PersistentRecorder.swift:700:39: warning: reference to captured var 'self' in concurrently-executing code; this is an error in the Swift 6 language mode
                await MainActor.run { self?.isTranscribing = false }
                                      ^
/Users/codybontecou/projects/Voxboard/Voxboard/PersistentRecorder.swift:809:99: warning: 'allowBluetooth' was deprecated in iOS 8.0: renamed to 'AVAudioSession.CategoryOptions.allowBluetoothHFP'
            try session.setCategory(.playAndRecord, mode: .default, options: [.defaultToSpeaker, .allowBluetooth, .mixWithOthers])
                                                                                                  ^
/Users/codybontecou/projects/Voxboard/Voxboard/PersistentRecorder.swift:809:99: note: use 'AVAudioSession.CategoryOptions.allowBluetoothHFP' instead
            try session.setCategory(.playAndRecord, mode: .default, options: [.defaultToSpeaker, .allowBluetooth, .mixWithOthers])
                                                                                                  ^~~~~~~~~~~~~~
                                                                                                  AVAudioSession.CategoryOptions.allowBluetoothHFP
/Users/codybontecou/projects/Voxboard/Voxboard/PersistentRecorder.swift:964:17: warning: reference to captured var 'self' in concurrently-executing code; this is an error in the Swift 6 language mode
                self?.isTranscribing = false
                ^
/Users/codybontecou/projects/Voxboard/Voxboard/PersistentRecorder.swift:965:17: warning: reference to captured var 'self' in concurrently-executing code; this is an error in the Swift 6 language mode
                self?.finishLiveActivityAfterTranscription()
                ^
/Users/codybontecou/projects/Voxboard/Voxboard/PersistentRecorder.swift:1194:43: warning: reference to captured var 'self' in concurrently-executing code; this is an error in the Swift 6 language mode
                    await MainActor.run { self?.lastFileExportEvent = FileExportEvent(url: url) }
                                          ^
/Users/codybontecou/projects/Voxboard/Voxboard/PersistentRecorder.swift:1189:29: warning: main actor-isolated let 'log' cannot be accessed from outside of the actor; this is an error in the Swift 6 language mode
                            log.log("[PersistentRecorder] ⚠️ Audio export failed: \(error)")
/Users/codybontecou/projects/Voxboard/Voxboard/PersistentRecorder.swift:1499:27: warning: reference to captured var 'self' in concurrently-executing code; this is an error in the Swift 6 language mode
                guard let self, let startedAt = Optional(self.segmentStartedAt), self.isSegmentActive else { return }
                          ^

SwiftDriverJobDiscovery normal arm64 Compiling VoxboardApp.swift, VoxboardShortcutsProvider.swift (in target 'Voxboard' from project 'Voxboard')

SwiftDriverJobDiscovery normal arm64 Compiling ReleaseNotes.swift, ReviewPromptManager.swift (in target 'Voxboard' from project 'Voxboard')

SwiftDriverJobDiscovery normal arm64 Compiling StoreManager.swift, TranscriptionServer.swift (in target 'Voxboard' from project 'Voxboard')

SwiftDriverJobDiscovery normal arm64 Compiling FeedbackHelper.swift, FoundationModelsBackend.swift, LiveActivityController.swift (in target 'Voxboard' from project 'Voxboard')

SwiftDriverJobDiscovery normal arm64 Compiling WatchRecordingController.swift, WatchRecordingInbox.swift (in target 'Voxboard' from project 'Voxboard')

SwiftDriverJobDiscovery normal arm64 Emitting module for Voxboard (in target 'Voxboard' from project 'Voxboard')

SwiftDriver\ Compilation\ Requirements Voxboard normal arm64 com.apple.xcode.tools.swift.compiler (in target 'Voxboard' from project 'Voxboard')
    cd /Users/codybontecou/projects/Voxboard
    builtin-Swift-Compilation-Requirements -- /Applications/Xcode.app/Contents/Developer/Toolchains/XcodeDefault.xctoolchain/usr/bin/swiftc -module-name Voxboard -Onone @/tmp/voxboard-watch-sim-derived/Build/Intermediates.noindex/Voxboard.build/Debug-iphonesimulator/Voxboard.build/Objects-normal/arm64/Voxboard.SwiftFileList -DDEBUG -default-isolation\=MainActor -enable-bare-slash-regex -enable-upcoming-feature DisableOutwardActorInference -enable-upcoming-feature InferSendableFromCaptures -enable-upcoming-feature GlobalActorIsolatedTypesUsability -enable-upcoming-feature MemberImportVisibility -enable-upcoming-feature InferIsolatedConformances -enable-upcoming-feature NonisolatedNonsendingByDefault -enable-experimental-feature DebugDescriptionMacro -sdk /Applications/Xcode.app/Contents/Developer/Platforms/iPhoneSimulator.platform/Developer/SDKs/iPhoneSimulator26.5.sdk -target arm64-apple-ios17.6-simulator -g -module-cache-path /tmp/voxboard-watch-sim-derived/ModuleCache.noindex -Xfrontend -serialize-debugging-options -enable-testing -index-store-path /tmp/voxboard-watch-sim-derived/Index.noindex/DataStore -Xcc -D_LIBCPP_HARDENING_MODE\=_LIBCPP_HARDENING_MODE_DEBUG -swift-version 5 -I /tmp/voxboard-watch-sim-derived/Build/Products/Debug-iphonesimulator -F /tmp/voxboard-watch-sim-derived/Build/Products/Debug-iphonesimulator/PackageFrameworks -F /tmp/voxboard-watch-sim-derived/Build/Products/Debug-iphonesimulator/PackageFrameworks -F /tmp/voxboard-watch-sim-derived/Build/Products/Debug-iphonesimulator/PackageFrameworks -F /tmp/voxboard-watch-sim-derived/Build/Products/Debug-iphonesimulator/PackageFrameworks -F /tmp/voxboard-watch-sim-derived/Build/Products/Debug-iphonesimulator/PackageFrameworks -F /tmp/voxboard-watch-sim-derived/Build/Products/Debug-iphonesimulator/PackageFrameworks -F /tmp/voxboard-watch-sim-derived/Build/Products/Debug-iphonesimulator/PackageFrameworks -F /tmp/voxboard-watch-sim-derived/Build/Products/Debug-iphonesimulator -emit-localized-strings -emit-localized-strings-path /tmp/voxboard-watch-sim-derived/Build/Intermediates.noindex/Voxboard.build/Debug-iphonesimulator/Voxboard.build/Objects-normal/arm64 -c -j10 -enable-batch-mode -incremental -Xcc -ivfsstatcache -Xcc /tmp/voxboard-watch-sim-derived/SDKStatCaches.noindex/iphonesimulator26.5-23F73-6cfe768891a92b912361537c460fe42b.sdkstatcache -output-file-map /tmp/voxboard-watch-sim-derived/Build/Intermediates.noindex/Voxboard.build/Debug-iphonesimulator/Voxboard.build/Objects-normal/arm64/Voxboard-OutputFileMap.json -use-frontend-parseable-output -save-temps -no-color-diagnostics -explicit-module-build -module-cache-path /tmp/voxboard-watch-sim-derived/Build/Intermediates.noindex/SwiftExplicitPrecompiledModules -clang-scanner-module-cache-path /tmp/voxboard-watch-sim-derived/ModuleCache.noindex -sdk-module-cache-path /tmp/voxboard-watch-sim-derived/ModuleCache.noindex -serialize-diagnostics -emit-dependencies -emit-module -emit-module-path /tmp/voxboard-watch-sim-derived/Build/Intermediates.noindex/Voxboard.build/Debug-iphonesimulator/Voxboard.build/Objects-normal/arm64/Voxboard.swiftmodule -validate-clang-modules-once -clang-build-session-file /tmp/voxboard-watch-sim-derived/ModuleCache.noindex/Session.modulevalidation -Xcc -I/tmp/voxboard-watch-sim-derived/Build/Intermediates.noindex/Voxboard.build/Debug-iphonesimulator/Voxboard.build/swift-overrides.hmap -emit-const-values -Xfrontend -const-gather-protocols-file -Xfrontend /tmp/voxboard-watch-sim-derived/Build/Intermediates.noindex/Voxboard.build/Debug-iphonesimulator/Voxboard.build/Objects-normal/arm64/Voxboard_const_extract_protocols.json -Xcc -iquote -Xcc /tmp/voxboard-watch-sim-derived/Build/Intermediates.noindex/Voxboard.build/Debug-iphonesimulator/Voxboard.build/Voxboard-generated-files.hmap -Xcc -I/tmp/voxboard-watch-sim-derived/Build/Intermediates.noindex/Voxboard.build/Debug-iphonesimulator/Voxboard.build/Voxboard-own-target-headers.hmap -Xcc -I/tmp/voxboard-watch-sim-derived/Build/Intermediates.noindex/Voxboard.build/Debug-iphonesimulator/Voxboard.build/Voxboard-all-non-framework-target-headers.hmap -Xcc -ivfsoverlay -Xcc /tmp/voxboard-watch-sim-derived/Build/Intermediates.noindex/Voxboard.build/Debug-iphonesimulator/Voxboard-8d6c3ba71b53f8320d7c577fe4b80237-VFS-iphonesimulator/all-product-headers.yaml -Xcc -iquote -Xcc /tmp/voxboard-watch-sim-derived/Build/Intermediates.noindex/Voxboard.build/Debug-iphonesimulator/Voxboard.build/Voxboard-project-headers.hmap -Xcc -I/tmp/voxboard-watch-sim-derived/SourcePackages/checkouts/FluidAudio/Sources/MachTaskSelfWrapper/include -Xcc -I/tmp/voxboard-watch-sim-derived/SourcePackages/checkouts/FluidAudio/Sources/FastClusterWrapper/include -Xcc -I/tmp/voxboard-watch-sim-derived/Build/Products/Debug-iphonesimulator/include -Xcc -I/tmp/voxboard-watch-sim-derived/Build/Intermediates.noindex/Voxboard.build/Debug-iphonesimulator/Voxboard.build/DerivedSources-normal/arm64 -Xcc -I/tmp/voxboard-watch-sim-derived/Build/Intermediates.noindex/Voxboard.build/Debug-iphonesimulator/Voxboard.build/DerivedSources/arm64 -Xcc -I/tmp/voxboard-watch-sim-derived/Build/Intermediates.noindex/Voxboard.build/Debug-iphonesimulator/Voxboard.build/DerivedSources -Xcc -DDEBUG\=1 -emit-objc-header -emit-objc-header-path /tmp/voxboard-watch-sim-derived/Build/Intermediates.noindex/Voxboard.build/Debug-iphonesimulator/Voxboard.build/Objects-normal/arm64/Voxboard-Swift.h -working-directory /Users/codybontecou/projects/Voxboard -experimental-emit-module-separately -disable-cmo

SwiftMergeGeneratedHeaders /tmp/voxboard-watch-sim-derived/Build/Intermediates.noindex/Voxboard.build/Debug-iphonesimulator/Voxboard.build/DerivedSources/Voxboard-Swift.h /tmp/voxboard-watch-sim-derived/Build/Intermediates.noindex/Voxboard.build/Debug-iphonesimulator/Voxboard.build/Objects-normal/arm64/Voxboard-Swift.h (in target 'Voxboard' from project 'Voxboard')
    cd /Users/codybontecou/projects/Voxboard
    builtin-swiftHeaderTool -arch arm64 /tmp/voxboard-watch-sim-derived/Build/Intermediates.noindex/Voxboard.build/Debug-iphonesimulator/Voxboard.build/Objects-normal/arm64/Voxboard-Swift.h -o /tmp/voxboard-watch-sim-derived/Build/Intermediates.noindex/Voxboard.build/Debug-iphonesimulator/Voxboard.build/DerivedSources/Voxboard-Swift.h

Copy /tmp/voxboard-watch-sim-derived/Build/Products/Debug-iphonesimulator/Voxboard.swiftmodule/arm64-apple-ios-simulator.swiftdoc /tmp/voxboard-watch-sim-derived/Build/Intermediates.noindex/Voxboard.build/Debug-iphonesimulator/Voxboard.build/Objects-normal/arm64/Voxboard.swiftdoc (in target 'Voxboard' from project 'Voxboard')
    cd /Users/codybontecou/projects/Voxboard
    builtin-copy -exclude .DS_Store -exclude CVS -exclude .svn -exclude .git -exclude .hg -resolve-src-symlinks -rename /tmp/voxboard-watch-sim-derived/Build/Intermediates.noindex/Voxboard.build/Debug-iphonesimulator/Voxboard.build/Objects-normal/arm64/Voxboard.swiftdoc /tmp/voxboard-watch-sim-derived/Build/Products/Debug-iphonesimulator/Voxboard.swiftmodule/arm64-apple-ios-simulator.swiftdoc

Copy /tmp/voxboard-watch-sim-derived/Build/Products/Debug-iphonesimulator/Voxboard.swiftmodule/arm64-apple-ios-simulator.abi.json /tmp/voxboard-watch-sim-derived/Build/Intermediates.noindex/Voxboard.build/Debug-iphonesimulator/Voxboard.build/Objects-normal/arm64/Voxboard.abi.json (in target 'Voxboard' from project 'Voxboard')
    cd /Users/codybontecou/projects/Voxboard
    builtin-copy -exclude .DS_Store -exclude CVS -exclude .svn -exclude .git -exclude .hg -resolve-src-symlinks -rename /tmp/voxboard-watch-sim-derived/Build/Intermediates.noindex/Voxboard.build/Debug-iphonesimulator/Voxboard.build/Objects-normal/arm64/Voxboard.abi.json /tmp/voxboard-watch-sim-derived/Build/Products/Debug-iphonesimulator/Voxboard.swiftmodule/arm64-apple-ios-simulator.abi.json

Copy /tmp/voxboard-watch-sim-derived/Build/Products/Debug-iphonesimulator/Voxboard.swiftmodule/arm64-apple-ios-simulator.swiftmodule /tmp/voxboard-watch-sim-derived/Build/Intermediates.noindex/Voxboard.build/Debug-iphonesimulator/Voxboard.build/Objects-normal/arm64/Voxboard.swiftmodule (in target 'Voxboard' from project 'Voxboard')
    cd /Users/codybontecou/projects/Voxboard
    builtin-copy -exclude .DS_Store -exclude CVS -exclude .svn -exclude .git -exclude .hg -resolve-src-symlinks -rename /tmp/voxboard-watch-sim-derived/Build/Intermediates.noindex/Voxboard.build/Debug-iphonesimulator/Voxboard.build/Objects-normal/arm64/Voxboard.swiftmodule /tmp/voxboard-watch-sim-derived/Build/Products/Debug-iphonesimulator/Voxboard.swiftmodule/arm64-apple-ios-simulator.swiftmodule

Copy /tmp/voxboard-watch-sim-derived/Build/Products/Debug-iphonesimulator/Voxboard.swiftmodule/Project/arm64-apple-ios-simulator.swiftsourceinfo /tmp/voxboard-watch-sim-derived/Build/Intermediates.noindex/Voxboard.build/Debug-iphonesimulator/Voxboard.build/Objects-normal/arm64/Voxboard.swiftsourceinfo (in target 'Voxboard' from project 'Voxboard')
    cd /Users/codybontecou/projects/Voxboard
    builtin-copy -exclude .DS_Store -exclude CVS -exclude .svn -exclude .git -exclude .hg -resolve-src-symlinks -rename /tmp/voxboard-watch-sim-derived/Build/Intermediates.noindex/Voxboard.build/Debug-iphonesimulator/Voxboard.build/Objects-normal/arm64/Voxboard.swiftsourceinfo /tmp/voxboard-watch-sim-derived/Build/Products/Debug-iphonesimulator/Voxboard.swiftmodule/Project/arm64-apple-ios-simulator.swiftsourceinfo

SwiftDriverJobDiscovery normal arm64 Compiling RecordingFlowView.swift, RootView.swift, BrutalTheme.swift (in target 'Voxboard' from project 'Voxboard')

SwiftDriverJobDiscovery normal arm64 Compiling MetaSettingsView.swift, ModelTabView.swift, PaywallView.swift (in target 'Voxboard' from project 'Voxboard')

SwiftDriverJobDiscovery normal arm64 Compiling LiveActivityRecordingIntents.swift, OpenVoxboardRecordIntent.swift, PersistentRecorder.swift (in target 'Voxboard' from project 'Voxboard')

SwiftDriverJobDiscovery normal arm64 Compiling FlowSettingsView.swift, HistoryView.swift, HomeView.swift (in target 'Voxboard' from project 'Voxboard')

SwiftDriver\ Compilation Voxboard normal arm64 com.apple.xcode.tools.swift.compiler (in target 'Voxboard' from project 'Voxboard')
    cd /Users/codybontecou/projects/Voxboard
    builtin-Swift-Compilation -- /Applications/Xcode.app/Contents/Developer/Toolchains/XcodeDefault.xctoolchain/usr/bin/swiftc -module-name Voxboard -Onone @/tmp/voxboard-watch-sim-derived/Build/Intermediates.noindex/Voxboard.build/Debug-iphonesimulator/Voxboard.build/Objects-normal/arm64/Voxboard.SwiftFileList -DDEBUG -default-isolation\=MainActor -enable-bare-slash-regex -enable-upcoming-feature DisableOutwardActorInference -enable-upcoming-feature InferSendableFromCaptures -enable-upcoming-feature GlobalActorIsolatedTypesUsability -enable-upcoming-feature MemberImportVisibility -enable-upcoming-feature InferIsolatedConformances -enable-upcoming-feature NonisolatedNonsendingByDefault -enable-experimental-feature DebugDescriptionMacro -sdk /Applications/Xcode.app/Contents/Developer/Platforms/iPhoneSimulator.platform/Developer/SDKs/iPhoneSimulator26.5.sdk -target arm64-apple-ios17.6-simulator -g -module-cache-path /tmp/voxboard-watch-sim-derived/ModuleCache.noindex -Xfrontend -serialize-debugging-options -enable-testing -index-store-path /tmp/voxboard-watch-sim-derived/Index.noindex/DataStore -Xcc -D_LIBCPP_HARDENING_MODE\=_LIBCPP_HARDENING_MODE_DEBUG -swift-version 5 -I /tmp/voxboard-watch-sim-derived/Build/Products/Debug-iphonesimulator -F /tmp/voxboard-watch-sim-derived/Build/Products/Debug-iphonesimulator/PackageFrameworks -F /tmp/voxboard-watch-sim-derived/Build/Products/Debug-iphonesimulator/PackageFrameworks -F /tmp/voxboard-watch-sim-derived/Build/Products/Debug-iphonesimulator/PackageFrameworks -F /tmp/voxboard-watch-sim-derived/Build/Products/Debug-iphonesimulator/PackageFrameworks -F /tmp/voxboard-watch-sim-derived/Build/Products/Debug-iphonesimulator/PackageFrameworks -F /tmp/voxboard-watch-sim-derived/Build/Products/Debug-iphonesimulator/PackageFrameworks -F /tmp/voxboard-watch-sim-derived/Build/Products/Debug-iphonesimulator/PackageFrameworks -F /tmp/voxboard-watch-sim-derived/Build/Products/Debug-iphonesimulator -emit-localized-strings -emit-localized-strings-path /tmp/voxboard-watch-sim-derived/Build/Intermediates.noindex/Voxboard.build/Debug-iphonesimulator/Voxboard.build/Objects-normal/arm64 -c -j10 -enable-batch-mode -incremental -Xcc -ivfsstatcache -Xcc /tmp/voxboard-watch-sim-derived/SDKStatCaches.noindex/iphonesimulator26.5-23F73-6cfe768891a92b912361537c460fe42b.sdkstatcache -output-file-map /tmp/voxboard-watch-sim-derived/Build/Intermediates.noindex/Voxboard.build/Debug-iphonesimulator/Voxboard.build/Objects-normal/arm64/Voxboard-OutputFileMap.json -use-frontend-parseable-output -save-temps -no-color-diagnostics -explicit-module-build -module-cache-path /tmp/voxboard-watch-sim-derived/Build/Intermediates.noindex/SwiftExplicitPrecompiledModules -clang-scanner-module-cache-path /tmp/voxboard-watch-sim-derived/ModuleCache.noindex -sdk-module-cache-path /tmp/voxboard-watch-sim-derived/ModuleCache.noindex -serialize-diagnostics -emit-dependencies -emit-module -emit-module-path /tmp/voxboard-watch-sim-derived/Build/Intermediates.noindex/Voxboard.build/Debug-iphonesimulator/Voxboard.build/Objects-normal/arm64/Voxboard.swiftmodule -validate-clang-modules-once -clang-build-session-file /tmp/voxboard-watch-sim-derived/ModuleCache.noindex/Session.modulevalidation -Xcc -I/tmp/voxboard-watch-sim-derived/Build/Intermediates.noindex/Voxboard.build/Debug-iphonesimulator/Voxboard.build/swift-overrides.hmap -emit-const-values -Xfrontend -const-gather-protocols-file -Xfrontend /tmp/voxboard-watch-sim-derived/Build/Intermediates.noindex/Voxboard.build/Debug-iphonesimulator/Voxboard.build/Objects-normal/arm64/Voxboard_const_extract_protocols.json -Xcc -iquote -Xcc /tmp/voxboard-watch-sim-derived/Build/Intermediates.noindex/Voxboard.build/Debug-iphonesimulator/Voxboard.build/Voxboard-generated-files.hmap -Xcc -I/tmp/voxboard-watch-sim-derived/Build/Intermediates.noindex/Voxboard.build/Debug-iphonesimulator/Voxboard.build/Voxboard-own-target-headers.hmap -Xcc -I/tmp/voxboard-watch-sim-derived/Build/Intermediates.noindex/Voxboard.build/Debug-iphonesimulator/Voxboard.build/Voxboard-all-non-framework-target-headers.hmap -Xcc -ivfsoverlay -Xcc /tmp/voxboard-watch-sim-derived/Build/Intermediates.noindex/Voxboard.build/Debug-iphonesimulator/Voxboard-8d6c3ba71b53f8320d7c577fe4b80237-VFS-iphonesimulator/all-product-headers.yaml -Xcc -iquote -Xcc /tmp/voxboard-watch-sim-derived/Build/Intermediates.noindex/Voxboard.build/Debug-iphonesimulator/Voxboard.build/Voxboard-project-headers.hmap -Xcc -I/tmp/voxboard-watch-sim-derived/SourcePackages/checkouts/FluidAudio/Sources/MachTaskSelfWrapper/include -Xcc -I/tmp/voxboard-watch-sim-derived/SourcePackages/checkouts/FluidAudio/Sources/FastClusterWrapper/include -Xcc -I/tmp/voxboard-watch-sim-derived/Build/Products/Debug-iphonesimulator/include -Xcc -I/tmp/voxboard-watch-sim-derived/Build/Intermediates.noindex/Voxboard.build/Debug-iphonesimulator/Voxboard.build/DerivedSources-normal/arm64 -Xcc -I/tmp/voxboard-watch-sim-derived/Build/Intermediates.noindex/Voxboard.build/Debug-iphonesimulator/Voxboard.build/DerivedSources/arm64 -Xcc -I/tmp/voxboard-watch-sim-derived/Build/Intermediates.noindex/Voxboard.build/Debug-iphonesimulator/Voxboard.build/DerivedSources -Xcc -DDEBUG\=1 -emit-objc-header -emit-objc-header-path /tmp/voxboard-watch-sim-derived/Build/Intermediates.noindex/Voxboard.build/Debug-iphonesimulator/Voxboard.build/Objects-normal/arm64/Voxboard-Swift.h -working-directory /Users/codybontecou/projects/Voxboard -experimental-emit-module-separately -disable-cmo

Ld /tmp/voxboard-watch-sim-derived/Build/Products/Debug-iphonesimulator/Voxboard.app/Voxboard.debug.dylib normal (in target 'Voxboard' from project 'Voxboard')
    cd /Users/codybontecou/projects/Voxboard
    /Applications/Xcode.app/Contents/Developer/Toolchains/XcodeDefault.xctoolchain/usr/bin/clang -Xlinker -reproducible -target arm64-apple-ios17.6-simulator -dynamiclib -isysroot /Applications/Xcode.app/Contents/Developer/Platforms/iPhoneSimulator.platform/Developer/SDKs/iPhoneSimulator26.5.sdk -O0 -L/tmp/voxboard-watch-sim-derived/Build/Intermediates.noindex/EagerLinkingTBDs/Debug-iphonesimulator -L/tmp/voxboard-watch-sim-derived/Build/Products/Debug-iphonesimulator -F/tmp/voxboard-watch-sim-derived/Build/Intermediates.noindex/EagerLinkingTBDs/Debug-iphonesimulator -F/tmp/voxboard-watch-sim-derived/Build/Products/Debug-iphonesimulator/PackageFrameworks -F/tmp/voxboard-watch-sim-derived/Build/Products/Debug-iphonesimulator/PackageFrameworks -F/tmp/voxboard-watch-sim-derived/Build/Products/Debug-iphonesimulator/PackageFrameworks -F/tmp/voxboard-watch-sim-derived/Build/Products/Debug-iphonesimulator/PackageFrameworks -F/tmp/voxboard-watch-sim-derived/Build/Products/Debug-iphonesimulator/PackageFrameworks -F/tmp/voxboard-watch-sim-derived/Build/Products/Debug-iphonesimulator/PackageFrameworks -F/tmp/voxboard-watch-sim-derived/Build/Products/Debug-iphonesimulator/PackageFrameworks -F/tmp/voxboard-watch-sim-derived/Build/Products/Debug-iphonesimulator -filelist /tmp/voxboard-watch-sim-derived/Build/Intermediates.noindex/Voxboard.build/Debug-iphonesimulator/Voxboard.build/Objects-normal/arm64/Voxboard.LinkFileList -install_name @rpath/Voxboard.debug.dylib -Xlinker -rpath -Xlinker /usr/lib/swift -Xlinker -rpath -Xlinker /tmp/voxboard-watch-sim-derived/Build/Products/Debug-iphonesimulator/PackageFrameworks -Xlinker -rpath -Xlinker @executable_path/Frameworks -Xlinker -dead_strip -Xlinker -object_path_lto -Xlinker /tmp/voxboard-watch-sim-derived/Build/Intermediates.noindex/Voxboard.build/Debug-iphonesimulator/Voxboard.build/Objects-normal/arm64/Voxboard_lto.o -rdynamic -Xlinker -no_deduplicate -Xlinker -objc_abi_version -Xlinker 2 -Xlinker -dependency_info -Xlinker /tmp/voxboard-watch-sim-derived/Build/Intermediates.noindex/Voxboard.build/Debug-iphonesimulator/Voxboard.build/Objects-normal/arm64/Voxboard_dependency_info.dat -fobjc-link-runtime -L/Applications/Xcode.app/Contents/Developer/Toolchains/XcodeDefault.xctoolchain/usr/lib/swift/iphonesimulator -L/usr/lib/swift -Xlinker -add_ast_path -Xlinker /tmp/voxboard-watch-sim-derived/Build/Intermediates.noindex/Voxboard.build/Debug-iphonesimulator/Voxboard.build/Objects-normal/arm64/Voxboard.swiftmodule @/tmp/voxboard-watch-sim-derived/Build/Intermediates.noindex/Voxboard.build/Debug-iphonesimulator/Voxboard.build/Objects-normal/arm64/Voxboard-linker-args.resp -Wl,-no_warn_duplicate_libraries -Wl,-no_warn_duplicate_libraries -Wl,-no_warn_duplicate_libraries -lc++ -Wl,-no_warn_duplicate_libraries -Wl,-no_warn_duplicate_libraries -Wl,-no_warn_duplicate_libraries -Wl,-no_warn_duplicate_libraries -framework Accelerate -framework Metal -framework Foundation -framework CoreML -Xlinker -alias -Xlinker _main -Xlinker ___debug_main_executable_dylib_entry_point -framework KeyboardKit -framework LicenseKit -framework LicenseKit -framework whisper -framework WatchConnectivity -framework AppIntents -Xlinker -no_adhoc_codesign -o /tmp/voxboard-watch-sim-derived/Build/Products/Debug-iphonesimulator/Voxboard.app/Voxboard.debug.dylib -Xlinker -add_ast_path -Xlinker /tmp/voxboard-watch-sim-derived/Build/Intermediates.noindex/KeyboardKit.build/Debug-iphonesimulator/KeyboardKitDependencies.build/Objects-normal/arm64/KeyboardKitDependencies.swiftmodule @/tmp/voxboard-watch-sim-derived/Build/Intermediates.noindex/KeyboardKit.build/Debug-iphonesimulator/KeyboardKitDependencies.build/Objects-normal/arm64/KeyboardKitDependencies-linker-args.resp -Xlinker -add_ast_path -Xlinker /tmp/voxboard-watch-sim-derived/Build/Intermediates.noindex/Notelet.build/Debug-iphonesimulator/Notelet.build/Objects-normal/arm64/Notelet.swiftmodule @/tmp/voxboard-watch-sim-derived/Build/Intermediates.noindex/Notelet.build/Debug-iphonesimulator/Notelet.build/Objects-normal/arm64/Notelet-linker-args.resp -Xlinker -add_ast_path -Xlinker /tmp/voxboard-watch-sim-derived/Build/Intermediates.noindex/VoxboardShared.build/Debug-iphonesimulator/VoxboardShared.build/Objects-normal/arm64/VoxboardShared.swiftmodule @/tmp/voxboard-watch-sim-derived/Build/Intermediates.noindex/VoxboardShared.build/Debug-iphonesimulator/VoxboardShared.build/Objects-normal/arm64/VoxboardShared-linker-args.resp -Xlinker -add_ast_path -Xlinker /tmp/voxboard-watch-sim-derived/Build/Intermediates.noindex/FluidAudio.build/Debug-iphonesimulator/FluidAudio.build/Objects-normal/arm64/FluidAudio.swiftmodule @/tmp/voxboard-watch-sim-derived/Build/Intermediates.noindex/FluidAudio.build/Debug-iphonesimulator/FluidAudio.build/Objects-normal/arm64/FluidAudio-linker-args.resp -Xlinker -add_ast_path -Xlinker /tmp/voxboard-watch-sim-derived/Build/Intermediates.noindex/ExportKit.build/Debug-iphonesimulator/ExportKit.build/Objects-normal/arm64/ExportKit.swiftmodule @/tmp/voxboard-watch-sim-derived/Build/Intermediates.noindex/ExportKit.build/Debug-iphonesimulator/ExportKit.build/Objects-normal/arm64/ExportKit-linker-args.resp

ConstructStubExecutorLinkFileList /tmp/voxboard-watch-sim-derived/Build/Intermediates.noindex/Voxboard.build/Debug-iphonesimulator/Voxboard.build/Voxboard-ExecutorLinkFileList-normal-arm64.txt (in target 'Voxboard' from project 'Voxboard')
    cd /Users/codybontecou/projects/Voxboard
    construct-stub-executor-link-file-list /tmp/voxboard-watch-sim-derived/Build/Products/Debug-iphonesimulator/Voxboard.app/Voxboard.debug.dylib /Applications/Xcode.app/Contents/Developer/Platforms/iPhoneSimulator.platform/Developer/usr/lib/libPreviewsJITStubExecutor_no_swift_entry_point.a /Applications/Xcode.app/Contents/Developer/Platforms/iPhoneSimulator.platform/Developer/usr/lib/libPreviewsJITStubExecutor.a --output /tmp/voxboard-watch-sim-derived/Build/Intermediates.noindex/Voxboard.build/Debug-iphonesimulator/Voxboard.build/Voxboard-ExecutorLinkFileList-normal-arm64.txt
note: Using stub executor library with Swift entry point. (in target 'Voxboard' from project 'Voxboard')

Ld /tmp/voxboard-watch-sim-derived/Build/Products/Debug-iphonesimulator/Voxboard.app/Voxboard normal (in target 'Voxboard' from project 'Voxboard')
    cd /Users/codybontecou/projects/Voxboard
    /Applications/Xcode.app/Contents/Developer/Toolchains/XcodeDefault.xctoolchain/usr/bin/clang -Xlinker -reproducible -target arm64-apple-ios17.6-simulator -isysroot /Applications/Xcode.app/Contents/Developer/Platforms/iPhoneSimulator.platform/Developer/SDKs/iPhoneSimulator26.5.sdk -O0 -L/tmp/voxboard-watch-sim-derived/Build/Products/Debug-iphonesimulator -F/tmp/voxboard-watch-sim-derived/Build/Products/Debug-iphonesimulator/PackageFrameworks -F/tmp/voxboard-watch-sim-derived/Build/Products/Debug-iphonesimulator/PackageFrameworks -F/tmp/voxboard-watch-sim-derived/Build/Products/Debug-iphonesimulator/PackageFrameworks -F/tmp/voxboard-watch-sim-derived/Build/Products/Debug-iphonesimulator/PackageFrameworks -F/tmp/voxboard-watch-sim-derived/Build/Products/Debug-iphonesimulator/PackageFrameworks -F/tmp/voxboard-watch-sim-derived/Build/Products/Debug-iphonesimulator/PackageFrameworks -F/tmp/voxboard-watch-sim-derived/Build/Products/Debug-iphonesimulator/PackageFrameworks -F/tmp/voxboard-watch-sim-derived/Build/Products/Debug-iphonesimulator -Xlinker -rpath -Xlinker @executable_path -Xlinker -rpath -Xlinker /tmp/voxboard-watch-sim-derived/Build/Products/Debug-iphonesimulator/PackageFrameworks -Xlinker -rpath -Xlinker @executable_path/Frameworks -rdynamic -Xlinker -no_deduplicate -Xlinker -objc_abi_version -Xlinker 2 -e ___debug_blank_executor_main -Xlinker -sectcreate -Xlinker __TEXT -Xlinker __debug_dylib -Xlinker /tmp/voxboard-watch-sim-derived/Build/Intermediates.noindex/Voxboard.build/Debug-iphonesimulator/Voxboard.build/Voxboard-DebugDylibPath-normal-arm64.txt -Xlinker -sectcreate -Xlinker __TEXT -Xlinker __debug_instlnm -Xlinker /tmp/voxboard-watch-sim-derived/Build/Intermediates.noindex/Voxboard.build/Debug-iphonesimulator/Voxboard.build/Voxboard-DebugDylibInstallName-normal-arm64.txt -Xlinker -filelist -Xlinker /tmp/voxboard-watch-sim-derived/Build/Intermediates.noindex/Voxboard.build/Debug-iphonesimulator/Voxboard.build/Voxboard-ExecutorLinkFileList-normal-arm64.txt -Xlinker -sectcreate -Xlinker __TEXT -Xlinker __entitlements -Xlinker /tmp/voxboard-watch-sim-derived/Build/Intermediates.noindex/Voxboard.build/Debug-iphonesimulator/Voxboard.build/Voxboard.app-Simulated.xcent -Xlinker -sectcreate -Xlinker __TEXT -Xlinker __ents_der -Xlinker /tmp/voxboard-watch-sim-derived/Build/Intermediates.noindex/Voxboard.build/Debug-iphonesimulator/Voxboard.build/Voxboard.app-Simulated.xcent.der /tmp/voxboard-watch-sim-derived/Build/Products/Debug-iphonesimulator/Voxboard.app/Voxboard.debug.dylib -Xlinker -no_adhoc_codesign -o /tmp/voxboard-watch-sim-derived/Build/Products/Debug-iphonesimulator/Voxboard.app/Voxboard

Copy /tmp/voxboard-watch-sim-derived/Build/Products/Debug-iphonesimulator/Voxboard.app/PlugIns/Voxboard\ WidgetExtension.appex /tmp/voxboard-watch-sim-derived/Build/Products/Debug-iphonesimulator/Voxboard\ WidgetExtension.appex (in target 'Voxboard' from project 'Voxboard')
    cd /Users/codybontecou/projects/Voxboard
    builtin-copy -exclude .DS_Store -exclude CVS -exclude .svn -exclude .git -exclude .hg -exclude Headers -exclude PrivateHeaders -exclude Modules -exclude \*.tbd -resolve-src-symlinks -remove-static-executable /tmp/voxboard-watch-sim-derived/Build/Products/Debug-iphonesimulator/Voxboard\ WidgetExtension.appex /tmp/voxboard-watch-sim-derived/Build/Products/Debug-iphonesimulator/Voxboard.app/PlugIns

Copy /tmp/voxboard-watch-sim-derived/Build/Products/Debug-iphonesimulator/Voxboard.app/PlugIns/Voxboard\ Keyboard.appex /tmp/voxboard-watch-sim-derived/Build/Products/Debug-iphonesimulator/Voxboard\ Keyboard.appex (in target 'Voxboard' from project 'Voxboard')
    cd /Users/codybontecou/projects/Voxboard
    builtin-copy -exclude .DS_Store -exclude CVS -exclude .svn -exclude .git -exclude .hg -exclude Headers -exclude PrivateHeaders -exclude Modules -exclude \*.tbd -resolve-src-symlinks -remove-static-executable /tmp/voxboard-watch-sim-derived/Build/Products/Debug-iphonesimulator/Voxboard\ Keyboard.appex /tmp/voxboard-watch-sim-derived/Build/Products/Debug-iphonesimulator/Voxboard.app/PlugIns

Copy /tmp/voxboard-watch-sim-derived/Build/Products/Debug-iphonesimulator/Voxboard.app/Watch/Voxboard\ Watch.app /tmp/voxboard-watch-sim-derived/Build/Products/Debug-watchsimulator/Voxboard\ Watch.app (in target 'Voxboard' from project 'Voxboard')
    cd /Users/codybontecou/projects/Voxboard
    builtin-copy -exclude .DS_Store -exclude CVS -exclude .svn -exclude .git -exclude .hg -exclude Headers -exclude PrivateHeaders -exclude Modules -exclude \*.tbd -resolve-src-symlinks -remove-static-executable /tmp/voxboard-watch-sim-derived/Build/Products/Debug-watchsimulator/Voxboard\ Watch.app /tmp/voxboard-watch-sim-derived/Build/Products/Debug-iphonesimulator/Voxboard.app/Watch

ProcessInfoPlistFile /tmp/voxboard-watch-sim-derived/Build/Products/Debug-iphonesimulator/Voxboard.app/Info.plist /Users/codybontecou/projects/Voxboard/Voxboard/Info.plist (in target 'Voxboard' from project 'Voxboard')
    cd /Users/codybontecou/projects/Voxboard
    builtin-infoPlistUtility /Users/codybontecou/projects/Voxboard/Voxboard/Info.plist -producttype com.apple.product-type.application -genpkginfo /tmp/voxboard-watch-sim-derived/Build/Products/Debug-iphonesimulator/Voxboard.app/PkgInfo -expandbuildsettings -format binary -platform iphonesimulator -additionalcontentfile /tmp/voxboard-watch-sim-derived/Build/Intermediates.noindex/Voxboard.build/Debug-iphonesimulator/Voxboard.build/assetcatalog_generated_info.plist -scanforprivacyfile /tmp/voxboard-watch-sim-derived/Build/Products/Debug-iphonesimulator/Voxboard.app/Frameworks/KeyboardKit.framework -scanforprivacyfile /tmp/voxboard-watch-sim-derived/Build/Products/Debug-iphonesimulator/Voxboard.app/Frameworks/LicenseKit.framework -scanforprivacyfile /tmp/voxboard-watch-sim-derived/Build/Products/Debug-iphonesimulator/Voxboard.app/Frameworks/whisper.framework -scanforprivacyfile /tmp/voxboard-watch-sim-derived/Build/Products/Debug-iphonesimulator/Voxboard.app/PlugIns/Voxboard\ Keyboard.appex -scanforprivacyfile /tmp/voxboard-watch-sim-derived/Build/Products/Debug-iphonesimulator/Voxboard.app/PlugIns/Voxboard\ WidgetExtension.appex -scanforprivacyfile /tmp/voxboard-watch-sim-derived/Build/Products/Debug-iphonesimulator/Voxboard.app/Watch/Voxboard\ Watch.app -o /tmp/voxboard-watch-sim-derived/Build/Products/Debug-iphonesimulator/Voxboard.app/Info.plist

ExtractAppIntentsMetadata (in target 'Voxboard' from project 'Voxboard')
    cd /Users/codybontecou/projects/Voxboard
    /Applications/Xcode.app/Contents/Developer/Toolchains/XcodeDefault.xctoolchain/usr/bin/appintentsmetadataprocessor --toolchain-dir /Applications/Xcode.app/Contents/Developer/Toolchains/XcodeDefault.xctoolchain --module-name Voxboard --sdk-root /Applications/Xcode.app/Contents/Developer/Platforms/iPhoneSimulator.platform/Developer/SDKs/iPhoneSimulator26.5.sdk --xcode-version 17F42 --platform-family iOS --deployment-target 17.6 --bundle-identifier bontecou.Voxboard --output /tmp/voxboard-watch-sim-derived/Build/Products/Debug-iphonesimulator/Voxboard.app --target-triple arm64-apple-ios17.6-simulator --binary-file /tmp/voxboard-watch-sim-derived/Build/Products/Debug-iphonesimulator/Voxboard.app/Voxboard --dependency-file /tmp/voxboard-watch-sim-derived/Build/Intermediates.noindex/Voxboard.build/Debug-iphonesimulator/Voxboard.build/Objects-normal/arm64/Voxboard_dependency_info.dat --stringsdata-file /tmp/voxboard-watch-sim-derived/Build/Intermediates.noindex/Voxboard.build/Debug-iphonesimulator/Voxboard.build/Objects-normal/arm64/ExtractedAppShortcutsMetadata.stringsdata --source-file-list /tmp/voxboard-watch-sim-derived/Build/Intermediates.noindex/Voxboard.build/Debug-iphonesimulator/Voxboard.build/Objects-normal/arm64/Voxboard.SwiftFileList --metadata-file-list /tmp/voxboard-watch-sim-derived/Build/Intermediates.noindex/Voxboard.build/Debug-iphonesimulator/Voxboard.build/Voxboard.DependencyMetadataFileList --static-metadata-file-list /tmp/voxboard-watch-sim-derived/Build/Intermediates.noindex/Voxboard.build/Debug-iphonesimulator/Voxboard.build/Voxboard.DependencyStaticMetadataFileList --swift-const-vals-list /tmp/voxboard-watch-sim-derived/Build/Intermediates.noindex/Voxboard.build/Debug-iphonesimulator/Voxboard.build/Objects-normal/arm64/Voxboard.SwiftConstValuesFileList --compile-time-extraction --deployment-aware-processing --validate-assistant-intents --no-app-shortcuts-localization
2026-06-20 10:16:35.505 appintentsmetadataprocessor[21445:3462587] Starting appintentsmetadataprocessor export
2026-06-20 10:16:35.530 appintentsmetadataprocessor[21445:3462587] Writing Metadata.appintents
2026-06-20 10:16:35.530 appintentsmetadataprocessor[21445:3462587] Metadata root: /tmp/voxboard-watch-sim-derived/Build/Products/Debug-iphonesimulator/Voxboard.app/Metadata.appintents

CopySwiftLibs /tmp/voxboard-watch-sim-derived/Build/Products/Debug-iphonesimulator/Voxboard.app (in target 'Voxboard' from project 'Voxboard')
    cd /Users/codybontecou/projects/Voxboard
    builtin-swiftStdLibTool --copy --verbose --sign - --scan-executable /tmp/voxboard-watch-sim-derived/Build/Products/Debug-iphonesimulator/Voxboard.app/Voxboard.debug.dylib --scan-folder /tmp/voxboard-watch-sim-derived/Build/Products/Debug-iphonesimulator/Voxboard.app/Frameworks --scan-folder /tmp/voxboard-watch-sim-derived/Build/Products/Debug-iphonesimulator/Voxboard.app/PlugIns --scan-folder /tmp/voxboard-watch-sim-derived/Build/Products/Debug-iphonesimulator/Voxboard.app/SystemExtensions --scan-folder /tmp/voxboard-watch-sim-derived/Build/Products/Debug-iphonesimulator/Voxboard.app/Extensions --scan-folder /Applications/Xcode.app/Contents/Developer/Platforms/iPhoneSimulator.platform/Developer/SDKs/iPhoneSimulator26.5.sdk/System/Library/Frameworks/WatchConnectivity.framework --scan-folder /Applications/Xcode.app/Contents/Developer/Platforms/iPhoneSimulator.platform/Developer/SDKs/iPhoneSimulator26.5.sdk/System/Library/Frameworks/AppIntents.framework --platform iphonesimulator --toolchain /Applications/Xcode.app/Contents/Developer/Toolchains/XcodeDefault.xctoolchain --destination /tmp/voxboard-watch-sim-derived/Build/Products/Debug-iphonesimulator/Voxboard.app/Frameworks --strip-bitcode --strip-bitcode-tool /Applications/Xcode.app/Contents/Developer/Toolchains/XcodeDefault.xctoolchain/usr/bin/bitcode_strip --emit-dependency-info /tmp/voxboard-watch-sim-derived/Build/Intermediates.noindex/Voxboard.build/Debug-iphonesimulator/Voxboard.build/SwiftStdLibToolInputDependencies.dep --filter-for-swift-os

AppIntentsSSUTraining (in target 'Voxboard' from project 'Voxboard')
    cd /Users/codybontecou/projects/Voxboard
    /Applications/Xcode.app/Contents/Developer/Toolchains/XcodeDefault.xctoolchain/usr/bin/appintentsnltrainingprocessor --infoplist-path /tmp/voxboard-watch-sim-derived/Build/Products/Debug-iphonesimulator/Voxboard.app/Info.plist --temp-dir-path /tmp/voxboard-watch-sim-derived/Build/Intermediates.noindex/Voxboard.build/Debug-iphonesimulator/Voxboard.build/ssu --bundle-id bontecou.Voxboard --product-path /tmp/voxboard-watch-sim-derived/Build/Products/Debug-iphonesimulator/Voxboard.app --extracted-metadata-path /tmp/voxboard-watch-sim-derived/Build/Products/Debug-iphonesimulator/Voxboard.app/Metadata.appintents --metadata-file-list /tmp/voxboard-watch-sim-derived/Build/Intermediates.noindex/Voxboard.build/Debug-iphonesimulator/Voxboard.build/Voxboard.DependencyMetadataFileList --source-file /tmp/voxboard-watch-sim-derived/Build/Products/Debug-iphonesimulator/Voxboard.app/Info.plist --archive-ssu-assets
2026-06-20 10:16:35.560 appintentsnltrainingprocessor[21446:3462592] Parsing options for appintentsnltrainingprocessor
2026-06-20 10:16:35.561 appintentsnltrainingprocessor[21446:3462592] Starting AppIntents SSU YAML Generation
2026-06-20 10:16:35.573 appintentsnltrainingprocessor[21446:3462592] Training 'Record with ${+applicationName}|Record ${VoxEntity} with ${+applicationName}|Start ${VoxEntity} in ${+applicationName}' for bn
2026-06-20 10:16:35.573 appintentsnltrainingprocessor[21446:3462592] Training 'Record with ${+applicationName}|Record ${VoxEntity} with ${+applicationName}|Start ${VoxEntity} in ${+applicationName}' for ko
2026-06-20 10:16:35.573 appintentsnltrainingprocessor[21446:3462592] Training 'Record with ${+applicationName}|Record ${VoxEntity} with ${+applicationName}|Start ${VoxEntity} in ${+applicationName}' for ur
2026-06-20 10:16:35.573 appintentsnltrainingprocessor[21446:3462592] Training 'Record with ${+applicationName}|Record ${VoxEntity} with ${+applicationName}|Start ${VoxEntity} in ${+applicationName}' for de
2026-06-20 10:16:35.573 appintentsnltrainingprocessor[21446:3462592] Training 'Record with ${+applicationName}|Record ${VoxEntity} with ${+applicationName}|Start ${VoxEntity} in ${+applicationName}' for nl
2026-06-20 10:16:35.573 appintentsnltrainingprocessor[21446:3462592] Training 'Record with ${+applicationName}|Record ${VoxEntity} with ${+applicationName}|Start ${VoxEntity} in ${+applicationName}' for vi
2026-06-20 10:16:35.573 appintentsnltrainingprocessor[21446:3462592] Training 'Record with ${+applicationName}|Record ${VoxEntity} with ${+applicationName}|Start ${VoxEntity} in ${+applicationName}' for tr
2026-06-20 10:16:35.573 appintentsnltrainingprocessor[21446:3462592] Training 'Record with ${+applicationName}|Record ${VoxEntity} with ${+applicationName}|Start ${VoxEntity} in ${+applicationName}' for pt-BR
2026-06-20 10:16:35.573 appintentsnltrainingprocessor[21446:3462592] Training 'Record with ${+applicationName}|Record ${VoxEntity} with ${+applicationName}|Start ${VoxEntity} in ${+applicationName}' for fr
2026-06-20 10:16:35.573 appintentsnltrainingprocessor[21446:3462592] Training 'Record with ${+applicationName}|Record ${VoxEntity} with ${+applicationName}|Start ${VoxEntity} in ${+applicationName}' for ja
2026-06-20 10:16:35.573 appintentsnltrainingprocessor[21446:3462592] Training 'Record with ${+applicationName}|Record ${VoxEntity} with ${+applicationName}|Start ${VoxEntity} in ${+applicationName}' for hi
2026-06-20 10:16:35.573 appintentsnltrainingprocessor[21446:3462592] Training 'Record with ${+applicationName}|Record ${VoxEntity} with ${+applicationName}|Start ${VoxEntity} in ${+applicationName}' for it
2026-06-20 10:16:35.573 appintentsnltrainingprocessor[21446:3462592] Training 'Record with ${+applicationName}|Record ${VoxEntity} with ${+applicationName}|Start ${VoxEntity} in ${+applicationName}' for en
2026-06-20 10:16:35.573 appintentsnltrainingprocessor[21446:3462592] Training 'Record with ${+applicationName}|Record ${VoxEntity} with ${+applicationName}|Start ${VoxEntity} in ${+applicationName}' for zh-Hant
2026-06-20 10:16:35.573 appintentsnltrainingprocessor[21446:3462592] Training 'Record with ${+applicationName}|Record ${VoxEntity} with ${+applicationName}|Start ${VoxEntity} in ${+applicationName}' for ta
2026-06-20 10:16:35.573 appintentsnltrainingprocessor[21446:3462592] Training 'Record with ${+applicationName}|Record ${VoxEntity} with ${+applicationName}|Start ${VoxEntity} in ${+applicationName}' for pl
2026-06-20 10:16:35.573 appintentsnltrainingprocessor[21446:3462592] Training 'Record with ${+applicationName}|Record ${VoxEntity} with ${+applicationName}|Start ${VoxEntity} in ${+applicationName}' for id
2026-06-20 10:16:35.573 appintentsnltrainingprocessor[21446:3462592] Training 'Record with ${+applicationName}|Record ${VoxEntity} with ${+applicationName}|Start ${VoxEntity} in ${+applicationName}' for th
2026-06-20 10:16:35.573 appintentsnltrainingprocessor[21446:3462592] Training 'Record with ${+applicationName}|Record ${VoxEntity} with ${+applicationName}|Start ${VoxEntity} in ${+applicationName}' for uk
2026-06-20 10:16:35.573 appintentsnltrainingprocessor[21446:3462592] Training 'Record with ${+applicationName}|Record ${VoxEntity} with ${+applicationName}|Start ${VoxEntity} in ${+applicationName}' for ru
2026-06-20 10:16:35.574 appintentsnltrainingprocessor[21446:3462592] Training 'Record with ${+applicationName}|Record ${VoxEntity} with ${+applicationName}|Start ${VoxEntity} in ${+applicationName}' for ar
2026-06-20 10:16:35.574 appintentsnltrainingprocessor[21446:3462592] Training 'Record with ${+applicationName}|Record ${VoxEntity} with ${+applicationName}|Start ${VoxEntity} in ${+applicationName}' for es
2026-06-20 10:16:35.574 appintentsnltrainingprocessor[21446:3462592] Training 'Record with ${+applicationName}|Record ${VoxEntity} with ${+applicationName}|Start ${VoxEntity} in ${+applicationName}' for zh-Hans
2026-06-20 10:16:35.574 appintentsnltrainingprocessor[21446:3462592] Training Negative Phrases '' for bn
2026-06-20 10:16:35.574 appintentsnltrainingprocessor[21446:3462592] Training Negative Phrases '' for ko
2026-06-20 10:16:35.574 appintentsnltrainingprocessor[21446:3462592] Training Negative Phrases '' for ur
2026-06-20 10:16:35.574 appintentsnltrainingprocessor[21446:3462592] Training Negative Phrases '' for de
2026-06-20 10:16:35.574 appintentsnltrainingprocessor[21446:3462592] Training Negative Phrases '' for nl
2026-06-20 10:16:35.574 appintentsnltrainingprocessor[21446:3462592] Training Negative Phrases '' for vi
2026-06-20 10:16:35.574 appintentsnltrainingprocessor[21446:3462592] Training Negative Phrases '' for tr
2026-06-20 10:16:35.574 appintentsnltrainingprocessor[21446:3462592] Training Negative Phrases '' for pt-BR
2026-06-20 10:16:35.574 appintentsnltrainingprocessor[21446:3462592] Training Negative Phrases '' for fr
2026-06-20 10:16:35.574 appintentsnltrainingprocessor[21446:3462592] Training Negative Phrases '' for ja
2026-06-20 10:16:35.574 appintentsnltrainingprocessor[21446:3462592] Training Negative Phrases '' for hi
2026-06-20 10:16:35.574 appintentsnltrainingprocessor[21446:3462592] Training Negative Phrases '' for it
2026-06-20 10:16:35.574 appintentsnltrainingprocessor[21446:3462592] Training Negative Phrases '' for en
2026-06-20 10:16:35.574 appintentsnltrainingprocessor[21446:3462592] Training Negative Phrases '' for zh-Hant
2026-06-20 10:16:35.574 appintentsnltrainingprocessor[21446:3462592] Training Negative Phrases '' for ta
2026-06-20 10:16:35.574 appintentsnltrainingprocessor[21446:3462592] Training Negative Phrases '' for pl
2026-06-20 10:16:35.574 appintentsnltrainingprocessor[21446:3462592] Training Negative Phrases '' for id
2026-06-20 10:16:35.574 appintentsnltrainingprocessor[21446:3462592] Training Negative Phrases '' for th
2026-06-20 10:16:35.574 appintentsnltrainingprocessor[21446:3462592] Training Negative Phrases '' for uk
2026-06-20 10:16:35.574 appintentsnltrainingprocessor[21446:3462592] Training Negative Phrases '' for ru
2026-06-20 10:16:35.574 appintentsnltrainingprocessor[21446:3462592] Training Negative Phrases '' for ar
2026-06-20 10:16:35.574 appintentsnltrainingprocessor[21446:3462592] Training Negative Phrases '' for es
2026-06-20 10:16:35.574 appintentsnltrainingprocessor[21446:3462592] Training Negative Phrases '' for zh-Hans
2026-06-20 10:16:35.574 appintentsnltrainingprocessor[21446:3462592] Application name 'Voxboard' for bn
2026-06-20 10:16:35.574 appintentsnltrainingprocessor[21446:3462592] Application name 'Voxboard' for ko
2026-06-20 10:16:35.574 appintentsnltrainingprocessor[21446:3462592] Application name 'Voxboard' for ur
2026-06-20 10:16:35.574 appintentsnltrainingprocessor[21446:3462592] Application name 'Voxboard' for de
2026-06-20 10:16:35.574 appintentsnltrainingprocessor[21446:3462592] Application name 'Voxboard' for nl
2026-06-20 10:16:35.574 appintentsnltrainingprocessor[21446:3462592] Application name 'Voxboard' for vi
2026-06-20 10:16:35.574 appintentsnltrainingprocessor[21446:3462592] Application name 'Voxboard' for tr
2026-06-20 10:16:35.574 appintentsnltrainingprocessor[21446:3462592] Application name 'Voxboard' for pt-BR
2026-06-20 10:16:35.574 appintentsnltrainingprocessor[21446:3462592] Application name 'Voxboard' for fr
2026-06-20 10:16:35.574 appintentsnltrainingprocessor[21446:3462592] Application name 'Voxboard' for ja
2026-06-20 10:16:35.574 appintentsnltrainingprocessor[21446:3462592] Application name 'Voxboard' for hi
2026-06-20 10:16:35.574 appintentsnltrainingprocessor[21446:3462592] Application name 'Voxboard' for it
2026-06-20 10:16:35.574 appintentsnltrainingprocessor[21446:3462592] Application name 'Voxboard' for en
2026-06-20 10:16:35.574 appintentsnltrainingprocessor[21446:3462592] Application name 'Voxboard' for zh-Hant
2026-06-20 10:16:35.574 appintentsnltrainingprocessor[21446:3462592] Application name 'Voxboard' for ta
2026-06-20 10:16:35.574 appintentsnltrainingprocessor[21446:3462592] Application name 'Voxboard' for pl
2026-06-20 10:16:35.575 appintentsnltrainingprocessor[21446:3462592] Application name 'Voxboard' for id
2026-06-20 10:16:35.575 appintentsnltrainingprocessor[21446:3462592] Application name 'Voxboard' for th
2026-06-20 10:16:35.575 appintentsnltrainingprocessor[21446:3462592] Application name 'Voxboard' for uk
2026-06-20 10:16:35.575 appintentsnltrainingprocessor[21446:3462592] Application name 'Voxboard' for ru
2026-06-20 10:16:35.575 appintentsnltrainingprocessor[21446:3462592] Application name 'Voxboard' for ar
2026-06-20 10:16:35.575 appintentsnltrainingprocessor[21446:3462592] Application name 'Voxboard' for es
2026-06-20 10:16:35.575 appintentsnltrainingprocessor[21446:3462592] Application name 'Voxboard' for zh-Hans
2026-06-20 10:16:35.620 appintentsnltrainingprocessor[21446:3462592] Generated AppIntents SSU YAML files in file:///tmp/voxboard-watch-sim-derived/Build/Intermediates.noindex/Voxboard.build/Debug-iphonesimulator/Voxboard.build/ssu/
2026-06-20 10:16:35.620 appintentsnltrainingprocessor[21446:3462592] Copied AppIntents SSU YAML files to file:///tmp/voxboard-watch-sim-derived/Build/Products/Debug-iphonesimulator/Voxboard.app/Metadata.appintents/
Archiving all locales.

[------------------------------------------------------------] 0% archiving vi
[🁢🁢----------------------------------------------------------] 4% archived vi
[🁢🁢----------------------------------------------------------] 4% archiving fr
[🁢🁢🁢🁢🁢-------------------------------------------------------] 8% archived fr
[🁢🁢🁢🁢🁢-------------------------------------------------------] 8% archiving tr
[🁢🁢🁢🁢🁢🁢🁢-----------------------------------------------------] 13% archived tr
[🁢🁢🁢🁢🁢🁢🁢-----------------------------------------------------] 13% archiving pl
[🁢🁢🁢🁢🁢🁢🁢🁢🁢🁢--------------------------------------------------] 17% archived pl
[🁢🁢🁢🁢🁢🁢🁢🁢🁢🁢--------------------------------------------------] 17% archiving zh-Hant
[🁢🁢🁢🁢🁢🁢🁢🁢🁢🁢🁢🁢🁢-----------------------------------------------] 21% archived zh-Hant
[🁢🁢🁢🁢🁢🁢🁢🁢🁢🁢🁢🁢🁢-----------------------------------------------] 21% archiving en
[🁢🁢🁢🁢🁢🁢🁢🁢🁢🁢🁢🁢🁢🁢🁢---------------------------------------------] 26% archived en
[🁢🁢🁢🁢🁢🁢🁢🁢🁢🁢🁢🁢🁢🁢🁢---------------------------------------------] 26% archiving nl
[🁢🁢🁢🁢🁢🁢🁢🁢🁢🁢🁢🁢🁢🁢🁢🁢🁢🁢------------------------------------------] 30% archived nl
[🁢🁢🁢🁢🁢🁢🁢🁢🁢🁢🁢🁢🁢🁢🁢🁢🁢🁢------------------------------------------] 30% archiving de
[🁢🁢🁢🁢🁢🁢🁢🁢🁢🁢🁢🁢🁢🁢🁢🁢🁢🁢🁢🁢----------------------------------------] 34% archived de
[🁢🁢🁢🁢🁢🁢🁢🁢🁢🁢🁢🁢🁢🁢🁢🁢🁢🁢🁢🁢----------------------------------------] 34% archiving ta
[🁢🁢🁢🁢🁢🁢🁢🁢🁢🁢🁢🁢🁢🁢🁢🁢🁢🁢🁢🁢🁢🁢🁢-------------------------------------] 39% archived ta
[🁢🁢🁢🁢🁢🁢🁢🁢🁢🁢🁢🁢🁢🁢🁢🁢🁢🁢🁢🁢🁢🁢🁢-------------------------------------] 39% archiving bn
[🁢🁢🁢🁢🁢🁢🁢🁢🁢🁢🁢🁢🁢🁢🁢🁢🁢🁢🁢🁢🁢🁢🁢🁢🁢🁢----------------------------------] 43% archived bn
[🁢🁢🁢🁢🁢🁢🁢🁢🁢🁢🁢🁢🁢🁢🁢🁢🁢🁢🁢🁢🁢🁢🁢🁢🁢🁢----------------------------------] 43% archiving ru
[🁢🁢🁢🁢🁢🁢🁢🁢🁢🁢🁢🁢🁢🁢🁢🁢🁢🁢🁢🁢🁢🁢🁢🁢🁢🁢🁢🁢--------------------------------] 47% archived ru
[🁢🁢🁢🁢🁢🁢🁢🁢🁢🁢🁢🁢🁢🁢🁢🁢🁢🁢🁢🁢🁢🁢🁢🁢🁢🁢🁢🁢--------------------------------] 47% archiving ur
[🁢🁢🁢🁢🁢🁢🁢🁢🁢🁢🁢🁢🁢🁢🁢🁢🁢🁢🁢🁢🁢🁢🁢🁢🁢🁢🁢🁢🁢🁢🁢-----------------------------] 52% archived ur
[🁢🁢🁢🁢🁢🁢🁢🁢🁢🁢🁢🁢🁢🁢🁢🁢🁢🁢🁢🁢🁢🁢🁢🁢🁢🁢🁢🁢🁢🁢🁢-----------------------------] 52% archiving hi
[🁢🁢🁢🁢🁢🁢🁢🁢🁢🁢🁢🁢🁢🁢🁢🁢🁢🁢🁢🁢🁢🁢🁢🁢🁢🁢🁢🁢🁢🁢🁢🁢🁢---------------------------] 56% archived hi
[🁢🁢🁢🁢🁢🁢🁢🁢🁢🁢🁢🁢🁢🁢🁢🁢🁢🁢🁢🁢🁢🁢🁢🁢🁢🁢🁢🁢🁢🁢🁢🁢🁢---------------------------] 56% archiving es
[🁢🁢🁢🁢🁢🁢🁢🁢🁢🁢🁢🁢🁢🁢🁢🁢🁢🁢🁢🁢🁢🁢🁢🁢🁢🁢🁢🁢🁢🁢🁢🁢🁢🁢🁢🁢------------------------] 60% archived es
[🁢🁢🁢🁢🁢🁢🁢🁢🁢🁢🁢🁢🁢🁢🁢🁢🁢🁢🁢🁢🁢🁢🁢🁢🁢🁢🁢🁢🁢🁢🁢🁢🁢🁢🁢🁢------------------------] 60% archiving it
[🁢🁢🁢🁢🁢🁢🁢🁢🁢🁢🁢🁢🁢🁢🁢🁢🁢🁢🁢🁢🁢🁢🁢🁢🁢🁢🁢🁢🁢🁢🁢🁢🁢🁢🁢🁢🁢🁢🁢---------------------] 65% archived it
[🁢🁢🁢🁢🁢🁢🁢🁢🁢🁢🁢🁢🁢🁢🁢🁢🁢🁢🁢🁢🁢🁢🁢🁢🁢🁢🁢🁢🁢🁢🁢🁢🁢🁢🁢🁢🁢🁢🁢---------------------] 65% archiving zh-Hans
[🁢🁢🁢🁢🁢🁢🁢🁢🁢🁢🁢🁢🁢🁢🁢🁢🁢🁢🁢🁢🁢🁢🁢🁢🁢🁢🁢🁢🁢🁢🁢🁢🁢🁢🁢🁢🁢🁢🁢🁢🁢-------------------] 69% archived zh-Hans
[🁢🁢🁢🁢🁢🁢🁢🁢🁢🁢🁢🁢🁢🁢🁢🁢🁢🁢🁢🁢🁢🁢🁢🁢🁢🁢🁢🁢🁢🁢🁢🁢🁢🁢🁢🁢🁢🁢🁢🁢🁢-------------------] 69% archiving ja
[🁢🁢🁢🁢🁢🁢🁢🁢🁢🁢🁢🁢🁢🁢🁢🁢🁢🁢🁢🁢🁢🁢🁢🁢🁢🁢🁢🁢🁢🁢🁢🁢🁢🁢🁢🁢🁢🁢🁢🁢🁢🁢🁢🁢----------------] 73% archived ja
[🁢🁢🁢🁢🁢🁢🁢🁢🁢🁢🁢🁢🁢🁢🁢🁢🁢🁢🁢🁢🁢🁢🁢🁢🁢🁢🁢🁢🁢🁢🁢🁢🁢🁢🁢🁢🁢🁢🁢🁢🁢🁢🁢🁢----------------] 73% archiving pt-BR
[🁢🁢🁢🁢🁢🁢🁢🁢🁢🁢🁢🁢🁢🁢🁢🁢🁢🁢🁢🁢🁢🁢🁢🁢🁢🁢🁢🁢🁢🁢🁢🁢🁢🁢🁢🁢🁢🁢🁢🁢🁢🁢🁢🁢🁢🁢--------------] 78% archived pt-BR
[🁢🁢🁢🁢🁢🁢🁢🁢🁢🁢🁢🁢🁢🁢🁢🁢🁢🁢🁢🁢🁢🁢🁢🁢🁢🁢🁢🁢🁢🁢🁢🁢🁢🁢🁢🁢🁢🁢🁢🁢🁢🁢🁢🁢🁢🁢--------------] 78% archiving uk
[🁢🁢🁢🁢🁢🁢🁢🁢🁢🁢🁢🁢🁢🁢🁢🁢🁢🁢🁢🁢🁢🁢🁢🁢🁢🁢🁢🁢🁢🁢🁢🁢🁢🁢🁢🁢🁢🁢🁢🁢🁢🁢🁢🁢🁢🁢🁢🁢🁢-----------] 82% archived uk
[🁢🁢🁢🁢🁢🁢🁢🁢🁢🁢🁢🁢🁢🁢🁢🁢🁢🁢🁢🁢🁢🁢🁢🁢🁢🁢🁢🁢🁢🁢🁢🁢🁢🁢🁢🁢🁢🁢🁢🁢🁢🁢🁢🁢🁢🁢🁢🁢🁢-----------] 82% archiving id
[🁢🁢🁢🁢🁢🁢🁢🁢🁢🁢🁢🁢🁢🁢🁢🁢🁢🁢🁢🁢🁢🁢🁢🁢🁢🁢🁢🁢🁢🁢🁢🁢🁢🁢🁢🁢🁢🁢🁢🁢🁢🁢🁢🁢🁢🁢🁢🁢🁢🁢🁢🁢--------] 86% archived id
[🁢🁢🁢🁢🁢🁢🁢🁢🁢🁢🁢🁢🁢🁢🁢🁢🁢🁢🁢🁢🁢🁢🁢🁢🁢🁢🁢🁢🁢🁢🁢🁢🁢🁢🁢🁢🁢🁢🁢🁢🁢🁢🁢🁢🁢🁢🁢🁢🁢🁢🁢🁢--------] 86% archiving ko
[🁢🁢🁢🁢🁢🁢🁢🁢🁢🁢🁢🁢🁢🁢🁢🁢🁢🁢🁢🁢🁢🁢🁢🁢🁢🁢🁢🁢🁢🁢🁢🁢🁢🁢🁢🁢🁢🁢🁢🁢🁢🁢🁢🁢🁢🁢🁢🁢🁢🁢🁢🁢🁢🁢------] 91% archived ko
[🁢🁢🁢🁢🁢🁢🁢🁢🁢🁢🁢🁢🁢🁢🁢🁢🁢🁢🁢🁢🁢🁢🁢🁢🁢🁢🁢🁢🁢🁢🁢🁢🁢🁢🁢🁢🁢🁢🁢🁢🁢🁢🁢🁢🁢🁢🁢🁢🁢🁢🁢🁢🁢🁢------] 91% archiving ar
[🁢🁢🁢🁢🁢🁢🁢🁢🁢🁢🁢🁢🁢🁢🁢🁢🁢🁢🁢🁢🁢🁢🁢🁢🁢🁢🁢🁢🁢🁢🁢🁢🁢🁢🁢🁢🁢🁢🁢🁢🁢🁢🁢🁢🁢🁢🁢🁢🁢🁢🁢🁢🁢🁢🁢🁢🁢---] 95% archived ar
[🁢🁢🁢🁢🁢🁢🁢🁢🁢🁢🁢🁢🁢🁢🁢🁢🁢🁢🁢🁢🁢🁢🁢🁢🁢🁢🁢🁢🁢🁢🁢🁢🁢🁢🁢🁢🁢🁢🁢🁢🁢🁢🁢🁢🁢🁢🁢🁢🁢🁢🁢🁢🁢🁢🁢🁢🁢---] 95% archiving th
[🁢🁢🁢🁢🁢🁢🁢🁢🁢🁢🁢🁢🁢🁢🁢🁢🁢🁢🁢🁢🁢🁢🁢🁢🁢🁢🁢🁢🁢🁢🁢🁢🁢🁢🁢🁢🁢🁢🁢🁢🁢🁢🁢🁢🁢🁢🁢🁢🁢🁢🁢🁢🁢🁢🁢🁢🁢🁢🁢🁢] 100% archived th
[🁢🁢🁢🁢🁢🁢🁢🁢🁢🁢🁢🁢🁢🁢🁢🁢🁢🁢🁢🁢🁢🁢🁢🁢🁢🁢🁢🁢🁢🁢🁢🁢🁢🁢🁢🁢🁢🁢🁢🁢🁢🁢🁢🁢🁢🁢🁢🁢🁢🁢🁢🁢🁢🁢🁢🁢🁢🁢🁢🁢] 100% archived 23 locales/tmp/voxboard-watch-sim-derived/Build/Products/Debug-iphonesimulator/Voxboard.app/vi.lproj/nlu.appintents
/tmp/voxboard-watch-sim-derived/Build/Products/Debug-iphonesimulator/Voxboard.app/vi.lproj/nlu.appintents/651a0961abdbb6e862b4bd697c0eff62.version
/tmp/voxboard-watch-sim-derived/Build/Products/Debug-iphonesimulator/Voxboard.app/fr.lproj/nlu.appintents
/tmp/voxboard-watch-sim-derived/Build/Products/Debug-iphonesimulator/Voxboard.app/fr.lproj/nlu.appintents/0186d5e678a548b6b63a6a4b6c058ad0.version
/tmp/voxboard-watch-sim-derived/Build/Products/Debug-iphonesimulator/Voxboard.app/tr.lproj/nlu.appintents
/tmp/voxboard-watch-sim-derived/Build/Products/Debug-iphonesimulator/Voxboard.app/tr.lproj/nlu.appintents/dbe6f98b55e1d7f397b8259e7dcd77a2.version
/tmp/voxboard-watch-sim-derived/Build/Products/Debug-iphonesimulator/Voxboard.app/pl.lproj/nlu.appintents
/tmp/voxboard-watch-sim-derived/Build/Products/Debug-iphonesimulator/Voxboard.app/pl.lproj/nlu.appintents/f3e1289fc9be1852c6154f28872bba56.version
/tmp/voxboard-watch-sim-derived/Build/Products/Debug-iphonesimulator/Voxboard.app/zh-Hant.lproj/nlu.appintents
/tmp/voxboard-watch-sim-derived/Build/Products/Debug-iphonesimulator/Voxboard.app/zh-Hant.lproj/nlu.appintents/561104fe78267a142034361cd924f461.version
/tmp/voxboard-watch-sim-derived/Build/Products/Debug-iphonesimulator/Voxboard.app/en.lproj/nlu.appintents
/tmp/voxboard-watch-sim-derived/Build/Products/Debug-iphonesimulator/Voxboard.app/en.lproj/nlu.appintents/7d22f7bf764e9ac1cc41ea844b6b7a7d.version
/tmp/voxboard-watch-sim-derived/Build/Products/Debug-iphonesimulator/Voxboard.app/nl.lproj/nlu.appintents
/tmp/voxboard-watch-sim-derived/Build/Products/Debug-iphonesimulator/Voxboard.app/nl.lproj/nlu.appintents/89c379fde4cebaffd649807a3d9d78fa.version
/tmp/voxboard-watch-sim-derived/Build/Products/Debug-iphonesimulator/Voxboard.app/de.lproj/nlu.appintents
/tmp/voxboard-watch-sim-derived/Build/Products/Debug-iphonesimulator/Voxboard.app/de.lproj/nlu.appintents/91d8f0f68c557839d212483a1d52295d.version
/tmp/voxboard-watch-sim-derived/Build/Products/Debug-iphonesimulator/Voxboard.app/ta.lproj/nlu.appintents
/tmp/voxboard-watch-sim-derived/Build/Products/Debug-iphonesimulator/Voxboard.app/ta.lproj/nlu.appintents/5e58df1fdc6880776e076b110da05da0.version
/tmp/voxboard-watch-sim-derived/Build/Products/Debug-iphonesimulator/Voxboard.app/bn.lproj/nlu.appintents
/tmp/voxboard-watch-sim-derived/Build/Products/Debug-iphonesimulator/Voxboard.app/bn.lproj/nlu.appintents/4744bb1aa828646a41d08b4e1845a329.version
/tmp/voxboard-watch-sim-derived/Build/Products/Debug-iphonesimulator/Voxboard.app/ru.lproj/nlu.appintents
/tmp/voxboard-watch-sim-derived/Build/Products/Debug-iphonesimulator/Voxboard.app/ru.lproj/nlu.appintents/8919e64d9dd586950aa0ea71c069346d.version
/tmp/voxboard-watch-sim-derived/Build/Products/Debug-iphonesimulator/Voxboard.app/ur.lproj/nlu.appintents
/tmp/voxboard-watch-sim-derived/Build/Products/Debug-iphonesimulator/Voxboard.app/ur.lproj/nlu.appintents/0d693d43b4729b8cc8f115e7321a597a.version
/tmp/voxboard-watch-sim-derived/Build/Products/Debug-iphonesimulator/Voxboard.app/hi.lproj/nlu.appintents
/tmp/voxboard-watch-sim-derived/Build/Products/Debug-iphonesimulator/Voxboard.app/hi.lproj/nlu.appintents/864d842d0e8a24401979b3063c4692bb.version
/tmp/voxboard-watch-sim-derived/Build/Products/Debug-iphonesimulator/Voxboard.app/es.lproj/nlu.appintents
/tmp/voxboard-watch-sim-derived/Build/Products/Debug-iphonesimulator/Voxboard.app/es.lproj/nlu.appintents/80b61c0adf7cb9e0a709afb8f311fdc1.version
/tmp/voxboard-watch-sim-derived/Build/Products/Debug-iphonesimulator/Voxboard.app/it.lproj/nlu.appintents
/tmp/voxboard-watch-sim-derived/Build/Products/Debug-iphonesimulator/Voxboard.app/it.lproj/nlu.appintents/f300274f91666313e45fccb95b5cfd44.version
/tmp/voxboard-watch-sim-derived/Build/Products/Debug-iphonesimulator/Voxboard.app/zh-Hans.lproj/nlu.appintents
/tmp/voxboard-watch-sim-derived/Build/Products/Debug-iphonesimulator/Voxboard.app/zh-Hans.lproj/nlu.appintents/3892b88f17a7435435f683950156aa22.version
/tmp/voxboard-watch-sim-derived/Build/Products/Debug-iphonesimulator/Voxboard.app/ja.lproj/nlu.appintents
/tmp/voxboard-watch-sim-derived/Build/Products/Debug-iphonesimulator/Voxboard.app/ja.lproj/nlu.appintents/9880f7bf565687b9cec14ba02c576005.version
/tmp/voxboard-watch-sim-derived/Build/Products/Debug-iphonesimulator/Voxboard.app/pt-BR.lproj/nlu.appintents
/tmp/voxboard-watch-sim-derived/Build/Products/Debug-iphonesimulator/Voxboard.app/pt-BR.lproj/nlu.appintents/2059f50b0189084d6045e58e5fa20a84.version
/tmp/voxboard-watch-sim-derived/Build/Products/Debug-iphonesimulator/Voxboard.app/uk.lproj/nlu.appintents
/tmp/voxboard-watch-sim-derived/Build/Products/Debug-iphonesimulator/Voxboard.app/uk.lproj/nlu.appintents/378e7655a1319703a3c4346a6f3f134c.version
/tmp/voxboard-watch-sim-derived/Build/Products/Debug-iphonesimulator/Voxboard.app/id.lproj/nlu.appintents
/tmp/voxboard-watch-sim-derived/Build/Products/Debug-iphonesimulator/Voxboard.app/id.lproj/nlu.appintents/0fdecdf6a6dd56e787a8effd3996a3cd.version
/tmp/voxboard-watch-sim-derived/Build/Products/Debug-iphonesimulator/Voxboard.app/ko.lproj/nlu.appintents
/tmp/voxboard-watch-sim-derived/Build/Products/Debug-iphonesimulator/Voxboard.app/ko.lproj/nlu.appintents/d062d315e60dc8d6c50aac4f40d798b2.version
/tmp/voxboard-watch-sim-derived/Build/Products/Debug-iphonesimulator/Voxboard.app/ar.lproj/nlu.appintents
/tmp/voxboard-watch-sim-derived/Build/Products/Debug-iphonesimulator/Voxboard.app/ar.lproj/nlu.appintents/2f692dd80ebca18c68a9f8498b17ce49.version
/tmp/voxboard-watch-sim-derived/Build/Products/Debug-iphonesimulator/Voxboard.app/th.lproj/nlu.appintents
/tmp/voxboard-watch-sim-derived/Build/Products/Debug-iphonesimulator/Voxboard.app/th.lproj/nlu.appintents/1f31b11a784d19d74f83cd826bbc0589.version


CodeSign /tmp/voxboard-watch-sim-derived/Build/Products/Debug-iphonesimulator/Voxboard.app/Voxboard.debug.dylib (in target 'Voxboard' from project 'Voxboard')
    cd /Users/codybontecou/projects/Voxboard

    Signing Identity:     "Sign to Run Locally"

    /usr/bin/codesign --force --sign - --timestamp\=none --generate-entitlement-der /tmp/voxboard-watch-sim-derived/Build/Products/Debug-iphonesimulator/Voxboard.app/Voxboard.debug.dylib

CodeSign /tmp/voxboard-watch-sim-derived/Build/Products/Debug-iphonesimulator/Voxboard.app/__preview.dylib (in target 'Voxboard' from project 'Voxboard')
    cd /Users/codybontecou/projects/Voxboard

    Signing Identity:     "Sign to Run Locally"

    /usr/bin/codesign --force --sign - --timestamp\=none --generate-entitlement-der /tmp/voxboard-watch-sim-derived/Build/Products/Debug-iphonesimulator/Voxboard.app/__preview.dylib

CodeSign /tmp/voxboard-watch-sim-derived/Build/Products/Debug-iphonesimulator/Voxboard.app (in target 'Voxboard' from project 'Voxboard')
    cd /Users/codybontecou/projects/Voxboard

    Signing Identity:     "Sign to Run Locally"

    /usr/bin/codesign --force --sign - --entitlements /tmp/voxboard-watch-sim-derived/Build/Intermediates.noindex/Voxboard.build/Debug-iphonesimulator/Voxboard.build/Voxboard.app.xcent --timestamp\=none --generate-entitlement-der /tmp/voxboard-watch-sim-derived/Build/Products/Debug-iphonesimulator/Voxboard.app

ValidateEmbeddedBinary /tmp/voxboard-watch-sim-derived/Build/Products/Debug-iphonesimulator/Voxboard.app/Watch/Voxboard\ Watch.app (in target 'Voxboard' from project 'Voxboard')
    cd /Users/codybontecou/projects/Voxboard
    /Applications/Xcode.app/Contents/Developer/usr/bin/embeddedBinaryValidationUtility /tmp/voxboard-watch-sim-derived/Build/Products/Debug-iphonesimulator/Voxboard.app/Watch/Voxboard\ Watch.app -signing-cert - -info-plist-path /tmp/voxboard-watch-sim-derived/Build/Products/Debug-iphonesimulator/Voxboard.app/Info.plist

ValidateEmbeddedBinary /tmp/voxboard-watch-sim-derived/Build/Products/Debug-iphonesimulator/Voxboard.app/PlugIns/Voxboard\ WidgetExtension.appex (in target 'Voxboard' from project 'Voxboard')
    cd /Users/codybontecou/projects/Voxboard
    /Applications/Xcode.app/Contents/Developer/usr/bin/embeddedBinaryValidationUtility /tmp/voxboard-watch-sim-derived/Build/Products/Debug-iphonesimulator/Voxboard.app/PlugIns/Voxboard\ WidgetExtension.appex -signing-cert - -info-plist-path /tmp/voxboard-watch-sim-derived/Build/Products/Debug-iphonesimulator/Voxboard.app/Info.plist

ValidateEmbeddedBinary /tmp/voxboard-watch-sim-derived/Build/Products/Debug-iphonesimulator/Voxboard.app/PlugIns/Voxboard\ Keyboard.appex (in target 'Voxboard' from project 'Voxboard')
    cd /Users/codybontecou/projects/Voxboard
    /Applications/Xcode.app/Contents/Developer/usr/bin/embeddedBinaryValidationUtility /tmp/voxboard-watch-sim-derived/Build/Products/Debug-iphonesimulator/Voxboard.app/PlugIns/Voxboard\ Keyboard.appex -signing-cert - -info-plist-path /tmp/voxboard-watch-sim-derived/Build/Products/Debug-iphonesimulator/Voxboard.app/Info.plist

RegisterExecutionPolicyException /tmp/voxboard-watch-sim-derived/Build/Products/Debug-iphonesimulator/Voxboard.app (in target 'Voxboard' from project 'Voxboard')
    cd /Users/codybontecou/projects/Voxboard
    builtin-RegisterExecutionPolicyException /tmp/voxboard-watch-sim-derived/Build/Products/Debug-iphonesimulator/Voxboard.app

Validate /tmp/voxboard-watch-sim-derived/Build/Products/Debug-iphonesimulator/Voxboard.app (in target 'Voxboard' from project 'Voxboard')
    cd /Users/codybontecou/projects/Voxboard
    builtin-validationUtility /tmp/voxboard-watch-sim-derived/Build/Products/Debug-iphonesimulator/Voxboard.app -shallow-bundle -infoplist-subpath Info.plist

Touch /tmp/voxboard-watch-sim-derived/Build/Products/Debug-iphonesimulator/Voxboard.app (in target 'Voxboard' from project 'Voxboard')
    cd /Users/codybontecou/projects/Voxboard
    /usr/bin/touch -c /tmp/voxboard-watch-sim-derived/Build/Products/Debug-iphonesimulator/Voxboard.app

** BUILD SUCCEEDED **
