Command line invocation:
    /Applications/Xcode.app/Contents/Developer/usr/bin/xcodebuild -project Voxboard.xcodeproj -scheme Voxboard -configuration Debug -destination "platform=iOS Simulator,name=iPhone 17,OS=26.5" -derivedDataPath /tmp/voxboard-notelet-verify-derived build

Resolve Package Graph

Fetching from https://github.com/CodyBontecou/ExportKit (cached)

Fetching from https://github.com/mykolaharmash/notelet (cached)

Fetching from https://github.com/LicenseKit/LicenseKit.git (cached)

Fetching from https://github.com/FluidInference/FluidAudio.git (cached)

Fetching from https://github.com/KeyboardKit/KeyboardKit.git (cached)

Creating working copy of package ‘FluidAudio’

Creating working copy of package ‘KeyboardKit’

Creating working copy of package ‘ExportKit’

Creating working copy of package ‘LicenseKit’

Creating working copy of package ‘notelet’

Checking out 1.1.0 of package ‘notelet’

Checking out main (17993dc) of package ‘ExportKit’

Checking out 2.1.3 of package ‘LicenseKit’

Checking out 10.2.2 of package ‘KeyboardKit’

Checking out 0.13.4 of package ‘FluidAudio’


Resolved source packages:
  ExportKit: https://github.com/CodyBontecou/ExportKit @ main (17993dc)
  KeyboardKit: https://github.com/KeyboardKit/KeyboardKit.git @ 10.2.2
  FluidAudio: https://github.com/FluidInference/FluidAudio.git @ 0.13.4
  Notelet: https://github.com/mykolaharmash/notelet @ 1.1.0
  LicenseKit: https://github.com/LicenseKit/LicenseKit.git @ 2.1.3
  VoxboardShared: /Users/codybontecou/projects/Voxboard/Packages/VoxboardShared @ local

2026-06-20 11:43:47.740 xcodebuild[95355:3724880] [MT] IDERunDestination: Supported platforms for the buildables in the current scheme is empty.
ComputePackagePrebuildTargetDependencyGraph

Prepare packages

CreateBuildRequest

SendProjectDescription

CreateBuildOperation

ComputeTargetDependencyGraph
note: Building targets in dependency order
note: Target dependency graph (18 targets)
    Target 'Voxboard' in project 'Voxboard'
        ➜ Explicit dependency on target 'Voxboard Keyboard' in project 'Voxboard'
        ➜ Explicit dependency on target 'Voxboard WidgetExtension' in project 'Voxboard'
        ➜ Explicit dependency on target 'Voxboard Watch' in project 'Voxboard'
        ➜ Explicit dependency on target 'KeyboardKit' in project 'KeyboardKit'
        ➜ Explicit dependency on target 'Notelet' in project 'Notelet'
        ➜ Explicit dependency on target 'VoxboardShared' in project 'VoxboardShared'
    Target 'Notelet' in project 'Notelet'
        ➜ Explicit dependency on target 'Notelet' in project 'Notelet'
    Target 'Notelet' in project 'Notelet' (no dependencies)
    Target 'KeyboardKit' in project 'KeyboardKit'
        ➜ Explicit dependency on target 'KeyboardKitDependencies' in project 'KeyboardKit'
        ➜ Explicit dependency on target 'LicenseKit' in project 'LicenseKit'
    Target 'KeyboardKitDependencies' in project 'KeyboardKit'
        ➜ Explicit dependency on target 'LicenseKit' in project 'LicenseKit'
    Target 'LicenseKit' in project 'LicenseKit' (no dependencies)
    Target 'Voxboard Watch' in project 'Voxboard'
        ➜ Explicit dependency on target 'Voxboard Watch WidgetExtension' in project 'Voxboard'
    Target 'Voxboard Watch WidgetExtension' in project 'Voxboard' (no dependencies)
    Target 'Voxboard WidgetExtension' in project 'Voxboard'
        ➜ Explicit dependency on target 'VoxboardShared' in project 'VoxboardShared'
    Target 'Voxboard Keyboard' in project 'Voxboard'
        ➜ Explicit dependency on target 'VoxboardShared' in project 'VoxboardShared'
    Target 'VoxboardShared' in project 'VoxboardShared'
        ➜ Explicit dependency on target 'VoxboardShared' in project 'VoxboardShared'
        ➜ Explicit dependency on target 'FluidAudio' in project 'FluidAudio'
        ➜ Explicit dependency on target 'ExportKit' in project 'ExportKit'
    Target 'VoxboardShared' in project 'VoxboardShared'
        ➜ Explicit dependency on target 'FluidAudio' in project 'FluidAudio'
        ➜ Explicit dependency on target 'ExportKit' in project 'ExportKit'
    Target 'ExportKit' in project 'ExportKit'
        ➜ Explicit dependency on target 'ExportKit' in project 'ExportKit'
    Target 'ExportKit' in project 'ExportKit' (no dependencies)
    Target 'FluidAudio' in project 'FluidAudio'
        ➜ Explicit dependency on target 'FluidAudio' in project 'FluidAudio'
        ➜ Explicit dependency on target 'FastClusterWrapper' in project 'FluidAudio'
        ➜ Explicit dependency on target 'MachTaskSelfWrapper' in project 'FluidAudio'
    Target 'FluidAudio' in project 'FluidAudio'
        ➜ Explicit dependency on target 'FastClusterWrapper' in project 'FluidAudio'
        ➜ Explicit dependency on target 'MachTaskSelfWrapper' in project 'FluidAudio'
    Target 'MachTaskSelfWrapper' in project 'FluidAudio' (no dependencies)
    Target 'FastClusterWrapper' in project 'FluidAudio' (no dependencies)

GatherProvisioningInputs

CreateBuildDescription

ExecuteExternalTool /Applications/Xcode.app/Contents/Developer/Toolchains/XcodeDefault.xctoolchain/usr/bin/clang -v -E -dM -arch arm64 -isysroot /Applications/Xcode.app/Contents/Developer/Platforms/iPhoneSimulator.platform/Developer/SDKs/iPhoneSimulator26.5.sdk -x c -c /dev/null

ExecuteExternalTool /Applications/Xcode.app/Contents/Developer/Toolchains/XcodeDefault.xctoolchain/usr/bin/clang -v -E -dM -arch arm64 -isysroot /Applications/Xcode.app/Contents/Developer/Platforms/iPhoneSimulator.platform/Developer/SDKs/iPhoneSimulator26.5.sdk -x c++ -c /dev/null

ExecuteExternalTool /Applications/Xcode.app/Contents/Developer/Toolchains/XcodeDefault.xctoolchain/usr/bin/swiftc --version

ExecuteExternalTool /Applications/Xcode.app/Contents/Developer/usr/bin/xcstringstool compile --dry-run --output-directory /tmp/voxboard-notelet-verify-derived/Build/Intermediates.noindex/Voxboard.build/Debug-iphonesimulator/Voxboard Keyboard.build /Users/codybontecou/projects/Voxboard/Voxboard Keyboard/Localizable.xcstrings

ExecuteExternalTool /Applications/Xcode.app/Contents/Developer/usr/bin/actool --version --output-format xml1

ExecuteExternalTool /Applications/Xcode.app/Contents/Developer/usr/bin/actool --print-asset-tag-combinations --output-format xml1 /Users/codybontecou/projects/Voxboard/Voxboard Watch/Assets.xcassets

ExecuteExternalTool /Applications/Xcode.app/Contents/Developer/Toolchains/XcodeDefault.xctoolchain/usr/bin/clang -v -E -dM -isysroot /Applications/Xcode.app/Contents/Developer/Platforms/iPhoneSimulator.platform/Developer/SDKs/iPhoneSimulator26.5.sdk -x c -c /dev/null

ExecuteExternalTool /Applications/Xcode.app/Contents/Developer/usr/bin/actool --print-asset-tag-combinations --output-format xml1 /Users/codybontecou/projects/Voxboard/Voxboard/Assets.xcassets

ExecuteExternalTool /Applications/Xcode.app/Contents/Developer/Toolchains/XcodeDefault.xctoolchain/usr/bin/clang -v -E -dM -isysroot /Applications/Xcode.app/Contents/Developer/Platforms/WatchSimulator.platform/Developer/SDKs/WatchSimulator26.5.sdk -x c -c /dev/null

ExecuteExternalTool /Applications/Xcode.app/Contents/Developer/Toolchains/XcodeDefault.xctoolchain/usr/bin/ld -version_details

ExecuteExternalTool /Applications/Xcode.app/Contents/Developer/usr/bin/xcstringstool compile --dry-run --output-directory /tmp/voxboard-notelet-verify-derived/Build/Intermediates.noindex/Voxboard.build/Debug-iphonesimulator/Voxboard.build /Users/codybontecou/projects/Voxboard/Voxboard/Localizable.xcstrings

Build description signature: 215e0424a823e8df7966e839322e6bc3
Build description path: /tmp/voxboard-notelet-verify-derived/Build/Intermediates.noindex/XCBuildData/215e0424a823e8df7966e839322e6bc3.xcbuilddata
ClangStatCache /Applications/Xcode.app/Contents/Developer/Toolchains/XcodeDefault.xctoolchain/usr/bin/clang-stat-cache /Applications/Xcode.app/Contents/Developer/Platforms/WatchSimulator.platform/Developer/SDKs/WatchSimulator26.5.sdk /tmp/voxboard-notelet-verify-derived/SDKStatCaches.noindex/watchsimulator26.5-23T570-1651579a441f1322ae888f0ed545cb80.sdkstatcache
    cd /Users/codybontecou/projects/Voxboard/Voxboard.xcodeproj
    /Applications/Xcode.app/Contents/Developer/Toolchains/XcodeDefault.xctoolchain/usr/bin/clang-stat-cache /Applications/Xcode.app/Contents/Developer/Platforms/WatchSimulator.platform/Developer/SDKs/WatchSimulator26.5.sdk -o /tmp/voxboard-notelet-verify-derived/SDKStatCaches.noindex/watchsimulator26.5-23T570-1651579a441f1322ae888f0ed545cb80.sdkstatcache

ClangStatCache /Applications/Xcode.app/Contents/Developer/Toolchains/XcodeDefault.xctoolchain/usr/bin/clang-stat-cache /Applications/Xcode.app/Contents/Developer/Platforms/iPhoneSimulator.platform/Developer/SDKs/iPhoneSimulator26.5.sdk /tmp/voxboard-notelet-verify-derived/SDKStatCaches.noindex/iphonesimulator26.5-23F73-6cfe768891a92b912361537c460fe42b.sdkstatcache
    cd /Users/codybontecou/projects/Voxboard/Voxboard.xcodeproj
    /Applications/Xcode.app/Contents/Developer/Toolchains/XcodeDefault.xctoolchain/usr/bin/clang-stat-cache /Applications/Xcode.app/Contents/Developer/Platforms/iPhoneSimulator.platform/Developer/SDKs/iPhoneSimulator26.5.sdk -o /tmp/voxboard-notelet-verify-derived/SDKStatCaches.noindex/iphonesimulator26.5-23F73-6cfe768891a92b912361537c460fe42b.sdkstatcache

CreateBuildDirectory /tmp/voxboard-notelet-verify-derived/Build/Products
    cd /Users/codybontecou/projects/Voxboard/Voxboard.xcodeproj
    builtin-create-build-directory /tmp/voxboard-notelet-verify-derived/Build/Products

CreateBuildDirectory /tmp/voxboard-notelet-verify-derived/Build/Intermediates.noindex
    cd /Users/codybontecou/projects/Voxboard/Voxboard.xcodeproj
    builtin-create-build-directory /tmp/voxboard-notelet-verify-derived/Build/Intermediates.noindex

CreateBuildDirectory /tmp/voxboard-notelet-verify-derived/Build/Intermediates.noindex/SwiftExplicitPrecompiledModules
    cd /Users/codybontecou/projects/Voxboard/Voxboard.xcodeproj
    builtin-create-build-directory /tmp/voxboard-notelet-verify-derived/Build/Intermediates.noindex/SwiftExplicitPrecompiledModules

CreateBuildDirectory /tmp/voxboard-notelet-verify-derived/Build/Products/Debug-watchsimulator
    cd /Users/codybontecou/projects/Voxboard/Voxboard.xcodeproj
    builtin-create-build-directory /tmp/voxboard-notelet-verify-derived/Build/Products/Debug-watchsimulator

CreateBuildDirectory /tmp/voxboard-notelet-verify-derived/Build/Intermediates.noindex/ExplicitPrecompiledModules
    cd /Users/codybontecou/projects/Voxboard/Voxboard.xcodeproj
    builtin-create-build-directory /tmp/voxboard-notelet-verify-derived/Build/Intermediates.noindex/ExplicitPrecompiledModules

CreateBuildDirectory /tmp/voxboard-notelet-verify-derived/Build/Products/Debug-iphonesimulator
    cd /Users/codybontecou/projects/Voxboard/Voxboard.xcodeproj
    builtin-create-build-directory /tmp/voxboard-notelet-verify-derived/Build/Products/Debug-iphonesimulator

CreateBuildDirectory /tmp/voxboard-notelet-verify-derived/Build/Intermediates.noindex/EagerLinkingTBDs/Debug-iphonesimulator
    cd /Users/codybontecou/projects/Voxboard/Voxboard.xcodeproj
    builtin-create-build-directory /tmp/voxboard-notelet-verify-derived/Build/Intermediates.noindex/EagerLinkingTBDs/Debug-iphonesimulator

CreateBuildDirectory /tmp/voxboard-notelet-verify-derived/Build/Intermediates.noindex/EagerLinkingTBDs/Debug-watchsimulator
    cd /Users/codybontecou/projects/Voxboard/Voxboard.xcodeproj
    builtin-create-build-directory /tmp/voxboard-notelet-verify-derived/Build/Intermediates.noindex/EagerLinkingTBDs/Debug-watchsimulator

WriteAuxiliaryFile /tmp/voxboard-notelet-verify-derived/Build/Intermediates.noindex/Voxboard.build/Debug-iphonesimulator/Voxboard-8d6c3ba71b53f8320d7c577fe4b80237-VFS-iphonesimulator/all-product-headers.yaml
    cd /Users/codybontecou/projects/Voxboard/Voxboard.xcodeproj
    write-file /tmp/voxboard-notelet-verify-derived/Build/Intermediates.noindex/Voxboard.build/Debug-iphonesimulator/Voxboard-8d6c3ba71b53f8320d7c577fe4b80237-VFS-iphonesimulator/all-product-headers.yaml

WriteAuxiliaryFile /tmp/voxboard-notelet-verify-derived/Build/Intermediates.noindex/Voxboard.build/Debug-watchsimulator/Voxboard-8d6c3ba71b53f8320d7c577fe4b80237-VFS-watchsimulator/all-product-headers.yaml
    cd /Users/codybontecou/projects/Voxboard/Voxboard.xcodeproj
    write-file /tmp/voxboard-notelet-verify-derived/Build/Intermediates.noindex/Voxboard.build/Debug-watchsimulator/Voxboard-8d6c3ba71b53f8320d7c577fe4b80237-VFS-watchsimulator/all-product-headers.yaml

CreateBuildDirectory /tmp/voxboard-notelet-verify-derived/Build/Products/Debug-watchsimulator/PackageFrameworks
    cd /Users/codybontecou/projects/Voxboard/Voxboard.xcodeproj
    builtin-create-build-directory /tmp/voxboard-notelet-verify-derived/Build/Products/Debug-watchsimulator/PackageFrameworks

CreateBuildDirectory /tmp/voxboard-notelet-verify-derived/Build/Products/Debug-iphonesimulator/PackageFrameworks
    cd /Users/codybontecou/projects/Voxboard/Voxboard.xcodeproj
    builtin-create-build-directory /tmp/voxboard-notelet-verify-derived/Build/Products/Debug-iphonesimulator/PackageFrameworks

WriteAuxiliaryFile /tmp/voxboard-notelet-verify-derived/Build/Intermediates.noindex/ExportKit.build/Debug-iphonesimulator/ExportKit.build/ExportKit.DependencyMetadataFileList (in target 'ExportKit' from project 'ExportKit')
    cd /tmp/voxboard-notelet-verify-derived/SourcePackages/checkouts/ExportKit
    write-file /tmp/voxboard-notelet-verify-derived/Build/Intermediates.noindex/ExportKit.build/Debug-iphonesimulator/ExportKit.build/ExportKit.DependencyMetadataFileList

WriteAuxiliaryFile /tmp/voxboard-notelet-verify-derived/Build/Intermediates.noindex/ExportKit.build/Debug-iphonesimulator/ExportKit.build/ExportKit.modulemap (in target 'ExportKit' from project 'ExportKit')
    cd /tmp/voxboard-notelet-verify-derived/SourcePackages/checkouts/ExportKit
    write-file /tmp/voxboard-notelet-verify-derived/Build/Intermediates.noindex/ExportKit.build/Debug-iphonesimulator/ExportKit.build/ExportKit.modulemap

WriteAuxiliaryFile /tmp/voxboard-notelet-verify-derived/Build/Intermediates.noindex/ExportKit.build/Debug-iphonesimulator/ExportKit.build/ExportKit.DependencyStaticMetadataFileList (in target 'ExportKit' from project 'ExportKit')
    cd /tmp/voxboard-notelet-verify-derived/SourcePackages/checkouts/ExportKit
    write-file /tmp/voxboard-notelet-verify-derived/Build/Intermediates.noindex/ExportKit.build/Debug-iphonesimulator/ExportKit.build/ExportKit.DependencyStaticMetadataFileList

WriteAuxiliaryFile /tmp/voxboard-notelet-verify-derived/Build/Intermediates.noindex/ExportKit.build/Debug-iphonesimulator/ExportKit.build/Objects-normal/arm64/ExportKit.SwiftFileList (in target 'ExportKit' from project 'ExportKit')
    cd /tmp/voxboard-notelet-verify-derived/SourcePackages/checkouts/ExportKit
    write-file /tmp/voxboard-notelet-verify-derived/Build/Intermediates.noindex/ExportKit.build/Debug-iphonesimulator/ExportKit.build/Objects-normal/arm64/ExportKit.SwiftFileList

WriteAuxiliaryFile /tmp/voxboard-notelet-verify-derived/Build/Intermediates.noindex/ExportKit.build/Debug-iphonesimulator/ExportKit.build/Objects-normal/arm64/ExportKit_const_extract_protocols.json (in target 'ExportKit' from project 'ExportKit')
    cd /tmp/voxboard-notelet-verify-derived/SourcePackages/checkouts/ExportKit
    write-file /tmp/voxboard-notelet-verify-derived/Build/Intermediates.noindex/ExportKit.build/Debug-iphonesimulator/ExportKit.build/Objects-normal/arm64/ExportKit_const_extract_protocols.json

WriteAuxiliaryFile /tmp/voxboard-notelet-verify-derived/Build/Intermediates.noindex/ExportKit.build/Debug-iphonesimulator/ExportKit.build/Objects-normal/arm64/ExportKit.LinkFileList (in target 'ExportKit' from project 'ExportKit')
    cd /tmp/voxboard-notelet-verify-derived/SourcePackages/checkouts/ExportKit
    write-file /tmp/voxboard-notelet-verify-derived/Build/Intermediates.noindex/ExportKit.build/Debug-iphonesimulator/ExportKit.build/Objects-normal/arm64/ExportKit.LinkFileList

WriteAuxiliaryFile /tmp/voxboard-notelet-verify-derived/Build/Intermediates.noindex/ExportKit.build/Debug-iphonesimulator/ExportKit.build/Objects-normal/arm64/ExportKit.SwiftConstValuesFileList (in target 'ExportKit' from project 'ExportKit')
    cd /tmp/voxboard-notelet-verify-derived/SourcePackages/checkouts/ExportKit
    write-file /tmp/voxboard-notelet-verify-derived/Build/Intermediates.noindex/ExportKit.build/Debug-iphonesimulator/ExportKit.build/Objects-normal/arm64/ExportKit.SwiftConstValuesFileList

WriteAuxiliaryFile /tmp/voxboard-notelet-verify-derived/Build/Intermediates.noindex/ExportKit.build/Debug-iphonesimulator/ExportKit.build/Objects-normal/arm64/ExportKit-OutputFileMap.json (in target 'ExportKit' from project 'ExportKit')
    cd /tmp/voxboard-notelet-verify-derived/SourcePackages/checkouts/ExportKit
    write-file /tmp/voxboard-notelet-verify-derived/Build/Intermediates.noindex/ExportKit.build/Debug-iphonesimulator/ExportKit.build/Objects-normal/arm64/ExportKit-OutputFileMap.json

WriteAuxiliaryFile /tmp/voxboard-notelet-verify-derived/Build/Intermediates.noindex/Voxboard.build/Debug-watchsimulator/Voxboard\ Watch.build/Voxboard\ Watch.DependencyStaticMetadataFileList (in target 'Voxboard Watch' from project 'Voxboard')
    cd /Users/codybontecou/projects/Voxboard
    write-file /tmp/voxboard-notelet-verify-derived/Build/Intermediates.noindex/Voxboard.build/Debug-watchsimulator/Voxboard\ Watch.build/Voxboard\ Watch.DependencyStaticMetadataFileList

WriteAuxiliaryFile /tmp/voxboard-notelet-verify-derived/Build/Intermediates.noindex/Voxboard.build/Debug-watchsimulator/Voxboard\ Watch.build/Voxboard\ Watch.hmap (in target 'Voxboard Watch' from project 'Voxboard')
    cd /Users/codybontecou/projects/Voxboard
    write-file /tmp/voxboard-notelet-verify-derived/Build/Intermediates.noindex/Voxboard.build/Debug-watchsimulator/Voxboard\ Watch.build/Voxboard\ Watch.hmap

WriteAuxiliaryFile /tmp/voxboard-notelet-verify-derived/Build/Intermediates.noindex/Voxboard.build/Debug-watchsimulator/Voxboard\ Watch.build/Voxboard\ Watch.DependencyMetadataFileList (in target 'Voxboard Watch' from project 'Voxboard')
    cd /Users/codybontecou/projects/Voxboard
    write-file /tmp/voxboard-notelet-verify-derived/Build/Intermediates.noindex/Voxboard.build/Debug-watchsimulator/Voxboard\ Watch.build/Voxboard\ Watch.DependencyMetadataFileList

WriteAuxiliaryFile /tmp/voxboard-notelet-verify-derived/Build/Intermediates.noindex/Voxboard.build/Debug-watchsimulator/Voxboard\ Watch.build/Voxboard\ Watch-project-headers.hmap (in target 'Voxboard Watch' from project 'Voxboard')
    cd /Users/codybontecou/projects/Voxboard
    write-file /tmp/voxboard-notelet-verify-derived/Build/Intermediates.noindex/Voxboard.build/Debug-watchsimulator/Voxboard\ Watch.build/Voxboard\ Watch-project-headers.hmap

WriteAuxiliaryFile /tmp/voxboard-notelet-verify-derived/Build/Intermediates.noindex/Voxboard.build/Debug-watchsimulator/Voxboard\ Watch.build/Voxboard\ Watch-own-target-headers.hmap (in target 'Voxboard Watch' from project 'Voxboard')
    cd /Users/codybontecou/projects/Voxboard
    write-file /tmp/voxboard-notelet-verify-derived/Build/Intermediates.noindex/Voxboard.build/Debug-watchsimulator/Voxboard\ Watch.build/Voxboard\ Watch-own-target-headers.hmap

WriteAuxiliaryFile /tmp/voxboard-notelet-verify-derived/Build/Intermediates.noindex/Voxboard.build/Debug-watchsimulator/Voxboard\ Watch.build/Voxboard\ Watch-generated-files.hmap (in target 'Voxboard Watch' from project 'Voxboard')
    cd /Users/codybontecou/projects/Voxboard
    write-file /tmp/voxboard-notelet-verify-derived/Build/Intermediates.noindex/Voxboard.build/Debug-watchsimulator/Voxboard\ Watch.build/Voxboard\ Watch-generated-files.hmap

WriteAuxiliaryFile /tmp/voxboard-notelet-verify-derived/Build/Intermediates.noindex/Voxboard.build/Debug-watchsimulator/Voxboard\ Watch.build/Voxboard\ Watch-all-target-headers.hmap (in target 'Voxboard Watch' from project 'Voxboard')
    cd /Users/codybontecou/projects/Voxboard
    write-file /tmp/voxboard-notelet-verify-derived/Build/Intermediates.noindex/Voxboard.build/Debug-watchsimulator/Voxboard\ Watch.build/Voxboard\ Watch-all-target-headers.hmap

WriteAuxiliaryFile /tmp/voxboard-notelet-verify-derived/Build/Intermediates.noindex/Voxboard.build/Debug-watchsimulator/Voxboard\ Watch.build/Voxboard\ Watch-all-non-framework-target-headers.hmap (in target 'Voxboard Watch' from project 'Voxboard')
    cd /Users/codybontecou/projects/Voxboard
    write-file /tmp/voxboard-notelet-verify-derived/Build/Intermediates.noindex/Voxboard.build/Debug-watchsimulator/Voxboard\ Watch.build/Voxboard\ Watch-all-non-framework-target-headers.hmap

WriteAuxiliaryFile /tmp/voxboard-notelet-verify-derived/Build/Intermediates.noindex/Voxboard.build/Debug-watchsimulator/Voxboard\ Watch.build/Voxboard\ Watch-DebugDylibPath-normal-x86_64.txt (in target 'Voxboard Watch' from project 'Voxboard')
    cd /Users/codybontecou/projects/Voxboard
    write-file /tmp/voxboard-notelet-verify-derived/Build/Intermediates.noindex/Voxboard.build/Debug-watchsimulator/Voxboard\ Watch.build/Voxboard\ Watch-DebugDylibPath-normal-x86_64.txt

WriteAuxiliaryFile /tmp/voxboard-notelet-verify-derived/Build/Intermediates.noindex/Voxboard.build/Debug-watchsimulator/Voxboard\ Watch.build/Voxboard\ Watch-DebugDylibPath-normal-arm64.txt (in target 'Voxboard Watch' from project 'Voxboard')
    cd /Users/codybontecou/projects/Voxboard
    write-file /tmp/voxboard-notelet-verify-derived/Build/Intermediates.noindex/Voxboard.build/Debug-watchsimulator/Voxboard\ Watch.build/Voxboard\ Watch-DebugDylibPath-normal-arm64.txt

WriteAuxiliaryFile /tmp/voxboard-notelet-verify-derived/Build/Intermediates.noindex/Voxboard.build/Debug-watchsimulator/Voxboard\ Watch.build/Voxboard\ Watch-DebugDylibInstallName-normal-x86_64.txt (in target 'Voxboard Watch' from project 'Voxboard')
    cd /Users/codybontecou/projects/Voxboard
    write-file /tmp/voxboard-notelet-verify-derived/Build/Intermediates.noindex/Voxboard.build/Debug-watchsimulator/Voxboard\ Watch.build/Voxboard\ Watch-DebugDylibInstallName-normal-x86_64.txt

WriteAuxiliaryFile /tmp/voxboard-notelet-verify-derived/Build/Intermediates.noindex/Voxboard.build/Debug-watchsimulator/Voxboard\ Watch.build/Voxboard\ Watch-DebugDylibInstallName-normal-arm64.txt (in target 'Voxboard Watch' from project 'Voxboard')
    cd /Users/codybontecou/projects/Voxboard
    write-file /tmp/voxboard-notelet-verify-derived/Build/Intermediates.noindex/Voxboard.build/Debug-watchsimulator/Voxboard\ Watch.build/Voxboard\ Watch-DebugDylibInstallName-normal-arm64.txt

WriteAuxiliaryFile /tmp/voxboard-notelet-verify-derived/Build/Intermediates.noindex/Voxboard.build/Debug-watchsimulator/Voxboard\ Watch.build/Objects-normal/x86_64/Voxboard\ Watch.SwiftFileList (in target 'Voxboard Watch' from project 'Voxboard')
    cd /Users/codybontecou/projects/Voxboard
    write-file /tmp/voxboard-notelet-verify-derived/Build/Intermediates.noindex/Voxboard.build/Debug-watchsimulator/Voxboard\ Watch.build/Objects-normal/x86_64/Voxboard\ Watch.SwiftFileList

WriteAuxiliaryFile /tmp/voxboard-notelet-verify-derived/Build/Intermediates.noindex/Voxboard.build/Debug-watchsimulator/Voxboard\ Watch.build/Objects-normal/x86_64/Voxboard\ Watch_const_extract_protocols.json (in target 'Voxboard Watch' from project 'Voxboard')
    cd /Users/codybontecou/projects/Voxboard
    write-file /tmp/voxboard-notelet-verify-derived/Build/Intermediates.noindex/Voxboard.build/Debug-watchsimulator/Voxboard\ Watch.build/Objects-normal/x86_64/Voxboard\ Watch_const_extract_protocols.json

WriteAuxiliaryFile /tmp/voxboard-notelet-verify-derived/Build/Intermediates.noindex/Voxboard.build/Debug-watchsimulator/Voxboard\ Watch.build/Objects-normal/x86_64/Voxboard\ Watch.SwiftConstValuesFileList (in target 'Voxboard Watch' from project 'Voxboard')
    cd /Users/codybontecou/projects/Voxboard
    write-file /tmp/voxboard-notelet-verify-derived/Build/Intermediates.noindex/Voxboard.build/Debug-watchsimulator/Voxboard\ Watch.build/Objects-normal/x86_64/Voxboard\ Watch.SwiftConstValuesFileList

WriteAuxiliaryFile /tmp/voxboard-notelet-verify-derived/Build/Intermediates.noindex/Voxboard.build/Debug-watchsimulator/Voxboard\ Watch.build/Objects-normal/x86_64/Voxboard\ Watch.LinkFileList (in target 'Voxboard Watch' from project 'Voxboard')
    cd /Users/codybontecou/projects/Voxboard
    write-file /tmp/voxboard-notelet-verify-derived/Build/Intermediates.noindex/Voxboard.build/Debug-watchsimulator/Voxboard\ Watch.build/Objects-normal/x86_64/Voxboard\ Watch.LinkFileList

WriteAuxiliaryFile /tmp/voxboard-notelet-verify-derived/Build/Intermediates.noindex/Voxboard.build/Debug-watchsimulator/Voxboard\ Watch.build/Objects-normal/x86_64/Voxboard\ Watch-OutputFileMap.json (in target 'Voxboard Watch' from project 'Voxboard')
    cd /Users/codybontecou/projects/Voxboard
    write-file /tmp/voxboard-notelet-verify-derived/Build/Intermediates.noindex/Voxboard.build/Debug-watchsimulator/Voxboard\ Watch.build/Objects-normal/x86_64/Voxboard\ Watch-OutputFileMap.json

WriteAuxiliaryFile /tmp/voxboard-notelet-verify-derived/Build/Intermediates.noindex/Voxboard.build/Debug-watchsimulator/Voxboard\ Watch.build/Objects-normal/arm64/Voxboard\ Watch_const_extract_protocols.json (in target 'Voxboard Watch' from project 'Voxboard')
    cd /Users/codybontecou/projects/Voxboard
    write-file /tmp/voxboard-notelet-verify-derived/Build/Intermediates.noindex/Voxboard.build/Debug-watchsimulator/Voxboard\ Watch.build/Objects-normal/arm64/Voxboard\ Watch_const_extract_protocols.json

WriteAuxiliaryFile /tmp/voxboard-notelet-verify-derived/Build/Intermediates.noindex/Voxboard.build/Debug-watchsimulator/Voxboard\ Watch.build/Objects-normal/arm64/Voxboard\ Watch.SwiftConstValuesFileList (in target 'Voxboard Watch' from project 'Voxboard')
    cd /Users/codybontecou/projects/Voxboard
    write-file /tmp/voxboard-notelet-verify-derived/Build/Intermediates.noindex/Voxboard.build/Debug-watchsimulator/Voxboard\ Watch.build/Objects-normal/arm64/Voxboard\ Watch.SwiftConstValuesFileList

WriteAuxiliaryFile /tmp/voxboard-notelet-verify-derived/Build/Intermediates.noindex/Voxboard.build/Debug-watchsimulator/Voxboard\ Watch.build/Objects-normal/arm64/Voxboard\ Watch.SwiftFileList (in target 'Voxboard Watch' from project 'Voxboard')
    cd /Users/codybontecou/projects/Voxboard
    write-file /tmp/voxboard-notelet-verify-derived/Build/Intermediates.noindex/Voxboard.build/Debug-watchsimulator/Voxboard\ Watch.build/Objects-normal/arm64/Voxboard\ Watch.SwiftFileList

WriteAuxiliaryFile /tmp/voxboard-notelet-verify-derived/Build/Intermediates.noindex/Voxboard.build/Debug-watchsimulator/Voxboard\ Watch.build/Objects-normal/arm64/Voxboard\ Watch.LinkFileList (in target 'Voxboard Watch' from project 'Voxboard')
    cd /Users/codybontecou/projects/Voxboard
    write-file /tmp/voxboard-notelet-verify-derived/Build/Intermediates.noindex/Voxboard.build/Debug-watchsimulator/Voxboard\ Watch.build/Objects-normal/arm64/Voxboard\ Watch.LinkFileList

WriteAuxiliaryFile /tmp/voxboard-notelet-verify-derived/Build/Intermediates.noindex/Voxboard.build/Debug-watchsimulator/Voxboard\ Watch.build/Objects-normal/arm64/Voxboard\ Watch-OutputFileMap.json (in target 'Voxboard Watch' from project 'Voxboard')
    cd /Users/codybontecou/projects/Voxboard
    write-file /tmp/voxboard-notelet-verify-derived/Build/Intermediates.noindex/Voxboard.build/Debug-watchsimulator/Voxboard\ Watch.build/Objects-normal/arm64/Voxboard\ Watch-OutputFileMap.json

WriteAuxiliaryFile /tmp/voxboard-notelet-verify-derived/Build/Intermediates.noindex/Voxboard.build/Debug-watchsimulator/Voxboard\ Watch\ WidgetExtension.build/Voxboard\ Watch\ WidgetExtension.DependencyStaticMetadataFileList (in target 'Voxboard Watch WidgetExtension' from project 'Voxboard')
    cd /Users/codybontecou/projects/Voxboard
    write-file /tmp/voxboard-notelet-verify-derived/Build/Intermediates.noindex/Voxboard.build/Debug-watchsimulator/Voxboard\ Watch\ WidgetExtension.build/Voxboard\ Watch\ WidgetExtension.DependencyStaticMetadataFileList

WriteAuxiliaryFile /tmp/voxboard-notelet-verify-derived/Build/Intermediates.noindex/Voxboard.build/Debug-watchsimulator/Voxboard\ Watch.build/DerivedSources/Entitlements-Simulated.plist (in target 'Voxboard Watch' from project 'Voxboard')
    cd /Users/codybontecou/projects/Voxboard
    write-file /tmp/voxboard-notelet-verify-derived/Build/Intermediates.noindex/Voxboard.build/Debug-watchsimulator/Voxboard\ Watch.build/DerivedSources/Entitlements-Simulated.plist

WriteAuxiliaryFile /tmp/voxboard-notelet-verify-derived/Build/Intermediates.noindex/Voxboard.build/Debug-watchsimulator/Voxboard\ Watch\ WidgetExtension.build/Voxboard\ Watch\ WidgetExtension.hmap (in target 'Voxboard Watch WidgetExtension' from project 'Voxboard')
    cd /Users/codybontecou/projects/Voxboard
    write-file /tmp/voxboard-notelet-verify-derived/Build/Intermediates.noindex/Voxboard.build/Debug-watchsimulator/Voxboard\ Watch\ WidgetExtension.build/Voxboard\ Watch\ WidgetExtension.hmap

WriteAuxiliaryFile /tmp/voxboard-notelet-verify-derived/Build/Intermediates.noindex/Voxboard.build/Debug-watchsimulator/Voxboard\ Watch\ WidgetExtension.build/Voxboard\ Watch\ WidgetExtension.DependencyMetadataFileList (in target 'Voxboard Watch WidgetExtension' from project 'Voxboard')
    cd /Users/codybontecou/projects/Voxboard
    write-file /tmp/voxboard-notelet-verify-derived/Build/Intermediates.noindex/Voxboard.build/Debug-watchsimulator/Voxboard\ Watch\ WidgetExtension.build/Voxboard\ Watch\ WidgetExtension.DependencyMetadataFileList

WriteAuxiliaryFile /tmp/voxboard-notelet-verify-derived/Build/Intermediates.noindex/Voxboard.build/Debug-watchsimulator/Voxboard\ Watch\ WidgetExtension.build/Voxboard\ Watch\ WidgetExtension-project-headers.hmap (in target 'Voxboard Watch WidgetExtension' from project 'Voxboard')
    cd /Users/codybontecou/projects/Voxboard
    write-file /tmp/voxboard-notelet-verify-derived/Build/Intermediates.noindex/Voxboard.build/Debug-watchsimulator/Voxboard\ Watch\ WidgetExtension.build/Voxboard\ Watch\ WidgetExtension-project-headers.hmap

WriteAuxiliaryFile /tmp/voxboard-notelet-verify-derived/Build/Intermediates.noindex/Voxboard.build/Debug-watchsimulator/Voxboard\ Watch\ WidgetExtension.build/Voxboard\ Watch\ WidgetExtension-own-target-headers.hmap (in target 'Voxboard Watch WidgetExtension' from project 'Voxboard')
    cd /Users/codybontecou/projects/Voxboard
    write-file /tmp/voxboard-notelet-verify-derived/Build/Intermediates.noindex/Voxboard.build/Debug-watchsimulator/Voxboard\ Watch\ WidgetExtension.build/Voxboard\ Watch\ WidgetExtension-own-target-headers.hmap

WriteAuxiliaryFile /tmp/voxboard-notelet-verify-derived/Build/Intermediates.noindex/Voxboard.build/Debug-watchsimulator/Voxboard\ Watch\ WidgetExtension.build/Voxboard\ Watch\ WidgetExtension-generated-files.hmap (in target 'Voxboard Watch WidgetExtension' from project 'Voxboard')
    cd /Users/codybontecou/projects/Voxboard
    write-file /tmp/voxboard-notelet-verify-derived/Build/Intermediates.noindex/Voxboard.build/Debug-watchsimulator/Voxboard\ Watch\ WidgetExtension.build/Voxboard\ Watch\ WidgetExtension-generated-files.hmap

WriteAuxiliaryFile /tmp/voxboard-notelet-verify-derived/Build/Intermediates.noindex/Voxboard.build/Debug-watchsimulator/Voxboard\ Watch\ WidgetExtension.build/Voxboard\ Watch\ WidgetExtension-all-target-headers.hmap (in target 'Voxboard Watch WidgetExtension' from project 'Voxboard')
    cd /Users/codybontecou/projects/Voxboard
    write-file /tmp/voxboard-notelet-verify-derived/Build/Intermediates.noindex/Voxboard.build/Debug-watchsimulator/Voxboard\ Watch\ WidgetExtension.build/Voxboard\ Watch\ WidgetExtension-all-target-headers.hmap

WriteAuxiliaryFile /tmp/voxboard-notelet-verify-derived/Build/Intermediates.noindex/Voxboard.build/Debug-watchsimulator/Voxboard\ Watch\ WidgetExtension.build/Voxboard\ Watch\ WidgetExtension-all-non-framework-target-headers.hmap (in target 'Voxboard Watch WidgetExtension' from project 'Voxboard')
    cd /Users/codybontecou/projects/Voxboard
    write-file /tmp/voxboard-notelet-verify-derived/Build/Intermediates.noindex/Voxboard.build/Debug-watchsimulator/Voxboard\ Watch\ WidgetExtension.build/Voxboard\ Watch\ WidgetExtension-all-non-framework-target-headers.hmap

WriteAuxiliaryFile /tmp/voxboard-notelet-verify-derived/Build/Intermediates.noindex/Voxboard.build/Debug-watchsimulator/Voxboard\ Watch\ WidgetExtension.build/Voxboard\ Watch\ WidgetExtension-DebugEntryPoint-normal-x86_64.txt (in target 'Voxboard Watch WidgetExtension' from project 'Voxboard')
    cd /Users/codybontecou/projects/Voxboard
    write-file /tmp/voxboard-notelet-verify-derived/Build/Intermediates.noindex/Voxboard.build/Debug-watchsimulator/Voxboard\ Watch\ WidgetExtension.build/Voxboard\ Watch\ WidgetExtension-DebugEntryPoint-normal-x86_64.txt

WriteAuxiliaryFile /tmp/voxboard-notelet-verify-derived/Build/Intermediates.noindex/Voxboard.build/Debug-watchsimulator/Voxboard\ Watch\ WidgetExtension.build/Voxboard\ Watch\ WidgetExtension-DebugEntryPoint-normal-arm64.txt (in target 'Voxboard Watch WidgetExtension' from project 'Voxboard')
    cd /Users/codybontecou/projects/Voxboard
    write-file /tmp/voxboard-notelet-verify-derived/Build/Intermediates.noindex/Voxboard.build/Debug-watchsimulator/Voxboard\ Watch\ WidgetExtension.build/Voxboard\ Watch\ WidgetExtension-DebugEntryPoint-normal-arm64.txt

WriteAuxiliaryFile /tmp/voxboard-notelet-verify-derived/Build/Intermediates.noindex/Voxboard.build/Debug-watchsimulator/Voxboard\ Watch\ WidgetExtension.build/Voxboard\ Watch\ WidgetExtension-DebugDylibPath-normal-x86_64.txt (in target 'Voxboard Watch WidgetExtension' from project 'Voxboard')
    cd /Users/codybontecou/projects/Voxboard
    write-file /tmp/voxboard-notelet-verify-derived/Build/Intermediates.noindex/Voxboard.build/Debug-watchsimulator/Voxboard\ Watch\ WidgetExtension.build/Voxboard\ Watch\ WidgetExtension-DebugDylibPath-normal-x86_64.txt

WriteAuxiliaryFile /tmp/voxboard-notelet-verify-derived/Build/Intermediates.noindex/Voxboard.build/Debug-watchsimulator/Voxboard\ Watch\ WidgetExtension.build/Voxboard\ Watch\ WidgetExtension-DebugDylibPath-normal-arm64.txt (in target 'Voxboard Watch WidgetExtension' from project 'Voxboard')
    cd /Users/codybontecou/projects/Voxboard
    write-file /tmp/voxboard-notelet-verify-derived/Build/Intermediates.noindex/Voxboard.build/Debug-watchsimulator/Voxboard\ Watch\ WidgetExtension.build/Voxboard\ Watch\ WidgetExtension-DebugDylibPath-normal-arm64.txt

WriteAuxiliaryFile /tmp/voxboard-notelet-verify-derived/Build/Intermediates.noindex/Voxboard.build/Debug-watchsimulator/Voxboard\ Watch\ WidgetExtension.build/Voxboard\ Watch\ WidgetExtension-DebugDylibInstallName-normal-x86_64.txt (in target 'Voxboard Watch WidgetExtension' from project 'Voxboard')
    cd /Users/codybontecou/projects/Voxboard
    write-file /tmp/voxboard-notelet-verify-derived/Build/Intermediates.noindex/Voxboard.build/Debug-watchsimulator/Voxboard\ Watch\ WidgetExtension.build/Voxboard\ Watch\ WidgetExtension-DebugDylibInstallName-normal-x86_64.txt

WriteAuxiliaryFile /tmp/voxboard-notelet-verify-derived/Build/Intermediates.noindex/Voxboard.build/Debug-watchsimulator/Voxboard\ Watch\ WidgetExtension.build/Voxboard\ Watch\ WidgetExtension-DebugDylibInstallName-normal-arm64.txt (in target 'Voxboard Watch WidgetExtension' from project 'Voxboard')
    cd /Users/codybontecou/projects/Voxboard
    write-file /tmp/voxboard-notelet-verify-derived/Build/Intermediates.noindex/Voxboard.build/Debug-watchsimulator/Voxboard\ Watch\ WidgetExtension.build/Voxboard\ Watch\ WidgetExtension-DebugDylibInstallName-normal-arm64.txt

WriteAuxiliaryFile /tmp/voxboard-notelet-verify-derived/Build/Intermediates.noindex/Voxboard.build/Debug-watchsimulator/Voxboard\ Watch\ WidgetExtension.build/Objects-normal/x86_64/Voxboard\ Watch\ WidgetExtension_const_extract_protocols.json (in target 'Voxboard Watch WidgetExtension' from project 'Voxboard')
    cd /Users/codybontecou/projects/Voxboard
    write-file /tmp/voxboard-notelet-verify-derived/Build/Intermediates.noindex/Voxboard.build/Debug-watchsimulator/Voxboard\ Watch\ WidgetExtension.build/Objects-normal/x86_64/Voxboard\ Watch\ WidgetExtension_const_extract_protocols.json

WriteAuxiliaryFile /tmp/voxboard-notelet-verify-derived/Build/Intermediates.noindex/Voxboard.build/Debug-watchsimulator/Voxboard\ Watch\ WidgetExtension.build/Objects-normal/x86_64/Voxboard\ Watch\ WidgetExtension.SwiftFileList (in target 'Voxboard Watch WidgetExtension' from project 'Voxboard')
    cd /Users/codybontecou/projects/Voxboard
    write-file /tmp/voxboard-notelet-verify-derived/Build/Intermediates.noindex/Voxboard.build/Debug-watchsimulator/Voxboard\ Watch\ WidgetExtension.build/Objects-normal/x86_64/Voxboard\ Watch\ WidgetExtension.SwiftFileList

WriteAuxiliaryFile /tmp/voxboard-notelet-verify-derived/Build/Intermediates.noindex/Voxboard.build/Debug-watchsimulator/Voxboard\ Watch\ WidgetExtension.build/Objects-normal/x86_64/Voxboard\ Watch\ WidgetExtension.SwiftConstValuesFileList (in target 'Voxboard Watch WidgetExtension' from project 'Voxboard')
    cd /Users/codybontecou/projects/Voxboard
    write-file /tmp/voxboard-notelet-verify-derived/Build/Intermediates.noindex/Voxboard.build/Debug-watchsimulator/Voxboard\ Watch\ WidgetExtension.build/Objects-normal/x86_64/Voxboard\ Watch\ WidgetExtension.SwiftConstValuesFileList

WriteAuxiliaryFile /tmp/voxboard-notelet-verify-derived/Build/Intermediates.noindex/Voxboard.build/Debug-watchsimulator/Voxboard\ Watch\ WidgetExtension.build/Objects-normal/x86_64/Voxboard\ Watch\ WidgetExtension.LinkFileList (in target 'Voxboard Watch WidgetExtension' from project 'Voxboard')
    cd /Users/codybontecou/projects/Voxboard
    write-file /tmp/voxboard-notelet-verify-derived/Build/Intermediates.noindex/Voxboard.build/Debug-watchsimulator/Voxboard\ Watch\ WidgetExtension.build/Objects-normal/x86_64/Voxboard\ Watch\ WidgetExtension.LinkFileList

WriteAuxiliaryFile /tmp/voxboard-notelet-verify-derived/Build/Intermediates.noindex/Voxboard.build/Debug-watchsimulator/Voxboard\ Watch\ WidgetExtension.build/Objects-normal/x86_64/Voxboard\ Watch\ WidgetExtension-OutputFileMap.json (in target 'Voxboard Watch WidgetExtension' from project 'Voxboard')
    cd /Users/codybontecou/projects/Voxboard
    write-file /tmp/voxboard-notelet-verify-derived/Build/Intermediates.noindex/Voxboard.build/Debug-watchsimulator/Voxboard\ Watch\ WidgetExtension.build/Objects-normal/x86_64/Voxboard\ Watch\ WidgetExtension-OutputFileMap.json

WriteAuxiliaryFile /tmp/voxboard-notelet-verify-derived/Build/Intermediates.noindex/Voxboard.build/Debug-watchsimulator/Voxboard\ Watch\ WidgetExtension.build/Objects-normal/arm64/Voxboard\ Watch\ WidgetExtension.SwiftFileList (in target 'Voxboard Watch WidgetExtension' from project 'Voxboard')
    cd /Users/codybontecou/projects/Voxboard
    write-file /tmp/voxboard-notelet-verify-derived/Build/Intermediates.noindex/Voxboard.build/Debug-watchsimulator/Voxboard\ Watch\ WidgetExtension.build/Objects-normal/arm64/Voxboard\ Watch\ WidgetExtension.SwiftFileList

WriteAuxiliaryFile /tmp/voxboard-notelet-verify-derived/Build/Intermediates.noindex/Voxboard.build/Debug-watchsimulator/Voxboard\ Watch\ WidgetExtension.build/Objects-normal/arm64/Voxboard\ Watch\ WidgetExtension_const_extract_protocols.json (in target 'Voxboard Watch WidgetExtension' from project 'Voxboard')
    cd /Users/codybontecou/projects/Voxboard
    write-file /tmp/voxboard-notelet-verify-derived/Build/Intermediates.noindex/Voxboard.build/Debug-watchsimulator/Voxboard\ Watch\ WidgetExtension.build/Objects-normal/arm64/Voxboard\ Watch\ WidgetExtension_const_extract_protocols.json

WriteAuxiliaryFile /tmp/voxboard-notelet-verify-derived/Build/Intermediates.noindex/Voxboard.build/Debug-watchsimulator/Voxboard\ Watch\ WidgetExtension.build/Objects-normal/arm64/Voxboard\ Watch\ WidgetExtension.SwiftConstValuesFileList (in target 'Voxboard Watch WidgetExtension' from project 'Voxboard')
    cd /Users/codybontecou/projects/Voxboard
    write-file /tmp/voxboard-notelet-verify-derived/Build/Intermediates.noindex/Voxboard.build/Debug-watchsimulator/Voxboard\ Watch\ WidgetExtension.build/Objects-normal/arm64/Voxboard\ Watch\ WidgetExtension.SwiftConstValuesFileList

WriteAuxiliaryFile /tmp/voxboard-notelet-verify-derived/Build/Intermediates.noindex/Voxboard.build/Debug-watchsimulator/Voxboard\ Watch\ WidgetExtension.build/Objects-normal/arm64/Voxboard\ Watch\ WidgetExtension.LinkFileList (in target 'Voxboard Watch WidgetExtension' from project 'Voxboard')
    cd /Users/codybontecou/projects/Voxboard
    write-file /tmp/voxboard-notelet-verify-derived/Build/Intermediates.noindex/Voxboard.build/Debug-watchsimulator/Voxboard\ Watch\ WidgetExtension.build/Objects-normal/arm64/Voxboard\ Watch\ WidgetExtension.LinkFileList

WriteAuxiliaryFile /tmp/voxboard-notelet-verify-derived/Build/Intermediates.noindex/Voxboard.build/Debug-watchsimulator/Voxboard\ Watch\ WidgetExtension.build/Objects-normal/arm64/Voxboard\ Watch\ WidgetExtension-OutputFileMap.json (in target 'Voxboard Watch WidgetExtension' from project 'Voxboard')
    cd /Users/codybontecou/projects/Voxboard
    write-file /tmp/voxboard-notelet-verify-derived/Build/Intermediates.noindex/Voxboard.build/Debug-watchsimulator/Voxboard\ Watch\ WidgetExtension.build/Objects-normal/arm64/Voxboard\ Watch\ WidgetExtension-OutputFileMap.json

WriteAuxiliaryFile /tmp/voxboard-notelet-verify-derived/Build/Intermediates.noindex/Voxboard.build/Debug-watchsimulator/Voxboard\ Watch\ WidgetExtension.build/DerivedSources/Entitlements-Simulated.plist (in target 'Voxboard Watch WidgetExtension' from project 'Voxboard')
    cd /Users/codybontecou/projects/Voxboard
    write-file /tmp/voxboard-notelet-verify-derived/Build/Intermediates.noindex/Voxboard.build/Debug-watchsimulator/Voxboard\ Watch\ WidgetExtension.build/DerivedSources/Entitlements-Simulated.plist

WriteAuxiliaryFile /tmp/voxboard-notelet-verify-derived/Build/Intermediates.noindex/Notelet.build/Debug-iphonesimulator/Notelet.build/Objects-normal/arm64/Notelet_const_extract_protocols.json (in target 'Notelet' from project 'Notelet')
    cd /tmp/voxboard-notelet-verify-derived/SourcePackages/checkouts/notelet
    write-file /tmp/voxboard-notelet-verify-derived/Build/Intermediates.noindex/Notelet.build/Debug-iphonesimulator/Notelet.build/Objects-normal/arm64/Notelet_const_extract_protocols.json

WriteAuxiliaryFile /tmp/voxboard-notelet-verify-derived/Build/Intermediates.noindex/Notelet.build/Debug-iphonesimulator/Notelet.build/Objects-normal/arm64/Notelet.SwiftFileList (in target 'Notelet' from project 'Notelet')
    cd /tmp/voxboard-notelet-verify-derived/SourcePackages/checkouts/notelet
    write-file /tmp/voxboard-notelet-verify-derived/Build/Intermediates.noindex/Notelet.build/Debug-iphonesimulator/Notelet.build/Objects-normal/arm64/Notelet.SwiftFileList

WriteAuxiliaryFile /tmp/voxboard-notelet-verify-derived/Build/Intermediates.noindex/Notelet.build/Debug-iphonesimulator/Notelet.build/Objects-normal/arm64/Notelet.SwiftConstValuesFileList (in target 'Notelet' from project 'Notelet')
    cd /tmp/voxboard-notelet-verify-derived/SourcePackages/checkouts/notelet
    write-file /tmp/voxboard-notelet-verify-derived/Build/Intermediates.noindex/Notelet.build/Debug-iphonesimulator/Notelet.build/Objects-normal/arm64/Notelet.SwiftConstValuesFileList

WriteAuxiliaryFile /tmp/voxboard-notelet-verify-derived/Build/Intermediates.noindex/Notelet.build/Debug-iphonesimulator/Notelet.build/Objects-normal/arm64/Notelet.LinkFileList (in target 'Notelet' from project 'Notelet')
    cd /tmp/voxboard-notelet-verify-derived/SourcePackages/checkouts/notelet
    write-file /tmp/voxboard-notelet-verify-derived/Build/Intermediates.noindex/Notelet.build/Debug-iphonesimulator/Notelet.build/Objects-normal/arm64/Notelet.LinkFileList

WriteAuxiliaryFile /tmp/voxboard-notelet-verify-derived/Build/Intermediates.noindex/Notelet.build/Debug-iphonesimulator/Notelet.build/Objects-normal/arm64/Notelet-OutputFileMap.json (in target 'Notelet' from project 'Notelet')
    cd /tmp/voxboard-notelet-verify-derived/SourcePackages/checkouts/notelet
    write-file /tmp/voxboard-notelet-verify-derived/Build/Intermediates.noindex/Notelet.build/Debug-iphonesimulator/Notelet.build/Objects-normal/arm64/Notelet-OutputFileMap.json

WriteAuxiliaryFile /tmp/voxboard-notelet-verify-derived/Build/Intermediates.noindex/Notelet.build/Debug-iphonesimulator/Notelet.build/Notelet.modulemap (in target 'Notelet' from project 'Notelet')
    cd /tmp/voxboard-notelet-verify-derived/SourcePackages/checkouts/notelet
    write-file /tmp/voxboard-notelet-verify-derived/Build/Intermediates.noindex/Notelet.build/Debug-iphonesimulator/Notelet.build/Notelet.modulemap

WriteAuxiliaryFile /tmp/voxboard-notelet-verify-derived/Build/Intermediates.noindex/Notelet.build/Debug-iphonesimulator/Notelet.build/Notelet.DependencyStaticMetadataFileList (in target 'Notelet' from project 'Notelet')
    cd /tmp/voxboard-notelet-verify-derived/SourcePackages/checkouts/notelet
    write-file /tmp/voxboard-notelet-verify-derived/Build/Intermediates.noindex/Notelet.build/Debug-iphonesimulator/Notelet.build/Notelet.DependencyStaticMetadataFileList

WriteAuxiliaryFile /tmp/voxboard-notelet-verify-derived/Build/Intermediates.noindex/Notelet.build/Debug-iphonesimulator/Notelet.build/Notelet.DependencyMetadataFileList (in target 'Notelet' from project 'Notelet')
    cd /tmp/voxboard-notelet-verify-derived/SourcePackages/checkouts/notelet
    write-file /tmp/voxboard-notelet-verify-derived/Build/Intermediates.noindex/Notelet.build/Debug-iphonesimulator/Notelet.build/Notelet.DependencyMetadataFileList

WriteAuxiliaryFile /tmp/voxboard-notelet-verify-derived/Build/Intermediates.noindex/FluidAudio.build/Debug-iphonesimulator/MachTaskSelfWrapper.build/MachTaskSelfWrapper.DependencyStaticMetadataFileList (in target 'MachTaskSelfWrapper' from project 'FluidAudio')
    cd /tmp/voxboard-notelet-verify-derived/SourcePackages/checkouts/FluidAudio
    write-file /tmp/voxboard-notelet-verify-derived/Build/Intermediates.noindex/FluidAudio.build/Debug-iphonesimulator/MachTaskSelfWrapper.build/MachTaskSelfWrapper.DependencyStaticMetadataFileList

WriteAuxiliaryFile /tmp/voxboard-notelet-verify-derived/Build/Intermediates.noindex/FluidAudio.build/Debug-iphonesimulator/MachTaskSelfWrapper.build/MachTaskSelfWrapper.DependencyMetadataFileList (in target 'MachTaskSelfWrapper' from project 'FluidAudio')
    cd /tmp/voxboard-notelet-verify-derived/SourcePackages/checkouts/FluidAudio
    write-file /tmp/voxboard-notelet-verify-derived/Build/Intermediates.noindex/FluidAudio.build/Debug-iphonesimulator/MachTaskSelfWrapper.build/MachTaskSelfWrapper.DependencyMetadataFileList

WriteAuxiliaryFile /tmp/voxboard-notelet-verify-derived/Build/Intermediates.noindex/FluidAudio.build/Debug-iphonesimulator/MachTaskSelfWrapper.build/Objects-normal/arm64/MachTaskSelfWrapper.LinkFileList (in target 'MachTaskSelfWrapper' from project 'FluidAudio')
    cd /tmp/voxboard-notelet-verify-derived/SourcePackages/checkouts/FluidAudio
    write-file /tmp/voxboard-notelet-verify-derived/Build/Intermediates.noindex/FluidAudio.build/Debug-iphonesimulator/MachTaskSelfWrapper.build/Objects-normal/arm64/MachTaskSelfWrapper.LinkFileList

WriteAuxiliaryFile /tmp/voxboard-notelet-verify-derived/Build/Intermediates.noindex/FluidAudio.build/Debug-iphonesimulator/MachTaskSelfWrapper.build/Objects-normal/arm64/7187679823f38a2a940e0043cdf9d637-common-args.resp (in target 'MachTaskSelfWrapper' from project 'FluidAudio')
    cd /tmp/voxboard-notelet-verify-derived/SourcePackages/checkouts/FluidAudio
    write-file /tmp/voxboard-notelet-verify-derived/Build/Intermediates.noindex/FluidAudio.build/Debug-iphonesimulator/MachTaskSelfWrapper.build/Objects-normal/arm64/7187679823f38a2a940e0043cdf9d637-common-args.resp
-fmodules -gmodules '-fmodules-cache-path=/tmp/voxboard-notelet-verify-derived/ModuleCache.noindex' '-fmodule-name=MachTaskSelfWrapper' -fpascal-strings -O0 -DSWIFT_PACKAGE '-DDEBUG=1' -g -I/tmp/voxboard-notelet-verify-derived/Build/Products/Debug-iphonesimulator/include -I/tmp/voxboard-notelet-verify-derived/SourcePackages/checkouts/FluidAudio/Sources/MachTaskSelfWrapper/include -I/tmp/voxboard-notelet-verify-derived/Build/Intermediates.noindex/FluidAudio.build/Debug-iphonesimulator/MachTaskSelfWrapper.build/DerivedSources-normal/arm64 -I/tmp/voxboard-notelet-verify-derived/Build/Intermediates.noindex/FluidAudio.build/Debug-iphonesimulator/MachTaskSelfWrapper.build/DerivedSources/arm64 -I/tmp/voxboard-notelet-verify-derived/Build/Intermediates.noindex/FluidAudio.build/Debug-iphonesimulator/MachTaskSelfWrapper.build/DerivedSources -F/tmp/voxboard-notelet-verify-derived/Build/Products/Debug-iphonesimulator -iframework /Applications/Xcode.app/Contents/Developer/Platforms/iPhoneSimulator.platform/Developer/Library/Frameworks -iframework /Applications/Xcode.app/Contents/Developer/Platforms/iPhoneSimulator.platform/Developer/SDKs/iPhoneSimulator26.5.sdk/Developer/Library/Frameworks -DXcode

WriteAuxiliaryFile /tmp/voxboard-notelet-verify-derived/Build/Intermediates.noindex/FluidAudio.build/Debug-iphonesimulator/FluidAudio.build/Objects-normal/arm64/FluidAudio_const_extract_protocols.json (in target 'FluidAudio' from project 'FluidAudio')
    cd /tmp/voxboard-notelet-verify-derived/SourcePackages/checkouts/FluidAudio
    write-file /tmp/voxboard-notelet-verify-derived/Build/Intermediates.noindex/FluidAudio.build/Debug-iphonesimulator/FluidAudio.build/Objects-normal/arm64/FluidAudio_const_extract_protocols.json

WriteAuxiliaryFile /tmp/voxboard-notelet-verify-derived/Build/Intermediates.noindex/FluidAudio.build/Debug-iphonesimulator/FluidAudio.build/Objects-normal/arm64/FluidAudio.SwiftFileList (in target 'FluidAudio' from project 'FluidAudio')
    cd /tmp/voxboard-notelet-verify-derived/SourcePackages/checkouts/FluidAudio
    write-file /tmp/voxboard-notelet-verify-derived/Build/Intermediates.noindex/FluidAudio.build/Debug-iphonesimulator/FluidAudio.build/Objects-normal/arm64/FluidAudio.SwiftFileList

WriteAuxiliaryFile /tmp/voxboard-notelet-verify-derived/Build/Intermediates.noindex/FluidAudio.build/Debug-iphonesimulator/FluidAudio.build/Objects-normal/arm64/FluidAudio.SwiftConstValuesFileList (in target 'FluidAudio' from project 'FluidAudio')
    cd /tmp/voxboard-notelet-verify-derived/SourcePackages/checkouts/FluidAudio
    write-file /tmp/voxboard-notelet-verify-derived/Build/Intermediates.noindex/FluidAudio.build/Debug-iphonesimulator/FluidAudio.build/Objects-normal/arm64/FluidAudio.SwiftConstValuesFileList

Copy /tmp/voxboard-notelet-verify-derived/Build/Intermediates.noindex/GeneratedModuleMaps-iphonesimulator/Notelet.modulemap /tmp/voxboard-notelet-verify-derived/Build/Intermediates.noindex/Notelet.build/Debug-iphonesimulator/Notelet.build/Notelet.modulemap (in target 'Notelet' from project 'Notelet')
    cd /tmp/voxboard-notelet-verify-derived/SourcePackages/checkouts/notelet
    builtin-copy -exclude .DS_Store -exclude CVS -exclude .svn -exclude .git -exclude .hg -resolve-src-symlinks /tmp/voxboard-notelet-verify-derived/Build/Intermediates.noindex/Notelet.build/Debug-iphonesimulator/Notelet.build/Notelet.modulemap /tmp/voxboard-notelet-verify-derived/Build/Intermediates.noindex/GeneratedModuleMaps-iphonesimulator

WriteAuxiliaryFile /tmp/voxboard-notelet-verify-derived/Build/Intermediates.noindex/FluidAudio.build/Debug-iphonesimulator/FluidAudio.build/Objects-normal/arm64/FluidAudio.LinkFileList (in target 'FluidAudio' from project 'FluidAudio')
    cd /tmp/voxboard-notelet-verify-derived/SourcePackages/checkouts/FluidAudio
    write-file /tmp/voxboard-notelet-verify-derived/Build/Intermediates.noindex/FluidAudio.build/Debug-iphonesimulator/FluidAudio.build/Objects-normal/arm64/FluidAudio.LinkFileList

WriteAuxiliaryFile /tmp/voxboard-notelet-verify-derived/Build/Intermediates.noindex/FluidAudio.build/Debug-iphonesimulator/FluidAudio.build/Objects-normal/arm64/FluidAudio-OutputFileMap.json (in target 'FluidAudio' from project 'FluidAudio')
    cd /tmp/voxboard-notelet-verify-derived/SourcePackages/checkouts/FluidAudio
    write-file /tmp/voxboard-notelet-verify-derived/Build/Intermediates.noindex/FluidAudio.build/Debug-iphonesimulator/FluidAudio.build/Objects-normal/arm64/FluidAudio-OutputFileMap.json

WriteAuxiliaryFile /tmp/voxboard-notelet-verify-derived/Build/Intermediates.noindex/FluidAudio.build/Debug-iphonesimulator/FluidAudio.build/FluidAudio.modulemap (in target 'FluidAudio' from project 'FluidAudio')
    cd /tmp/voxboard-notelet-verify-derived/SourcePackages/checkouts/FluidAudio
    write-file /tmp/voxboard-notelet-verify-derived/Build/Intermediates.noindex/FluidAudio.build/Debug-iphonesimulator/FluidAudio.build/FluidAudio.modulemap

WriteAuxiliaryFile /tmp/voxboard-notelet-verify-derived/Build/Intermediates.noindex/FluidAudio.build/Debug-iphonesimulator/FluidAudio.build/FluidAudio.DependencyStaticMetadataFileList (in target 'FluidAudio' from project 'FluidAudio')
    cd /tmp/voxboard-notelet-verify-derived/SourcePackages/checkouts/FluidAudio
    write-file /tmp/voxboard-notelet-verify-derived/Build/Intermediates.noindex/FluidAudio.build/Debug-iphonesimulator/FluidAudio.build/FluidAudio.DependencyStaticMetadataFileList

WriteAuxiliaryFile /tmp/voxboard-notelet-verify-derived/Build/Intermediates.noindex/FluidAudio.build/Debug-iphonesimulator/FluidAudio.build/FluidAudio.DependencyMetadataFileList (in target 'FluidAudio' from project 'FluidAudio')
    cd /tmp/voxboard-notelet-verify-derived/SourcePackages/checkouts/FluidAudio
    write-file /tmp/voxboard-notelet-verify-derived/Build/Intermediates.noindex/FluidAudio.build/Debug-iphonesimulator/FluidAudio.build/FluidAudio.DependencyMetadataFileList

WriteAuxiliaryFile /tmp/voxboard-notelet-verify-derived/Build/Intermediates.noindex/FluidAudio.build/Debug-iphonesimulator/FastClusterWrapper.build/Objects-normal/arm64/FastClusterWrapper.LinkFileList (in target 'FastClusterWrapper' from project 'FluidAudio')
    cd /tmp/voxboard-notelet-verify-derived/SourcePackages/checkouts/FluidAudio
    write-file /tmp/voxboard-notelet-verify-derived/Build/Intermediates.noindex/FluidAudio.build/Debug-iphonesimulator/FastClusterWrapper.build/Objects-normal/arm64/FastClusterWrapper.LinkFileList

WriteAuxiliaryFile /tmp/voxboard-notelet-verify-derived/Build/Intermediates.noindex/FluidAudio.build/Debug-iphonesimulator/FastClusterWrapper.build/Objects-normal/arm64/82b82416624d2658e5098eb0a28c15c5-common-args.resp (in target 'FastClusterWrapper' from project 'FluidAudio')
    cd /tmp/voxboard-notelet-verify-derived/SourcePackages/checkouts/FluidAudio
    write-file /tmp/voxboard-notelet-verify-derived/Build/Intermediates.noindex/FluidAudio.build/Debug-iphonesimulator/FastClusterWrapper.build/Objects-normal/arm64/82b82416624d2658e5098eb0a28c15c5-common-args.resp
'-std=c++17' -fmodules -fno-cxx-modules -gmodules '-fmodules-cache-path=/tmp/voxboard-notelet-verify-derived/ModuleCache.noindex' '-fmodule-name=FastClusterWrapper' '-D_LIBCPP_HARDENING_MODE=_LIBCPP_HARDENING_MODE_DEBUG' -fpascal-strings -O0 -DSWIFT_PACKAGE '-DDEBUG=1' -g -fvisibility-inlines-hidden -I/tmp/voxboard-notelet-verify-derived/Build/Products/Debug-iphonesimulator/include -I/tmp/voxboard-notelet-verify-derived/SourcePackages/checkouts/FluidAudio/Sources/FastClusterWrapper/include -I/tmp/voxboard-notelet-verify-derived/Build/Intermediates.noindex/FluidAudio.build/Debug-iphonesimulator/FastClusterWrapper.build/DerivedSources-normal/arm64 -I/tmp/voxboard-notelet-verify-derived/Build/Intermediates.noindex/FluidAudio.build/Debug-iphonesimulator/FastClusterWrapper.build/DerivedSources/arm64 -I/tmp/voxboard-notelet-verify-derived/Build/Intermediates.noindex/FluidAudio.build/Debug-iphonesimulator/FastClusterWrapper.build/DerivedSources -F/tmp/voxboard-notelet-verify-derived/Build/Products/Debug-iphonesimulator -iframework /Applications/Xcode.app/Contents/Developer/Platforms/iPhoneSimulator.platform/Developer/Library/Frameworks -iframework /Applications/Xcode.app/Contents/Developer/Platforms/iPhoneSimulator.platform/Developer/SDKs/iPhoneSimulator26.5.sdk/Developer/Library/Frameworks -DXcode

WriteAuxiliaryFile /tmp/voxboard-notelet-verify-derived/Build/Intermediates.noindex/FluidAudio.build/Debug-iphonesimulator/FastClusterWrapper.build/FastClusterWrapper.DependencyStaticMetadataFileList (in target 'FastClusterWrapper' from project 'FluidAudio')
    cd /tmp/voxboard-notelet-verify-derived/SourcePackages/checkouts/FluidAudio
    write-file /tmp/voxboard-notelet-verify-derived/Build/Intermediates.noindex/FluidAudio.build/Debug-iphonesimulator/FastClusterWrapper.build/FastClusterWrapper.DependencyStaticMetadataFileList

WriteAuxiliaryFile /tmp/voxboard-notelet-verify-derived/Build/Intermediates.noindex/FluidAudio.build/Debug-iphonesimulator/FastClusterWrapper.build/FastClusterWrapper.DependencyMetadataFileList (in target 'FastClusterWrapper' from project 'FluidAudio')
    cd /tmp/voxboard-notelet-verify-derived/SourcePackages/checkouts/FluidAudio
    write-file /tmp/voxboard-notelet-verify-derived/Build/Intermediates.noindex/FluidAudio.build/Debug-iphonesimulator/FastClusterWrapper.build/FastClusterWrapper.DependencyMetadataFileList

Copy /tmp/voxboard-notelet-verify-derived/Build/Intermediates.noindex/GeneratedModuleMaps-iphonesimulator/ExportKit.modulemap /tmp/voxboard-notelet-verify-derived/Build/Intermediates.noindex/ExportKit.build/Debug-iphonesimulator/ExportKit.build/ExportKit.modulemap (in target 'ExportKit' from project 'ExportKit')
    cd /tmp/voxboard-notelet-verify-derived/SourcePackages/checkouts/ExportKit
    builtin-copy -exclude .DS_Store -exclude CVS -exclude .svn -exclude .git -exclude .hg -resolve-src-symlinks /tmp/voxboard-notelet-verify-derived/Build/Intermediates.noindex/ExportKit.build/Debug-iphonesimulator/ExportKit.build/ExportKit.modulemap /tmp/voxboard-notelet-verify-derived/Build/Intermediates.noindex/GeneratedModuleMaps-iphonesimulator

MkDir /tmp/voxboard-notelet-verify-derived/Build/Products/Debug-watchsimulator/Voxboard\ Watch.app/PlugIns (in target 'Voxboard Watch' from project 'Voxboard')
    cd /Users/codybontecou/projects/Voxboard
    /bin/mkdir -p /tmp/voxboard-notelet-verify-derived/Build/Products/Debug-watchsimulator/Voxboard\ Watch.app/PlugIns

Copy /tmp/voxboard-notelet-verify-derived/Build/Intermediates.noindex/GeneratedModuleMaps-iphonesimulator/FluidAudio.modulemap /tmp/voxboard-notelet-verify-derived/Build/Intermediates.noindex/FluidAudio.build/Debug-iphonesimulator/FluidAudio.build/FluidAudio.modulemap (in target 'FluidAudio' from project 'FluidAudio')
    cd /tmp/voxboard-notelet-verify-derived/SourcePackages/checkouts/FluidAudio
    builtin-copy -exclude .DS_Store -exclude CVS -exclude .svn -exclude .git -exclude .hg -resolve-src-symlinks /tmp/voxboard-notelet-verify-derived/Build/Intermediates.noindex/FluidAudio.build/Debug-iphonesimulator/FluidAudio.build/FluidAudio.modulemap /tmp/voxboard-notelet-verify-derived/Build/Intermediates.noindex/GeneratedModuleMaps-iphonesimulator

MkDir /tmp/voxboard-notelet-verify-derived/Build/Products/Debug-watchsimulator/Voxboard\ Watch.app (in target 'Voxboard Watch' from project 'Voxboard')
    cd /Users/codybontecou/projects/Voxboard
    /bin/mkdir -p /tmp/voxboard-notelet-verify-derived/Build/Products/Debug-watchsimulator/Voxboard\ Watch.app

MkDir /tmp/voxboard-notelet-verify-derived/Build/Products/Debug-watchsimulator/Voxboard\ Watch\ WidgetExtension.appex (in target 'Voxboard Watch WidgetExtension' from project 'Voxboard')
    cd /Users/codybontecou/projects/Voxboard
    /bin/mkdir -p /tmp/voxboard-notelet-verify-derived/Build/Products/Debug-watchsimulator/Voxboard\ Watch\ WidgetExtension.appex

ProcessProductPackaging /Users/codybontecou/projects/Voxboard/Voxboard\ Watch\ Widget/VoxboardWatchWidget.entitlements /tmp/voxboard-notelet-verify-derived/Build/Intermediates.noindex/Voxboard.build/Debug-watchsimulator/Voxboard\ Watch\ WidgetExtension.build/Voxboard\ Watch\ WidgetExtension.appex.xcent (in target 'Voxboard Watch WidgetExtension' from project 'Voxboard')
    cd /Users/codybontecou/projects/Voxboard

    Entitlements:

    {
}

    builtin-productPackagingUtility /Users/codybontecou/projects/Voxboard/Voxboard\ Watch\ Widget/VoxboardWatchWidget.entitlements -entitlements -format xml -o /tmp/voxboard-notelet-verify-derived/Build/Intermediates.noindex/Voxboard.build/Debug-watchsimulator/Voxboard\ Watch\ WidgetExtension.build/Voxboard\ Watch\ WidgetExtension.appex.xcent

ProcessProductPackaging /Users/codybontecou/projects/Voxboard/Voxboard\ Watch\ Widget/VoxboardWatchWidget.entitlements /tmp/voxboard-notelet-verify-derived/Build/Intermediates.noindex/Voxboard.build/Debug-watchsimulator/Voxboard\ Watch\ WidgetExtension.build/Voxboard\ Watch\ WidgetExtension.appex-Simulated.xcent (in target 'Voxboard Watch WidgetExtension' from project 'Voxboard')
    cd /Users/codybontecou/projects/Voxboard

    Entitlements:

    {
    "application-identifier" = "67KC823C9A.bontecou.Voxboard.watchkitapp.Widget";
    "com.apple.security.application-groups" =     (
        "group.bontecou.Voxboard"
    );
}

    builtin-productPackagingUtility /Users/codybontecou/projects/Voxboard/Voxboard\ Watch\ Widget/VoxboardWatchWidget.entitlements -entitlements -format xml -o /tmp/voxboard-notelet-verify-derived/Build/Intermediates.noindex/Voxboard.build/Debug-watchsimulator/Voxboard\ Watch\ WidgetExtension.build/Voxboard\ Watch\ WidgetExtension.appex-Simulated.xcent

ProcessXCFramework /tmp/voxboard-notelet-verify-derived/SourcePackages/artifacts/licensekit/LicenseKit/LicenseKit.xcframework /tmp/voxboard-notelet-verify-derived/Build/Products/Debug-iphonesimulator/LicenseKit.framework ios simulator
    cd /Users/codybontecou/projects/Voxboard/Voxboard.xcodeproj
    builtin-process-xcframework --xcframework /tmp/voxboard-notelet-verify-derived/SourcePackages/artifacts/licensekit/LicenseKit/LicenseKit.xcframework --platform ios --environment simulator --target-path /tmp/voxboard-notelet-verify-derived/Build/Products/Debug-iphonesimulator

ProcessXCFramework /Users/codybontecou/projects/Voxboard/whisper.xcframework /tmp/voxboard-notelet-verify-derived/Build/Products/Debug-iphonesimulator/whisper.framework ios simulator
    cd /Users/codybontecou/projects/Voxboard/Voxboard.xcodeproj
    builtin-process-xcframework --xcframework /Users/codybontecou/projects/Voxboard/whisper.xcframework --platform ios --environment simulator --target-path /tmp/voxboard-notelet-verify-derived/Build/Products/Debug-iphonesimulator

ProcessProductPackagingDER /tmp/voxboard-notelet-verify-derived/Build/Intermediates.noindex/Voxboard.build/Debug-watchsimulator/Voxboard\ Watch\ WidgetExtension.build/Voxboard\ Watch\ WidgetExtension.appex.xcent /tmp/voxboard-notelet-verify-derived/Build/Intermediates.noindex/Voxboard.build/Debug-watchsimulator/Voxboard\ Watch\ WidgetExtension.build/Voxboard\ Watch\ WidgetExtension.appex.xcent.der (in target 'Voxboard Watch WidgetExtension' from project 'Voxboard')
    cd /Users/codybontecou/projects/Voxboard
    /usr/bin/derq query -f xml -i /tmp/voxboard-notelet-verify-derived/Build/Intermediates.noindex/Voxboard.build/Debug-watchsimulator/Voxboard\ Watch\ WidgetExtension.build/Voxboard\ Watch\ WidgetExtension.appex.xcent -o /tmp/voxboard-notelet-verify-derived/Build/Intermediates.noindex/Voxboard.build/Debug-watchsimulator/Voxboard\ Watch\ WidgetExtension.build/Voxboard\ Watch\ WidgetExtension.appex.xcent.der --raw

ProcessProductPackagingDER /tmp/voxboard-notelet-verify-derived/Build/Intermediates.noindex/Voxboard.build/Debug-watchsimulator/Voxboard\ Watch\ WidgetExtension.build/Voxboard\ Watch\ WidgetExtension.appex-Simulated.xcent /tmp/voxboard-notelet-verify-derived/Build/Intermediates.noindex/Voxboard.build/Debug-watchsimulator/Voxboard\ Watch\ WidgetExtension.build/Voxboard\ Watch\ WidgetExtension.appex-Simulated.xcent.der (in target 'Voxboard Watch WidgetExtension' from project 'Voxboard')
    cd /Users/codybontecou/projects/Voxboard
    /usr/bin/derq query -f xml -i /tmp/voxboard-notelet-verify-derived/Build/Intermediates.noindex/Voxboard.build/Debug-watchsimulator/Voxboard\ Watch\ WidgetExtension.build/Voxboard\ Watch\ WidgetExtension.appex-Simulated.xcent -o /tmp/voxboard-notelet-verify-derived/Build/Intermediates.noindex/Voxboard.build/Debug-watchsimulator/Voxboard\ Watch\ WidgetExtension.build/Voxboard\ Watch\ WidgetExtension.appex-Simulated.xcent.der --raw

ProcessXCFramework /tmp/voxboard-notelet-verify-derived/SourcePackages/artifacts/keyboardkit/KeyboardKit/KeyboardKit.xcframework /tmp/voxboard-notelet-verify-derived/Build/Products/Debug-iphonesimulator/KeyboardKit.framework ios simulator
    cd /Users/codybontecou/projects/Voxboard/Voxboard.xcodeproj
    builtin-process-xcframework --xcframework /tmp/voxboard-notelet-verify-derived/SourcePackages/artifacts/keyboardkit/KeyboardKit/KeyboardKit.xcframework --platform ios --environment simulator --target-path /tmp/voxboard-notelet-verify-derived/Build/Products/Debug-iphonesimulator

Ld /tmp/voxboard-notelet-verify-derived/Build/Intermediates.noindex/Voxboard.build/Debug-watchsimulator/Voxboard\ Watch\ WidgetExtension.build/Objects-normal/x86_64/Binary/__preview.dylib normal x86_64 (in target 'Voxboard Watch WidgetExtension' from project 'Voxboard')
    cd /Users/codybontecou/projects/Voxboard
    /Applications/Xcode.app/Contents/Developer/Toolchains/XcodeDefault.xctoolchain/usr/bin/clang -Xlinker -reproducible -target x86_64-apple-watchos10.0-simulator -dynamiclib -isysroot /Applications/Xcode.app/Contents/Developer/Platforms/WatchSimulator.platform/Developer/SDKs/WatchSimulator26.5.sdk -O0 -L/tmp/voxboard-notelet-verify-derived/Build/Products/Debug-watchsimulator -F/tmp/voxboard-notelet-verify-derived/Build/Products/Debug-watchsimulator -install_name @rpath/Voxboard\ Watch\ WidgetExtension.debug.dylib -Xlinker -dead_strip -rdynamic -Xlinker -no_deduplicate -Xlinker -objc_abi_version -Xlinker 2 -Xlinker -dependency_info -Xlinker /tmp/voxboard-notelet-verify-derived/Build/Intermediates.noindex/Voxboard.build/Debug-watchsimulator/Voxboard\ Watch\ WidgetExtension.build/Objects-normal/x86_64/Voxboard\ Watch\ WidgetExtension_dependency_info.dat -Xlinker -sectcreate -Xlinker __TEXT -Xlinker __entitlements -Xlinker /tmp/voxboard-notelet-verify-derived/Build/Intermediates.noindex/Voxboard.build/Debug-watchsimulator/Voxboard\ Watch\ WidgetExtension.build/Voxboard\ Watch\ WidgetExtension.appex-Simulated.xcent -Xlinker -sectcreate -Xlinker __TEXT -Xlinker __ents_der -Xlinker /tmp/voxboard-notelet-verify-derived/Build/Intermediates.noindex/Voxboard.build/Debug-watchsimulator/Voxboard\ Watch\ WidgetExtension.build/Voxboard\ Watch\ WidgetExtension.appex-Simulated.xcent.der -Xlinker -no_adhoc_codesign -o /tmp/voxboard-notelet-verify-derived/Build/Intermediates.noindex/Voxboard.build/Debug-watchsimulator/Voxboard\ Watch\ WidgetExtension.build/Objects-normal/x86_64/Binary/__preview.dylib

Ld /tmp/voxboard-notelet-verify-derived/Build/Intermediates.noindex/Voxboard.build/Debug-watchsimulator/Voxboard\ Watch\ WidgetExtension.build/Objects-normal/arm64/Binary/__preview.dylib normal arm64 (in target 'Voxboard Watch WidgetExtension' from project 'Voxboard')
    cd /Users/codybontecou/projects/Voxboard
    /Applications/Xcode.app/Contents/Developer/Toolchains/XcodeDefault.xctoolchain/usr/bin/clang -Xlinker -reproducible -target arm64-apple-watchos10.0-simulator -dynamiclib -isysroot /Applications/Xcode.app/Contents/Developer/Platforms/WatchSimulator.platform/Developer/SDKs/WatchSimulator26.5.sdk -O0 -L/tmp/voxboard-notelet-verify-derived/Build/Products/Debug-watchsimulator -F/tmp/voxboard-notelet-verify-derived/Build/Products/Debug-watchsimulator -install_name @rpath/Voxboard\ Watch\ WidgetExtension.debug.dylib -Xlinker -dead_strip -rdynamic -Xlinker -no_deduplicate -Xlinker -objc_abi_version -Xlinker 2 -Xlinker -dependency_info -Xlinker /tmp/voxboard-notelet-verify-derived/Build/Intermediates.noindex/Voxboard.build/Debug-watchsimulator/Voxboard\ Watch\ WidgetExtension.build/Objects-normal/arm64/Voxboard\ Watch\ WidgetExtension_dependency_info.dat -Xlinker -sectcreate -Xlinker __TEXT -Xlinker __entitlements -Xlinker /tmp/voxboard-notelet-verify-derived/Build/Intermediates.noindex/Voxboard.build/Debug-watchsimulator/Voxboard\ Watch\ WidgetExtension.build/Voxboard\ Watch\ WidgetExtension.appex-Simulated.xcent -Xlinker -sectcreate -Xlinker __TEXT -Xlinker __ents_der -Xlinker /tmp/voxboard-notelet-verify-derived/Build/Intermediates.noindex/Voxboard.build/Debug-watchsimulator/Voxboard\ Watch\ WidgetExtension.build/Voxboard\ Watch\ WidgetExtension.appex-Simulated.xcent.der -Xlinker -no_adhoc_codesign -o /tmp/voxboard-notelet-verify-derived/Build/Intermediates.noindex/Voxboard.build/Debug-watchsimulator/Voxboard\ Watch\ WidgetExtension.build/Objects-normal/arm64/Binary/__preview.dylib

MkDir /tmp/voxboard-notelet-verify-derived/Build/Intermediates.noindex/Voxboard.build/Debug-watchsimulator/Voxboard\ Watch\ WidgetExtension.build/assetcatalog_output/thinned (in target 'Voxboard Watch WidgetExtension' from project 'Voxboard')
    cd /Users/codybontecou/projects/Voxboard
    /bin/mkdir -p /tmp/voxboard-notelet-verify-derived/Build/Intermediates.noindex/Voxboard.build/Debug-watchsimulator/Voxboard\ Watch\ WidgetExtension.build/assetcatalog_output/thinned

MkDir /tmp/voxboard-notelet-verify-derived/Build/Intermediates.noindex/Voxboard.build/Debug-watchsimulator/Voxboard\ Watch\ WidgetExtension.build/assetcatalog_output/unthinned (in target 'Voxboard Watch WidgetExtension' from project 'Voxboard')
    cd /Users/codybontecou/projects/Voxboard
    /bin/mkdir -p /tmp/voxboard-notelet-verify-derived/Build/Intermediates.noindex/Voxboard.build/Debug-watchsimulator/Voxboard\ Watch\ WidgetExtension.build/assetcatalog_output/unthinned

GenerateAssetSymbols /Users/codybontecou/projects/Voxboard/Voxboard\ Watch\ Widget/Assets.xcassets (in target 'Voxboard Watch WidgetExtension' from project 'Voxboard')
    cd /Users/codybontecou/projects/Voxboard
    /Applications/Xcode.app/Contents/Developer/usr/bin/actool /Users/codybontecou/projects/Voxboard/Voxboard\ Watch\ Widget/Assets.xcassets --compile /tmp/voxboard-notelet-verify-derived/Build/Products/Debug-watchsimulator/Voxboard\ Watch\ WidgetExtension.appex --output-format human-readable-text --notices --warnings --export-dependency-info /tmp/voxboard-notelet-verify-derived/Build/Intermediates.noindex/Voxboard.build/Debug-watchsimulator/Voxboard\ Watch\ WidgetExtension.build/assetcatalog_dependencies --output-partial-info-plist /tmp/voxboard-notelet-verify-derived/Build/Intermediates.noindex/Voxboard.build/Debug-watchsimulator/Voxboard\ Watch\ WidgetExtension.build/assetcatalog_generated_info.plist --accent-color AccentColor --widget-background-color WidgetBackground --compress-pngs --enable-on-demand-resources NO --standalone-icon-behavior all --development-region en --target-device watch --minimum-deployment-target 10.0 --platform watchsimulator --bundle-identifier bontecou.Voxboard.watchkitapp.Widget --generate-swift-asset-symbols /tmp/voxboard-notelet-verify-derived/Build/Intermediates.noindex/Voxboard.build/Debug-watchsimulator/Voxboard\ Watch\ WidgetExtension.build/DerivedSources/GeneratedAssetSymbols.swift --generate-objc-asset-symbols /tmp/voxboard-notelet-verify-derived/Build/Intermediates.noindex/Voxboard.build/Debug-watchsimulator/Voxboard\ Watch\ WidgetExtension.build/DerivedSources/GeneratedAssetSymbols.h --generate-asset-symbol-index /tmp/voxboard-notelet-verify-derived/Build/Intermediates.noindex/Voxboard.build/Debug-watchsimulator/Voxboard\ Watch\ WidgetExtension.build/DerivedSources/GeneratedAssetSymbols-Index.plist
/* com.apple.actool.compilation-results */
/tmp/voxboard-notelet-verify-derived/Build/Intermediates.noindex/Voxboard.build/Debug-watchsimulator/Voxboard Watch WidgetExtension.build/DerivedSources/GeneratedAssetSymbols-Index.plist
/tmp/voxboard-notelet-verify-derived/Build/Intermediates.noindex/Voxboard.build/Debug-watchsimulator/Voxboard Watch WidgetExtension.build/DerivedSources/GeneratedAssetSymbols.h
/tmp/voxboard-notelet-verify-derived/Build/Intermediates.noindex/Voxboard.build/Debug-watchsimulator/Voxboard Watch WidgetExtension.build/DerivedSources/GeneratedAssetSymbols.swift


CompileAssetCatalogVariant thinned /tmp/voxboard-notelet-verify-derived/Build/Products/Debug-watchsimulator/Voxboard\ Watch\ WidgetExtension.appex /Users/codybontecou/projects/Voxboard/Voxboard\ Watch\ Widget/Assets.xcassets (in target 'Voxboard Watch WidgetExtension' from project 'Voxboard')
    cd /Users/codybontecou/projects/Voxboard
    /Applications/Xcode.app/Contents/Developer/usr/bin/actool /Users/codybontecou/projects/Voxboard/Voxboard\ Watch\ Widget/Assets.xcassets --compile /tmp/voxboard-notelet-verify-derived/Build/Intermediates.noindex/Voxboard.build/Debug-watchsimulator/Voxboard\ Watch\ WidgetExtension.build/assetcatalog_output/thinned --output-format human-readable-text --notices --warnings --export-dependency-info /tmp/voxboard-notelet-verify-derived/Build/Intermediates.noindex/Voxboard.build/Debug-watchsimulator/Voxboard\ Watch\ WidgetExtension.build/assetcatalog_dependencies_thinned --output-partial-info-plist /tmp/voxboard-notelet-verify-derived/Build/Intermediates.noindex/Voxboard.build/Debug-watchsimulator/Voxboard\ Watch\ WidgetExtension.build/assetcatalog_generated_info.plist_thinned --accent-color AccentColor --widget-background-color WidgetBackground --compress-pngs --enable-on-demand-resources NO --standalone-icon-behavior all --filter-for-thinning-device-configuration iPhone18,3 --filter-for-device-os-version 26.5 --development-region en --target-device watch --minimum-deployment-target 10.0 --platform watchsimulator
/* com.apple.actool.compilation-results */
/tmp/voxboard-notelet-verify-derived/Build/Intermediates.noindex/Voxboard.build/Debug-watchsimulator/Voxboard Watch WidgetExtension.build/assetcatalog_generated_info.plist_thinned
/tmp/voxboard-notelet-verify-derived/Build/Intermediates.noindex/Voxboard.build/Debug-watchsimulator/Voxboard Watch WidgetExtension.build/assetcatalog_output/thinned/Assets.car


WriteAuxiliaryFile /tmp/voxboard-notelet-verify-derived/Build/Intermediates.noindex/VoxboardShared.build/Debug-iphonesimulator/VoxboardShared.build/VoxboardShared.DependencyStaticMetadataFileList (in target 'VoxboardShared' from project 'VoxboardShared')
    cd /Users/codybontecou/projects/Voxboard/Packages/VoxboardShared
    write-file /tmp/voxboard-notelet-verify-derived/Build/Intermediates.noindex/VoxboardShared.build/Debug-iphonesimulator/VoxboardShared.build/VoxboardShared.DependencyStaticMetadataFileList

WriteAuxiliaryFile /tmp/voxboard-notelet-verify-derived/Build/Intermediates.noindex/VoxboardShared.build/Debug-iphonesimulator/VoxboardShared.build/VoxboardShared.modulemap (in target 'VoxboardShared' from project 'VoxboardShared')
    cd /Users/codybontecou/projects/Voxboard/Packages/VoxboardShared
    write-file /tmp/voxboard-notelet-verify-derived/Build/Intermediates.noindex/VoxboardShared.build/Debug-iphonesimulator/VoxboardShared.build/VoxboardShared.modulemap

WriteAuxiliaryFile /tmp/voxboard-notelet-verify-derived/Build/Intermediates.noindex/VoxboardShared.build/Debug-iphonesimulator/VoxboardShared.build/VoxboardShared.DependencyMetadataFileList (in target 'VoxboardShared' from project 'VoxboardShared')
    cd /Users/codybontecou/projects/Voxboard/Packages/VoxboardShared
    write-file /tmp/voxboard-notelet-verify-derived/Build/Intermediates.noindex/VoxboardShared.build/Debug-iphonesimulator/VoxboardShared.build/VoxboardShared.DependencyMetadataFileList

WriteAuxiliaryFile /tmp/voxboard-notelet-verify-derived/Build/Intermediates.noindex/VoxboardShared.build/Debug-iphonesimulator/VoxboardShared.build/Objects-normal/arm64/VoxboardShared_const_extract_protocols.json (in target 'VoxboardShared' from project 'VoxboardShared')
    cd /Users/codybontecou/projects/Voxboard/Packages/VoxboardShared
    write-file /tmp/voxboard-notelet-verify-derived/Build/Intermediates.noindex/VoxboardShared.build/Debug-iphonesimulator/VoxboardShared.build/Objects-normal/arm64/VoxboardShared_const_extract_protocols.json

WriteAuxiliaryFile /tmp/voxboard-notelet-verify-derived/Build/Intermediates.noindex/VoxboardShared.build/Debug-iphonesimulator/VoxboardShared.build/Objects-normal/arm64/VoxboardShared.SwiftFileList (in target 'VoxboardShared' from project 'VoxboardShared')
    cd /Users/codybontecou/projects/Voxboard/Packages/VoxboardShared
    write-file /tmp/voxboard-notelet-verify-derived/Build/Intermediates.noindex/VoxboardShared.build/Debug-iphonesimulator/VoxboardShared.build/Objects-normal/arm64/VoxboardShared.SwiftFileList

WriteAuxiliaryFile /tmp/voxboard-notelet-verify-derived/Build/Intermediates.noindex/VoxboardShared.build/Debug-iphonesimulator/VoxboardShared.build/Objects-normal/arm64/VoxboardShared.SwiftConstValuesFileList (in target 'VoxboardShared' from project 'VoxboardShared')
    cd /Users/codybontecou/projects/Voxboard/Packages/VoxboardShared
    write-file /tmp/voxboard-notelet-verify-derived/Build/Intermediates.noindex/VoxboardShared.build/Debug-iphonesimulator/VoxboardShared.build/Objects-normal/arm64/VoxboardShared.SwiftConstValuesFileList

WriteAuxiliaryFile /tmp/voxboard-notelet-verify-derived/Build/Intermediates.noindex/VoxboardShared.build/Debug-iphonesimulator/VoxboardShared.build/Objects-normal/arm64/VoxboardShared.LinkFileList (in target 'VoxboardShared' from project 'VoxboardShared')
    cd /Users/codybontecou/projects/Voxboard/Packages/VoxboardShared
    write-file /tmp/voxboard-notelet-verify-derived/Build/Intermediates.noindex/VoxboardShared.build/Debug-iphonesimulator/VoxboardShared.build/Objects-normal/arm64/VoxboardShared.LinkFileList

WriteAuxiliaryFile /tmp/voxboard-notelet-verify-derived/Build/Intermediates.noindex/VoxboardShared.build/Debug-iphonesimulator/VoxboardShared.build/Objects-normal/arm64/VoxboardShared-OutputFileMap.json (in target 'VoxboardShared' from project 'VoxboardShared')
    cd /Users/codybontecou/projects/Voxboard/Packages/VoxboardShared
    write-file /tmp/voxboard-notelet-verify-derived/Build/Intermediates.noindex/VoxboardShared.build/Debug-iphonesimulator/VoxboardShared.build/Objects-normal/arm64/VoxboardShared-OutputFileMap.json

Copy /tmp/voxboard-notelet-verify-derived/Build/Intermediates.noindex/GeneratedModuleMaps-iphonesimulator/VoxboardShared.modulemap /tmp/voxboard-notelet-verify-derived/Build/Intermediates.noindex/VoxboardShared.build/Debug-iphonesimulator/VoxboardShared.build/VoxboardShared.modulemap (in target 'VoxboardShared' from project 'VoxboardShared')
    cd /Users/codybontecou/projects/Voxboard/Packages/VoxboardShared
    builtin-copy -exclude .DS_Store -exclude CVS -exclude .svn -exclude .git -exclude .hg -resolve-src-symlinks /tmp/voxboard-notelet-verify-derived/Build/Intermediates.noindex/VoxboardShared.build/Debug-iphonesimulator/VoxboardShared.build/VoxboardShared.modulemap /tmp/voxboard-notelet-verify-derived/Build/Intermediates.noindex/GeneratedModuleMaps-iphonesimulator

WriteAuxiliaryFile /tmp/voxboard-notelet-verify-derived/Build/Intermediates.noindex/Voxboard.build/Debug-iphonesimulator/Voxboard\ WidgetExtension.build/Voxboard\ WidgetExtension.hmap (in target 'Voxboard WidgetExtension' from project 'Voxboard')
    cd /Users/codybontecou/projects/Voxboard
    write-file /tmp/voxboard-notelet-verify-derived/Build/Intermediates.noindex/Voxboard.build/Debug-iphonesimulator/Voxboard\ WidgetExtension.build/Voxboard\ WidgetExtension.hmap

WriteAuxiliaryFile /tmp/voxboard-notelet-verify-derived/Build/Intermediates.noindex/Voxboard.build/Debug-iphonesimulator/Voxboard\ WidgetExtension.build/Voxboard\ WidgetExtension.DependencyStaticMetadataFileList (in target 'Voxboard WidgetExtension' from project 'Voxboard')
    cd /Users/codybontecou/projects/Voxboard
    write-file /tmp/voxboard-notelet-verify-derived/Build/Intermediates.noindex/Voxboard.build/Debug-iphonesimulator/Voxboard\ WidgetExtension.build/Voxboard\ WidgetExtension.DependencyStaticMetadataFileList

WriteAuxiliaryFile /tmp/voxboard-notelet-verify-derived/Build/Intermediates.noindex/Voxboard.build/Debug-iphonesimulator/Voxboard\ WidgetExtension.build/Voxboard\ WidgetExtension.DependencyMetadataFileList (in target 'Voxboard WidgetExtension' from project 'Voxboard')
    cd /Users/codybontecou/projects/Voxboard
    write-file /tmp/voxboard-notelet-verify-derived/Build/Intermediates.noindex/Voxboard.build/Debug-iphonesimulator/Voxboard\ WidgetExtension.build/Voxboard\ WidgetExtension.DependencyMetadataFileList

WriteAuxiliaryFile /tmp/voxboard-notelet-verify-derived/Build/Intermediates.noindex/Voxboard.build/Debug-iphonesimulator/Voxboard\ WidgetExtension.build/Voxboard\ WidgetExtension-project-headers.hmap (in target 'Voxboard WidgetExtension' from project 'Voxboard')
    cd /Users/codybontecou/projects/Voxboard
    write-file /tmp/voxboard-notelet-verify-derived/Build/Intermediates.noindex/Voxboard.build/Debug-iphonesimulator/Voxboard\ WidgetExtension.build/Voxboard\ WidgetExtension-project-headers.hmap

WriteAuxiliaryFile /tmp/voxboard-notelet-verify-derived/Build/Intermediates.noindex/Voxboard.build/Debug-iphonesimulator/Voxboard\ WidgetExtension.build/Voxboard\ WidgetExtension-own-target-headers.hmap (in target 'Voxboard WidgetExtension' from project 'Voxboard')
    cd /Users/codybontecou/projects/Voxboard
    write-file /tmp/voxboard-notelet-verify-derived/Build/Intermediates.noindex/Voxboard.build/Debug-iphonesimulator/Voxboard\ WidgetExtension.build/Voxboard\ WidgetExtension-own-target-headers.hmap

WriteAuxiliaryFile /tmp/voxboard-notelet-verify-derived/Build/Intermediates.noindex/Voxboard.build/Debug-iphonesimulator/Voxboard\ WidgetExtension.build/Voxboard\ WidgetExtension-generated-files.hmap (in target 'Voxboard WidgetExtension' from project 'Voxboard')
    cd /Users/codybontecou/projects/Voxboard
    write-file /tmp/voxboard-notelet-verify-derived/Build/Intermediates.noindex/Voxboard.build/Debug-iphonesimulator/Voxboard\ WidgetExtension.build/Voxboard\ WidgetExtension-generated-files.hmap

WriteAuxiliaryFile /tmp/voxboard-notelet-verify-derived/Build/Intermediates.noindex/Voxboard.build/Debug-iphonesimulator/Voxboard\ WidgetExtension.build/Voxboard\ WidgetExtension-all-target-headers.hmap (in target 'Voxboard WidgetExtension' from project 'Voxboard')
    cd /Users/codybontecou/projects/Voxboard
    write-file /tmp/voxboard-notelet-verify-derived/Build/Intermediates.noindex/Voxboard.build/Debug-iphonesimulator/Voxboard\ WidgetExtension.build/Voxboard\ WidgetExtension-all-target-headers.hmap

WriteAuxiliaryFile /tmp/voxboard-notelet-verify-derived/Build/Intermediates.noindex/Voxboard.build/Debug-iphonesimulator/Voxboard\ WidgetExtension.build/Voxboard\ WidgetExtension-all-non-framework-target-headers.hmap (in target 'Voxboard WidgetExtension' from project 'Voxboard')
    cd /Users/codybontecou/projects/Voxboard
    write-file /tmp/voxboard-notelet-verify-derived/Build/Intermediates.noindex/Voxboard.build/Debug-iphonesimulator/Voxboard\ WidgetExtension.build/Voxboard\ WidgetExtension-all-non-framework-target-headers.hmap

WriteAuxiliaryFile /tmp/voxboard-notelet-verify-derived/Build/Intermediates.noindex/Voxboard.build/Debug-iphonesimulator/Voxboard\ WidgetExtension.build/Voxboard\ WidgetExtension-DebugEntryPoint-normal-arm64.txt (in target 'Voxboard WidgetExtension' from project 'Voxboard')
    cd /Users/codybontecou/projects/Voxboard
    write-file /tmp/voxboard-notelet-verify-derived/Build/Intermediates.noindex/Voxboard.build/Debug-iphonesimulator/Voxboard\ WidgetExtension.build/Voxboard\ WidgetExtension-DebugEntryPoint-normal-arm64.txt

WriteAuxiliaryFile /tmp/voxboard-notelet-verify-derived/Build/Intermediates.noindex/Voxboard.build/Debug-iphonesimulator/Voxboard\ WidgetExtension.build/Voxboard\ WidgetExtension-DebugDylibPath-normal-arm64.txt (in target 'Voxboard WidgetExtension' from project 'Voxboard')
    cd /Users/codybontecou/projects/Voxboard
    write-file /tmp/voxboard-notelet-verify-derived/Build/Intermediates.noindex/Voxboard.build/Debug-iphonesimulator/Voxboard\ WidgetExtension.build/Voxboard\ WidgetExtension-DebugDylibPath-normal-arm64.txt

WriteAuxiliaryFile /tmp/voxboard-notelet-verify-derived/Build/Intermediates.noindex/Voxboard.build/Debug-iphonesimulator/Voxboard\ WidgetExtension.build/Voxboard\ WidgetExtension-DebugDylibInstallName-normal-arm64.txt (in target 'Voxboard WidgetExtension' from project 'Voxboard')
    cd /Users/codybontecou/projects/Voxboard
    write-file /tmp/voxboard-notelet-verify-derived/Build/Intermediates.noindex/Voxboard.build/Debug-iphonesimulator/Voxboard\ WidgetExtension.build/Voxboard\ WidgetExtension-DebugDylibInstallName-normal-arm64.txt

WriteAuxiliaryFile /tmp/voxboard-notelet-verify-derived/Build/Intermediates.noindex/Voxboard.build/Debug-iphonesimulator/Voxboard\ WidgetExtension.build/Objects-normal/arm64/Voxboard\ WidgetExtension_const_extract_protocols.json (in target 'Voxboard WidgetExtension' from project 'Voxboard')
    cd /Users/codybontecou/projects/Voxboard
    write-file /tmp/voxboard-notelet-verify-derived/Build/Intermediates.noindex/Voxboard.build/Debug-iphonesimulator/Voxboard\ WidgetExtension.build/Objects-normal/arm64/Voxboard\ WidgetExtension_const_extract_protocols.json

WriteAuxiliaryFile /tmp/voxboard-notelet-verify-derived/Build/Intermediates.noindex/Voxboard.build/Debug-iphonesimulator/Voxboard\ WidgetExtension.build/Objects-normal/arm64/Voxboard\ WidgetExtension.SwiftFileList (in target 'Voxboard WidgetExtension' from project 'Voxboard')
    cd /Users/codybontecou/projects/Voxboard
    write-file /tmp/voxboard-notelet-verify-derived/Build/Intermediates.noindex/Voxboard.build/Debug-iphonesimulator/Voxboard\ WidgetExtension.build/Objects-normal/arm64/Voxboard\ WidgetExtension.SwiftFileList

WriteAuxiliaryFile /tmp/voxboard-notelet-verify-derived/Build/Intermediates.noindex/Voxboard.build/Debug-iphonesimulator/Voxboard\ WidgetExtension.build/Objects-normal/arm64/Voxboard\ WidgetExtension.SwiftConstValuesFileList (in target 'Voxboard WidgetExtension' from project 'Voxboard')
    cd /Users/codybontecou/projects/Voxboard
    write-file /tmp/voxboard-notelet-verify-derived/Build/Intermediates.noindex/Voxboard.build/Debug-iphonesimulator/Voxboard\ WidgetExtension.build/Objects-normal/arm64/Voxboard\ WidgetExtension.SwiftConstValuesFileList

WriteAuxiliaryFile /tmp/voxboard-notelet-verify-derived/Build/Intermediates.noindex/Voxboard.build/Debug-iphonesimulator/Voxboard\ WidgetExtension.build/Objects-normal/arm64/Voxboard\ WidgetExtension.LinkFileList (in target 'Voxboard WidgetExtension' from project 'Voxboard')
    cd /Users/codybontecou/projects/Voxboard
    write-file /tmp/voxboard-notelet-verify-derived/Build/Intermediates.noindex/Voxboard.build/Debug-iphonesimulator/Voxboard\ WidgetExtension.build/Objects-normal/arm64/Voxboard\ WidgetExtension.LinkFileList

WriteAuxiliaryFile /tmp/voxboard-notelet-verify-derived/Build/Intermediates.noindex/Voxboard.build/Debug-iphonesimulator/Voxboard\ WidgetExtension.build/Objects-normal/arm64/Voxboard\ WidgetExtension-OutputFileMap.json (in target 'Voxboard WidgetExtension' from project 'Voxboard')
    cd /Users/codybontecou/projects/Voxboard
    write-file /tmp/voxboard-notelet-verify-derived/Build/Intermediates.noindex/Voxboard.build/Debug-iphonesimulator/Voxboard\ WidgetExtension.build/Objects-normal/arm64/Voxboard\ WidgetExtension-OutputFileMap.json

WriteAuxiliaryFile /tmp/voxboard-notelet-verify-derived/Build/Intermediates.noindex/Voxboard.build/Debug-iphonesimulator/Voxboard\ WidgetExtension.build/DerivedSources/Entitlements-Simulated.plist (in target 'Voxboard WidgetExtension' from project 'Voxboard')
    cd /Users/codybontecou/projects/Voxboard
    write-file /tmp/voxboard-notelet-verify-derived/Build/Intermediates.noindex/Voxboard.build/Debug-iphonesimulator/Voxboard\ WidgetExtension.build/DerivedSources/Entitlements-Simulated.plist

WriteAuxiliaryFile /tmp/voxboard-notelet-verify-derived/Build/Intermediates.noindex/Voxboard.build/Debug-iphonesimulator/Voxboard\ Keyboard.build/Voxboard\ Keyboard.hmap (in target 'Voxboard Keyboard' from project 'Voxboard')
    cd /Users/codybontecou/projects/Voxboard
    write-file /tmp/voxboard-notelet-verify-derived/Build/Intermediates.noindex/Voxboard.build/Debug-iphonesimulator/Voxboard\ Keyboard.build/Voxboard\ Keyboard.hmap

WriteAuxiliaryFile /tmp/voxboard-notelet-verify-derived/Build/Intermediates.noindex/Voxboard.build/Debug-iphonesimulator/Voxboard\ Keyboard.build/Voxboard\ Keyboard.DependencyStaticMetadataFileList (in target 'Voxboard Keyboard' from project 'Voxboard')
    cd /Users/codybontecou/projects/Voxboard
    write-file /tmp/voxboard-notelet-verify-derived/Build/Intermediates.noindex/Voxboard.build/Debug-iphonesimulator/Voxboard\ Keyboard.build/Voxboard\ Keyboard.DependencyStaticMetadataFileList

WriteAuxiliaryFile /tmp/voxboard-notelet-verify-derived/Build/Intermediates.noindex/Voxboard.build/Debug-iphonesimulator/Voxboard\ Keyboard.build/Voxboard\ Keyboard.DependencyMetadataFileList (in target 'Voxboard Keyboard' from project 'Voxboard')
    cd /Users/codybontecou/projects/Voxboard
    write-file /tmp/voxboard-notelet-verify-derived/Build/Intermediates.noindex/Voxboard.build/Debug-iphonesimulator/Voxboard\ Keyboard.build/Voxboard\ Keyboard.DependencyMetadataFileList

WriteAuxiliaryFile /tmp/voxboard-notelet-verify-derived/Build/Intermediates.noindex/Voxboard.build/Debug-iphonesimulator/Voxboard\ Keyboard.build/Voxboard\ Keyboard-project-headers.hmap (in target 'Voxboard Keyboard' from project 'Voxboard')
    cd /Users/codybontecou/projects/Voxboard
    write-file /tmp/voxboard-notelet-verify-derived/Build/Intermediates.noindex/Voxboard.build/Debug-iphonesimulator/Voxboard\ Keyboard.build/Voxboard\ Keyboard-project-headers.hmap

WriteAuxiliaryFile /tmp/voxboard-notelet-verify-derived/Build/Intermediates.noindex/Voxboard.build/Debug-iphonesimulator/Voxboard\ Keyboard.build/Voxboard\ Keyboard-own-target-headers.hmap (in target 'Voxboard Keyboard' from project 'Voxboard')
    cd /Users/codybontecou/projects/Voxboard
    write-file /tmp/voxboard-notelet-verify-derived/Build/Intermediates.noindex/Voxboard.build/Debug-iphonesimulator/Voxboard\ Keyboard.build/Voxboard\ Keyboard-own-target-headers.hmap

WriteAuxiliaryFile /tmp/voxboard-notelet-verify-derived/Build/Intermediates.noindex/Voxboard.build/Debug-iphonesimulator/Voxboard\ Keyboard.build/Voxboard\ Keyboard-generated-files.hmap (in target 'Voxboard Keyboard' from project 'Voxboard')
    cd /Users/codybontecou/projects/Voxboard
    write-file /tmp/voxboard-notelet-verify-derived/Build/Intermediates.noindex/Voxboard.build/Debug-iphonesimulator/Voxboard\ Keyboard.build/Voxboard\ Keyboard-generated-files.hmap

WriteAuxiliaryFile /tmp/voxboard-notelet-verify-derived/Build/Intermediates.noindex/Voxboard.build/Debug-iphonesimulator/Voxboard\ Keyboard.build/Voxboard\ Keyboard-all-target-headers.hmap (in target 'Voxboard Keyboard' from project 'Voxboard')
    cd /Users/codybontecou/projects/Voxboard
    write-file /tmp/voxboard-notelet-verify-derived/Build/Intermediates.noindex/Voxboard.build/Debug-iphonesimulator/Voxboard\ Keyboard.build/Voxboard\ Keyboard-all-target-headers.hmap

WriteAuxiliaryFile /tmp/voxboard-notelet-verify-derived/Build/Intermediates.noindex/Voxboard.build/Debug-iphonesimulator/Voxboard\ Keyboard.build/Voxboard\ Keyboard-all-non-framework-target-headers.hmap (in target 'Voxboard Keyboard' from project 'Voxboard')
    cd /Users/codybontecou/projects/Voxboard
    write-file /tmp/voxboard-notelet-verify-derived/Build/Intermediates.noindex/Voxboard.build/Debug-iphonesimulator/Voxboard\ Keyboard.build/Voxboard\ Keyboard-all-non-framework-target-headers.hmap

WriteAuxiliaryFile /tmp/voxboard-notelet-verify-derived/Build/Intermediates.noindex/Voxboard.build/Debug-iphonesimulator/Voxboard\ Keyboard.build/Voxboard\ Keyboard-DebugDylibPath-normal-arm64.txt (in target 'Voxboard Keyboard' from project 'Voxboard')
    cd /Users/codybontecou/projects/Voxboard
    write-file /tmp/voxboard-notelet-verify-derived/Build/Intermediates.noindex/Voxboard.build/Debug-iphonesimulator/Voxboard\ Keyboard.build/Voxboard\ Keyboard-DebugDylibPath-normal-arm64.txt

WriteAuxiliaryFile /tmp/voxboard-notelet-verify-derived/Build/Intermediates.noindex/Voxboard.build/Debug-iphonesimulator/Voxboard\ Keyboard.build/Voxboard\ Keyboard-DebugEntryPoint-normal-arm64.txt (in target 'Voxboard Keyboard' from project 'Voxboard')
    cd /Users/codybontecou/projects/Voxboard
    write-file /tmp/voxboard-notelet-verify-derived/Build/Intermediates.noindex/Voxboard.build/Debug-iphonesimulator/Voxboard\ Keyboard.build/Voxboard\ Keyboard-DebugEntryPoint-normal-arm64.txt

WriteAuxiliaryFile /tmp/voxboard-notelet-verify-derived/Build/Intermediates.noindex/Voxboard.build/Debug-iphonesimulator/Voxboard\ Keyboard.build/Voxboard\ Keyboard-DebugDylibInstallName-normal-arm64.txt (in target 'Voxboard Keyboard' from project 'Voxboard')
    cd /Users/codybontecou/projects/Voxboard
    write-file /tmp/voxboard-notelet-verify-derived/Build/Intermediates.noindex/Voxboard.build/Debug-iphonesimulator/Voxboard\ Keyboard.build/Voxboard\ Keyboard-DebugDylibInstallName-normal-arm64.txt

WriteAuxiliaryFile /tmp/voxboard-notelet-verify-derived/Build/Intermediates.noindex/Voxboard.build/Debug-iphonesimulator/Voxboard\ Keyboard.build/Objects-normal/arm64/Voxboard\ Keyboard.SwiftFileList (in target 'Voxboard Keyboard' from project 'Voxboard')
    cd /Users/codybontecou/projects/Voxboard
    write-file /tmp/voxboard-notelet-verify-derived/Build/Intermediates.noindex/Voxboard.build/Debug-iphonesimulator/Voxboard\ Keyboard.build/Objects-normal/arm64/Voxboard\ Keyboard.SwiftFileList

WriteAuxiliaryFile /tmp/voxboard-notelet-verify-derived/Build/Intermediates.noindex/Voxboard.build/Debug-iphonesimulator/Voxboard\ Keyboard.build/Objects-normal/arm64/Voxboard\ Keyboard_const_extract_protocols.json (in target 'Voxboard Keyboard' from project 'Voxboard')
    cd /Users/codybontecou/projects/Voxboard
    write-file /tmp/voxboard-notelet-verify-derived/Build/Intermediates.noindex/Voxboard.build/Debug-iphonesimulator/Voxboard\ Keyboard.build/Objects-normal/arm64/Voxboard\ Keyboard_const_extract_protocols.json

WriteAuxiliaryFile /tmp/voxboard-notelet-verify-derived/Build/Intermediates.noindex/Voxboard.build/Debug-iphonesimulator/Voxboard\ Keyboard.build/Objects-normal/arm64/Voxboard\ Keyboard.SwiftConstValuesFileList (in target 'Voxboard Keyboard' from project 'Voxboard')
    cd /Users/codybontecou/projects/Voxboard
    write-file /tmp/voxboard-notelet-verify-derived/Build/Intermediates.noindex/Voxboard.build/Debug-iphonesimulator/Voxboard\ Keyboard.build/Objects-normal/arm64/Voxboard\ Keyboard.SwiftConstValuesFileList

WriteAuxiliaryFile /tmp/voxboard-notelet-verify-derived/Build/Intermediates.noindex/Voxboard.build/Debug-iphonesimulator/Voxboard\ Keyboard.build/Objects-normal/arm64/Voxboard\ Keyboard.LinkFileList (in target 'Voxboard Keyboard' from project 'Voxboard')
    cd /Users/codybontecou/projects/Voxboard
    write-file /tmp/voxboard-notelet-verify-derived/Build/Intermediates.noindex/Voxboard.build/Debug-iphonesimulator/Voxboard\ Keyboard.build/Objects-normal/arm64/Voxboard\ Keyboard.LinkFileList

WriteAuxiliaryFile /tmp/voxboard-notelet-verify-derived/Build/Intermediates.noindex/Voxboard.build/Debug-iphonesimulator/Voxboard\ Keyboard.build/Objects-normal/arm64/Voxboard\ Keyboard-OutputFileMap.json (in target 'Voxboard Keyboard' from project 'Voxboard')
    cd /Users/codybontecou/projects/Voxboard
    write-file /tmp/voxboard-notelet-verify-derived/Build/Intermediates.noindex/Voxboard.build/Debug-iphonesimulator/Voxboard\ Keyboard.build/Objects-normal/arm64/Voxboard\ Keyboard-OutputFileMap.json

MkDir /tmp/voxboard-notelet-verify-derived/Build/Products/Debug-iphonesimulator/Voxboard\ WidgetExtension.appex (in target 'Voxboard WidgetExtension' from project 'Voxboard')
    cd /Users/codybontecou/projects/Voxboard
    /bin/mkdir -p /tmp/voxboard-notelet-verify-derived/Build/Products/Debug-iphonesimulator/Voxboard\ WidgetExtension.appex

WriteAuxiliaryFile /tmp/voxboard-notelet-verify-derived/Build/Intermediates.noindex/Voxboard.build/Debug-iphonesimulator/Voxboard\ Keyboard.build/DerivedSources/Entitlements-Simulated.plist (in target 'Voxboard Keyboard' from project 'Voxboard')
    cd /Users/codybontecou/projects/Voxboard
    write-file /tmp/voxboard-notelet-verify-derived/Build/Intermediates.noindex/Voxboard.build/Debug-iphonesimulator/Voxboard\ Keyboard.build/DerivedSources/Entitlements-Simulated.plist

CreateUniversalBinary /tmp/voxboard-notelet-verify-derived/Build/Products/Debug-watchsimulator/Voxboard\ Watch\ WidgetExtension.appex/__preview.dylib normal arm64\ x86_64 (in target 'Voxboard Watch WidgetExtension' from project 'Voxboard')
    cd /Users/codybontecou/projects/Voxboard
    /Applications/Xcode.app/Contents/Developer/Toolchains/XcodeDefault.xctoolchain/usr/bin/lipo -create /tmp/voxboard-notelet-verify-derived/Build/Intermediates.noindex/Voxboard.build/Debug-watchsimulator/Voxboard\ Watch\ WidgetExtension.build/Objects-normal/arm64/Binary/__preview.dylib /tmp/voxboard-notelet-verify-derived/Build/Intermediates.noindex/Voxboard.build/Debug-watchsimulator/Voxboard\ Watch\ WidgetExtension.build/Objects-normal/x86_64/Binary/__preview.dylib -output /tmp/voxboard-notelet-verify-derived/Build/Products/Debug-watchsimulator/Voxboard\ Watch\ WidgetExtension.appex/__preview.dylib

MkDir /tmp/voxboard-notelet-verify-derived/Build/Products/Debug-iphonesimulator/Voxboard\ Keyboard.appex (in target 'Voxboard Keyboard' from project 'Voxboard')
    cd /Users/codybontecou/projects/Voxboard
    /bin/mkdir -p /tmp/voxboard-notelet-verify-derived/Build/Products/Debug-iphonesimulator/Voxboard\ Keyboard.appex

WriteAuxiliaryFile /tmp/voxboard-notelet-verify-derived/Build/Intermediates.noindex/KeyboardKit.build/Debug-iphonesimulator/KeyboardKitDependencies.build/Objects-normal/arm64/KeyboardKitDependencies-OutputFileMap.json (in target 'KeyboardKitDependencies' from project 'KeyboardKit')
    cd /tmp/voxboard-notelet-verify-derived/SourcePackages/checkouts/KeyboardKit
    write-file /tmp/voxboard-notelet-verify-derived/Build/Intermediates.noindex/KeyboardKit.build/Debug-iphonesimulator/KeyboardKitDependencies.build/Objects-normal/arm64/KeyboardKitDependencies-OutputFileMap.json

WriteAuxiliaryFile /tmp/voxboard-notelet-verify-derived/Build/Intermediates.noindex/KeyboardKit.build/Debug-iphonesimulator/KeyboardKitDependencies.build/Objects-normal/arm64/KeyboardKitDependencies_const_extract_protocols.json (in target 'KeyboardKitDependencies' from project 'KeyboardKit')
    cd /tmp/voxboard-notelet-verify-derived/SourcePackages/checkouts/KeyboardKit
    write-file /tmp/voxboard-notelet-verify-derived/Build/Intermediates.noindex/KeyboardKit.build/Debug-iphonesimulator/KeyboardKitDependencies.build/Objects-normal/arm64/KeyboardKitDependencies_const_extract_protocols.json

WriteAuxiliaryFile /tmp/voxboard-notelet-verify-derived/Build/Intermediates.noindex/KeyboardKit.build/Debug-iphonesimulator/KeyboardKitDependencies.build/Objects-normal/arm64/KeyboardKitDependencies.SwiftFileList (in target 'KeyboardKitDependencies' from project 'KeyboardKit')
    cd /tmp/voxboard-notelet-verify-derived/SourcePackages/checkouts/KeyboardKit
    write-file /tmp/voxboard-notelet-verify-derived/Build/Intermediates.noindex/KeyboardKit.build/Debug-iphonesimulator/KeyboardKitDependencies.build/Objects-normal/arm64/KeyboardKitDependencies.SwiftFileList

WriteAuxiliaryFile /tmp/voxboard-notelet-verify-derived/Build/Intermediates.noindex/KeyboardKit.build/Debug-iphonesimulator/KeyboardKitDependencies.build/Objects-normal/arm64/KeyboardKitDependencies.LinkFileList (in target 'KeyboardKitDependencies' from project 'KeyboardKit')
    cd /tmp/voxboard-notelet-verify-derived/SourcePackages/checkouts/KeyboardKit
    write-file /tmp/voxboard-notelet-verify-derived/Build/Intermediates.noindex/KeyboardKit.build/Debug-iphonesimulator/KeyboardKitDependencies.build/Objects-normal/arm64/KeyboardKitDependencies.LinkFileList

WriteAuxiliaryFile /tmp/voxboard-notelet-verify-derived/Build/Intermediates.noindex/KeyboardKit.build/Debug-iphonesimulator/KeyboardKitDependencies.build/Objects-normal/arm64/KeyboardKitDependencies.SwiftConstValuesFileList (in target 'KeyboardKitDependencies' from project 'KeyboardKit')
    cd /tmp/voxboard-notelet-verify-derived/SourcePackages/checkouts/KeyboardKit
    write-file /tmp/voxboard-notelet-verify-derived/Build/Intermediates.noindex/KeyboardKit.build/Debug-iphonesimulator/KeyboardKitDependencies.build/Objects-normal/arm64/KeyboardKitDependencies.SwiftConstValuesFileList

WriteAuxiliaryFile /tmp/voxboard-notelet-verify-derived/Build/Intermediates.noindex/KeyboardKit.build/Debug-iphonesimulator/KeyboardKitDependencies.build/KeyboardKitDependencies.modulemap (in target 'KeyboardKitDependencies' from project 'KeyboardKit')
    cd /tmp/voxboard-notelet-verify-derived/SourcePackages/checkouts/KeyboardKit
    write-file /tmp/voxboard-notelet-verify-derived/Build/Intermediates.noindex/KeyboardKit.build/Debug-iphonesimulator/KeyboardKitDependencies.build/KeyboardKitDependencies.modulemap

WriteAuxiliaryFile /tmp/voxboard-notelet-verify-derived/Build/Intermediates.noindex/KeyboardKit.build/Debug-iphonesimulator/KeyboardKitDependencies.build/KeyboardKitDependencies.DependencyStaticMetadataFileList (in target 'KeyboardKitDependencies' from project 'KeyboardKit')
    cd /tmp/voxboard-notelet-verify-derived/SourcePackages/checkouts/KeyboardKit
    write-file /tmp/voxboard-notelet-verify-derived/Build/Intermediates.noindex/KeyboardKit.build/Debug-iphonesimulator/KeyboardKitDependencies.build/KeyboardKitDependencies.DependencyStaticMetadataFileList

WriteAuxiliaryFile /tmp/voxboard-notelet-verify-derived/Build/Intermediates.noindex/KeyboardKit.build/Debug-iphonesimulator/KeyboardKitDependencies.build/KeyboardKitDependencies.DependencyMetadataFileList (in target 'KeyboardKitDependencies' from project 'KeyboardKit')
    cd /tmp/voxboard-notelet-verify-derived/SourcePackages/checkouts/KeyboardKit
    write-file /tmp/voxboard-notelet-verify-derived/Build/Intermediates.noindex/KeyboardKit.build/Debug-iphonesimulator/KeyboardKitDependencies.build/KeyboardKitDependencies.DependencyMetadataFileList

Copy /tmp/voxboard-notelet-verify-derived/Build/Intermediates.noindex/GeneratedModuleMaps-iphonesimulator/KeyboardKitDependencies.modulemap /tmp/voxboard-notelet-verify-derived/Build/Intermediates.noindex/KeyboardKit.build/Debug-iphonesimulator/KeyboardKitDependencies.build/KeyboardKitDependencies.modulemap (in target 'KeyboardKitDependencies' from project 'KeyboardKit')
    cd /tmp/voxboard-notelet-verify-derived/SourcePackages/checkouts/KeyboardKit
    builtin-copy -exclude .DS_Store -exclude CVS -exclude .svn -exclude .git -exclude .hg -resolve-src-symlinks /tmp/voxboard-notelet-verify-derived/Build/Intermediates.noindex/KeyboardKit.build/Debug-iphonesimulator/KeyboardKitDependencies.build/KeyboardKitDependencies.modulemap /tmp/voxboard-notelet-verify-derived/Build/Intermediates.noindex/GeneratedModuleMaps-iphonesimulator

WriteAuxiliaryFile /tmp/voxboard-notelet-verify-derived/Build/Intermediates.noindex/Voxboard.build/Debug-iphonesimulator/Voxboard.build/Voxboard-project-headers.hmap (in target 'Voxboard' from project 'Voxboard')
    cd /Users/codybontecou/projects/Voxboard
    write-file /tmp/voxboard-notelet-verify-derived/Build/Intermediates.noindex/Voxboard.build/Debug-iphonesimulator/Voxboard.build/Voxboard-project-headers.hmap

WriteAuxiliaryFile /tmp/voxboard-notelet-verify-derived/Build/Intermediates.noindex/Voxboard.build/Debug-iphonesimulator/Voxboard.build/Voxboard.DependencyMetadataFileList (in target 'Voxboard' from project 'Voxboard')
    cd /Users/codybontecou/projects/Voxboard
    write-file /tmp/voxboard-notelet-verify-derived/Build/Intermediates.noindex/Voxboard.build/Debug-iphonesimulator/Voxboard.build/Voxboard.DependencyMetadataFileList

WriteAuxiliaryFile /tmp/voxboard-notelet-verify-derived/Build/Intermediates.noindex/Voxboard.build/Debug-iphonesimulator/Voxboard.build/Voxboard-own-target-headers.hmap (in target 'Voxboard' from project 'Voxboard')
    cd /Users/codybontecou/projects/Voxboard
    write-file /tmp/voxboard-notelet-verify-derived/Build/Intermediates.noindex/Voxboard.build/Debug-iphonesimulator/Voxboard.build/Voxboard-own-target-headers.hmap

WriteAuxiliaryFile /tmp/voxboard-notelet-verify-derived/Build/Intermediates.noindex/Voxboard.build/Debug-iphonesimulator/Voxboard.build/Voxboard-all-target-headers.hmap (in target 'Voxboard' from project 'Voxboard')
    cd /Users/codybontecou/projects/Voxboard
    write-file /tmp/voxboard-notelet-verify-derived/Build/Intermediates.noindex/Voxboard.build/Debug-iphonesimulator/Voxboard.build/Voxboard-all-target-headers.hmap

WriteAuxiliaryFile /tmp/voxboard-notelet-verify-derived/Build/Intermediates.noindex/Voxboard.build/Debug-iphonesimulator/Voxboard.build/Voxboard.hmap (in target 'Voxboard' from project 'Voxboard')
    cd /Users/codybontecou/projects/Voxboard
    write-file /tmp/voxboard-notelet-verify-derived/Build/Intermediates.noindex/Voxboard.build/Debug-iphonesimulator/Voxboard.build/Voxboard.hmap

WriteAuxiliaryFile /tmp/voxboard-notelet-verify-derived/Build/Intermediates.noindex/Voxboard.build/Debug-iphonesimulator/Voxboard.build/Voxboard.DependencyStaticMetadataFileList (in target 'Voxboard' from project 'Voxboard')
    cd /Users/codybontecou/projects/Voxboard
    write-file /tmp/voxboard-notelet-verify-derived/Build/Intermediates.noindex/Voxboard.build/Debug-iphonesimulator/Voxboard.build/Voxboard.DependencyStaticMetadataFileList

WriteAuxiliaryFile /tmp/voxboard-notelet-verify-derived/Build/Intermediates.noindex/Voxboard.build/Debug-iphonesimulator/Voxboard.build/Voxboard-generated-files.hmap (in target 'Voxboard' from project 'Voxboard')
    cd /Users/codybontecou/projects/Voxboard
    write-file /tmp/voxboard-notelet-verify-derived/Build/Intermediates.noindex/Voxboard.build/Debug-iphonesimulator/Voxboard.build/Voxboard-generated-files.hmap

WriteAuxiliaryFile /tmp/voxboard-notelet-verify-derived/Build/Intermediates.noindex/Voxboard.build/Debug-iphonesimulator/Voxboard.build/Voxboard-all-non-framework-target-headers.hmap (in target 'Voxboard' from project 'Voxboard')
    cd /Users/codybontecou/projects/Voxboard
    write-file /tmp/voxboard-notelet-verify-derived/Build/Intermediates.noindex/Voxboard.build/Debug-iphonesimulator/Voxboard.build/Voxboard-all-non-framework-target-headers.hmap

WriteAuxiliaryFile /tmp/voxboard-notelet-verify-derived/Build/Intermediates.noindex/Voxboard.build/Debug-iphonesimulator/Voxboard.build/Voxboard-DebugDylibPath-normal-arm64.txt (in target 'Voxboard' from project 'Voxboard')
    cd /Users/codybontecou/projects/Voxboard
    write-file /tmp/voxboard-notelet-verify-derived/Build/Intermediates.noindex/Voxboard.build/Debug-iphonesimulator/Voxboard.build/Voxboard-DebugDylibPath-normal-arm64.txt

WriteAuxiliaryFile /tmp/voxboard-notelet-verify-derived/Build/Intermediates.noindex/Voxboard.build/Debug-iphonesimulator/Voxboard.build/Voxboard-DebugDylibInstallName-normal-arm64.txt (in target 'Voxboard' from project 'Voxboard')
    cd /Users/codybontecou/projects/Voxboard
    write-file /tmp/voxboard-notelet-verify-derived/Build/Intermediates.noindex/Voxboard.build/Debug-iphonesimulator/Voxboard.build/Voxboard-DebugDylibInstallName-normal-arm64.txt

WriteAuxiliaryFile /tmp/voxboard-notelet-verify-derived/Build/Intermediates.noindex/Voxboard.build/Debug-iphonesimulator/Voxboard.build/Objects-normal/arm64/Voxboard_const_extract_protocols.json (in target 'Voxboard' from project 'Voxboard')
    cd /Users/codybontecou/projects/Voxboard
    write-file /tmp/voxboard-notelet-verify-derived/Build/Intermediates.noindex/Voxboard.build/Debug-iphonesimulator/Voxboard.build/Objects-normal/arm64/Voxboard_const_extract_protocols.json

WriteAuxiliaryFile /tmp/voxboard-notelet-verify-derived/Build/Intermediates.noindex/Voxboard.build/Debug-iphonesimulator/Voxboard.build/Objects-normal/arm64/Voxboard.SwiftFileList (in target 'Voxboard' from project 'Voxboard')
    cd /Users/codybontecou/projects/Voxboard
    write-file /tmp/voxboard-notelet-verify-derived/Build/Intermediates.noindex/Voxboard.build/Debug-iphonesimulator/Voxboard.build/Objects-normal/arm64/Voxboard.SwiftFileList

WriteAuxiliaryFile /tmp/voxboard-notelet-verify-derived/Build/Intermediates.noindex/Voxboard.build/Debug-iphonesimulator/Voxboard.build/Objects-normal/arm64/Voxboard.SwiftConstValuesFileList (in target 'Voxboard' from project 'Voxboard')
    cd /Users/codybontecou/projects/Voxboard
    write-file /tmp/voxboard-notelet-verify-derived/Build/Intermediates.noindex/Voxboard.build/Debug-iphonesimulator/Voxboard.build/Objects-normal/arm64/Voxboard.SwiftConstValuesFileList

WriteAuxiliaryFile /tmp/voxboard-notelet-verify-derived/Build/Intermediates.noindex/Voxboard.build/Debug-iphonesimulator/Voxboard.build/Objects-normal/arm64/Voxboard.LinkFileList (in target 'Voxboard' from project 'Voxboard')
    cd /Users/codybontecou/projects/Voxboard
    write-file /tmp/voxboard-notelet-verify-derived/Build/Intermediates.noindex/Voxboard.build/Debug-iphonesimulator/Voxboard.build/Objects-normal/arm64/Voxboard.LinkFileList

WriteAuxiliaryFile /tmp/voxboard-notelet-verify-derived/Build/Intermediates.noindex/Voxboard.build/Debug-iphonesimulator/Voxboard.build/Objects-normal/arm64/Voxboard-OutputFileMap.json (in target 'Voxboard' from project 'Voxboard')
    cd /Users/codybontecou/projects/Voxboard
    write-file /tmp/voxboard-notelet-verify-derived/Build/Intermediates.noindex/Voxboard.build/Debug-iphonesimulator/Voxboard.build/Objects-normal/arm64/Voxboard-OutputFileMap.json

MkDir /tmp/voxboard-notelet-verify-derived/Build/Products/Debug-iphonesimulator/Voxboard.app/PlugIns (in target 'Voxboard' from project 'Voxboard')
    cd /Users/codybontecou/projects/Voxboard
    /bin/mkdir -p /tmp/voxboard-notelet-verify-derived/Build/Products/Debug-iphonesimulator/Voxboard.app/PlugIns

WriteAuxiliaryFile /tmp/voxboard-notelet-verify-derived/Build/Intermediates.noindex/Voxboard.build/Debug-iphonesimulator/Voxboard.build/DerivedSources/Entitlements-Simulated.plist (in target 'Voxboard' from project 'Voxboard')
    cd /Users/codybontecou/projects/Voxboard
    write-file /tmp/voxboard-notelet-verify-derived/Build/Intermediates.noindex/Voxboard.build/Debug-iphonesimulator/Voxboard.build/DerivedSources/Entitlements-Simulated.plist

MkDir /tmp/voxboard-notelet-verify-derived/Build/Products/Debug-iphonesimulator/Voxboard.app/Frameworks (in target 'Voxboard' from project 'Voxboard')
    cd /Users/codybontecou/projects/Voxboard
    /bin/mkdir -p /tmp/voxboard-notelet-verify-derived/Build/Products/Debug-iphonesimulator/Voxboard.app/Frameworks

MkDir /tmp/voxboard-notelet-verify-derived/Build/Products/Debug-iphonesimulator/Voxboard.app (in target 'Voxboard' from project 'Voxboard')
    cd /Users/codybontecou/projects/Voxboard
    /bin/mkdir -p /tmp/voxboard-notelet-verify-derived/Build/Products/Debug-iphonesimulator/Voxboard.app

SwiftDriver Voxboard\ Watch\ WidgetExtension normal arm64 com.apple.xcode.tools.swift.compiler (in target 'Voxboard Watch WidgetExtension' from project 'Voxboard')
    cd /Users/codybontecou/projects/Voxboard
    builtin-SwiftDriver -- /Applications/Xcode.app/Contents/Developer/Toolchains/XcodeDefault.xctoolchain/usr/bin/swiftc -module-name Voxboard_Watch_WidgetExtension -Onone @/tmp/voxboard-notelet-verify-derived/Build/Intermediates.noindex/Voxboard.build/Debug-watchsimulator/Voxboard\ Watch\ WidgetExtension.build/Objects-normal/arm64/Voxboard\ Watch\ WidgetExtension.SwiftFileList -DDEBUG -enable-bare-slash-regex -enable-experimental-feature DebugDescriptionMacro -sdk /Applications/Xcode.app/Contents/Developer/Platforms/WatchSimulator.platform/Developer/SDKs/WatchSimulator26.5.sdk -target arm64-apple-watchos10.0-simulator -g -module-cache-path /tmp/voxboard-notelet-verify-derived/ModuleCache.noindex -Xfrontend -serialize-debugging-options -application-extension -enable-testing -index-store-path /tmp/voxboard-notelet-verify-derived/Index.noindex/DataStore -Xcc -D_LIBCPP_HARDENING_MODE\=_LIBCPP_HARDENING_MODE_DEBUG -swift-version 5 -I /tmp/voxboard-notelet-verify-derived/Build/Products/Debug-watchsimulator -F /tmp/voxboard-notelet-verify-derived/Build/Products/Debug-watchsimulator -emit-localized-strings -emit-localized-strings-path /tmp/voxboard-notelet-verify-derived/Build/Intermediates.noindex/Voxboard.build/Debug-watchsimulator/Voxboard\ Watch\ WidgetExtension.build/Objects-normal/arm64 -c -j10 -enable-batch-mode -incremental -Xcc -ivfsstatcache -Xcc /tmp/voxboard-notelet-verify-derived/SDKStatCaches.noindex/watchsimulator26.5-23T570-1651579a441f1322ae888f0ed545cb80.sdkstatcache -output-file-map /tmp/voxboard-notelet-verify-derived/Build/Intermediates.noindex/Voxboard.build/Debug-watchsimulator/Voxboard\ Watch\ WidgetExtension.build/Objects-normal/arm64/Voxboard\ Watch\ WidgetExtension-OutputFileMap.json -use-frontend-parseable-output -save-temps -no-color-diagnostics -explicit-module-build -module-cache-path /tmp/voxboard-notelet-verify-derived/Build/Intermediates.noindex/SwiftExplicitPrecompiledModules -clang-scanner-module-cache-path /tmp/voxboard-notelet-verify-derived/ModuleCache.noindex -sdk-module-cache-path /tmp/voxboard-notelet-verify-derived/ModuleCache.noindex -serialize-diagnostics -emit-dependencies -emit-module -emit-module-path /tmp/voxboard-notelet-verify-derived/Build/Intermediates.noindex/Voxboard.build/Debug-watchsimulator/Voxboard\ Watch\ WidgetExtension.build/Objects-normal/arm64/Voxboard_Watch_WidgetExtension.swiftmodule -validate-clang-modules-once -clang-build-session-file /tmp/voxboard-notelet-verify-derived/ModuleCache.noindex/Session.modulevalidation -Xcc -I/tmp/voxboard-notelet-verify-derived/Build/Intermediates.noindex/Voxboard.build/Debug-watchsimulator/Voxboard\ Watch\ WidgetExtension.build/swift-overrides.hmap -emit-const-values -Xfrontend -const-gather-protocols-file -Xfrontend /tmp/voxboard-notelet-verify-derived/Build/Intermediates.noindex/Voxboard.build/Debug-watchsimulator/Voxboard\ Watch\ WidgetExtension.build/Objects-normal/arm64/Voxboard\ Watch\ WidgetExtension_const_extract_protocols.json -Xcc -iquote -Xcc /tmp/voxboard-notelet-verify-derived/Build/Intermediates.noindex/Voxboard.build/Debug-watchsimulator/Voxboard\ Watch\ WidgetExtension.build/Voxboard\ Watch\ WidgetExtension-generated-files.hmap -Xcc -I/tmp/voxboard-notelet-verify-derived/Build/Intermediates.noindex/Voxboard.build/Debug-watchsimulator/Voxboard\ Watch\ WidgetExtension.build/Voxboard\ Watch\ WidgetExtension-own-target-headers.hmap -Xcc -I/tmp/voxboard-notelet-verify-derived/Build/Intermediates.noindex/Voxboard.build/Debug-watchsimulator/Voxboard\ Watch\ WidgetExtension.build/Voxboard\ Watch\ WidgetExtension-all-non-framework-target-headers.hmap -Xcc -ivfsoverlay -Xcc /tmp/voxboard-notelet-verify-derived/Build/Intermediates.noindex/Voxboard.build/Debug-watchsimulator/Voxboard-8d6c3ba71b53f8320d7c577fe4b80237-VFS-watchsimulator/all-product-headers.yaml -Xcc -iquote -Xcc /tmp/voxboard-notelet-verify-derived/Build/Intermediates.noindex/Voxboard.build/Debug-watchsimulator/Voxboard\ Watch\ WidgetExtension.build/Voxboard\ Watch\ WidgetExtension-project-headers.hmap -Xcc -I/tmp/voxboard-notelet-verify-derived/Build/Products/Debug-watchsimulator/include -Xcc -I/tmp/voxboard-notelet-verify-derived/Build/Intermediates.noindex/Voxboard.build/Debug-watchsimulator/Voxboard\ Watch\ WidgetExtension.build/DerivedSources-normal/arm64 -Xcc -I/tmp/voxboard-notelet-verify-derived/Build/Intermediates.noindex/Voxboard.build/Debug-watchsimulator/Voxboard\ Watch\ WidgetExtension.build/DerivedSources/arm64 -Xcc -I/tmp/voxboard-notelet-verify-derived/Build/Intermediates.noindex/Voxboard.build/Debug-watchsimulator/Voxboard\ Watch\ WidgetExtension.build/DerivedSources -Xcc -DDEBUG\=1 -emit-objc-header -emit-objc-header-path /tmp/voxboard-notelet-verify-derived/Build/Intermediates.noindex/Voxboard.build/Debug-watchsimulator/Voxboard\ Watch\ WidgetExtension.build/Objects-normal/arm64/Voxboard_Watch_WidgetExtension-Swift.h -working-directory /Users/codybontecou/projects/Voxboard -experimental-emit-module-separately -disable-cmo

SwiftDriver Voxboard\ Watch\ WidgetExtension normal x86_64 com.apple.xcode.tools.swift.compiler (in target 'Voxboard Watch WidgetExtension' from project 'Voxboard')
    cd /Users/codybontecou/projects/Voxboard
    builtin-SwiftDriver -- /Applications/Xcode.app/Contents/Developer/Toolchains/XcodeDefault.xctoolchain/usr/bin/swiftc -module-name Voxboard_Watch_WidgetExtension -Onone @/tmp/voxboard-notelet-verify-derived/Build/Intermediates.noindex/Voxboard.build/Debug-watchsimulator/Voxboard\ Watch\ WidgetExtension.build/Objects-normal/x86_64/Voxboard\ Watch\ WidgetExtension.SwiftFileList -DDEBUG -enable-bare-slash-regex -enable-experimental-feature DebugDescriptionMacro -sdk /Applications/Xcode.app/Contents/Developer/Platforms/WatchSimulator.platform/Developer/SDKs/WatchSimulator26.5.sdk -target x86_64-apple-watchos10.0-simulator -g -module-cache-path /tmp/voxboard-notelet-verify-derived/ModuleCache.noindex -Xfrontend -serialize-debugging-options -application-extension -enable-testing -index-store-path /tmp/voxboard-notelet-verify-derived/Index.noindex/DataStore -Xcc -D_LIBCPP_HARDENING_MODE\=_LIBCPP_HARDENING_MODE_DEBUG -swift-version 5 -I /tmp/voxboard-notelet-verify-derived/Build/Products/Debug-watchsimulator -F /tmp/voxboard-notelet-verify-derived/Build/Products/Debug-watchsimulator -emit-localized-strings -emit-localized-strings-path /tmp/voxboard-notelet-verify-derived/Build/Intermediates.noindex/Voxboard.build/Debug-watchsimulator/Voxboard\ Watch\ WidgetExtension.build/Objects-normal/x86_64 -c -j10 -enable-batch-mode -incremental -Xcc -ivfsstatcache -Xcc /tmp/voxboard-notelet-verify-derived/SDKStatCaches.noindex/watchsimulator26.5-23T570-1651579a441f1322ae888f0ed545cb80.sdkstatcache -output-file-map /tmp/voxboard-notelet-verify-derived/Build/Intermediates.noindex/Voxboard.build/Debug-watchsimulator/Voxboard\ Watch\ WidgetExtension.build/Objects-normal/x86_64/Voxboard\ Watch\ WidgetExtension-OutputFileMap.json -use-frontend-parseable-output -save-temps -no-color-diagnostics -explicit-module-build -module-cache-path /tmp/voxboard-notelet-verify-derived/Build/Intermediates.noindex/SwiftExplicitPrecompiledModules -clang-scanner-module-cache-path /tmp/voxboard-notelet-verify-derived/ModuleCache.noindex -sdk-module-cache-path /tmp/voxboard-notelet-verify-derived/ModuleCache.noindex -serialize-diagnostics -emit-dependencies -emit-module -emit-module-path /tmp/voxboard-notelet-verify-derived/Build/Intermediates.noindex/Voxboard.build/Debug-watchsimulator/Voxboard\ Watch\ WidgetExtension.build/Objects-normal/x86_64/Voxboard_Watch_WidgetExtension.swiftmodule -validate-clang-modules-once -clang-build-session-file /tmp/voxboard-notelet-verify-derived/ModuleCache.noindex/Session.modulevalidation -Xcc -I/tmp/voxboard-notelet-verify-derived/Build/Intermediates.noindex/Voxboard.build/Debug-watchsimulator/Voxboard\ Watch\ WidgetExtension.build/swift-overrides.hmap -emit-const-values -Xfrontend -const-gather-protocols-file -Xfrontend /tmp/voxboard-notelet-verify-derived/Build/Intermediates.noindex/Voxboard.build/Debug-watchsimulator/Voxboard\ Watch\ WidgetExtension.build/Objects-normal/x86_64/Voxboard\ Watch\ WidgetExtension_const_extract_protocols.json -Xcc -iquote -Xcc /tmp/voxboard-notelet-verify-derived/Build/Intermediates.noindex/Voxboard.build/Debug-watchsimulator/Voxboard\ Watch\ WidgetExtension.build/Voxboard\ Watch\ WidgetExtension-generated-files.hmap -Xcc -I/tmp/voxboard-notelet-verify-derived/Build/Intermediates.noindex/Voxboard.build/Debug-watchsimulator/Voxboard\ Watch\ WidgetExtension.build/Voxboard\ Watch\ WidgetExtension-own-target-headers.hmap -Xcc -I/tmp/voxboard-notelet-verify-derived/Build/Intermediates.noindex/Voxboard.build/Debug-watchsimulator/Voxboard\ Watch\ WidgetExtension.build/Voxboard\ Watch\ WidgetExtension-all-non-framework-target-headers.hmap -Xcc -ivfsoverlay -Xcc /tmp/voxboard-notelet-verify-derived/Build/Intermediates.noindex/Voxboard.build/Debug-watchsimulator/Voxboard-8d6c3ba71b53f8320d7c577fe4b80237-VFS-watchsimulator/all-product-headers.yaml -Xcc -iquote -Xcc /tmp/voxboard-notelet-verify-derived/Build/Intermediates.noindex/Voxboard.build/Debug-watchsimulator/Voxboard\ Watch\ WidgetExtension.build/Voxboard\ Watch\ WidgetExtension-project-headers.hmap -Xcc -I/tmp/voxboard-notelet-verify-derived/Build/Products/Debug-watchsimulator/include -Xcc -I/tmp/voxboard-notelet-verify-derived/Build/Intermediates.noindex/Voxboard.build/Debug-watchsimulator/Voxboard\ Watch\ WidgetExtension.build/DerivedSources-normal/x86_64 -Xcc -I/tmp/voxboard-notelet-verify-derived/Build/Intermediates.noindex/Voxboard.build/Debug-watchsimulator/Voxboard\ Watch\ WidgetExtension.build/DerivedSources/x86_64 -Xcc -I/tmp/voxboard-notelet-verify-derived/Build/Intermediates.noindex/Voxboard.build/Debug-watchsimulator/Voxboard\ Watch\ WidgetExtension.build/DerivedSources -Xcc -DDEBUG\=1 -emit-objc-header -emit-objc-header-path /tmp/voxboard-notelet-verify-derived/Build/Intermediates.noindex/Voxboard.build/Debug-watchsimulator/Voxboard\ Watch\ WidgetExtension.build/Objects-normal/x86_64/Voxboard_Watch_WidgetExtension-Swift.h -working-directory /Users/codybontecou/projects/Voxboard -experimental-emit-module-separately -disable-cmo

ScanDependencies /tmp/voxboard-notelet-verify-derived/Build/Intermediates.noindex/FluidAudio.build/Debug-iphonesimulator/MachTaskSelfWrapper.build/Objects-normal/arm64/MachTaskSelf.o /tmp/voxboard-notelet-verify-derived/SourcePackages/checkouts/FluidAudio/Sources/MachTaskSelfWrapper/MachTaskSelf.c normal arm64 c com.apple.compilers.llvm.clang.1_0.compiler (in target 'MachTaskSelfWrapper' from project 'FluidAudio')
    cd /Users/codybontecou/projects/Voxboard/Voxboard.xcodeproj

    Using response file: /tmp/voxboard-notelet-verify-derived/Build/Intermediates.noindex/FluidAudio.build/Debug-iphonesimulator/MachTaskSelfWrapper.build/Objects-normal/arm64/7187679823f38a2a940e0043cdf9d637-common-args.resp

    builtin-ScanDependencies -o /tmp/voxboard-notelet-verify-derived/Build/Intermediates.noindex/FluidAudio.build/Debug-iphonesimulator/MachTaskSelfWrapper.build/Objects-normal/arm64/MachTaskSelf.o.scan -- /Applications/Xcode.app/Contents/Developer/Toolchains/XcodeDefault.xctoolchain/usr/bin/clang -x c -ivfsstatcache /tmp/voxboard-notelet-verify-derived/SDKStatCaches.noindex/iphonesimulator26.5-23F73-6cfe768891a92b912361537c460fe42b.sdkstatcache -target arm64-apple-ios17.0-simulator -fmessage-length\=0 -fdiagnostics-show-note-include-stack -fmacro-backtrace-limit\=0 -fno-color-diagnostics -fmodules-prune-interval\=86400 -fmodules-prune-after\=345600 -fbuild-session-file\=/tmp/voxboard-notelet-verify-derived/ModuleCache.noindex/Session.modulevalidation -fmodules-validate-once-per-build-session -Wnon-modular-include-in-framework-module -Werror\=non-modular-include-in-framework-module -Wno-trigraphs -Wno-missing-field-initializers -Wno-missing-prototypes -Wno-return-type -Wno-missing-braces -Wparentheses -Wswitch -Wno-unused-function -Wno-unused-label -Wno-unused-parameter -Wno-unused-variable -Wunused-value -Wno-empty-body -Wno-uninitialized -Wno-unknown-pragmas -w -Wno-shadow -Wno-four-char-constants -Wno-conversion -Wno-constant-conversion -Wno-int-conversion -Wno-bool-conversion -Wno-enum-conversion -Wno-float-conversion -Wno-non-literal-null-conversion -Wno-objc-literal-conversion -Wshorten-64-to-32 -Wpointer-sign -Wno-newline-eof -Wno-implicit-fallthrough -isysroot /Applications/Xcode.app/Contents/Developer/Platforms/iPhoneSimulator.platform/Developer/SDKs/iPhoneSimulator26.5.sdk -fstrict-aliasing -Wdeprecated-declarations -Wno-sign-conversion -Wno-infinite-recursion -Wno-comma -Wno-block-capture-autoreleasing -Wno-strict-prototypes -Wno-semicolon-before-method-body -index-store-path /tmp/voxboard-notelet-verify-derived/Index.noindex/DataStore @/tmp/voxboard-notelet-verify-derived/Build/Intermediates.noindex/FluidAudio.build/Debug-iphonesimulator/MachTaskSelfWrapper.build/Objects-normal/arm64/7187679823f38a2a940e0043cdf9d637-common-args.resp -MMD -MT dependencies -MF /tmp/voxboard-notelet-verify-derived/Build/Intermediates.noindex/FluidAudio.build/Debug-iphonesimulator/MachTaskSelfWrapper.build/Objects-normal/arm64/MachTaskSelf.d --serialize-diagnostics /tmp/voxboard-notelet-verify-derived/Build/Intermediates.noindex/FluidAudio.build/Debug-iphonesimulator/MachTaskSelfWrapper.build/Objects-normal/arm64/MachTaskSelf.dia -c /tmp/voxboard-notelet-verify-derived/SourcePackages/checkouts/FluidAudio/Sources/MachTaskSelfWrapper/MachTaskSelf.c -o /tmp/voxboard-notelet-verify-derived/Build/Intermediates.noindex/FluidAudio.build/Debug-iphonesimulator/MachTaskSelfWrapper.build/Objects-normal/arm64/MachTaskSelf.o -index-unit-output-path /FluidAudio.build/Debug-iphonesimulator/MachTaskSelfWrapper.build/Objects-normal/arm64/MachTaskSelf.o

CompileC /tmp/voxboard-notelet-verify-derived/Build/Intermediates.noindex/FluidAudio.build/Debug-iphonesimulator/FastClusterWrapper.build/Objects-normal/arm64/FastClusterWrapper.o /tmp/voxboard-notelet-verify-derived/SourcePackages/checkouts/FluidAudio/Sources/FastClusterWrapper/FastClusterWrapper.cpp normal arm64 c++ com.apple.compilers.llvm.clang.1_0.compiler (in target 'FastClusterWrapper' from project 'FluidAudio')
    cd /Users/codybontecou/projects/Voxboard/Voxboard.xcodeproj

    Using response file: /tmp/voxboard-notelet-verify-derived/Build/Intermediates.noindex/FluidAudio.build/Debug-iphonesimulator/FastClusterWrapper.build/Objects-normal/arm64/82b82416624d2658e5098eb0a28c15c5-common-args.resp

    /Applications/Xcode.app/Contents/Developer/Toolchains/XcodeDefault.xctoolchain/usr/bin/clang -x c++ -ivfsstatcache /tmp/voxboard-notelet-verify-derived/SDKStatCaches.noindex/iphonesimulator26.5-23F73-6cfe768891a92b912361537c460fe42b.sdkstatcache -target arm64-apple-ios17.0-simulator -fmessage-length\=0 -fdiagnostics-show-note-include-stack -fmacro-backtrace-limit\=0 -fno-color-diagnostics -fmodules-prune-interval\=86400 -fmodules-prune-after\=345600 -fbuild-session-file\=/tmp/voxboard-notelet-verify-derived/ModuleCache.noindex/Session.modulevalidation -fmodules-validate-once-per-build-session -Wnon-modular-include-in-framework-module -Werror\=non-modular-include-in-framework-module -Wno-trigraphs -Wno-missing-field-initializers -Wno-missing-prototypes -Wno-return-type -Wno-non-virtual-dtor -Wno-overloaded-virtual -Wno-exit-time-destructors -Wno-missing-braces -Wparentheses -Wswitch -Wno-unused-function -Wno-unused-label -Wno-unused-parameter -Wno-unused-variable -Wunused-value -Wno-empty-body -Wno-uninitialized -Wno-unknown-pragmas -w -Wno-shadow -Wno-four-char-constants -Wno-conversion -Wno-constant-conversion -Wno-int-conversion -Wno-bool-conversion -Wno-enum-conversion -Wno-float-conversion -Wno-non-literal-null-conversion -Wno-objc-literal-conversion -Wshorten-64-to-32 -Wno-newline-eof -Wno-c++11-extensions -Wno-implicit-fallthrough -isysroot /Applications/Xcode.app/Contents/Developer/Platforms/iPhoneSimulator.platform/Developer/SDKs/iPhoneSimulator26.5.sdk -fstrict-aliasing -Wdeprecated-declarations -Winvalid-offsetof -Wno-sign-conversion -Wno-infinite-recursion -Wno-move -Wno-comma -Wno-block-capture-autoreleasing -Wno-strict-prototypes -Wno-range-loop-analysis -Wno-semicolon-before-method-body -index-store-path /tmp/voxboard-notelet-verify-derived/Index.noindex/DataStore @/tmp/voxboard-notelet-verify-derived/Build/Intermediates.noindex/FluidAudio.build/Debug-iphonesimulator/FastClusterWrapper.build/Objects-normal/arm64/82b82416624d2658e5098eb0a28c15c5-common-args.resp -MMD -MT dependencies -MF /tmp/voxboard-notelet-verify-derived/Build/Intermediates.noindex/FluidAudio.build/Debug-iphonesimulator/FastClusterWrapper.build/Objects-normal/arm64/FastClusterWrapper.d --serialize-diagnostics /tmp/voxboard-notelet-verify-derived/Build/Intermediates.noindex/FluidAudio.build/Debug-iphonesimulator/FastClusterWrapper.build/Objects-normal/arm64/FastClusterWrapper.dia -c /tmp/voxboard-notelet-verify-derived/SourcePackages/checkouts/FluidAudio/Sources/FastClusterWrapper/FastClusterWrapper.cpp -o /tmp/voxboard-notelet-verify-derived/Build/Intermediates.noindex/FluidAudio.build/Debug-iphonesimulator/FastClusterWrapper.build/Objects-normal/arm64/FastClusterWrapper.o -index-unit-output-path /FluidAudio.build/Debug-iphonesimulator/FastClusterWrapper.build/Objects-normal/arm64/FastClusterWrapper.o

SwiftDriver KeyboardKitDependencies normal arm64 com.apple.xcode.tools.swift.compiler (in target 'KeyboardKitDependencies' from project 'KeyboardKit')
    cd /Users/codybontecou/projects/Voxboard/Voxboard.xcodeproj
    builtin-SwiftDriver -- /Applications/Xcode.app/Contents/Developer/Toolchains/XcodeDefault.xctoolchain/usr/bin/swiftc -module-name KeyboardKitDependencies -Onone @/tmp/voxboard-notelet-verify-derived/Build/Intermediates.noindex/KeyboardKit.build/Debug-iphonesimulator/KeyboardKitDependencies.build/Objects-normal/arm64/KeyboardKitDependencies.SwiftFileList -DSWIFT_PACKAGE -DDEBUG -DSWIFT_MODULE_RESOURCE_BUNDLE_UNAVAILABLE -DXcode -plugin-path /Applications/Xcode.app/Contents/Developer/Toolchains/XcodeDefault.xctoolchain/usr/lib/swift/host/plugins/testing -enable-experimental-feature DebugDescriptionMacro -sdk /Applications/Xcode.app/Contents/Developer/Platforms/iPhoneSimulator.platform/Developer/SDKs/iPhoneSimulator26.5.sdk -target arm64-apple-ios16.0-simulator -g -module-cache-path /tmp/voxboard-notelet-verify-derived/ModuleCache.noindex -Xfrontend -serialize-debugging-options -enable-testing -suppress-warnings -index-store-path /tmp/voxboard-notelet-verify-derived/Index.noindex/DataStore -Xcc -D_LIBCPP_HARDENING_MODE\=_LIBCPP_HARDENING_MODE_DEBUG -swift-version 5 -I /tmp/voxboard-notelet-verify-derived/Build/Products/Debug-iphonesimulator -Isystem /Applications/Xcode.app/Contents/Developer/Platforms/iPhoneSimulator.platform/Developer/usr/lib -F /tmp/voxboard-notelet-verify-derived/Build/Products/Debug-iphonesimulator -F /Applications/Xcode.app/Contents/Developer/Platforms/iPhoneSimulator.platform/Developer/Library/Frameworks -F /Applications/Xcode.app/Contents/Developer/Platforms/iPhoneSimulator.platform/Developer/SDKs/iPhoneSimulator26.5.sdk/Developer/Library/Frameworks -parse-as-library -emit-localized-strings -emit-localized-strings-path /tmp/voxboard-notelet-verify-derived/Build/Intermediates.noindex/KeyboardKit.build/Debug-iphonesimulator/KeyboardKitDependencies.build/Objects-normal/arm64 -c -j10 -enable-batch-mode -incremental -Xcc -ivfsstatcache -Xcc /tmp/voxboard-notelet-verify-derived/SDKStatCaches.noindex/iphonesimulator26.5-23F73-6cfe768891a92b912361537c460fe42b.sdkstatcache -output-file-map /tmp/voxboard-notelet-verify-derived/Build/Intermediates.noindex/KeyboardKit.build/Debug-iphonesimulator/KeyboardKitDependencies.build/Objects-normal/arm64/KeyboardKitDependencies-OutputFileMap.json -use-frontend-parseable-output -save-temps -no-color-diagnostics -explicit-module-build -module-cache-path /tmp/voxboard-notelet-verify-derived/Build/Intermediates.noindex/SwiftExplicitPrecompiledModules -clang-scanner-module-cache-path /tmp/voxboard-notelet-verify-derived/ModuleCache.noindex -sdk-module-cache-path /tmp/voxboard-notelet-verify-derived/ModuleCache.noindex -serialize-diagnostics -emit-dependencies -emit-module -emit-module-path /tmp/voxboard-notelet-verify-derived/Build/Intermediates.noindex/KeyboardKit.build/Debug-iphonesimulator/KeyboardKitDependencies.build/Objects-normal/arm64/KeyboardKitDependencies.swiftmodule -validate-clang-modules-once -clang-build-session-file /tmp/voxboard-notelet-verify-derived/ModuleCache.noindex/Session.modulevalidation -package-name keyboardkit -Xcc -I/tmp/voxboard-notelet-verify-derived/Build/Intermediates.noindex/KeyboardKit.build/Debug-iphonesimulator/KeyboardKitDependencies.build/swift-overrides.hmap -emit-const-values -Xfrontend -const-gather-protocols-file -Xfrontend /tmp/voxboard-notelet-verify-derived/Build/Intermediates.noindex/KeyboardKit.build/Debug-iphonesimulator/KeyboardKitDependencies.build/Objects-normal/arm64/KeyboardKitDependencies_const_extract_protocols.json -Xcc -I/tmp/voxboard-notelet-verify-derived/Build/Products/Debug-iphonesimulator/include -Xcc -I/tmp/voxboard-notelet-verify-derived/Build/Intermediates.noindex/KeyboardKit.build/Debug-iphonesimulator/KeyboardKitDependencies.build/DerivedSources-normal/arm64 -Xcc -I/tmp/voxboard-notelet-verify-derived/Build/Intermediates.noindex/KeyboardKit.build/Debug-iphonesimulator/KeyboardKitDependencies.build/DerivedSources/arm64 -Xcc -I/tmp/voxboard-notelet-verify-derived/Build/Intermediates.noindex/KeyboardKit.build/Debug-iphonesimulator/KeyboardKitDependencies.build/DerivedSources -Xcc -DSWIFT_PACKAGE -Xcc -DDEBUG\=1 -emit-objc-header -emit-objc-header-path /tmp/voxboard-notelet-verify-derived/Build/Intermediates.noindex/KeyboardKit.build/Debug-iphonesimulator/KeyboardKitDependencies.build/Objects-normal/arm64/KeyboardKitDependencies-Swift.h -working-directory /Users/codybontecou/projects/Voxboard/Voxboard.xcodeproj -experimental-emit-module-separately -disable-cmo

SwiftDriver Notelet normal arm64 com.apple.xcode.tools.swift.compiler (in target 'Notelet' from project 'Notelet')
    cd /Users/codybontecou/projects/Voxboard/Voxboard.xcodeproj
    builtin-SwiftDriver -- /Applications/Xcode.app/Contents/Developer/Toolchains/XcodeDefault.xctoolchain/usr/bin/swiftc -module-name Notelet -Onone @/tmp/voxboard-notelet-verify-derived/Build/Intermediates.noindex/Notelet.build/Debug-iphonesimulator/Notelet.build/Objects-normal/arm64/Notelet.SwiftFileList -DSWIFT_PACKAGE -DDEBUG -DSWIFT_MODULE_RESOURCE_BUNDLE_UNAVAILABLE -DXcode -plugin-path /Applications/Xcode.app/Contents/Developer/Toolchains/XcodeDefault.xctoolchain/usr/lib/swift/host/plugins/testing -enable-experimental-feature DebugDescriptionMacro -sdk /Applications/Xcode.app/Contents/Developer/Platforms/iPhoneSimulator.platform/Developer/SDKs/iPhoneSimulator26.5.sdk -target arm64-apple-ios17.0-simulator -g -module-cache-path /tmp/voxboard-notelet-verify-derived/ModuleCache.noindex -Xfrontend -serialize-debugging-options -enable-testing -suppress-warnings -index-store-path /tmp/voxboard-notelet-verify-derived/Index.noindex/DataStore -Xcc -D_LIBCPP_HARDENING_MODE\=_LIBCPP_HARDENING_MODE_DEBUG -swift-version 6 -I /tmp/voxboard-notelet-verify-derived/Build/Products/Debug-iphonesimulator -Isystem /Applications/Xcode.app/Contents/Developer/Platforms/iPhoneSimulator.platform/Developer/usr/lib -F /tmp/voxboard-notelet-verify-derived/Build/Products/Debug-iphonesimulator -F /Applications/Xcode.app/Contents/Developer/Platforms/iPhoneSimulator.platform/Developer/Library/Frameworks -F /Applications/Xcode.app/Contents/Developer/Platforms/iPhoneSimulator.platform/Developer/SDKs/iPhoneSimulator26.5.sdk/Developer/Library/Frameworks -c -j10 -enable-batch-mode -incremental -Xcc -ivfsstatcache -Xcc /tmp/voxboard-notelet-verify-derived/SDKStatCaches.noindex/iphonesimulator26.5-23F73-6cfe768891a92b912361537c460fe42b.sdkstatcache -output-file-map /tmp/voxboard-notelet-verify-derived/Build/Intermediates.noindex/Notelet.build/Debug-iphonesimulator/Notelet.build/Objects-normal/arm64/Notelet-OutputFileMap.json -use-frontend-parseable-output -save-temps -no-color-diagnostics -explicit-module-build -module-cache-path /tmp/voxboard-notelet-verify-derived/Build/Intermediates.noindex/SwiftExplicitPrecompiledModules -clang-scanner-module-cache-path /tmp/voxboard-notelet-verify-derived/ModuleCache.noindex -sdk-module-cache-path /tmp/voxboard-notelet-verify-derived/ModuleCache.noindex -serialize-diagnostics -emit-dependencies -emit-module -emit-module-path /tmp/voxboard-notelet-verify-derived/Build/Intermediates.noindex/Notelet.build/Debug-iphonesimulator/Notelet.build/Objects-normal/arm64/Notelet.swiftmodule -user-module-version 1.1.0 -validate-clang-modules-once -clang-build-session-file /tmp/voxboard-notelet-verify-derived/ModuleCache.noindex/Session.modulevalidation -package-name notelet -Xcc -I/tmp/voxboard-notelet-verify-derived/Build/Intermediates.noindex/Notelet.build/Debug-iphonesimulator/Notelet.build/swift-overrides.hmap -emit-const-values -Xfrontend -const-gather-protocols-file -Xfrontend /tmp/voxboard-notelet-verify-derived/Build/Intermediates.noindex/Notelet.build/Debug-iphonesimulator/Notelet.build/Objects-normal/arm64/Notelet_const_extract_protocols.json -Xcc -I/tmp/voxboard-notelet-verify-derived/Build/Products/Debug-iphonesimulator/include -Xcc -I/tmp/voxboard-notelet-verify-derived/Build/Intermediates.noindex/Notelet.build/Debug-iphonesimulator/Notelet.build/DerivedSources-normal/arm64 -Xcc -I/tmp/voxboard-notelet-verify-derived/Build/Intermediates.noindex/Notelet.build/Debug-iphonesimulator/Notelet.build/DerivedSources/arm64 -Xcc -I/tmp/voxboard-notelet-verify-derived/Build/Intermediates.noindex/Notelet.build/Debug-iphonesimulator/Notelet.build/DerivedSources -Xcc -DSWIFT_PACKAGE -Xcc -DDEBUG\=1 -emit-objc-header -emit-objc-header-path /tmp/voxboard-notelet-verify-derived/Build/Intermediates.noindex/Notelet.build/Debug-iphonesimulator/Notelet.build/Objects-normal/arm64/Notelet-Swift.h -working-directory /Users/codybontecou/projects/Voxboard/Voxboard.xcodeproj -experimental-emit-module-separately -disable-cmo

SwiftDriver FluidAudio normal arm64 com.apple.xcode.tools.swift.compiler (in target 'FluidAudio' from project 'FluidAudio')
    cd /Users/codybontecou/projects/Voxboard/Voxboard.xcodeproj
    builtin-SwiftDriver -- /Applications/Xcode.app/Contents/Developer/Toolchains/XcodeDefault.xctoolchain/usr/bin/swiftc -module-name FluidAudio -Onone @/tmp/voxboard-notelet-verify-derived/Build/Intermediates.noindex/FluidAudio.build/Debug-iphonesimulator/FluidAudio.build/Objects-normal/arm64/FluidAudio.SwiftFileList -DSWIFT_PACKAGE -DDEBUG -DSWIFT_MODULE_RESOURCE_BUNDLE_UNAVAILABLE -DXcode -plugin-path /Applications/Xcode.app/Contents/Developer/Toolchains/XcodeDefault.xctoolchain/usr/lib/swift/host/plugins/testing -enable-experimental-feature DebugDescriptionMacro -sdk /Applications/Xcode.app/Contents/Developer/Platforms/iPhoneSimulator.platform/Developer/SDKs/iPhoneSimulator26.5.sdk -target arm64-apple-ios17.0-simulator -g -module-cache-path /tmp/voxboard-notelet-verify-derived/ModuleCache.noindex -Xfrontend -serialize-debugging-options -enable-testing -suppress-warnings -index-store-path /tmp/voxboard-notelet-verify-derived/Index.noindex/DataStore -Xcc -D_LIBCPP_HARDENING_MODE\=_LIBCPP_HARDENING_MODE_DEBUG -swift-version 6 -I /tmp/voxboard-notelet-verify-derived/Build/Products/Debug-iphonesimulator -Isystem /Applications/Xcode.app/Contents/Developer/Platforms/iPhoneSimulator.platform/Developer/usr/lib -F /tmp/voxboard-notelet-verify-derived/Build/Products/Debug-iphonesimulator/PackageFrameworks -F /tmp/voxboard-notelet-verify-derived/Build/Products/Debug-iphonesimulator/PackageFrameworks -F /tmp/voxboard-notelet-verify-derived/Build/Products/Debug-iphonesimulator -F /Applications/Xcode.app/Contents/Developer/Platforms/iPhoneSimulator.platform/Developer/Library/Frameworks -F /Applications/Xcode.app/Contents/Developer/Platforms/iPhoneSimulator.platform/Developer/SDKs/iPhoneSimulator26.5.sdk/Developer/Library/Frameworks -c -j10 -enable-batch-mode -incremental -Xcc -ivfsstatcache -Xcc /tmp/voxboard-notelet-verify-derived/SDKStatCaches.noindex/iphonesimulator26.5-23F73-6cfe768891a92b912361537c460fe42b.sdkstatcache -output-file-map /tmp/voxboard-notelet-verify-derived/Build/Intermediates.noindex/FluidAudio.build/Debug-iphonesimulator/FluidAudio.build/Objects-normal/arm64/FluidAudio-OutputFileMap.json -use-frontend-parseable-output -save-temps -no-color-diagnostics -explicit-module-build -module-cache-path /tmp/voxboard-notelet-verify-derived/Build/Intermediates.noindex/SwiftExplicitPrecompiledModules -clang-scanner-module-cache-path /tmp/voxboard-notelet-verify-derived/ModuleCache.noindex -sdk-module-cache-path /tmp/voxboard-notelet-verify-derived/ModuleCache.noindex -serialize-diagnostics -emit-dependencies -emit-module -emit-module-path /tmp/voxboard-notelet-verify-derived/Build/Intermediates.noindex/FluidAudio.build/Debug-iphonesimulator/FluidAudio.build/Objects-normal/arm64/FluidAudio.swiftmodule -user-module-version 0.13.4 -validate-clang-modules-once -clang-build-session-file /tmp/voxboard-notelet-verify-derived/ModuleCache.noindex/Session.modulevalidation -package-name fluidaudio -Xcc -I/tmp/voxboard-notelet-verify-derived/Build/Intermediates.noindex/FluidAudio.build/Debug-iphonesimulator/FluidAudio.build/swift-overrides.hmap -emit-const-values -Xfrontend -const-gather-protocols-file -Xfrontend /tmp/voxboard-notelet-verify-derived/Build/Intermediates.noindex/FluidAudio.build/Debug-iphonesimulator/FluidAudio.build/Objects-normal/arm64/FluidAudio_const_extract_protocols.json -Xcc -I/tmp/voxboard-notelet-verify-derived/SourcePackages/checkouts/FluidAudio/Sources/MachTaskSelfWrapper/include -Xcc -I/tmp/voxboard-notelet-verify-derived/SourcePackages/checkouts/FluidAudio/Sources/FastClusterWrapper/include -Xcc -I/tmp/voxboard-notelet-verify-derived/Build/Products/Debug-iphonesimulator/include -Xcc -I/tmp/voxboard-notelet-verify-derived/Build/Intermediates.noindex/FluidAudio.build/Debug-iphonesimulator/FluidAudio.build/DerivedSources-normal/arm64 -Xcc -I/tmp/voxboard-notelet-verify-derived/Build/Intermediates.noindex/FluidAudio.build/Debug-iphonesimulator/FluidAudio.build/DerivedSources/arm64 -Xcc -I/tmp/voxboard-notelet-verify-derived/Build/Intermediates.noindex/FluidAudio.build/Debug-iphonesimulator/FluidAudio.build/DerivedSources -Xcc -DSWIFT_PACKAGE -Xcc -DDEBUG\=1 -emit-objc-header -emit-objc-header-path /tmp/voxboard-notelet-verify-derived/Build/Intermediates.noindex/FluidAudio.build/Debug-iphonesimulator/FluidAudio.build/Objects-normal/arm64/FluidAudio-Swift.h -working-directory /Users/codybontecou/projects/Voxboard/Voxboard.xcodeproj -experimental-emit-module-separately -disable-cmo

SwiftDriver ExportKit normal arm64 com.apple.xcode.tools.swift.compiler (in target 'ExportKit' from project 'ExportKit')
    cd /Users/codybontecou/projects/Voxboard/Voxboard.xcodeproj
    builtin-SwiftDriver -- /Applications/Xcode.app/Contents/Developer/Toolchains/XcodeDefault.xctoolchain/usr/bin/swiftc -module-name ExportKit -Onone @/tmp/voxboard-notelet-verify-derived/Build/Intermediates.noindex/ExportKit.build/Debug-iphonesimulator/ExportKit.build/Objects-normal/arm64/ExportKit.SwiftFileList -DSWIFT_PACKAGE -DDEBUG -DSWIFT_MODULE_RESOURCE_BUNDLE_UNAVAILABLE -DXcode -plugin-path /Applications/Xcode.app/Contents/Developer/Toolchains/XcodeDefault.xctoolchain/usr/lib/swift/host/plugins/testing -enable-experimental-feature DebugDescriptionMacro -sdk /Applications/Xcode.app/Contents/Developer/Platforms/iPhoneSimulator.platform/Developer/SDKs/iPhoneSimulator26.5.sdk -target arm64-apple-ios17.0-simulator -g -module-cache-path /tmp/voxboard-notelet-verify-derived/ModuleCache.noindex -Xfrontend -serialize-debugging-options -enable-testing -suppress-warnings -index-store-path /tmp/voxboard-notelet-verify-derived/Index.noindex/DataStore -Xcc -D_LIBCPP_HARDENING_MODE\=_LIBCPP_HARDENING_MODE_DEBUG -swift-version 5 -I /tmp/voxboard-notelet-verify-derived/Build/Products/Debug-iphonesimulator -Isystem /Applications/Xcode.app/Contents/Developer/Platforms/iPhoneSimulator.platform/Developer/usr/lib -F /tmp/voxboard-notelet-verify-derived/Build/Products/Debug-iphonesimulator -F /Applications/Xcode.app/Contents/Developer/Platforms/iPhoneSimulator.platform/Developer/Library/Frameworks -F /Applications/Xcode.app/Contents/Developer/Platforms/iPhoneSimulator.platform/Developer/SDKs/iPhoneSimulator26.5.sdk/Developer/Library/Frameworks -c -j10 -enable-batch-mode -incremental -Xcc -ivfsstatcache -Xcc /tmp/voxboard-notelet-verify-derived/SDKStatCaches.noindex/iphonesimulator26.5-23F73-6cfe768891a92b912361537c460fe42b.sdkstatcache -output-file-map /tmp/voxboard-notelet-verify-derived/Build/Intermediates.noindex/ExportKit.build/Debug-iphonesimulator/ExportKit.build/Objects-normal/arm64/ExportKit-OutputFileMap.json -use-frontend-parseable-output -save-temps -no-color-diagnostics -explicit-module-build -module-cache-path /tmp/voxboard-notelet-verify-derived/Build/Intermediates.noindex/SwiftExplicitPrecompiledModules -clang-scanner-module-cache-path /tmp/voxboard-notelet-verify-derived/ModuleCache.noindex -sdk-module-cache-path /tmp/voxboard-notelet-verify-derived/ModuleCache.noindex -serialize-diagnostics -emit-dependencies -emit-module -emit-module-path /tmp/voxboard-notelet-verify-derived/Build/Intermediates.noindex/ExportKit.build/Debug-iphonesimulator/ExportKit.build/Objects-normal/arm64/ExportKit.swiftmodule -validate-clang-modules-once -clang-build-session-file /tmp/voxboard-notelet-verify-derived/ModuleCache.noindex/Session.modulevalidation -package-name exportkit -Xcc -I/tmp/voxboard-notelet-verify-derived/Build/Intermediates.noindex/ExportKit.build/Debug-iphonesimulator/ExportKit.build/swift-overrides.hmap -emit-const-values -Xfrontend -const-gather-protocols-file -Xfrontend /tmp/voxboard-notelet-verify-derived/Build/Intermediates.noindex/ExportKit.build/Debug-iphonesimulator/ExportKit.build/Objects-normal/arm64/ExportKit_const_extract_protocols.json -Xcc -I/tmp/voxboard-notelet-verify-derived/Build/Products/Debug-iphonesimulator/include -Xcc -I/tmp/voxboard-notelet-verify-derived/Build/Intermediates.noindex/ExportKit.build/Debug-iphonesimulator/ExportKit.build/DerivedSources-normal/arm64 -Xcc -I/tmp/voxboard-notelet-verify-derived/Build/Intermediates.noindex/ExportKit.build/Debug-iphonesimulator/ExportKit.build/DerivedSources/arm64 -Xcc -I/tmp/voxboard-notelet-verify-derived/Build/Intermediates.noindex/ExportKit.build/Debug-iphonesimulator/ExportKit.build/DerivedSources -Xcc -DSWIFT_PACKAGE -Xcc -DDEBUG\=1 -emit-objc-header -emit-objc-header-path /tmp/voxboard-notelet-verify-derived/Build/Intermediates.noindex/ExportKit.build/Debug-iphonesimulator/ExportKit.build/Objects-normal/arm64/ExportKit-Swift.h -working-directory /Users/codybontecou/projects/Voxboard/Voxboard.xcodeproj -experimental-emit-module-separately -disable-cmo

PrecompileModule /tmp/voxboard-notelet-verify-derived/Build/Intermediates.noindex/ExplicitPrecompiledModules/ptrcheck-29S4NWLCQISCSTWMLP5JYYMSY.scan
    cd /
    builtin-precompileModule /tmp/voxboard-notelet-verify-derived/Build/Intermediates.noindex/ExplicitPrecompiledModules/ptrcheck-29S4NWLCQISCSTWMLP5JYYMSY.scan

PrecompileModule /tmp/voxboard-notelet-verify-derived/Build/Intermediates.noindex/ExplicitPrecompiledModules/_Builtin_stdbool-26G3M139LL1QPADU9WYPG11Q.scan
    cd /
    builtin-precompileModule /tmp/voxboard-notelet-verify-derived/Build/Intermediates.noindex/ExplicitPrecompiledModules/_Builtin_stdbool-26G3M139LL1QPADU9WYPG11Q.scan

PrecompileModule /tmp/voxboard-notelet-verify-derived/Build/Intermediates.noindex/ExplicitPrecompiledModules/_Builtin_stddef-6LJZYT8YN9TUPB6041ZLGAH7E.scan
    cd /
    builtin-precompileModule /tmp/voxboard-notelet-verify-derived/Build/Intermediates.noindex/ExplicitPrecompiledModules/_Builtin_stddef-6LJZYT8YN9TUPB6041ZLGAH7E.scan

PrecompileModule /tmp/voxboard-notelet-verify-derived/Build/Intermediates.noindex/ExplicitPrecompiledModules/_AvailabilityInternal-EF4PAEXC4KFJXXGMHB5HF7AAE.scan
    cd /
    builtin-precompileModule /tmp/voxboard-notelet-verify-derived/Build/Intermediates.noindex/ExplicitPrecompiledModules/_AvailabilityInternal-EF4PAEXC4KFJXXGMHB5HF7AAE.scan

PrecompileModule /tmp/voxboard-notelet-verify-derived/Build/Intermediates.noindex/ExplicitPrecompiledModules/_Builtin_stdarg-352YVLDZ404JGYTFUT0KY67ZH.scan
    cd /
    builtin-precompileModule /tmp/voxboard-notelet-verify-derived/Build/Intermediates.noindex/ExplicitPrecompiledModules/_Builtin_stdarg-352YVLDZ404JGYTFUT0KY67ZH.scan

PrecompileModule /tmp/voxboard-notelet-verify-derived/Build/Intermediates.noindex/ExplicitPrecompiledModules/_DarwinFoundation1-9R2F0MQ2MRG2R6ROLJMYZLO3P.scan
    cd /
    builtin-precompileModule /tmp/voxboard-notelet-verify-derived/Build/Intermediates.noindex/ExplicitPrecompiledModules/_DarwinFoundation1-9R2F0MQ2MRG2R6ROLJMYZLO3P.scan

PrecompileModule /tmp/voxboard-notelet-verify-derived/Build/Intermediates.noindex/ExplicitPrecompiledModules/_Builtin_limits-A954PVX89HEZYB7592FPJMS7S.scan
    cd /
    builtin-precompileModule /tmp/voxboard-notelet-verify-derived/Build/Intermediates.noindex/ExplicitPrecompiledModules/_Builtin_limits-A954PVX89HEZYB7592FPJMS7S.scan

PrecompileModule /tmp/voxboard-notelet-verify-derived/Build/Intermediates.noindex/ExplicitPrecompiledModules/_DarwinFoundation2-ADAUETP3CLBINLE3HZJAIUVO9.scan
    cd /
    builtin-precompileModule /tmp/voxboard-notelet-verify-derived/Build/Intermediates.noindex/ExplicitPrecompiledModules/_DarwinFoundation2-ADAUETP3CLBINLE3HZJAIUVO9.scan

SwiftExplicitDependencyGeneratePcm arm64 /tmp/voxboard-notelet-verify-derived/ModuleCache.noindex/_Builtin_stddef-7ROJIVR8WH2JO2FA79YR8MA5Z.pcm

SwiftExplicitDependencyGeneratePcm arm64 /tmp/voxboard-notelet-verify-derived/ModuleCache.noindex/_Builtin_stdarg-2S80M0EQA6M0FL78VAE8ZJRES.pcm

SwiftExplicitDependencyGeneratePcm arm64 /tmp/voxboard-notelet-verify-derived/ModuleCache.noindex/ptrauth-EY04RV30PSGXOG70E0YSOGYIS.pcm

SwiftExplicitDependencyGeneratePcm arm64 /tmp/voxboard-notelet-verify-derived/ModuleCache.noindex/_Builtin_float-ABSSVG7XODUZQ1VRWEHFGVB8.pcm

SwiftExplicitDependencyGeneratePcm arm64 /tmp/voxboard-notelet-verify-derived/ModuleCache.noindex/SwiftShims-C9ZGVRJRTAZHDIM1GJMHYPD07.pcm

SwiftExplicitDependencyGeneratePcm arm64 /tmp/voxboard-notelet-verify-derived/ModuleCache.noindex/_Builtin_stdbool-8K10XQ74B6882JYNKLDLNSN8C.pcm

SwiftExplicitDependencyGeneratePcm arm64 /tmp/voxboard-notelet-verify-derived/ModuleCache.noindex/_SwiftConcurrencyShims-BANWOSI6GDVRG0KIETBF4L2J9.pcm

SwiftExplicitDependencyGeneratePcm arm64 /tmp/voxboard-notelet-verify-derived/ModuleCache.noindex/_AvailabilityInternal-AHV7KISO4MOOOLQ03LJWC8PJ3.pcm

SwiftExplicitDependencyGeneratePcm arm64 /tmp/voxboard-notelet-verify-derived/ModuleCache.noindex/ptrcheck-E68MF7YZ1A9BKULR1WHHU4SV6.pcm

PrecompileModule /tmp/voxboard-notelet-verify-derived/Build/Intermediates.noindex/ExplicitPrecompiledModules/_Builtin_stdint-1ORNQR5T6G9FZFNS7KTRYS7D9.scan
    cd /
    builtin-precompileModule /tmp/voxboard-notelet-verify-derived/Build/Intermediates.noindex/ExplicitPrecompiledModules/_Builtin_stdint-1ORNQR5T6G9FZFNS7KTRYS7D9.scan

PrecompileModule /tmp/voxboard-notelet-verify-derived/Build/Intermediates.noindex/ExplicitPrecompiledModules/_DarwinFoundation3-D3MYSELOCNK4IMAYZIEGFIQ0T.scan
    cd /
    builtin-precompileModule /tmp/voxboard-notelet-verify-derived/Build/Intermediates.noindex/ExplicitPrecompiledModules/_DarwinFoundation3-D3MYSELOCNK4IMAYZIEGFIQ0T.scan

SwiftExplicitDependencyGeneratePcm arm64 /tmp/voxboard-notelet-verify-derived/ModuleCache.noindex/_DarwinFoundation1-DJHMLQE9J5QMDU00NP294HYLY.pcm

PrecompileModule /tmp/voxboard-notelet-verify-derived/Build/Intermediates.noindex/ExplicitPrecompiledModules/_Builtin_inttypes-CN114I8XCAYPNDMOX1PBW0UI8.scan
    cd /
    builtin-precompileModule /tmp/voxboard-notelet-verify-derived/Build/Intermediates.noindex/ExplicitPrecompiledModules/_Builtin_inttypes-CN114I8XCAYPNDMOX1PBW0UI8.scan

PrecompileModule /tmp/voxboard-notelet-verify-derived/Build/Intermediates.noindex/ExplicitPrecompiledModules/Darwin-CUPGCHI2ZS3BGUZDFJSSRVCS5.scan
    cd /
    builtin-precompileModule /tmp/voxboard-notelet-verify-derived/Build/Intermediates.noindex/ExplicitPrecompiledModules/Darwin-CUPGCHI2ZS3BGUZDFJSSRVCS5.scan

SwiftExplicitDependencyGeneratePcm x86_64 /tmp/voxboard-notelet-verify-derived/ModuleCache.noindex/_Builtin_stdarg-343DVIDYHUOKU16XPNH3XAA8R.pcm

SwiftExplicitDependencyGeneratePcm x86_64 /tmp/voxboard-notelet-verify-derived/ModuleCache.noindex/ptrauth-5Z6XO9TFFI0QPED32F1M30MLP.pcm

SwiftExplicitDependencyGeneratePcm x86_64 /tmp/voxboard-notelet-verify-derived/ModuleCache.noindex/_Builtin_float-1FSW4QZPYU1DN6TXY9O3QBABH.pcm

SwiftExplicitDependencyGeneratePcm x86_64 /tmp/voxboard-notelet-verify-derived/ModuleCache.noindex/_SwiftConcurrencyShims-EDWV0F5RQ6LXGCFVMVV00RKKP.pcm

SwiftExplicitDependencyGeneratePcm x86_64 /tmp/voxboard-notelet-verify-derived/ModuleCache.noindex/_Builtin_stdbool-2ZY96JFEOW00VQYTJGMSQW785.pcm

SwiftExplicitDependencyGeneratePcm arm64 /tmp/voxboard-notelet-verify-derived/ModuleCache.noindex/_Builtin_stddef-9K4YKT0QCM7PARFYPMD5MXJJQ.pcm

SwiftExplicitDependencyGeneratePcm arm64 /tmp/voxboard-notelet-verify-derived/ModuleCache.noindex/ptrauth-CSUIGUZ37PHWWY8ZJZQ5VLKZV.pcm

SwiftExplicitDependencyGeneratePcm arm64 /tmp/voxboard-notelet-verify-derived/ModuleCache.noindex/SwiftShims-85AUU7MG6FBLZC4N88NLTCUKO.pcm

SwiftExplicitDependencyGeneratePcm arm64 /tmp/voxboard-notelet-verify-derived/ModuleCache.noindex/_DarwinFoundation2-8M5NIDCV6PI584SE7BA4G4022.pcm

SwiftExplicitDependencyGeneratePcm x86_64 /tmp/voxboard-notelet-verify-derived/ModuleCache.noindex/ptrcheck-E1DLTNJ0QA2L5923R6PO9158Q.pcm

SwiftExplicitDependencyGeneratePcm arm64 /tmp/voxboard-notelet-verify-derived/ModuleCache.noindex/DeveloperToolsSupport-3RLGFFW8F007GR7AUYI5HWCXI.pcm

SwiftExplicitDependencyGeneratePcm arm64 /tmp/voxboard-notelet-verify-derived/ModuleCache.noindex/ptrauth-8MF49LXBLYT1INCVEWOAG4D1R.pcm

SwiftExplicitDependencyGeneratePcm arm64 /tmp/voxboard-notelet-verify-derived/ModuleCache.noindex/_Builtin_float-902YFU28POW1JDFNZEPTHI898.pcm

SwiftExplicitDependencyGeneratePcm arm64 /tmp/voxboard-notelet-verify-derived/ModuleCache.noindex/_Builtin_stddef-84Y044P8FOT23ZIBUZX076TFL.pcm

SwiftExplicitDependencyGeneratePcm arm64 /tmp/voxboard-notelet-verify-derived/ModuleCache.noindex/DeveloperToolsSupport-E4LSALQPTYS2027PAO2DM4NOV.pcm

SwiftExplicitDependencyGeneratePcm arm64 /tmp/voxboard-notelet-verify-derived/ModuleCache.noindex/SwiftShims-9OAC0XF123CDIIWUS2VWM2FEW.pcm

SwiftExplicitDependencyGeneratePcm arm64 /tmp/voxboard-notelet-verify-derived/ModuleCache.noindex/_Builtin_stdarg-DTKAW5PEIGWKSDYE7DH3AZ03X.pcm

SwiftExplicitDependencyGeneratePcm arm64 /tmp/voxboard-notelet-verify-derived/ModuleCache.noindex/_Builtin_limits-5CHWGTL7DEP16S9U8L9AT55WV.pcm

SwiftExplicitDependencyGeneratePcm x86_64 /tmp/voxboard-notelet-verify-derived/ModuleCache.noindex/_AvailabilityInternal-BEWMR5Z8X8VBL61FVDJOZ9SOM.pcm

SwiftExplicitDependencyGeneratePcm arm64 /tmp/voxboard-notelet-verify-derived/ModuleCache.noindex/_SwiftConcurrencyShims-6RJVUUAT1YGZQNGRIVDC46PX3.pcm

SwiftExplicitDependencyGeneratePcm arm64 /tmp/voxboard-notelet-verify-derived/ModuleCache.noindex/_Builtin_stdarg-6MYJ11TLR46DBID5UQIHHX25X.pcm

SwiftExplicitDependencyGeneratePcm arm64 /tmp/voxboard-notelet-verify-derived/Build/Intermediates.noindex/SwiftExplicitPrecompiledModules/FastClusterWrapper-8ZFHDPE7995649FO7MJGGYOX0.pcm

SwiftExplicitDependencyGeneratePcm arm64 /tmp/voxboard-notelet-verify-derived/ModuleCache.noindex/_Builtin_stdbool-DP8MNBBU7KFZITDP4ZFXRJO3W.pcm

SwiftExplicitDependencyGeneratePcm arm64 /tmp/voxboard-notelet-verify-derived/ModuleCache.noindex/ptrcheck-CSPZR7H8EMEI7MMPP5NG12RYF.pcm

SwiftExplicitDependencyGeneratePcm arm64 /tmp/voxboard-notelet-verify-derived/ModuleCache.noindex/ptrcheck-65YISSBKKOP24MGOOGFSU8CJE.pcm

SwiftExplicitDependencyGeneratePcm arm64 /tmp/voxboard-notelet-verify-derived/ModuleCache.noindex/_AvailabilityInternal-73R2LZ10KK4B5GCQ2HAUGUEBX.pcm

SwiftExplicitDependencyGeneratePcm x86_64 /tmp/voxboard-notelet-verify-derived/ModuleCache.noindex/_Builtin_stddef-3TAF3YGE4UML1Y11TUGOHNW55.pcm

SwiftExplicitDependencyGeneratePcm arm64 /tmp/voxboard-notelet-verify-derived/ModuleCache.noindex/_Builtin_float-53ENSIZFV1V94ID30Y9EHBCS0.pcm

SwiftExplicitDependencyGeneratePcm x86_64 /tmp/voxboard-notelet-verify-derived/ModuleCache.noindex/_DarwinFoundation1-4CM51ZRDF3HBIJ39LXBOS6AK2.pcm

SwiftExplicitDependencyGeneratePcm x86_64 /tmp/voxboard-notelet-verify-derived/ModuleCache.noindex/SwiftShims-4H6JQ0NJDCBKLURKWJMDA6GKV.pcm

SwiftExplicitDependencyGeneratePcm arm64 /tmp/voxboard-notelet-verify-derived/ModuleCache.noindex/_SwiftConcurrencyShims-A0M5UXJRLEU37YYLPCRTHUF6L.pcm

SwiftExplicitDependencyGeneratePcm arm64 /tmp/voxboard-notelet-verify-derived/ModuleCache.noindex/sys_types-70ELYGU8K693S1C5RVXTUZZIY.pcm

SwiftExplicitDependencyGeneratePcm arm64 /tmp/voxboard-notelet-verify-derived/ModuleCache.noindex/_Builtin_stdint-4H7EP6SJI1BZ0638F5I46F9CI.pcm

SwiftExplicitDependencyGeneratePcm x86_64 /tmp/voxboard-notelet-verify-derived/ModuleCache.noindex/DeveloperToolsSupport-6X41B9RC3XJMQTWZV7ZQLPRPE.pcm

SwiftExplicitDependencyGeneratePcm arm64 /tmp/voxboard-notelet-verify-derived/ModuleCache.noindex/_AvailabilityInternal-38N6C7RESD1DV2P5C4B3IB1S1.pcm

Ld /tmp/voxboard-notelet-verify-derived/Build/Products/Debug-iphonesimulator/FastClusterWrapper.o normal (in target 'FastClusterWrapper' from project 'FluidAudio')
    cd /tmp/voxboard-notelet-verify-derived/SourcePackages/checkouts/FluidAudio
    /Applications/Xcode.app/Contents/Developer/Toolchains/XcodeDefault.xctoolchain/usr/bin/clang++ -Xlinker -reproducible -target arm64-apple-ios17.0-simulator -r -isysroot /Applications/Xcode.app/Contents/Developer/Platforms/iPhoneSimulator.platform/Developer/SDKs/iPhoneSimulator26.5.sdk -O0 -w -F/tmp/voxboard-notelet-verify-derived/Build/Intermediates.noindex/EagerLinkingTBDs/Debug-iphonesimulator -F/tmp/voxboard-notelet-verify-derived/Build/Products/Debug-iphonesimulator -iframework /Applications/Xcode.app/Contents/Developer/Platforms/iPhoneSimulator.platform/Developer/Library/Frameworks -iframework /Applications/Xcode.app/Contents/Developer/Platforms/iPhoneSimulator.platform/Developer/SDKs/iPhoneSimulator26.5.sdk/Developer/Library/Frameworks -filelist /tmp/voxboard-notelet-verify-derived/Build/Intermediates.noindex/FluidAudio.build/Debug-iphonesimulator/FastClusterWrapper.build/Objects-normal/arm64/FastClusterWrapper.LinkFileList -nostdlib -Xlinker -object_path_lto -Xlinker /tmp/voxboard-notelet-verify-derived/Build/Intermediates.noindex/FluidAudio.build/Debug-iphonesimulator/FastClusterWrapper.build/Objects-normal/arm64/FastClusterWrapper_lto.o -Xlinker -no_deduplicate -Xlinker -objc_abi_version -Xlinker 2 -Xlinker -dependency_info -Xlinker /tmp/voxboard-notelet-verify-derived/Build/Intermediates.noindex/FluidAudio.build/Debug-iphonesimulator/FastClusterWrapper.build/Objects-normal/arm64/FastClusterWrapper_dependency_info.dat -o /tmp/voxboard-notelet-verify-derived/Build/Products/Debug-iphonesimulator/FastClusterWrapper.o

SwiftExplicitDependencyGeneratePcm arm64 /tmp/voxboard-notelet-verify-derived/ModuleCache.noindex/_Builtin_stdbool-34SH9TUT8PJ74JJF7VVU35SE.pcm

SwiftExplicitDependencyGeneratePcm arm64 /tmp/voxboard-notelet-verify-derived/ModuleCache.noindex/_DarwinFoundation1-3ZUX18NTAET58NZ2SYHYI1XF6.pcm

CompileC /tmp/voxboard-notelet-verify-derived/Build/Intermediates.noindex/FluidAudio.build/Debug-iphonesimulator/MachTaskSelfWrapper.build/Objects-normal/arm64/MachTaskSelf.o /tmp/voxboard-notelet-verify-derived/SourcePackages/checkouts/FluidAudio/Sources/MachTaskSelfWrapper/MachTaskSelf.c normal arm64 c com.apple.compilers.llvm.clang.1_0.compiler (in target 'MachTaskSelfWrapper' from project 'FluidAudio')
    cd /Users/codybontecou/projects/Voxboard/Voxboard.xcodeproj

    Using response file: /tmp/voxboard-notelet-verify-derived/Build/Intermediates.noindex/FluidAudio.build/Debug-iphonesimulator/MachTaskSelfWrapper.build/Objects-normal/arm64/7187679823f38a2a940e0043cdf9d637-common-args.resp

    /Applications/Xcode.app/Contents/Developer/Toolchains/XcodeDefault.xctoolchain/usr/bin/clang -x c -ivfsstatcache /tmp/voxboard-notelet-verify-derived/SDKStatCaches.noindex/iphonesimulator26.5-23F73-6cfe768891a92b912361537c460fe42b.sdkstatcache -target arm64-apple-ios17.0-simulator -fmessage-length\=0 -fdiagnostics-show-note-include-stack -fmacro-backtrace-limit\=0 -fno-color-diagnostics -fmodules-prune-interval\=86400 -fmodules-prune-after\=345600 -fbuild-session-file\=/tmp/voxboard-notelet-verify-derived/ModuleCache.noindex/Session.modulevalidation -fmodules-validate-once-per-build-session -Wnon-modular-include-in-framework-module -Werror\=non-modular-include-in-framework-module -Wno-trigraphs -Wno-missing-field-initializers -Wno-missing-prototypes -Wno-return-type -Wno-missing-braces -Wparentheses -Wswitch -Wno-unused-function -Wno-unused-label -Wno-unused-parameter -Wno-unused-variable -Wunused-value -Wno-empty-body -Wno-uninitialized -Wno-unknown-pragmas -w -Wno-shadow -Wno-four-char-constants -Wno-conversion -Wno-constant-conversion -Wno-int-conversion -Wno-bool-conversion -Wno-enum-conversion -Wno-float-conversion -Wno-non-literal-null-conversion -Wno-objc-literal-conversion -Wshorten-64-to-32 -Wpointer-sign -Wno-newline-eof -Wno-implicit-fallthrough -isysroot /Applications/Xcode.app/Contents/Developer/Platforms/iPhoneSimulator.platform/Developer/SDKs/iPhoneSimulator26.5.sdk -fstrict-aliasing -Wdeprecated-declarations -Wno-sign-conversion -Wno-infinite-recursion -Wno-comma -Wno-block-capture-autoreleasing -Wno-strict-prototypes -Wno-semicolon-before-method-body -index-store-path /tmp/voxboard-notelet-verify-derived/Index.noindex/DataStore @/tmp/voxboard-notelet-verify-derived/Build/Intermediates.noindex/FluidAudio.build/Debug-iphonesimulator/MachTaskSelfWrapper.build/Objects-normal/arm64/7187679823f38a2a940e0043cdf9d637-common-args.resp -MMD -MT dependencies -MF /tmp/voxboard-notelet-verify-derived/Build/Intermediates.noindex/FluidAudio.build/Debug-iphonesimulator/MachTaskSelfWrapper.build/Objects-normal/arm64/MachTaskSelf.d --serialize-diagnostics /tmp/voxboard-notelet-verify-derived/Build/Intermediates.noindex/FluidAudio.build/Debug-iphonesimulator/MachTaskSelfWrapper.build/Objects-normal/arm64/MachTaskSelf.dia -c /tmp/voxboard-notelet-verify-derived/SourcePackages/checkouts/FluidAudio/Sources/MachTaskSelfWrapper/MachTaskSelf.c -o /tmp/voxboard-notelet-verify-derived/Build/Intermediates.noindex/FluidAudio.build/Debug-iphonesimulator/MachTaskSelfWrapper.build/Objects-normal/arm64/MachTaskSelf.o -index-unit-output-path /FluidAudio.build/Debug-iphonesimulator/MachTaskSelfWrapper.build/Objects-normal/arm64/MachTaskSelf.o

SwiftExplicitDependencyGeneratePcm x86_64 /tmp/voxboard-notelet-verify-derived/ModuleCache.noindex/ExtensionFoundation-6E5LP4S8O6J1W633HHC6NWBKA.pcm

SwiftExplicitDependencyGeneratePcm x86_64 /tmp/voxboard-notelet-verify-derived/ModuleCache.noindex/_DarwinFoundation2-DWFUVSFHWM6Y6GZYAEAUHPZGW.pcm

SwiftExplicitDependencyGeneratePcm x86_64 /tmp/voxboard-notelet-verify-derived/ModuleCache.noindex/_Builtin_limits-DYS0K0AZY2L58ES9IHATN73VU.pcm

Ld /tmp/voxboard-notelet-verify-derived/Build/Products/Debug-iphonesimulator/MachTaskSelfWrapper.o normal (in target 'MachTaskSelfWrapper' from project 'FluidAudio')
    cd /tmp/voxboard-notelet-verify-derived/SourcePackages/checkouts/FluidAudio
    /Applications/Xcode.app/Contents/Developer/Toolchains/XcodeDefault.xctoolchain/usr/bin/clang -Xlinker -reproducible -target arm64-apple-ios17.0-simulator -r -isysroot /Applications/Xcode.app/Contents/Developer/Platforms/iPhoneSimulator.platform/Developer/SDKs/iPhoneSimulator26.5.sdk -O0 -w -F/tmp/voxboard-notelet-verify-derived/Build/Intermediates.noindex/EagerLinkingTBDs/Debug-iphonesimulator -F/tmp/voxboard-notelet-verify-derived/Build/Products/Debug-iphonesimulator -iframework /Applications/Xcode.app/Contents/Developer/Platforms/iPhoneSimulator.platform/Developer/Library/Frameworks -iframework /Applications/Xcode.app/Contents/Developer/Platforms/iPhoneSimulator.platform/Developer/SDKs/iPhoneSimulator26.5.sdk/Developer/Library/Frameworks -filelist /tmp/voxboard-notelet-verify-derived/Build/Intermediates.noindex/FluidAudio.build/Debug-iphonesimulator/MachTaskSelfWrapper.build/Objects-normal/arm64/MachTaskSelfWrapper.LinkFileList -nostdlib -Xlinker -object_path_lto -Xlinker /tmp/voxboard-notelet-verify-derived/Build/Intermediates.noindex/FluidAudio.build/Debug-iphonesimulator/MachTaskSelfWrapper.build/Objects-normal/arm64/MachTaskSelfWrapper_lto.o -Xlinker -no_deduplicate -Xlinker -objc_abi_version -Xlinker 2 -Xlinker -dependency_info -Xlinker /tmp/voxboard-notelet-verify-derived/Build/Intermediates.noindex/FluidAudio.build/Debug-iphonesimulator/MachTaskSelfWrapper.build/Objects-normal/arm64/MachTaskSelfWrapper_dependency_info.dat -o /tmp/voxboard-notelet-verify-derived/Build/Products/Debug-iphonesimulator/MachTaskSelfWrapper.o

SwiftExplicitDependencyGeneratePcm arm64 /tmp/voxboard-notelet-verify-derived/ModuleCache.noindex/_DarwinFoundation3-2Q2VAWXJVQP72RFJC9ZEYUN8S.pcm

RegisterExecutionPolicyException /tmp/voxboard-notelet-verify-derived/Build/Products/Debug-iphonesimulator/FastClusterWrapper.o (in target 'FastClusterWrapper' from project 'FluidAudio')
    cd /tmp/voxboard-notelet-verify-derived/SourcePackages/checkouts/FluidAudio
    builtin-RegisterExecutionPolicyException /tmp/voxboard-notelet-verify-derived/Build/Products/Debug-iphonesimulator/FastClusterWrapper.o

SwiftExplicitDependencyGeneratePcm arm64 /tmp/voxboard-notelet-verify-derived/ModuleCache.noindex/_DarwinFoundation1-2K0SUP8YIIWHL2V3777PABTY7.pcm

RegisterExecutionPolicyException /tmp/voxboard-notelet-verify-derived/Build/Products/Debug-iphonesimulator/MachTaskSelfWrapper.o (in target 'MachTaskSelfWrapper' from project 'FluidAudio')
    cd /tmp/voxboard-notelet-verify-derived/SourcePackages/checkouts/FluidAudio
    builtin-RegisterExecutionPolicyException /tmp/voxboard-notelet-verify-derived/Build/Products/Debug-iphonesimulator/MachTaskSelfWrapper.o

SwiftExplicitDependencyGeneratePcm arm64 /tmp/voxboard-notelet-verify-derived/ModuleCache.noindex/_Builtin_limits-C7MMYEDY36UZCVZD7TRZVJXTL.pcm

SwiftExplicitDependencyGeneratePcm arm64 /tmp/voxboard-notelet-verify-derived/ModuleCache.noindex/_DarwinFoundation2-3ALG2XGT5O6QNQ4DDBEO7AOSS.pcm

SwiftExplicitDependencyGeneratePcm x86_64 /tmp/voxboard-notelet-verify-derived/ModuleCache.noindex/_Builtin_tgmath-3L7XU01HWD0HHJ16Y9VF4366R.pcm

SwiftExplicitDependencyGeneratePcm x86_64 /tmp/voxboard-notelet-verify-derived/ModuleCache.noindex/sys_types-7JTKYNEV2H7G7IX4FG90YDJSU.pcm

SwiftExplicitDependencyGeneratePcm x86_64 /tmp/voxboard-notelet-verify-derived/ModuleCache.noindex/_Builtin_stdint-9VOMJKWM7SXIKMHF5KFKSTHBC.pcm

SwiftExplicitDependencyGeneratePcm arm64 /tmp/voxboard-notelet-verify-derived/ModuleCache.noindex/_Builtin_inttypes-9GA8KWVAIPDNGG5ULA4RPEIPU.pcm

SwiftExplicitDependencyGeneratePcm arm64 /tmp/voxboard-notelet-verify-derived/ModuleCache.noindex/_Builtin_limits-1KQVAI1KWMRMGH8HHFHAXI9G0.pcm

SwiftExplicitDependencyGeneratePcm arm64 /tmp/voxboard-notelet-verify-derived/ModuleCache.noindex/ExtensionFoundation-5FZVM23DSYONWLAA3KJSIZ8Y7.pcm

SwiftExplicitDependencyGeneratePcm arm64 /tmp/voxboard-notelet-verify-derived/ModuleCache.noindex/_DarwinFoundation2-BVTILEKBQ2CQ69XJZI6ZTP9G3.pcm

SwiftExplicitDependencyGeneratePcm x86_64 /tmp/voxboard-notelet-verify-derived/ModuleCache.noindex/_DarwinFoundation3-BNLPRP5S07P98HR31VQE9UNLY.pcm

SwiftExplicitDependencyGeneratePcm x86_64 /tmp/voxboard-notelet-verify-derived/ModuleCache.noindex/_Builtin_stdatomic-DTHFR5FPY94WSKNT8AK34AHZC.pcm

SwiftExplicitDependencyGeneratePcm arm64 /tmp/voxboard-notelet-verify-derived/ModuleCache.noindex/_Builtin_stdint-9BISGGTAUYISLE9G5VRLNV5IY.pcm

SwiftExplicitDependencyGeneratePcm arm64 /tmp/voxboard-notelet-verify-derived/ModuleCache.noindex/sys_types-6XHCTDKGB7MJYV13ZX9NFD2MV.pcm

SwiftExplicitDependencyGeneratePcm arm64 /tmp/voxboard-notelet-verify-derived/ModuleCache.noindex/_Builtin_tgmath-925E70BV824D4DW54XBX9YBZ3.pcm

SwiftExplicitDependencyGeneratePcm arm64 /tmp/voxboard-notelet-verify-derived/ModuleCache.noindex/Darwin-4KBUC35RR5XQHRT1BU1OILN4O.pcm

SwiftExplicitDependencyGeneratePcm arm64 /tmp/voxboard-notelet-verify-derived/ModuleCache.noindex/_Builtin_stdatomic-8FO7F17GID9C6Z1WAWLZM081I.pcm

SwiftExplicitDependencyGeneratePcm arm64 /tmp/voxboard-notelet-verify-derived/ModuleCache.noindex/_DarwinFoundation3-EH2U1A1S7BW62BACQEVD94ESC.pcm

SwiftExplicitDependencyGeneratePcm arm64 /tmp/voxboard-notelet-verify-derived/ModuleCache.noindex/_Builtin_intrinsics-8HF1UZBMVONX6VBBMVHREH889.pcm

SwiftExplicitDependencyGeneratePcm arm64 /tmp/voxboard-notelet-verify-derived/ModuleCache.noindex/_Builtin_tgmath-4AMR1L8CUNL3JN57MQCNPVCXL.pcm

SwiftExplicitDependencyGeneratePcm arm64 /tmp/voxboard-notelet-verify-derived/ModuleCache.noindex/sys_types-3PF0THAOT8M10PPRAFI41YEH3.pcm

SwiftExplicitDependencyGeneratePcm arm64 /tmp/voxboard-notelet-verify-derived/ModuleCache.noindex/_Builtin_stdint-388F0JYYBQ82FJ3S9UTTFRYC3.pcm

SwiftExplicitDependencyGeneratePcm x86_64 /tmp/voxboard-notelet-verify-derived/ModuleCache.noindex/_Builtin_inttypes-63Y325J8GN5L0A90Z3XDRCLHT.pcm

SwiftExplicitDependencyGeneratePcm x86_64 /tmp/voxboard-notelet-verify-derived/ModuleCache.noindex/_Builtin_intrinsics-E19G763Y8XQ2W647Q7XOPNXEW.pcm

SwiftExplicitDependencyGeneratePcm arm64 /tmp/voxboard-notelet-verify-derived/ModuleCache.noindex/_DarwinFoundation3-8O3MYG37IX2U6UGK555W87PM.pcm

SwiftExplicitDependencyGeneratePcm arm64 /tmp/voxboard-notelet-verify-derived/ModuleCache.noindex/_Builtin_intrinsics-AE3CIUO4P36PWSDNV47KKY8X6.pcm

SwiftExplicitDependencyGeneratePcm arm64 /tmp/voxboard-notelet-verify-derived/ModuleCache.noindex/_Builtin_stdatomic-BENUXCGJ0ZRTN3REMZZDCV6D1.pcm

SwiftExplicitDependencyGeneratePcm arm64 /tmp/voxboard-notelet-verify-derived/ModuleCache.noindex/_Builtin_inttypes-55ZLMPI7HT2A984QKCVJFBBAW.pcm

SwiftExplicitDependencyGeneratePcm x86_64 /tmp/voxboard-notelet-verify-derived/ModuleCache.noindex/Darwin-EYO4V193X26E0C4KCZA0JB5JO.pcm

SwiftExplicitDependencyGeneratePcm arm64 /tmp/voxboard-notelet-verify-derived/ModuleCache.noindex/Darwin-9AWZAG7HCJM7UUEYW2WESN8GC.pcm

SwiftExplicitDependencyGeneratePcm arm64 /tmp/voxboard-notelet-verify-derived/ModuleCache.noindex/_Builtin_inttypes-ATWE1PRWLDENIZ3B71MBKUMJI.pcm

SwiftExplicitDependencyGeneratePcm arm64 /tmp/voxboard-notelet-verify-derived/ModuleCache.noindex/simd-8RUB49NXIPMT3T7K14B4LUBLS.pcm

SwiftExplicitDependencyGeneratePcm arm64 /tmp/voxboard-notelet-verify-derived/ModuleCache.noindex/ObjectiveC-GX1Q2ITUOCT0X0TO6T5F0CZY.pcm

SwiftExplicitDependencyGeneratePcm arm64 /tmp/voxboard-notelet-verify-derived/ModuleCache.noindex/Darwin-5EF3ED56J758TYVV8SMPWIND0.pcm

SwiftExplicitDependencyGeneratePcm arm64 /tmp/voxboard-notelet-verify-derived/ModuleCache.noindex/simd-7FJ76K5B0HEKA5042RKYAS60H.pcm

SwiftExplicitDependencyGeneratePcm arm64 /tmp/voxboard-notelet-verify-derived/ModuleCache.noindex/os_object-5Y6PSIR85LLWO7E16V7P3BFDJ.pcm

LinkAssetCatalog /Users/codybontecou/projects/Voxboard/Voxboard\ Watch\ Widget/Assets.xcassets (in target 'Voxboard Watch WidgetExtension' from project 'Voxboard')
    cd /Users/codybontecou/projects/Voxboard
    builtin-linkAssetCatalog --thinned /tmp/voxboard-notelet-verify-derived/Build/Intermediates.noindex/Voxboard.build/Debug-watchsimulator/Voxboard\ Watch\ WidgetExtension.build/assetcatalog_output/thinned --thinned-dependencies /tmp/voxboard-notelet-verify-derived/Build/Intermediates.noindex/Voxboard.build/Debug-watchsimulator/Voxboard\ Watch\ WidgetExtension.build/assetcatalog_dependencies_thinned --thinned-info-plist-content /tmp/voxboard-notelet-verify-derived/Build/Intermediates.noindex/Voxboard.build/Debug-watchsimulator/Voxboard\ Watch\ WidgetExtension.build/assetcatalog_generated_info.plist_thinned --unthinned /tmp/voxboard-notelet-verify-derived/Build/Intermediates.noindex/Voxboard.build/Debug-watchsimulator/Voxboard\ Watch\ WidgetExtension.build/assetcatalog_output/unthinned --unthinned-dependencies /tmp/voxboard-notelet-verify-derived/Build/Intermediates.noindex/Voxboard.build/Debug-watchsimulator/Voxboard\ Watch\ WidgetExtension.build/assetcatalog_dependencies_unthinned --unthinned-info-plist-content /tmp/voxboard-notelet-verify-derived/Build/Intermediates.noindex/Voxboard.build/Debug-watchsimulator/Voxboard\ Watch\ WidgetExtension.build/assetcatalog_generated_info.plist_unthinned --output /tmp/voxboard-notelet-verify-derived/Build/Products/Debug-watchsimulator/Voxboard\ Watch\ WidgetExtension.appex --plist-output /tmp/voxboard-notelet-verify-derived/Build/Intermediates.noindex/Voxboard.build/Debug-watchsimulator/Voxboard\ Watch\ WidgetExtension.build/assetcatalog_generated_info.plist
note: Emplaced /tmp/voxboard-notelet-verify-derived/Build/Products/Debug-watchsimulator/Voxboard Watch WidgetExtension.appex/Assets.car (in target 'Voxboard Watch WidgetExtension' from project 'Voxboard')

ProcessInfoPlistFile /tmp/voxboard-notelet-verify-derived/Build/Products/Debug-watchsimulator/Voxboard\ Watch\ WidgetExtension.appex/Info.plist /Users/codybontecou/projects/Voxboard/Voxboard\ Watch\ Widget/Info.plist (in target 'Voxboard Watch WidgetExtension' from project 'Voxboard')
    cd /Users/codybontecou/projects/Voxboard
    builtin-infoPlistUtility /Users/codybontecou/projects/Voxboard/Voxboard\ Watch\ Widget/Info.plist -producttype com.apple.product-type.app-extension -expandbuildsettings -format binary -platform watchsimulator -additionalcontentfile /tmp/voxboard-notelet-verify-derived/Build/Intermediates.noindex/Voxboard.build/Debug-watchsimulator/Voxboard\ Watch\ WidgetExtension.build/assetcatalog_generated_info.plist -o /tmp/voxboard-notelet-verify-derived/Build/Products/Debug-watchsimulator/Voxboard\ Watch\ WidgetExtension.appex/Info.plist

SwiftExplicitDependencyGeneratePcm arm64 /tmp/voxboard-notelet-verify-derived/ModuleCache.noindex/os_workgroup-D270TEVD9YHFTR6RJQ024H71M.pcm

SwiftExplicitDependencyGeneratePcm x86_64 /tmp/voxboard-notelet-verify-derived/ModuleCache.noindex/ObjectiveC-8ILFNIW3L2G2KTA08K84NLNK4.pcm

SwiftExplicitDependencyGeneratePcm x86_64 /tmp/voxboard-notelet-verify-derived/ModuleCache.noindex/MachO-GYAKRRHBRGEZQRSIN1PBQTHG.pcm

SwiftExplicitDependencyGeneratePcm x86_64 /tmp/voxboard-notelet-verify-derived/ModuleCache.noindex/simd-9MH2YOQZQKB1M5EJG4D9NZZHC.pcm

SwiftExplicitDependencyGeneratePcm arm64 /tmp/voxboard-notelet-verify-derived/Build/Intermediates.noindex/SwiftExplicitPrecompiledModules/MachTaskSelfWrapper-7UHEDFUGBTARFOQ1D1LWA72ZY.pcm

SwiftExplicitDependencyGeneratePcm arm64 /tmp/voxboard-notelet-verify-derived/ModuleCache.noindex/MachO-476D3ME21OLZOT8MNLGXK5S5A.pcm

SwiftExplicitDependencyGeneratePcm arm64 /tmp/voxboard-notelet-verify-derived/ModuleCache.noindex/ObjectiveC-4PPNC6SXOXC7V06K74UZZ0ZHN.pcm

SwiftExplicitDependencyGeneratePcm arm64 /tmp/voxboard-notelet-verify-derived/ModuleCache.noindex/Dispatch-EMZSLZFSCZ8WT4LBZHLPN0IS7.pcm

SwiftExplicitDependencyGeneratePcm x86_64 /tmp/voxboard-notelet-verify-derived/ModuleCache.noindex/os_object-DZKAOPVDR3BN3K844TARZWSR9.pcm

SwiftExplicitDependencyGeneratePcm x86_64 /tmp/voxboard-notelet-verify-derived/ModuleCache.noindex/os_workgroup-5HXVUYVQ620APOCI88XIVKI0G.pcm

SwiftExplicitDependencyGeneratePcm arm64 /tmp/voxboard-notelet-verify-derived/ModuleCache.noindex/ObjectiveC-9XS5LM34S652BAUB4SLXIETX1.pcm

SwiftExplicitDependencyGeneratePcm arm64 /tmp/voxboard-notelet-verify-derived/ModuleCache.noindex/MachO-BPEB82ZIXAM8W3XZ25YL6TE3O.pcm

SwiftExplicitDependencyGeneratePcm arm64 /tmp/voxboard-notelet-verify-derived/ModuleCache.noindex/os_object-BJCN9G4TYNZDPAAX5BNCPPL3Y.pcm

SwiftExplicitDependencyGeneratePcm arm64 /tmp/voxboard-notelet-verify-derived/ModuleCache.noindex/XPC-8XE45AF1E7OJW86PD4JBR363Y.pcm

SwiftExplicitDependencyGeneratePcm arm64 /tmp/voxboard-notelet-verify-derived/ModuleCache.noindex/CoreFoundation-DGEHN2B0Y6CQUUCILPFZC2QBU.pcm

SwiftExplicitDependencyGeneratePcm x86_64 /tmp/voxboard-notelet-verify-derived/ModuleCache.noindex/Dispatch-B0WRNPXTYOVPOYQITLNYRZ9WS.pcm

SwiftExplicitDependencyGeneratePcm arm64 /tmp/voxboard-notelet-verify-derived/ModuleCache.noindex/os_workgroup-D0M9PWTGS4NM8N6W121FOX8GT.pcm

SwiftExplicitDependencyGeneratePcm arm64 /tmp/voxboard-notelet-verify-derived/ModuleCache.noindex/Spatial-8EMM0MR1NF03D5L6TYS13NRQK.pcm

SwiftExplicitDependencyGeneratePcm arm64 /tmp/voxboard-notelet-verify-derived/ModuleCache.noindex/os_object-1NTY1QCEOMFF4ENHJXJWO1M2J.pcm

SwiftExplicitDependencyGeneratePcm x86_64 /tmp/voxboard-notelet-verify-derived/ModuleCache.noindex/CoreFoundation-7H65HXQDNYG7EW1DD545S8UUH.pcm

SwiftExplicitDependencyGeneratePcm x86_64 /tmp/voxboard-notelet-verify-derived/ModuleCache.noindex/dnssd-RQ5KKE2VIUAZV5FU1LZ0LGO5.pcm

SwiftExplicitDependencyGeneratePcm x86_64 /tmp/voxboard-notelet-verify-derived/ModuleCache.noindex/XPC-6A7LF250FIVO1UJNW4LKDNJ7E.pcm

SwiftExplicitDependencyGeneratePcm arm64 /tmp/voxboard-notelet-verify-derived/ModuleCache.noindex/CFNetwork-8MHSU3LBNL55MWSDNG53Z0PSE.pcm

SwiftExplicitDependencyGeneratePcm arm64 /tmp/voxboard-notelet-verify-derived/ModuleCache.noindex/Security-4BEQ51C06ZT48AD9WSOGBE90L.pcm

SwiftExplicitDependencyGeneratePcm arm64 /tmp/voxboard-notelet-verify-derived/ModuleCache.noindex/Dispatch-54WB4RH5W6S8K3OQPJPW2UOQD.pcm

SwiftExplicitDependencyGeneratePcm arm64 /tmp/voxboard-notelet-verify-derived/ModuleCache.noindex/os_workgroup-4C6MUFBLZ96FOFCT3D8IA6ME4.pcm

SwiftExplicitDependencyGeneratePcm arm64 /tmp/voxboard-notelet-verify-derived/ModuleCache.noindex/Spatial-7HFQ0K6Z81QM139NAN8JG8RJF.pcm

SwiftExplicitDependencyGeneratePcm arm64 /tmp/voxboard-notelet-verify-derived/ModuleCache.noindex/Dispatch-1CKG8OYU3ZERXYVP8ZYA4QJ73.pcm

SwiftExplicitDependencyGeneratePcm x86_64 /tmp/voxboard-notelet-verify-derived/ModuleCache.noindex/os-DI7KHXYJOW3XVMXX674FXPR1F.pcm

SwiftExplicitDependencyGeneratePcm arm64 /tmp/voxboard-notelet-verify-derived/ModuleCache.noindex/CoreFoundation-7HEHWZYMSZM1H2NEN4UZYMFDM.pcm

SwiftExplicitDependencyGeneratePcm arm64 /tmp/voxboard-notelet-verify-derived/ModuleCache.noindex/XPC-2P5INFU264TUJW6PA4SF8441T.pcm

SwiftExplicitDependencyGeneratePcm arm64 /tmp/voxboard-notelet-verify-derived/ModuleCache.noindex/dnssd-762Y317L4TF5EIUKYC06TXGKJ.pcm

SwiftExplicitDependencyGeneratePcm arm64 /tmp/voxboard-notelet-verify-derived/ModuleCache.noindex/Foundation-XY9M9UTWW3GIKMHPGPPZXYT8.pcm

SwiftExplicitDependencyGeneratePcm x86_64 /tmp/voxboard-notelet-verify-derived/ModuleCache.noindex/Spatial-8T4834UL9HHBA7HDCXI0KNIEP.pcm

SwiftExplicitDependencyGeneratePcm x86_64 /tmp/voxboard-notelet-verify-derived/ModuleCache.noindex/Security-51IX8EQWVPD126S6NMQ24I6W8.pcm

SwiftExplicitDependencyGeneratePcm x86_64 /tmp/voxboard-notelet-verify-derived/ModuleCache.noindex/CoreGraphics-1N0RZXPB00ZNESSUEEDXPHFXV.pcm

SwiftExplicitDependencyGeneratePcm arm64 /tmp/voxboard-notelet-verify-derived/ModuleCache.noindex/CoreFoundation-B6J1DVLXNVYABIATB6DGR0FJ.pcm

SwiftExplicitDependencyGeneratePcm arm64 /tmp/voxboard-notelet-verify-derived/ModuleCache.noindex/dnssd-1P1SWS758IVHCRG5EWXDTWKCR.pcm

SwiftExplicitDependencyGeneratePcm arm64 /tmp/voxboard-notelet-verify-derived/ModuleCache.noindex/XPC-7JZ3WPSSAZH4E00IF9O9U0LLA.pcm

SwiftExplicitDependencyGeneratePcm arm64 /tmp/voxboard-notelet-verify-derived/ModuleCache.noindex/os-1S2VKS0Z5CEX1CUQ7E28ZODXL.pcm

SwiftExplicitDependencyGeneratePcm x86_64 /tmp/voxboard-notelet-verify-derived/ModuleCache.noindex/Foundation-36XG7XHQ4YTI2I302EX6V62SV.pcm

SwiftExplicitDependencyGeneratePcm arm64 /tmp/voxboard-notelet-verify-derived/ModuleCache.noindex/Security-B645YPMT30DMD43Q18BHPNZ9E.pcm

SwiftExplicitDependencyGeneratePcm arm64 /tmp/voxboard-notelet-verify-derived/ModuleCache.noindex/CFNetwork-4XWEP6877HQX52TX0BUAXH9CN.pcm

SwiftExplicitDependencyGeneratePcm arm64 /tmp/voxboard-notelet-verify-derived/ModuleCache.noindex/CoreAudioTypes-J3Y3MJKOFBRH9IJBCVH8BXV8.pcm

SwiftExplicitDependencyGeneratePcm x86_64 /tmp/voxboard-notelet-verify-derived/ModuleCache.noindex/CoreText-A6PYEU16U58RIQWU9ID15VF9L.pcm

SwiftExplicitDependencyGeneratePcm x86_64 /tmp/voxboard-notelet-verify-derived/ModuleCache.noindex/CoreVideo-1NSVLCN25QE9U90JRO6Z4AO6.pcm

SwiftExplicitDependencyGeneratePcm arm64 /tmp/voxboard-notelet-verify-derived/ModuleCache.noindex/os-BUIA8MLZV3DW37ZNLV2O4ICPQ.pcm

SwiftExplicitDependencyGeneratePcm arm64 /tmp/voxboard-notelet-verify-derived/ModuleCache.noindex/CoreGraphics-MGXW8V6A2D92RG7S60REWMJF.pcm

SwiftExplicitDependencyGeneratePcm arm64 /tmp/voxboard-notelet-verify-derived/ModuleCache.noindex/Security-4L6NQTVFSCTRGP0KXJWFSYUCN.pcm

SwiftExplicitDependencyGeneratePcm arm64 /tmp/voxboard-notelet-verify-derived/ModuleCache.noindex/CoreGraphics-771TJG2XQAAO8FWPAXW14PORW.pcm

SwiftExplicitDependencyGeneratePcm arm64 /tmp/voxboard-notelet-verify-derived/ModuleCache.noindex/CoreAudio-4V2R5URZZF7297PRODQ17XMD3.pcm

SwiftExplicitDependencyGeneratePcm arm64 /tmp/voxboard-notelet-verify-derived/ModuleCache.noindex/Foundation-EYMOCRZ5QAZF654G35SE5BB5C.pcm

SwiftExplicitDependencyGeneratePcm arm64 /tmp/voxboard-notelet-verify-derived/ModuleCache.noindex/ImageIO-ACQU1HLEGWD17KQ5GZ3FV7CU.pcm

SwiftExplicitDependencyGeneratePcm arm64 /tmp/voxboard-notelet-verify-derived/ModuleCache.noindex/CoreText-9L15K8MXY922G1S1VV72K6T3N.pcm

SwiftExplicitDependencyGeneratePcm arm64 /tmp/voxboard-notelet-verify-derived/ModuleCache.noindex/Foundation-5IATAFL6PLI5NQ0GMTD7THEHA.pcm

SwiftExplicitDependencyGeneratePcm arm64 /tmp/voxboard-notelet-verify-derived/ModuleCache.noindex/CoreText-38VLX9E1VTSJN9FBHXL2WWH6M.pcm

SwiftExplicitDependencyGeneratePcm arm64 /tmp/voxboard-notelet-verify-derived/ModuleCache.noindex/CoreVideo-2CUX1C22Q0EFTK4KXZ5CK2F2D.pcm

SwiftEmitModule normal arm64 Emitting\ module\ for\ KeyboardKitDependencies (in target 'KeyboardKitDependencies' from project 'KeyboardKit')

SwiftCompile normal arm64 /tmp/voxboard-notelet-verify-derived/SourcePackages/checkouts/KeyboardKit/Dependencies/KeyboardKitDependencies/KeyboardKitDependencies.swift (in target 'KeyboardKitDependencies' from project 'KeyboardKit')
    cd /Users/codybontecou/projects/Voxboard/Voxboard.xcodeproj


SwiftCompile normal arm64 Compiling\ KeyboardKitDependencies.swift /tmp/voxboard-notelet-verify-derived/SourcePackages/checkouts/KeyboardKit/Dependencies/KeyboardKitDependencies/KeyboardKitDependencies.swift (in target 'KeyboardKitDependencies' from project 'KeyboardKit')
SwiftCompile normal arm64 /tmp/voxboard-notelet-verify-derived/SourcePackages/checkouts/KeyboardKit/Dependencies/KeyboardKitDependencies/KeyboardKitDependencies.swift (in target 'KeyboardKitDependencies' from project 'KeyboardKit')
    cd /Users/codybontecou/projects/Voxboard/Voxboard.xcodeproj


SwiftEmitModule normal arm64 Emitting\ module\ for\ ExportKit (in target 'ExportKit' from project 'ExportKit')

EmitSwiftModule normal arm64 (in target 'ExportKit' from project 'ExportKit')
    cd /Users/codybontecou/projects/Voxboard/Voxboard.xcodeproj


SwiftCompile normal arm64 Compiling\ ExportPreviewBuilding.swift /tmp/voxboard-notelet-verify-derived/SourcePackages/checkouts/ExportKit/Sources/ExportKit/ExportPreviewBuilding.swift (in target 'ExportKit' from project 'ExportKit')
SwiftCompile normal arm64 /tmp/voxboard-notelet-verify-derived/SourcePackages/checkouts/ExportKit/Sources/ExportKit/ExportPreviewBuilding.swift (in target 'ExportKit' from project 'ExportKit')
    cd /Users/codybontecou/projects/Voxboard/Voxboard.xcodeproj


SwiftDriverJobDiscovery normal arm64 Emitting module for KeyboardKitDependencies (in target 'KeyboardKitDependencies' from project 'KeyboardKit')

SwiftDriver\ Compilation\ Requirements KeyboardKitDependencies normal arm64 com.apple.xcode.tools.swift.compiler (in target 'KeyboardKitDependencies' from project 'KeyboardKit')
    cd /Users/codybontecou/projects/Voxboard/Voxboard.xcodeproj
    builtin-Swift-Compilation-Requirements -- /Applications/Xcode.app/Contents/Developer/Toolchains/XcodeDefault.xctoolchain/usr/bin/swiftc -module-name KeyboardKitDependencies -Onone @/tmp/voxboard-notelet-verify-derived/Build/Intermediates.noindex/KeyboardKit.build/Debug-iphonesimulator/KeyboardKitDependencies.build/Objects-normal/arm64/KeyboardKitDependencies.SwiftFileList -DSWIFT_PACKAGE -DDEBUG -DSWIFT_MODULE_RESOURCE_BUNDLE_UNAVAILABLE -DXcode -plugin-path /Applications/Xcode.app/Contents/Developer/Toolchains/XcodeDefault.xctoolchain/usr/lib/swift/host/plugins/testing -enable-experimental-feature DebugDescriptionMacro -sdk /Applications/Xcode.app/Contents/Developer/Platforms/iPhoneSimulator.platform/Developer/SDKs/iPhoneSimulator26.5.sdk -target arm64-apple-ios16.0-simulator -g -module-cache-path /tmp/voxboard-notelet-verify-derived/ModuleCache.noindex -Xfrontend -serialize-debugging-options -enable-testing -suppress-warnings -index-store-path /tmp/voxboard-notelet-verify-derived/Index.noindex/DataStore -Xcc -D_LIBCPP_HARDENING_MODE\=_LIBCPP_HARDENING_MODE_DEBUG -swift-version 5 -I /tmp/voxboard-notelet-verify-derived/Build/Products/Debug-iphonesimulator -Isystem /Applications/Xcode.app/Contents/Developer/Platforms/iPhoneSimulator.platform/Developer/usr/lib -F /tmp/voxboard-notelet-verify-derived/Build/Products/Debug-iphonesimulator -F /Applications/Xcode.app/Contents/Developer/Platforms/iPhoneSimulator.platform/Developer/Library/Frameworks -F /Applications/Xcode.app/Contents/Developer/Platforms/iPhoneSimulator.platform/Developer/SDKs/iPhoneSimulator26.5.sdk/Developer/Library/Frameworks -parse-as-library -emit-localized-strings -emit-localized-strings-path /tmp/voxboard-notelet-verify-derived/Build/Intermediates.noindex/KeyboardKit.build/Debug-iphonesimulator/KeyboardKitDependencies.build/Objects-normal/arm64 -c -j10 -enable-batch-mode -incremental -Xcc -ivfsstatcache -Xcc /tmp/voxboard-notelet-verify-derived/SDKStatCaches.noindex/iphonesimulator26.5-23F73-6cfe768891a92b912361537c460fe42b.sdkstatcache -output-file-map /tmp/voxboard-notelet-verify-derived/Build/Intermediates.noindex/KeyboardKit.build/Debug-iphonesimulator/KeyboardKitDependencies.build/Objects-normal/arm64/KeyboardKitDependencies-OutputFileMap.json -use-frontend-parseable-output -save-temps -no-color-diagnostics -explicit-module-build -module-cache-path /tmp/voxboard-notelet-verify-derived/Build/Intermediates.noindex/SwiftExplicitPrecompiledModules -clang-scanner-module-cache-path /tmp/voxboard-notelet-verify-derived/ModuleCache.noindex -sdk-module-cache-path /tmp/voxboard-notelet-verify-derived/ModuleCache.noindex -serialize-diagnostics -emit-dependencies -emit-module -emit-module-path /tmp/voxboard-notelet-verify-derived/Build/Intermediates.noindex/KeyboardKit.build/Debug-iphonesimulator/KeyboardKitDependencies.build/Objects-normal/arm64/KeyboardKitDependencies.swiftmodule -validate-clang-modules-once -clang-build-session-file /tmp/voxboard-notelet-verify-derived/ModuleCache.noindex/Session.modulevalidation -package-name keyboardkit -Xcc -I/tmp/voxboard-notelet-verify-derived/Build/Intermediates.noindex/KeyboardKit.build/Debug-iphonesimulator/KeyboardKitDependencies.build/swift-overrides.hmap -emit-const-values -Xfrontend -const-gather-protocols-file -Xfrontend /tmp/voxboard-notelet-verify-derived/Build/Intermediates.noindex/KeyboardKit.build/Debug-iphonesimulator/KeyboardKitDependencies.build/Objects-normal/arm64/KeyboardKitDependencies_const_extract_protocols.json -Xcc -I/tmp/voxboard-notelet-verify-derived/Build/Products/Debug-iphonesimulator/include -Xcc -I/tmp/voxboard-notelet-verify-derived/Build/Intermediates.noindex/KeyboardKit.build/Debug-iphonesimulator/KeyboardKitDependencies.build/DerivedSources-normal/arm64 -Xcc -I/tmp/voxboard-notelet-verify-derived/Build/Intermediates.noindex/KeyboardKit.build/Debug-iphonesimulator/KeyboardKitDependencies.build/DerivedSources/arm64 -Xcc -I/tmp/voxboard-notelet-verify-derived/Build/Intermediates.noindex/KeyboardKit.build/Debug-iphonesimulator/KeyboardKitDependencies.build/DerivedSources -Xcc -DSWIFT_PACKAGE -Xcc -DDEBUG\=1 -emit-objc-header -emit-objc-header-path /tmp/voxboard-notelet-verify-derived/Build/Intermediates.noindex/KeyboardKit.build/Debug-iphonesimulator/KeyboardKitDependencies.build/Objects-normal/arm64/KeyboardKitDependencies-Swift.h -working-directory /Users/codybontecou/projects/Voxboard/Voxboard.xcodeproj -experimental-emit-module-separately -disable-cmo

SwiftCompile normal arm64 Compiling\ ExportPortableSnapshots.swift /tmp/voxboard-notelet-verify-derived/SourcePackages/checkouts/ExportKit/Sources/ExportKit/ExportPortableSnapshots.swift (in target 'ExportKit' from project 'ExportKit')

SwiftCompile normal arm64 /tmp/voxboard-notelet-verify-derived/SourcePackages/checkouts/ExportKit/Sources/ExportKit/ExportPortableSnapshots.swift (in target 'ExportKit' from project 'ExportKit')
    cd /Users/codybontecou/projects/Voxboard/Voxboard.xcodeproj


SwiftMergeGeneratedHeaders /tmp/voxboard-notelet-verify-derived/Build/Intermediates.noindex/GeneratedModuleMaps-iphonesimulator/KeyboardKitDependencies-Swift.h /tmp/voxboard-notelet-verify-derived/Build/Intermediates.noindex/KeyboardKit.build/Debug-iphonesimulator/KeyboardKitDependencies.build/Objects-normal/arm64/KeyboardKitDependencies-Swift.h (in target 'KeyboardKitDependencies' from project 'KeyboardKit')
    cd /tmp/voxboard-notelet-verify-derived/SourcePackages/checkouts/KeyboardKit
    builtin-swiftHeaderTool -arch arm64 /tmp/voxboard-notelet-verify-derived/Build/Intermediates.noindex/KeyboardKit.build/Debug-iphonesimulator/KeyboardKitDependencies.build/Objects-normal/arm64/KeyboardKitDependencies-Swift.h -o /tmp/voxboard-notelet-verify-derived/Build/Intermediates.noindex/GeneratedModuleMaps-iphonesimulator/KeyboardKitDependencies-Swift.h

Copy /tmp/voxboard-notelet-verify-derived/Build/Products/Debug-iphonesimulator/KeyboardKitDependencies.swiftmodule/arm64-apple-ios-simulator.swiftmodule /tmp/voxboard-notelet-verify-derived/Build/Intermediates.noindex/KeyboardKit.build/Debug-iphonesimulator/KeyboardKitDependencies.build/Objects-normal/arm64/KeyboardKitDependencies.swiftmodule (in target 'KeyboardKitDependencies' from project 'KeyboardKit')
    cd /tmp/voxboard-notelet-verify-derived/SourcePackages/checkouts/KeyboardKit
    builtin-copy -exclude .DS_Store -exclude CVS -exclude .svn -exclude .git -exclude .hg -resolve-src-symlinks -rename /tmp/voxboard-notelet-verify-derived/Build/Intermediates.noindex/KeyboardKit.build/Debug-iphonesimulator/KeyboardKitDependencies.build/Objects-normal/arm64/KeyboardKitDependencies.swiftmodule /tmp/voxboard-notelet-verify-derived/Build/Products/Debug-iphonesimulator/KeyboardKitDependencies.swiftmodule/arm64-apple-ios-simulator.swiftmodule

Copy /tmp/voxboard-notelet-verify-derived/Build/Products/Debug-iphonesimulator/KeyboardKitDependencies.swiftmodule/arm64-apple-ios-simulator.swiftdoc /tmp/voxboard-notelet-verify-derived/Build/Intermediates.noindex/KeyboardKit.build/Debug-iphonesimulator/KeyboardKitDependencies.build/Objects-normal/arm64/KeyboardKitDependencies.swiftdoc (in target 'KeyboardKitDependencies' from project 'KeyboardKit')
    cd /tmp/voxboard-notelet-verify-derived/SourcePackages/checkouts/KeyboardKit
    builtin-copy -exclude .DS_Store -exclude CVS -exclude .svn -exclude .git -exclude .hg -resolve-src-symlinks -rename /tmp/voxboard-notelet-verify-derived/Build/Intermediates.noindex/KeyboardKit.build/Debug-iphonesimulator/KeyboardKitDependencies.build/Objects-normal/arm64/KeyboardKitDependencies.swiftdoc /tmp/voxboard-notelet-verify-derived/Build/Products/Debug-iphonesimulator/KeyboardKitDependencies.swiftmodule/arm64-apple-ios-simulator.swiftdoc

Copy /tmp/voxboard-notelet-verify-derived/Build/Products/Debug-iphonesimulator/KeyboardKitDependencies.swiftmodule/arm64-apple-ios-simulator.abi.json /tmp/voxboard-notelet-verify-derived/Build/Intermediates.noindex/KeyboardKit.build/Debug-iphonesimulator/KeyboardKitDependencies.build/Objects-normal/arm64/KeyboardKitDependencies.abi.json (in target 'KeyboardKitDependencies' from project 'KeyboardKit')
    cd /tmp/voxboard-notelet-verify-derived/SourcePackages/checkouts/KeyboardKit
    builtin-copy -exclude .DS_Store -exclude CVS -exclude .svn -exclude .git -exclude .hg -resolve-src-symlinks -rename /tmp/voxboard-notelet-verify-derived/Build/Intermediates.noindex/KeyboardKit.build/Debug-iphonesimulator/KeyboardKitDependencies.build/Objects-normal/arm64/KeyboardKitDependencies.abi.json /tmp/voxboard-notelet-verify-derived/Build/Products/Debug-iphonesimulator/KeyboardKitDependencies.swiftmodule/arm64-apple-ios-simulator.abi.json

Copy /tmp/voxboard-notelet-verify-derived/Build/Products/Debug-iphonesimulator/KeyboardKitDependencies.swiftmodule/Project/arm64-apple-ios-simulator.swiftsourceinfo /tmp/voxboard-notelet-verify-derived/Build/Intermediates.noindex/KeyboardKit.build/Debug-iphonesimulator/KeyboardKitDependencies.build/Objects-normal/arm64/KeyboardKitDependencies.swiftsourceinfo (in target 'KeyboardKitDependencies' from project 'KeyboardKit')
    cd /tmp/voxboard-notelet-verify-derived/SourcePackages/checkouts/KeyboardKit
    builtin-copy -exclude .DS_Store -exclude CVS -exclude .svn -exclude .git -exclude .hg -resolve-src-symlinks -rename /tmp/voxboard-notelet-verify-derived/Build/Intermediates.noindex/KeyboardKit.build/Debug-iphonesimulator/KeyboardKitDependencies.build/Objects-normal/arm64/KeyboardKitDependencies.swiftsourceinfo /tmp/voxboard-notelet-verify-derived/Build/Products/Debug-iphonesimulator/KeyboardKitDependencies.swiftmodule/Project/arm64-apple-ios-simulator.swiftsourceinfo

SwiftCompile normal arm64 Compiling\ ExportPlugins.swift /tmp/voxboard-notelet-verify-derived/SourcePackages/checkouts/ExportKit/Sources/ExportKit/ExportPlugins.swift (in target 'ExportKit' from project 'ExportKit')

SwiftCompile normal arm64 /tmp/voxboard-notelet-verify-derived/SourcePackages/checkouts/ExportKit/Sources/ExportKit/ExportPlugins.swift (in target 'ExportKit' from project 'ExportKit')
    cd /Users/codybontecou/projects/Voxboard/Voxboard.xcodeproj


SwiftCompile normal arm64 Compiling\ ExportFormatRendering.swift /tmp/voxboard-notelet-verify-derived/SourcePackages/checkouts/ExportKit/Sources/ExportKit/ExportFormatRendering.swift (in target 'ExportKit' from project 'ExportKit')

SwiftCompile normal arm64 /tmp/voxboard-notelet-verify-derived/SourcePackages/checkouts/ExportKit/Sources/ExportKit/ExportFormatRendering.swift (in target 'ExportKit' from project 'ExportKit')
    cd /Users/codybontecou/projects/Voxboard/Voxboard.xcodeproj


SwiftCompile normal arm64 Compiling\ ExportOrchestration.swift /tmp/voxboard-notelet-verify-derived/SourcePackages/checkouts/ExportKit/Sources/ExportKit/ExportOrchestration.swift (in target 'ExportKit' from project 'ExportKit')
SwiftCompile normal arm64 /tmp/voxboard-notelet-verify-derived/SourcePackages/checkouts/ExportKit/Sources/ExportKit/ExportOrchestration.swift (in target 'ExportKit' from project 'ExportKit')
    cd /Users/codybontecou/projects/Voxboard/Voxboard.xcodeproj


SwiftExplicitDependencyGeneratePcm x86_64 /tmp/voxboard-notelet-verify-derived/ModuleCache.noindex/Symbols-9GB9XMOZ9GKA699ALCCRP58GA.pcm

SwiftExplicitDependencyGeneratePcm x86_64 /tmp/voxboard-notelet-verify-derived/ModuleCache.noindex/RelevanceKit-78CGKQ35Q6Z9PB4BRYRK1T2NU.pcm

SwiftExplicitDependencyGeneratePcm x86_64 /tmp/voxboard-notelet-verify-derived/ModuleCache.noindex/UIUtilities-83CQWNLP7ZA6OHUUFYMUIBSTX.pcm

SwiftExplicitDependencyGeneratePcm arm64 /tmp/voxboard-notelet-verify-derived/ModuleCache.noindex/DataDetection-1HBQ8IGQUNRQF60OHVE9JQ6GC.pcm

SwiftDriverJobDiscovery normal arm64 Emitting module for ExportKit (in target 'ExportKit' from project 'ExportKit')

SwiftDriver\ Compilation\ Requirements ExportKit normal arm64 com.apple.xcode.tools.swift.compiler (in target 'ExportKit' from project 'ExportKit')
    cd /Users/codybontecou/projects/Voxboard/Voxboard.xcodeproj
    builtin-Swift-Compilation-Requirements -- /Applications/Xcode.app/Contents/Developer/Toolchains/XcodeDefault.xctoolchain/usr/bin/swiftc -module-name ExportKit -Onone @/tmp/voxboard-notelet-verify-derived/Build/Intermediates.noindex/ExportKit.build/Debug-iphonesimulator/ExportKit.build/Objects-normal/arm64/ExportKit.SwiftFileList -DSWIFT_PACKAGE -DDEBUG -DSWIFT_MODULE_RESOURCE_BUNDLE_UNAVAILABLE -DXcode -plugin-path /Applications/Xcode.app/Contents/Developer/Toolchains/XcodeDefault.xctoolchain/usr/lib/swift/host/plugins/testing -enable-experimental-feature DebugDescriptionMacro -sdk /Applications/Xcode.app/Contents/Developer/Platforms/iPhoneSimulator.platform/Developer/SDKs/iPhoneSimulator26.5.sdk -target arm64-apple-ios17.0-simulator -g -module-cache-path /tmp/voxboard-notelet-verify-derived/ModuleCache.noindex -Xfrontend -serialize-debugging-options -enable-testing -suppress-warnings -index-store-path /tmp/voxboard-notelet-verify-derived/Index.noindex/DataStore -Xcc -D_LIBCPP_HARDENING_MODE\=_LIBCPP_HARDENING_MODE_DEBUG -swift-version 5 -I /tmp/voxboard-notelet-verify-derived/Build/Products/Debug-iphonesimulator -Isystem /Applications/Xcode.app/Contents/Developer/Platforms/iPhoneSimulator.platform/Developer/usr/lib -F /tmp/voxboard-notelet-verify-derived/Build/Products/Debug-iphonesimulator -F /Applications/Xcode.app/Contents/Developer/Platforms/iPhoneSimulator.platform/Developer/Library/Frameworks -F /Applications/Xcode.app/Contents/Developer/Platforms/iPhoneSimulator.platform/Developer/SDKs/iPhoneSimulator26.5.sdk/Developer/Library/Frameworks -c -j10 -enable-batch-mode -incremental -Xcc -ivfsstatcache -Xcc /tmp/voxboard-notelet-verify-derived/SDKStatCaches.noindex/iphonesimulator26.5-23F73-6cfe768891a92b912361537c460fe42b.sdkstatcache -output-file-map /tmp/voxboard-notelet-verify-derived/Build/Intermediates.noindex/ExportKit.build/Debug-iphonesimulator/ExportKit.build/Objects-normal/arm64/ExportKit-OutputFileMap.json -use-frontend-parseable-output -save-temps -no-color-diagnostics -explicit-module-build -module-cache-path /tmp/voxboard-notelet-verify-derived/Build/Intermediates.noindex/SwiftExplicitPrecompiledModules -clang-scanner-module-cache-path /tmp/voxboard-notelet-verify-derived/ModuleCache.noindex -sdk-module-cache-path /tmp/voxboard-notelet-verify-derived/ModuleCache.noindex -serialize-diagnostics -emit-dependencies -emit-module -emit-module-path /tmp/voxboard-notelet-verify-derived/Build/Intermediates.noindex/ExportKit.build/Debug-iphonesimulator/ExportKit.build/Objects-normal/arm64/ExportKit.swiftmodule -validate-clang-modules-once -clang-build-session-file /tmp/voxboard-notelet-verify-derived/ModuleCache.noindex/Session.modulevalidation -package-name exportkit -Xcc -I/tmp/voxboard-notelet-verify-derived/Build/Intermediates.noindex/ExportKit.build/Debug-iphonesimulator/ExportKit.build/swift-overrides.hmap -emit-const-values -Xfrontend -const-gather-protocols-file -Xfrontend /tmp/voxboard-notelet-verify-derived/Build/Intermediates.noindex/ExportKit.build/Debug-iphonesimulator/ExportKit.build/Objects-normal/arm64/ExportKit_const_extract_protocols.json -Xcc -I/tmp/voxboard-notelet-verify-derived/Build/Products/Debug-iphonesimulator/include -Xcc -I/tmp/voxboard-notelet-verify-derived/Build/Intermediates.noindex/ExportKit.build/Debug-iphonesimulator/ExportKit.build/DerivedSources-normal/arm64 -Xcc -I/tmp/voxboard-notelet-verify-derived/Build/Intermediates.noindex/ExportKit.build/Debug-iphonesimulator/ExportKit.build/DerivedSources/arm64 -Xcc -I/tmp/voxboard-notelet-verify-derived/Build/Intermediates.noindex/ExportKit.build/Debug-iphonesimulator/ExportKit.build/DerivedSources -Xcc -DSWIFT_PACKAGE -Xcc -DDEBUG\=1 -emit-objc-header -emit-objc-header-path /tmp/voxboard-notelet-verify-derived/Build/Intermediates.noindex/ExportKit.build/Debug-iphonesimulator/ExportKit.build/Objects-normal/arm64/ExportKit-Swift.h -working-directory /Users/codybontecou/projects/Voxboard/Voxboard.xcodeproj -experimental-emit-module-separately -disable-cmo

SwiftExplicitDependencyGeneratePcm arm64 /tmp/voxboard-notelet-verify-derived/ModuleCache.noindex/OSLog-DZV880YA9FHWGF9XVDIQQGIID.pcm

SwiftMergeGeneratedHeaders /tmp/voxboard-notelet-verify-derived/Build/Intermediates.noindex/GeneratedModuleMaps-iphonesimulator/ExportKit-Swift.h /tmp/voxboard-notelet-verify-derived/Build/Intermediates.noindex/ExportKit.build/Debug-iphonesimulator/ExportKit.build/Objects-normal/arm64/ExportKit-Swift.h (in target 'ExportKit' from project 'ExportKit')
    cd /tmp/voxboard-notelet-verify-derived/SourcePackages/checkouts/ExportKit
    builtin-swiftHeaderTool -arch arm64 /tmp/voxboard-notelet-verify-derived/Build/Intermediates.noindex/ExportKit.build/Debug-iphonesimulator/ExportKit.build/Objects-normal/arm64/ExportKit-Swift.h -o /tmp/voxboard-notelet-verify-derived/Build/Intermediates.noindex/GeneratedModuleMaps-iphonesimulator/ExportKit-Swift.h

Copy /tmp/voxboard-notelet-verify-derived/Build/Products/Debug-iphonesimulator/ExportKit.swiftmodule/arm64-apple-ios-simulator.swiftmodule /tmp/voxboard-notelet-verify-derived/Build/Intermediates.noindex/ExportKit.build/Debug-iphonesimulator/ExportKit.build/Objects-normal/arm64/ExportKit.swiftmodule (in target 'ExportKit' from project 'ExportKit')
    cd /tmp/voxboard-notelet-verify-derived/SourcePackages/checkouts/ExportKit
    builtin-copy -exclude .DS_Store -exclude CVS -exclude .svn -exclude .git -exclude .hg -resolve-src-symlinks -rename /tmp/voxboard-notelet-verify-derived/Build/Intermediates.noindex/ExportKit.build/Debug-iphonesimulator/ExportKit.build/Objects-normal/arm64/ExportKit.swiftmodule /tmp/voxboard-notelet-verify-derived/Build/Products/Debug-iphonesimulator/ExportKit.swiftmodule/arm64-apple-ios-simulator.swiftmodule

Copy /tmp/voxboard-notelet-verify-derived/Build/Products/Debug-iphonesimulator/ExportKit.swiftmodule/arm64-apple-ios-simulator.swiftdoc /tmp/voxboard-notelet-verify-derived/Build/Intermediates.noindex/ExportKit.build/Debug-iphonesimulator/ExportKit.build/Objects-normal/arm64/ExportKit.swiftdoc (in target 'ExportKit' from project 'ExportKit')
    cd /tmp/voxboard-notelet-verify-derived/SourcePackages/checkouts/ExportKit
    builtin-copy -exclude .DS_Store -exclude CVS -exclude .svn -exclude .git -exclude .hg -resolve-src-symlinks -rename /tmp/voxboard-notelet-verify-derived/Build/Intermediates.noindex/ExportKit.build/Debug-iphonesimulator/ExportKit.build/Objects-normal/arm64/ExportKit.swiftdoc /tmp/voxboard-notelet-verify-derived/Build/Products/Debug-iphonesimulator/ExportKit.swiftmodule/arm64-apple-ios-simulator.swiftdoc

Copy /tmp/voxboard-notelet-verify-derived/Build/Products/Debug-iphonesimulator/ExportKit.swiftmodule/arm64-apple-ios-simulator.abi.json /tmp/voxboard-notelet-verify-derived/Build/Intermediates.noindex/ExportKit.build/Debug-iphonesimulator/ExportKit.build/Objects-normal/arm64/ExportKit.abi.json (in target 'ExportKit' from project 'ExportKit')
    cd /tmp/voxboard-notelet-verify-derived/SourcePackages/checkouts/ExportKit
    builtin-copy -exclude .DS_Store -exclude CVS -exclude .svn -exclude .git -exclude .hg -resolve-src-symlinks -rename /tmp/voxboard-notelet-verify-derived/Build/Intermediates.noindex/ExportKit.build/Debug-iphonesimulator/ExportKit.build/Objects-normal/arm64/ExportKit.abi.json /tmp/voxboard-notelet-verify-derived/Build/Products/Debug-iphonesimulator/ExportKit.swiftmodule/arm64-apple-ios-simulator.abi.json

Copy /tmp/voxboard-notelet-verify-derived/Build/Products/Debug-iphonesimulator/ExportKit.swiftmodule/Project/arm64-apple-ios-simulator.swiftsourceinfo /tmp/voxboard-notelet-verify-derived/Build/Intermediates.noindex/ExportKit.build/Debug-iphonesimulator/ExportKit.build/Objects-normal/arm64/ExportKit.swiftsourceinfo (in target 'ExportKit' from project 'ExportKit')
    cd /tmp/voxboard-notelet-verify-derived/SourcePackages/checkouts/ExportKit
    builtin-copy -exclude .DS_Store -exclude CVS -exclude .svn -exclude .git -exclude .hg -resolve-src-symlinks -rename /tmp/voxboard-notelet-verify-derived/Build/Intermediates.noindex/ExportKit.build/Debug-iphonesimulator/ExportKit.build/Objects-normal/arm64/ExportKit.swiftsourceinfo /tmp/voxboard-notelet-verify-derived/Build/Products/Debug-iphonesimulator/ExportKit.swiftmodule/Project/arm64-apple-ios-simulator.swiftsourceinfo

SwiftExplicitDependencyGeneratePcm x86_64 /tmp/voxboard-notelet-verify-derived/ModuleCache.noindex/WatchConnectivity-9L2SIXS4X0AE3B7EUYCT0OJ4G.pcm

SwiftExplicitDependencyGeneratePcm arm64 /tmp/voxboard-notelet-verify-derived/ModuleCache.noindex/CoreMIDI-ER9PN6IWJZTT7FKQ69J6FCXE0.pcm

SwiftExplicitDependencyGeneratePcm arm64 /tmp/voxboard-notelet-verify-derived/ModuleCache.noindex/CoreData-6LI01LFC7SMZ5ZESPSBIIUKP8.pcm

SwiftExplicitDependencyGeneratePcm arm64 /tmp/voxboard-notelet-verify-derived/ModuleCache.noindex/CoreTransferable-CA29746J84TVG9K4PNL0FG20L.pcm

SwiftExplicitDependencyGeneratePcm arm64 /tmp/voxboard-notelet-verify-derived/ModuleCache.noindex/RelevanceKit-19JRCYRMK4WDWHWRWSO7HJONF.pcm

SwiftExplicitDependencyGeneratePcm arm64 /tmp/voxboard-notelet-verify-derived/ModuleCache.noindex/Network-EQL8WZE4VW2W0MJL1G8S33K4W.pcm

SwiftExplicitDependencyGeneratePcm arm64 /tmp/voxboard-notelet-verify-derived/ModuleCache.noindex/NaturalLanguage-7RXHEFK9BCWUE6UPPVKEJ1QWM.pcm

SwiftExplicitDependencyGeneratePcm arm64 /tmp/voxboard-notelet-verify-derived/ModuleCache.noindex/UIUtilities-3XNRFT9WJYGETDSG09M3DLBV.pcm

SwiftExplicitDependencyGeneratePcm arm64 /tmp/voxboard-notelet-verify-derived/ModuleCache.noindex/Symbols-C2PE7YJLTPC0P1PNTHW5KQP07.pcm

SwiftExplicitDependencyGeneratePcm arm64 /tmp/voxboard-notelet-verify-derived/ModuleCache.noindex/OpenGLES-DG2864GZ1OKE00812UX9HI0YW.pcm

SwiftExplicitDependencyGeneratePcm arm64 /tmp/voxboard-notelet-verify-derived/ModuleCache.noindex/AppIntents-70TJUQJU8NHSACAR7XMTTO3T6.pcm

SwiftExplicitDependencyGeneratePcm arm64 /tmp/voxboard-notelet-verify-derived/ModuleCache.noindex/SceneKit-AF18EHDNO0G62VDBEL8LHIR7E.pcm

SwiftExplicitDependencyGeneratePcm arm64 /tmp/voxboard-notelet-verify-derived/ModuleCache.noindex/LocalAuthentication-DCY42LYEQMTQC85FJHUHP08G4.pcm

SwiftExplicitDependencyGeneratePcm arm64 /tmp/voxboard-notelet-verify-derived/ModuleCache.noindex/CoreData-AZSEAXEZX156AZ7DHN29IET4Z.pcm

SwiftExplicitDependencyGeneratePcm arm64 /tmp/voxboard-notelet-verify-derived/ModuleCache.noindex/QuartzCore-1Q9UAOYFEX3YUJX28I48NAZP9.pcm

SwiftExplicitDependencyGeneratePcm arm64 /tmp/voxboard-notelet-verify-derived/ModuleCache.noindex/AudioToolbox-A7CFP3NGGP5C9MEM0EX2WXMIV.pcm

SwiftExplicitDependencyGeneratePcm x86_64 /tmp/voxboard-notelet-verify-derived/ModuleCache.noindex/Network-DHU2YNBGFWAGCA6XAHZPEHVK9.pcm

SwiftExplicitDependencyGeneratePcm arm64 /tmp/voxboard-notelet-verify-derived/ModuleCache.noindex/Accessibility-870X0OMRTNFFVELP9AFAKX6G4.pcm

SwiftExplicitDependencyGeneratePcm arm64 /tmp/voxboard-notelet-verify-derived/ModuleCache.noindex/UniformTypeIdentifiers-CAR8T5CBFIBENYQA5X92S3F6G.pcm

SwiftExplicitDependencyGeneratePcm arm64 /tmp/voxboard-notelet-verify-derived/ModuleCache.noindex/CoreTransferable-2YI0DLIX4VDWMOA09DPVQPOHN.pcm

SwiftExplicitDependencyGeneratePcm arm64 /tmp/voxboard-notelet-verify-derived/ModuleCache.noindex/UserNotifications-4SKQEJUSPMNR311DOAX9ZLB4.pcm

SwiftExplicitDependencyGeneratePcm arm64 /tmp/voxboard-notelet-verify-derived/ModuleCache.noindex/FileProvider-5I1WBPI8X4U01Z79KQZY0IRTT.pcm

SwiftExplicitDependencyGeneratePcm arm64 /tmp/voxboard-notelet-verify-derived/ModuleCache.noindex/IOSurface-2LIGVKQ4C49IJ7MDF1XB4FSWV.pcm

SwiftExplicitDependencyGeneratePcm x86_64 /tmp/voxboard-notelet-verify-derived/ModuleCache.noindex/QuartzCore-5CYIUMR4A6MTY8PN23P1A1C1A.pcm

SwiftExplicitDependencyGeneratePcm x86_64 /tmp/voxboard-notelet-verify-derived/ModuleCache.noindex/UniformTypeIdentifiers-5THJEJ1KKOAHM319X1CQ78427.pcm

SwiftExplicitDependencyGeneratePcm arm64 /tmp/voxboard-notelet-verify-derived/ModuleCache.noindex/UIUtilities-AH2ZRQUSEYG4JGF1UZ38NNRUU.pcm

SwiftExplicitDependencyGeneratePcm arm64 /tmp/voxboard-notelet-verify-derived/ModuleCache.noindex/Network-BQEZITK6HLLINX5KY34G0SHKV.pcm

SwiftExplicitDependencyGeneratePcm arm64 /tmp/voxboard-notelet-verify-derived/ModuleCache.noindex/Metal-9B4OLOL0QFJO1R01MK40DJZR3.pcm

SwiftExplicitDependencyGeneratePcm arm64 /tmp/voxboard-notelet-verify-derived/ModuleCache.noindex/WidgetKit-5CRBNQG3NOEFOAZG5SWDSEIQ9.pcm

SwiftExplicitDependencyGeneratePcm x86_64 /tmp/voxboard-notelet-verify-derived/ModuleCache.noindex/SwiftUICore-E3AGH5ZS4JOW793G1Q98TT63T.pcm

SwiftExplicitDependencyGeneratePcm arm64 /tmp/voxboard-notelet-verify-derived/ModuleCache.noindex/UserNotifications-F4O0N8XMEERCKNI61BVIQIY0J.pcm

SwiftExplicitDependencyGeneratePcm arm64 /tmp/voxboard-notelet-verify-derived/ModuleCache.noindex/AVRouting-A7O0M17HYGZ393VRH09DIFEQW.pcm

SwiftExplicitDependencyGeneratePcm x86_64 /tmp/voxboard-notelet-verify-derived/ModuleCache.noindex/CoreTransferable-5ZXHD98X3LDG9F4DTYZMZ08Z6.pcm

SwiftExplicitDependencyGeneratePcm arm64 /tmp/voxboard-notelet-verify-derived/ModuleCache.noindex/Accessibility-CVDDRA4ZOMOY3WUOWLE71MLZJ.pcm

SwiftExplicitDependencyGeneratePcm arm64 /tmp/voxboard-notelet-verify-derived/ModuleCache.noindex/OSLog-3J52F5CI1ZWJVSIWAR5Q4ESBR.pcm

SwiftExplicitDependencyGeneratePcm x86_64 /tmp/voxboard-notelet-verify-derived/ModuleCache.noindex/CoreData-DH9S3IWPN3EKDPYZJ0UI3VOER.pcm

SwiftDriverJobDiscovery normal arm64 Compiling KeyboardKitDependencies.swift (in target 'KeyboardKitDependencies' from project 'KeyboardKit')

SwiftExplicitDependencyGeneratePcm x86_64 /tmp/voxboard-notelet-verify-derived/ModuleCache.noindex/OSLog-9WRNEG8M3SD46H5MDX0Q1Y96Y.pcm

SwiftExplicitDependencyGeneratePcm arm64 /tmp/voxboard-notelet-verify-derived/ModuleCache.noindex/UniformTypeIdentifiers-1CB5L9M8U68L89JBNUCS726LT.pcm

SwiftExplicitDependencyGeneratePcm arm64 /tmp/voxboard-notelet-verify-derived/ModuleCache.noindex/CoreVideo-6GVZ7Y9UMX5PDP5RDVWZ3H5T5.pcm

SwiftDriverJobDiscovery normal arm64 Compiling ExportPlugins.swift (in target 'ExportKit' from project 'ExportKit')

SwiftExplicitDependencyGeneratePcm arm64 /tmp/voxboard-notelet-verify-derived/ModuleCache.noindex/WatchConnectivity-2PGIL8PRQBLG6Y9V8SH05OTX3.pcm

SwiftDriverJobDiscovery normal arm64 Compiling ExportPortableSnapshots.swift (in target 'ExportKit' from project 'ExportKit')

SwiftExplicitDependencyGeneratePcm arm64 /tmp/voxboard-notelet-verify-derived/ModuleCache.noindex/Symbols-7VB68CQUJGJYQDXREU9DXYNYW.pcm

SwiftDriverJobDiscovery normal arm64 Compiling ExportFormatRendering.swift (in target 'ExportKit' from project 'ExportKit')

SwiftExplicitDependencyGeneratePcm arm64 /tmp/voxboard-notelet-verify-derived/ModuleCache.noindex/DataDetection-991D1QVNTBIZKTBZ06HU00N23.pcm

SwiftExplicitDependencyGeneratePcm x86_64 /tmp/voxboard-notelet-verify-derived/ModuleCache.noindex/AppIntents-2RLOYZI8YSSJ258PPNV867VHJ.pcm

SwiftExplicitDependencyGeneratePcm x86_64 /tmp/voxboard-notelet-verify-derived/ModuleCache.noindex/_LocationEssentials-A9TOT7UK5HOKZQ3J9MJJV1Z5F.pcm

SwiftExplicitDependencyGeneratePcm arm64 /tmp/voxboard-notelet-verify-derived/ModuleCache.noindex/SwiftUICore-2P2IH65NHJ18OA10C7DJ6T76S.pcm

SwiftDriverJobDiscovery normal arm64 Compiling ExportPreviewBuilding.swift (in target 'ExportKit' from project 'ExportKit')

SwiftExplicitDependencyGeneratePcm x86_64 /tmp/voxboard-notelet-verify-derived/ModuleCache.noindex/UserNotifications-8YJ0ZIUETG6S0UGLEYUG8H7BT.pcm

SwiftExplicitDependencyGeneratePcm x86_64 /tmp/voxboard-notelet-verify-derived/ModuleCache.noindex/WidgetKit-9EGKAJSMF6LI08NKRIEC1T8HT.pcm

SwiftExplicitDependencyGeneratePcm x86_64 /tmp/voxboard-notelet-verify-derived/ModuleCache.noindex/DataDetection-8GHBGF8YBLCUNJ0A09QUM1JI.pcm

SwiftExplicitDependencyGeneratePcm arm64 /tmp/voxboard-notelet-verify-derived/ModuleCache.noindex/_LocationEssentials-B0Z6M3T1C41HDAV868DM3IY4.pcm

SwiftExplicitDependencyGeneratePcm arm64 /tmp/voxboard-notelet-verify-derived/ModuleCache.noindex/CoreImage-9WSLKW09BXTSQFEX70E3Z0NJ3.pcm

SwiftExplicitDependencyGeneratePcm arm64 /tmp/voxboard-notelet-verify-derived/ModuleCache.noindex/Accelerate-609TA10VL8E02LHHPMVU1BIJ6.pcm

SwiftExplicitDependencyGeneratePcm arm64 /tmp/voxboard-notelet-verify-derived/ModuleCache.noindex/UIKit-3DBFB5I97FVTO0ESQB6EI1GX7.pcm

SwiftExplicitDependencyGeneratePcm arm64 /tmp/voxboard-notelet-verify-derived/ModuleCache.noindex/CoreMedia-8BUWG0PGKKZ51ZY6CVNFVRQHZ.pcm

SwiftExplicitDependencyGeneratePcm arm64 /tmp/voxboard-notelet-verify-derived/ModuleCache.noindex/QuartzCore-B20HQXT3VS3ZZSB3P7GDX2KZV.pcm

SwiftExplicitDependencyGeneratePcm arm64 /tmp/voxboard-notelet-verify-derived/ModuleCache.noindex/CoreML-5H3T5RWCKYXAWTPLAKE2E5KY.pcm

SwiftExplicitDependencyGeneratePcm x86_64 /tmp/voxboard-notelet-verify-derived/ModuleCache.noindex/CoreLocation-5PBL7EAX2KSEPAV39AYNUK154.pcm

SwiftExplicitDependencyGeneratePcm x86_64 /tmp/voxboard-notelet-verify-derived/ModuleCache.noindex/Accessibility-6BZ1HB6KECKK30STD97PDUIU0.pcm

SwiftExplicitDependencyGeneratePcm x86_64 /tmp/voxboard-notelet-verify-derived/ModuleCache.noindex/UIKit-21JYOWY98R0CHZ2PM9PS4G7ZM.pcm

SwiftExplicitDependencyGeneratePcm arm64 /tmp/voxboard-notelet-verify-derived/ModuleCache.noindex/CoreLocation-6O8L4AX8AGEJFS8UMIQL5PO86.pcm

SwiftDriverJobDiscovery normal arm64 Compiling ExportOrchestration.swift (in target 'ExportKit' from project 'ExportKit')

SwiftExplicitDependencyGeneratePcm arm64 /tmp/voxboard-notelet-verify-derived/ModuleCache.noindex/MediaAccessibility-AQ4GJWS6PD1V5HMX1N234SKWV.pcm

SwiftExplicitDependencyGeneratePcm x86_64 /tmp/voxboard-notelet-verify-derived/ModuleCache.noindex/SceneKit-DGOAMU3GOR02U5ZVJJGLSN37N.pcm

SwiftDriver\ Compilation KeyboardKitDependencies normal arm64 com.apple.xcode.tools.swift.compiler (in target 'KeyboardKitDependencies' from project 'KeyboardKit')
    cd /Users/codybontecou/projects/Voxboard/Voxboard.xcodeproj
    builtin-Swift-Compilation -- /Applications/Xcode.app/Contents/Developer/Toolchains/XcodeDefault.xctoolchain/usr/bin/swiftc -module-name KeyboardKitDependencies -Onone @/tmp/voxboard-notelet-verify-derived/Build/Intermediates.noindex/KeyboardKit.build/Debug-iphonesimulator/KeyboardKitDependencies.build/Objects-normal/arm64/KeyboardKitDependencies.SwiftFileList -DSWIFT_PACKAGE -DDEBUG -DSWIFT_MODULE_RESOURCE_BUNDLE_UNAVAILABLE -DXcode -plugin-path /Applications/Xcode.app/Contents/Developer/Toolchains/XcodeDefault.xctoolchain/usr/lib/swift/host/plugins/testing -enable-experimental-feature DebugDescriptionMacro -sdk /Applications/Xcode.app/Contents/Developer/Platforms/iPhoneSimulator.platform/Developer/SDKs/iPhoneSimulator26.5.sdk -target arm64-apple-ios16.0-simulator -g -module-cache-path /tmp/voxboard-notelet-verify-derived/ModuleCache.noindex -Xfrontend -serialize-debugging-options -enable-testing -suppress-warnings -index-store-path /tmp/voxboard-notelet-verify-derived/Index.noindex/DataStore -Xcc -D_LIBCPP_HARDENING_MODE\=_LIBCPP_HARDENING_MODE_DEBUG -swift-version 5 -I /tmp/voxboard-notelet-verify-derived/Build/Products/Debug-iphonesimulator -Isystem /Applications/Xcode.app/Contents/Developer/Platforms/iPhoneSimulator.platform/Developer/usr/lib -F /tmp/voxboard-notelet-verify-derived/Build/Products/Debug-iphonesimulator -F /Applications/Xcode.app/Contents/Developer/Platforms/iPhoneSimulator.platform/Developer/Library/Frameworks -F /Applications/Xcode.app/Contents/Developer/Platforms/iPhoneSimulator.platform/Developer/SDKs/iPhoneSimulator26.5.sdk/Developer/Library/Frameworks -parse-as-library -emit-localized-strings -emit-localized-strings-path /tmp/voxboard-notelet-verify-derived/Build/Intermediates.noindex/KeyboardKit.build/Debug-iphonesimulator/KeyboardKitDependencies.build/Objects-normal/arm64 -c -j10 -enable-batch-mode -incremental -Xcc -ivfsstatcache -Xcc /tmp/voxboard-notelet-verify-derived/SDKStatCaches.noindex/iphonesimulator26.5-23F73-6cfe768891a92b912361537c460fe42b.sdkstatcache -output-file-map /tmp/voxboard-notelet-verify-derived/Build/Intermediates.noindex/KeyboardKit.build/Debug-iphonesimulator/KeyboardKitDependencies.build/Objects-normal/arm64/KeyboardKitDependencies-OutputFileMap.json -use-frontend-parseable-output -save-temps -no-color-diagnostics -explicit-module-build -module-cache-path /tmp/voxboard-notelet-verify-derived/Build/Intermediates.noindex/SwiftExplicitPrecompiledModules -clang-scanner-module-cache-path /tmp/voxboard-notelet-verify-derived/ModuleCache.noindex -sdk-module-cache-path /tmp/voxboard-notelet-verify-derived/ModuleCache.noindex -serialize-diagnostics -emit-dependencies -emit-module -emit-module-path /tmp/voxboard-notelet-verify-derived/Build/Intermediates.noindex/KeyboardKit.build/Debug-iphonesimulator/KeyboardKitDependencies.build/Objects-normal/arm64/KeyboardKitDependencies.swiftmodule -validate-clang-modules-once -clang-build-session-file /tmp/voxboard-notelet-verify-derived/ModuleCache.noindex/Session.modulevalidation -package-name keyboardkit -Xcc -I/tmp/voxboard-notelet-verify-derived/Build/Intermediates.noindex/KeyboardKit.build/Debug-iphonesimulator/KeyboardKitDependencies.build/swift-overrides.hmap -emit-const-values -Xfrontend -const-gather-protocols-file -Xfrontend /tmp/voxboard-notelet-verify-derived/Build/Intermediates.noindex/KeyboardKit.build/Debug-iphonesimulator/KeyboardKitDependencies.build/Objects-normal/arm64/KeyboardKitDependencies_const_extract_protocols.json -Xcc -I/tmp/voxboard-notelet-verify-derived/Build/Products/Debug-iphonesimulator/include -Xcc -I/tmp/voxboard-notelet-verify-derived/Build/Intermediates.noindex/KeyboardKit.build/Debug-iphonesimulator/KeyboardKitDependencies.build/DerivedSources-normal/arm64 -Xcc -I/tmp/voxboard-notelet-verify-derived/Build/Intermediates.noindex/KeyboardKit.build/Debug-iphonesimulator/KeyboardKitDependencies.build/DerivedSources/arm64 -Xcc -I/tmp/voxboard-notelet-verify-derived/Build/Intermediates.noindex/KeyboardKit.build/Debug-iphonesimulator/KeyboardKitDependencies.build/DerivedSources -Xcc -DSWIFT_PACKAGE -Xcc -DDEBUG\=1 -emit-objc-header -emit-objc-header-path /tmp/voxboard-notelet-verify-derived/Build/Intermediates.noindex/KeyboardKit.build/Debug-iphonesimulator/KeyboardKitDependencies.build/Objects-normal/arm64/KeyboardKitDependencies-Swift.h -working-directory /Users/codybontecou/projects/Voxboard/Voxboard.xcodeproj -experimental-emit-module-separately -disable-cmo

SwiftExplicitDependencyGeneratePcm arm64 /tmp/voxboard-notelet-verify-derived/ModuleCache.noindex/SwiftUICore-46P4VFT3U91PMM526NCZSS1HW.pcm

SwiftExplicitDependencyGeneratePcm x86_64 /tmp/voxboard-notelet-verify-derived/ModuleCache.noindex/Intents-446T2A1P2V3KFJO5T3MR83L8L.pcm

SwiftExplicitDependencyGeneratePcm arm64 /tmp/voxboard-notelet-verify-derived/ModuleCache.noindex/UIKit-CPU8SHGMXC4JS4PSHIKTI3DRV.pcm

SwiftExplicitDependencyGeneratePcm arm64 /tmp/voxboard-notelet-verify-derived/ModuleCache.noindex/MediaToolbox-7KBNH0F56MFPZE1BAKVCKU9YO.pcm

SwiftExplicitDependencyGeneratePcm arm64 /tmp/voxboard-notelet-verify-derived/ModuleCache.noindex/AVFAudio-BY8AUS5X0PNUN5SML5GOUH3MU.pcm

SwiftExplicitDependencyGeneratePcm arm64 /tmp/voxboard-notelet-verify-derived/ModuleCache.noindex/Intents-22WDZIKD3C2AV504JKFKK3GOB.pcm

SwiftCompile normal arm64 Compiling\ ExportDestinationWriting.swift /tmp/voxboard-notelet-verify-derived/SourcePackages/checkouts/ExportKit/Sources/ExportKit/ExportDestinationWriting.swift (in target 'ExportKit' from project 'ExportKit')

SwiftCompile normal arm64 /tmp/voxboard-notelet-verify-derived/SourcePackages/checkouts/ExportKit/Sources/ExportKit/ExportDestinationWriting.swift (in target 'ExportKit' from project 'ExportKit')
    cd /Users/codybontecou/projects/Voxboard/Voxboard.xcodeproj


SwiftCompile normal arm64 Compiling\ ExportPathPlanning.swift /tmp/voxboard-notelet-verify-derived/SourcePackages/checkouts/ExportKit/Sources/ExportKit/ExportPathPlanning.swift (in target 'ExportKit' from project 'ExportKit')

SwiftCompile normal arm64 /tmp/voxboard-notelet-verify-derived/SourcePackages/checkouts/ExportKit/Sources/ExportKit/ExportPathPlanning.swift (in target 'ExportKit' from project 'ExportKit')
    cd /Users/codybontecou/projects/Voxboard/Voxboard.xcodeproj


Ld /tmp/voxboard-notelet-verify-derived/Build/Products/Debug-iphonesimulator/KeyboardKitDependencies.o normal (in target 'KeyboardKitDependencies' from project 'KeyboardKit')
    cd /tmp/voxboard-notelet-verify-derived/SourcePackages/checkouts/KeyboardKit
    /Applications/Xcode.app/Contents/Developer/Toolchains/XcodeDefault.xctoolchain/usr/bin/clang -Xlinker -reproducible -target arm64-apple-ios16.0-simulator -r -isysroot /Applications/Xcode.app/Contents/Developer/Platforms/iPhoneSimulator.platform/Developer/SDKs/iPhoneSimulator26.5.sdk -O0 -w -F/tmp/voxboard-notelet-verify-derived/Build/Intermediates.noindex/EagerLinkingTBDs/Debug-iphonesimulator -F/tmp/voxboard-notelet-verify-derived/Build/Products/Debug-iphonesimulator -iframework /Applications/Xcode.app/Contents/Developer/Platforms/iPhoneSimulator.platform/Developer/Library/Frameworks -iframework /Applications/Xcode.app/Contents/Developer/Platforms/iPhoneSimulator.platform/Developer/SDKs/iPhoneSimulator26.5.sdk/Developer/Library/Frameworks -filelist /tmp/voxboard-notelet-verify-derived/Build/Intermediates.noindex/KeyboardKit.build/Debug-iphonesimulator/KeyboardKitDependencies.build/Objects-normal/arm64/KeyboardKitDependencies.LinkFileList -nostdlib -Xlinker -object_path_lto -Xlinker /tmp/voxboard-notelet-verify-derived/Build/Intermediates.noindex/KeyboardKit.build/Debug-iphonesimulator/KeyboardKitDependencies.build/Objects-normal/arm64/KeyboardKitDependencies_lto.o -Xlinker -no_deduplicate -Xlinker -objc_abi_version -Xlinker 2 -Xlinker -dependency_info -Xlinker /tmp/voxboard-notelet-verify-derived/Build/Intermediates.noindex/KeyboardKit.build/Debug-iphonesimulator/KeyboardKitDependencies.build/Objects-normal/arm64/KeyboardKitDependencies_dependency_info.dat -fobjc-link-runtime -L/Applications/Xcode.app/Contents/Developer/Toolchains/XcodeDefault.xctoolchain/usr/lib/swift/iphonesimulator -L/usr/lib/swift -Xlinker -add_ast_path -Xlinker /tmp/voxboard-notelet-verify-derived/Build/Intermediates.noindex/KeyboardKit.build/Debug-iphonesimulator/KeyboardKitDependencies.build/Objects-normal/arm64/KeyboardKitDependencies.swiftmodule @/tmp/voxboard-notelet-verify-derived/Build/Intermediates.noindex/KeyboardKit.build/Debug-iphonesimulator/KeyboardKitDependencies.build/Objects-normal/arm64/KeyboardKitDependencies-linker-args.resp -o /tmp/voxboard-notelet-verify-derived/Build/Products/Debug-iphonesimulator/KeyboardKitDependencies.o

ExtractAppIntentsMetadata (in target 'KeyboardKitDependencies' from project 'KeyboardKit')
    cd /tmp/voxboard-notelet-verify-derived/SourcePackages/checkouts/KeyboardKit
    /Applications/Xcode.app/Contents/Developer/Toolchains/XcodeDefault.xctoolchain/usr/bin/appintentsmetadataprocessor --toolchain-dir /Applications/Xcode.app/Contents/Developer/Toolchains/XcodeDefault.xctoolchain --module-name KeyboardKitDependencies --sdk-root /Applications/Xcode.app/Contents/Developer/Platforms/iPhoneSimulator.platform/Developer/SDKs/iPhoneSimulator26.5.sdk --xcode-version 17F42 --platform-family iOS --deployment-target 16.0 --bundle-identifier keyboardkit.KeyboardKitDependencies --output /tmp/voxboard-notelet-verify-derived/Build/Products/Debug-iphonesimulator/KeyboardKitDependencies.appintents --target-triple arm64-apple-ios16.0-simulator --binary-file /tmp/voxboard-notelet-verify-derived/Build/Products/Debug-iphonesimulator/KeyboardKitDependencies.o --dependency-file /tmp/voxboard-notelet-verify-derived/Build/Intermediates.noindex/KeyboardKit.build/Debug-iphonesimulator/KeyboardKitDependencies.build/Objects-normal/arm64/KeyboardKitDependencies_dependency_info.dat --stringsdata-file /tmp/voxboard-notelet-verify-derived/Build/Intermediates.noindex/KeyboardKit.build/Debug-iphonesimulator/KeyboardKitDependencies.build/Objects-normal/arm64/ExtractedAppShortcutsMetadata.stringsdata --source-file-list /tmp/voxboard-notelet-verify-derived/Build/Intermediates.noindex/KeyboardKit.build/Debug-iphonesimulator/KeyboardKitDependencies.build/Objects-normal/arm64/KeyboardKitDependencies.SwiftFileList --metadata-file-list /tmp/voxboard-notelet-verify-derived/Build/Intermediates.noindex/KeyboardKit.build/Debug-iphonesimulator/KeyboardKitDependencies.build/KeyboardKitDependencies.DependencyMetadataFileList --static-metadata-file-list /tmp/voxboard-notelet-verify-derived/Build/Intermediates.noindex/KeyboardKit.build/Debug-iphonesimulator/KeyboardKitDependencies.build/KeyboardKitDependencies.DependencyStaticMetadataFileList --swift-const-vals-list /tmp/voxboard-notelet-verify-derived/Build/Intermediates.noindex/KeyboardKit.build/Debug-iphonesimulator/KeyboardKitDependencies.build/Objects-normal/arm64/KeyboardKitDependencies.SwiftConstValuesFileList --force --compile-time-extraction --deployment-aware-processing --validate-assistant-intents --no-app-shortcuts-localization
2026-06-20 11:43:55.422 appintentsmetadataprocessor[95855:3726527] Starting appintentsmetadataprocessor export
2026-06-20 11:43:55.440 appintentsmetadataprocessor[95855:3726527] Extracted no relevant App Intents symbols, skipping writing output

SwiftExplicitDependencyGeneratePcm arm64 /tmp/voxboard-notelet-verify-derived/ModuleCache.noindex/AVFoundation-9B4FDNE8BZ99YU47PV4TCZ6AF.pcm

RegisterExecutionPolicyException /tmp/voxboard-notelet-verify-derived/Build/Products/Debug-iphonesimulator/KeyboardKitDependencies.o (in target 'KeyboardKitDependencies' from project 'KeyboardKit')
    cd /tmp/voxboard-notelet-verify-derived/SourcePackages/checkouts/KeyboardKit
    builtin-RegisterExecutionPolicyException /tmp/voxboard-notelet-verify-derived/Build/Products/Debug-iphonesimulator/KeyboardKitDependencies.o

SwiftExplicitDependencyGeneratePcm arm64 /tmp/voxboard-notelet-verify-derived/ModuleCache.noindex/HomeKit-1T5B606M4VDI6JSKXKQ0ROR17.pcm

SwiftExplicitDependencyGeneratePcm arm64 /tmp/voxboard-notelet-verify-derived/ModuleCache.noindex/MapKit-C3LHGLK5WVUAMIWS1HVXJL79U.pcm

SwiftExplicitDependencyGeneratePcm x86_64 /tmp/voxboard-notelet-verify-derived/ModuleCache.noindex/HomeKit-C1PDBHMQHD2U3VII7GDAMYIW9.pcm

SwiftExplicitDependencyGeneratePcm x86_64 /tmp/voxboard-notelet-verify-derived/ModuleCache.noindex/MapKit-6HBV7PEJCFDQXA6X1SKK01TO6.pcm

SwiftEmitModule normal arm64 Emitting\ module\ for\ FluidAudio (in target 'FluidAudio' from project 'FluidAudio')
EmitSwiftModule normal arm64 (in target 'FluidAudio' from project 'FluidAudio')
    cd /Users/codybontecou/projects/Voxboard/Voxboard.xcodeproj


SwiftCompile normal arm64 Compiling\ Qwen3StreamingManager.swift,\ WhisperMelSpectrogram.swift,\ SpeakerManager.swift,\ SpeakerOperations.swift,\ SpeakerTypes.swift,\ DiarizerManager.swift,\ DiarizerModels.swift,\ DiarizerTypes.swift,\ DiarizerTimeline.swift,\ EmbeddingExtractor.swift,\ LSEENDDatatypes.swift,\ LSEENDDiarizer.swift,\ LSEENDModelInference.swift,\ LSEENDPreprocessor.swift,\ AHCClustering.swift /tmp/voxboard-notelet-verify-derived/SourcePackages/checkouts/FluidAudio/Sources/FluidAudio/ASR/Qwen3/Qwen3StreamingManager.swift /tmp/voxboard-notelet-verify-derived/SourcePackages/checkouts/FluidAudio/Sources/FluidAudio/ASR/Qwen3/WhisperMelSpectrogram.swift /tmp/voxboard-notelet-verify-derived/SourcePackages/checkouts/FluidAudio/Sources/FluidAudio/Diarizer/Clustering/SpeakerManager.swift /tmp/voxboard-notelet-verify-derived/SourcePackages/checkouts/FluidAudio/Sources/FluidAudio/Diarizer/Clustering/SpeakerOperations.swift /tmp/voxboard-notelet-verify-derived/SourcePackages/checkouts/FluidAudio/Sources/FluidAudio/Diarizer/Clustering/SpeakerTypes.swift /tmp/voxboard-notelet-verify-derived/SourcePackages/checkouts/FluidAudio/Sources/FluidAudio/Diarizer/Core/DiarizerManager.swift /tmp/voxboard-notelet-verify-derived/SourcePackages/checkouts/FluidAudio/Sources/FluidAudio/Diarizer/Core/DiarizerModels.swift /tmp/voxboard-notelet-verify-derived/SourcePackages/checkouts/FluidAudio/Sources/FluidAudio/Diarizer/Core/DiarizerTypes.swift /tmp/voxboard-notelet-verify-derived/SourcePackages/checkouts/FluidAudio/Sources/FluidAudio/Diarizer/DiarizerTimeline.swift /tmp/voxboard-notelet-verify-derived/SourcePackages/checkouts/FluidAudio/Sources/FluidAudio/Diarizer/Extraction/EmbeddingExtractor.swift /tmp/voxboard-notelet-verify-derived/SourcePackages/checkouts/FluidAudio/Sources/FluidAudio/Diarizer/LS-EEND/LSEENDDatatypes.swift /tmp/voxboard-notelet-verify-derived/SourcePackages/checkouts/FluidAudio/Sources/FluidAudio/Diarizer/LS-EEND/LSEENDDiarizer.swift /tmp/voxboard-notelet-verify-derived/SourcePackages/checkouts/FluidAudio/Sources/FluidAudio/Diarizer/LS-EEND/LSEENDModelInference.swift /tmp/voxboard-notelet-verify-derived/SourcePackages/checkouts/FluidAudio/Sources/FluidAudio/Diarizer/LS-EEND/LSEENDPreprocessor.swift /tmp/voxboard-notelet-verify-derived/SourcePackages/checkouts/FluidAudio/Sources/FluidAudio/Diarizer/Offline/Clustering/AHCClustering.swift (in target 'FluidAudio' from project 'FluidAudio')
SwiftCompile normal arm64 /tmp/voxboard-notelet-verify-derived/SourcePackages/checkouts/FluidAudio/Sources/FluidAudio/ASR/Qwen3/Qwen3StreamingManager.swift (in target 'FluidAudio' from project 'FluidAudio')
    cd /Users/codybontecou/projects/Voxboard/Voxboard.xcodeproj


SwiftCompile normal arm64 /tmp/voxboard-notelet-verify-derived/SourcePackages/checkouts/FluidAudio/Sources/FluidAudio/ASR/Qwen3/WhisperMelSpectrogram.swift (in target 'FluidAudio' from project 'FluidAudio')
    cd /Users/codybontecou/projects/Voxboard/Voxboard.xcodeproj


SwiftCompile normal arm64 /tmp/voxboard-notelet-verify-derived/SourcePackages/checkouts/FluidAudio/Sources/FluidAudio/Diarizer/Clustering/SpeakerManager.swift (in target 'FluidAudio' from project 'FluidAudio')
    cd /Users/codybontecou/projects/Voxboard/Voxboard.xcodeproj


SwiftCompile normal arm64 /tmp/voxboard-notelet-verify-derived/SourcePackages/checkouts/FluidAudio/Sources/FluidAudio/Diarizer/Clustering/SpeakerOperations.swift (in target 'FluidAudio' from project 'FluidAudio')
    cd /Users/codybontecou/projects/Voxboard/Voxboard.xcodeproj


SwiftCompile normal arm64 /tmp/voxboard-notelet-verify-derived/SourcePackages/checkouts/FluidAudio/Sources/FluidAudio/Diarizer/Clustering/SpeakerTypes.swift (in target 'FluidAudio' from project 'FluidAudio')
    cd /Users/codybontecou/projects/Voxboard/Voxboard.xcodeproj


SwiftCompile normal arm64 /tmp/voxboard-notelet-verify-derived/SourcePackages/checkouts/FluidAudio/Sources/FluidAudio/Diarizer/Core/DiarizerManager.swift (in target 'FluidAudio' from project 'FluidAudio')
    cd /Users/codybontecou/projects/Voxboard/Voxboard.xcodeproj


SwiftCompile normal arm64 /tmp/voxboard-notelet-verify-derived/SourcePackages/checkouts/FluidAudio/Sources/FluidAudio/Diarizer/Core/DiarizerModels.swift (in target 'FluidAudio' from project 'FluidAudio')
    cd /Users/codybontecou/projects/Voxboard/Voxboard.xcodeproj


SwiftCompile normal arm64 /tmp/voxboard-notelet-verify-derived/SourcePackages/checkouts/FluidAudio/Sources/FluidAudio/Diarizer/Core/DiarizerTypes.swift (in target 'FluidAudio' from project 'FluidAudio')
    cd /Users/codybontecou/projects/Voxboard/Voxboard.xcodeproj


SwiftCompile normal arm64 /tmp/voxboard-notelet-verify-derived/SourcePackages/checkouts/FluidAudio/Sources/FluidAudio/Diarizer/DiarizerTimeline.swift (in target 'FluidAudio' from project 'FluidAudio')
    cd /Users/codybontecou/projects/Voxboard/Voxboard.xcodeproj


SwiftCompile normal arm64 /tmp/voxboard-notelet-verify-derived/SourcePackages/checkouts/FluidAudio/Sources/FluidAudio/Diarizer/Extraction/EmbeddingExtractor.swift (in target 'FluidAudio' from project 'FluidAudio')
    cd /Users/codybontecou/projects/Voxboard/Voxboard.xcodeproj


SwiftCompile normal arm64 /tmp/voxboard-notelet-verify-derived/SourcePackages/checkouts/FluidAudio/Sources/FluidAudio/Diarizer/LS-EEND/LSEENDDatatypes.swift (in target 'FluidAudio' from project 'FluidAudio')
    cd /Users/codybontecou/projects/Voxboard/Voxboard.xcodeproj


SwiftCompile normal arm64 /tmp/voxboard-notelet-verify-derived/SourcePackages/checkouts/FluidAudio/Sources/FluidAudio/Diarizer/LS-EEND/LSEENDDiarizer.swift (in target 'FluidAudio' from project 'FluidAudio')
    cd /Users/codybontecou/projects/Voxboard/Voxboard.xcodeproj


SwiftCompile normal arm64 /tmp/voxboard-notelet-verify-derived/SourcePackages/checkouts/FluidAudio/Sources/FluidAudio/Diarizer/LS-EEND/LSEENDModelInference.swift (in target 'FluidAudio' from project 'FluidAudio')
    cd /Users/codybontecou/projects/Voxboard/Voxboard.xcodeproj


SwiftCompile normal arm64 /tmp/voxboard-notelet-verify-derived/SourcePackages/checkouts/FluidAudio/Sources/FluidAudio/Diarizer/LS-EEND/LSEENDPreprocessor.swift (in target 'FluidAudio' from project 'FluidAudio')
    cd /Users/codybontecou/projects/Voxboard/Voxboard.xcodeproj


SwiftCompile normal arm64 /tmp/voxboard-notelet-verify-derived/SourcePackages/checkouts/FluidAudio/Sources/FluidAudio/Diarizer/Offline/Clustering/AHCClustering.swift (in target 'FluidAudio' from project 'FluidAudio')
    cd /Users/codybontecou/projects/Voxboard/Voxboard.xcodeproj


SwiftCompile normal arm64 Compiling\ AudioMelSpectrogram.swift,\ AudioSampleSource.swift,\ AudioSource.swift,\ AudioSourceFactory.swift,\ AudioStream.swift,\ MLArrayCache.swift,\ MLModel+Prediction.swift,\ MLModelConfigurationUtils.swift,\ ModelWarmup.swift,\ PerformanceMetrics.swift,\ ProgressEmitter.swift,\ StringUtils.swift,\ SystemInfo.swift,\ ZeroCopyFeatureProvider.swift,\ MultilingualG2PError.swift /tmp/voxboard-notelet-verify-derived/SourcePackages/checkouts/FluidAudio/Sources/FluidAudio/Shared/AudioMelSpectrogram.swift /tmp/voxboard-notelet-verify-derived/SourcePackages/checkouts/FluidAudio/Sources/FluidAudio/Shared/AudioSampleSource.swift /tmp/voxboard-notelet-verify-derived/SourcePackages/checkouts/FluidAudio/Sources/FluidAudio/Shared/AudioSource.swift /tmp/voxboard-notelet-verify-derived/SourcePackages/checkouts/FluidAudio/Sources/FluidAudio/Shared/AudioSourceFactory.swift /tmp/voxboard-notelet-verify-derived/SourcePackages/checkouts/FluidAudio/Sources/FluidAudio/Shared/AudioStream.swift /tmp/voxboard-notelet-verify-derived/SourcePackages/checkouts/FluidAudio/Sources/FluidAudio/Shared/MLArrayCache.swift /tmp/voxboard-notelet-verify-derived/SourcePackages/checkouts/FluidAudio/Sources/FluidAudio/Shared/MLModel+Prediction.swift /tmp/voxboard-notelet-verify-derived/SourcePackages/checkouts/FluidAudio/Sources/FluidAudio/Shared/MLModelConfigurationUtils.swift /tmp/voxboard-notelet-verify-derived/SourcePackages/checkouts/FluidAudio/Sources/FluidAudio/Shared/ModelWarmup.swift /tmp/voxboard-notelet-verify-derived/SourcePackages/checkouts/FluidAudio/Sources/FluidAudio/Shared/PerformanceMetrics.swift /tmp/voxboard-notelet-verify-derived/SourcePackages/checkouts/FluidAudio/Sources/FluidAudio/Shared/ProgressEmitter.swift /tmp/voxboard-notelet-verify-derived/SourcePackages/checkouts/FluidAudio/Sources/FluidAudio/Shared/StringUtils.swift /tmp/voxboard-notelet-verify-derived/SourcePackages/checkouts/FluidAudio/Sources/FluidAudio/Shared/SystemInfo.swift /tmp/voxboard-notelet-verify-derived/SourcePackages/checkouts/FluidAudio/Sources/FluidAudio/Shared/ZeroCopyFeatureProvider.swift /tmp/voxboard-notelet-verify-derived/SourcePackages/checkouts/FluidAudio/Sources/FluidAudio/TTS/G2P/MultilingualG2PError.swift (in target 'FluidAudio' from project 'FluidAudio')

SwiftCompile normal arm64 /tmp/voxboard-notelet-verify-derived/SourcePackages/checkouts/FluidAudio/Sources/FluidAudio/Shared/AudioMelSpectrogram.swift (in target 'FluidAudio' from project 'FluidAudio')
    cd /Users/codybontecou/projects/Voxboard/Voxboard.xcodeproj


SwiftCompile normal arm64 /tmp/voxboard-notelet-verify-derived/SourcePackages/checkouts/FluidAudio/Sources/FluidAudio/Shared/AudioSampleSource.swift (in target 'FluidAudio' from project 'FluidAudio')
    cd /Users/codybontecou/projects/Voxboard/Voxboard.xcodeproj


SwiftCompile normal arm64 /tmp/voxboard-notelet-verify-derived/SourcePackages/checkouts/FluidAudio/Sources/FluidAudio/Shared/AudioSource.swift (in target 'FluidAudio' from project 'FluidAudio')
    cd /Users/codybontecou/projects/Voxboard/Voxboard.xcodeproj


SwiftCompile normal arm64 /tmp/voxboard-notelet-verify-derived/SourcePackages/checkouts/FluidAudio/Sources/FluidAudio/Shared/AudioSourceFactory.swift (in target 'FluidAudio' from project 'FluidAudio')
    cd /Users/codybontecou/projects/Voxboard/Voxboard.xcodeproj


SwiftCompile normal arm64 /tmp/voxboard-notelet-verify-derived/SourcePackages/checkouts/FluidAudio/Sources/FluidAudio/Shared/AudioStream.swift (in target 'FluidAudio' from project 'FluidAudio')
    cd /Users/codybontecou/projects/Voxboard/Voxboard.xcodeproj


SwiftCompile normal arm64 /tmp/voxboard-notelet-verify-derived/SourcePackages/checkouts/FluidAudio/Sources/FluidAudio/Shared/MLArrayCache.swift (in target 'FluidAudio' from project 'FluidAudio')
    cd /Users/codybontecou/projects/Voxboard/Voxboard.xcodeproj


SwiftCompile normal arm64 /tmp/voxboard-notelet-verify-derived/SourcePackages/checkouts/FluidAudio/Sources/FluidAudio/Shared/MLModel+Prediction.swift (in target 'FluidAudio' from project 'FluidAudio')
    cd /Users/codybontecou/projects/Voxboard/Voxboard.xcodeproj


SwiftCompile normal arm64 /tmp/voxboard-notelet-verify-derived/SourcePackages/checkouts/FluidAudio/Sources/FluidAudio/Shared/MLModelConfigurationUtils.swift (in target 'FluidAudio' from project 'FluidAudio')
    cd /Users/codybontecou/projects/Voxboard/Voxboard.xcodeproj


SwiftCompile normal arm64 /tmp/voxboard-notelet-verify-derived/SourcePackages/checkouts/FluidAudio/Sources/FluidAudio/Shared/ModelWarmup.swift (in target 'FluidAudio' from project 'FluidAudio')
    cd /Users/codybontecou/projects/Voxboard/Voxboard.xcodeproj


SwiftCompile normal arm64 /tmp/voxboard-notelet-verify-derived/SourcePackages/checkouts/FluidAudio/Sources/FluidAudio/Shared/PerformanceMetrics.swift (in target 'FluidAudio' from project 'FluidAudio')
    cd /Users/codybontecou/projects/Voxboard/Voxboard.xcodeproj


SwiftCompile normal arm64 /tmp/voxboard-notelet-verify-derived/SourcePackages/checkouts/FluidAudio/Sources/FluidAudio/Shared/ProgressEmitter.swift (in target 'FluidAudio' from project 'FluidAudio')
    cd /Users/codybontecou/projects/Voxboard/Voxboard.xcodeproj


SwiftCompile normal arm64 /tmp/voxboard-notelet-verify-derived/SourcePackages/checkouts/FluidAudio/Sources/FluidAudio/Shared/StringUtils.swift (in target 'FluidAudio' from project 'FluidAudio')
    cd /Users/codybontecou/projects/Voxboard/Voxboard.xcodeproj


SwiftCompile normal arm64 /tmp/voxboard-notelet-verify-derived/SourcePackages/checkouts/FluidAudio/Sources/FluidAudio/Shared/SystemInfo.swift (in target 'FluidAudio' from project 'FluidAudio')
    cd /Users/codybontecou/projects/Voxboard/Voxboard.xcodeproj


SwiftCompile normal arm64 /tmp/voxboard-notelet-verify-derived/SourcePackages/checkouts/FluidAudio/Sources/FluidAudio/Shared/ZeroCopyFeatureProvider.swift (in target 'FluidAudio' from project 'FluidAudio')
    cd /Users/codybontecou/projects/Voxboard/Voxboard.xcodeproj


SwiftCompile normal arm64 /tmp/voxboard-notelet-verify-derived/SourcePackages/checkouts/FluidAudio/Sources/FluidAudio/TTS/G2P/MultilingualG2PError.swift (in target 'FluidAudio' from project 'FluidAudio')
    cd /Users/codybontecou/projects/Voxboard/Voxboard.xcodeproj


SwiftCompile normal arm64 Compiling\ SlidingWindowAsrSession.swift,\ StreamingEouAsrManager.swift,\ NemotronChunkSize.swift,\ NemotronStreamingAsrManager+Pipeline.swift,\ NemotronStreamingAsrManager.swift,\ NemotronStreamingConfig.swift,\ ParakeetModelVariant.swift,\ RnntDecoder.swift,\ StreamingAsrEngine.swift,\ StreamingAsrEngineFactory.swift,\ Tokenizer.swift,\ Qwen3AsrConfig.swift,\ Qwen3AsrManager.swift,\ Qwen3AsrModels.swift,\ Qwen3RoPE.swift /tmp/voxboard-notelet-verify-derived/SourcePackages/checkouts/FluidAudio/Sources/FluidAudio/ASR/Parakeet/SlidingWindow/SlidingWindowAsrSession.swift /tmp/voxboard-notelet-verify-derived/SourcePackages/checkouts/FluidAudio/Sources/FluidAudio/ASR/Parakeet/Streaming/EOU/StreamingEouAsrManager.swift /tmp/voxboard-notelet-verify-derived/SourcePackages/checkouts/FluidAudio/Sources/FluidAudio/ASR/Parakeet/Streaming/Nemotron/NemotronChunkSize.swift /tmp/voxboard-notelet-verify-derived/SourcePackages/checkouts/FluidAudio/Sources/FluidAudio/ASR/Parakeet/Streaming/Nemotron/NemotronStreamingAsrManager+Pipeline.swift /tmp/voxboard-notelet-verify-derived/SourcePackages/checkouts/FluidAudio/Sources/FluidAudio/ASR/Parakeet/Streaming/Nemotron/NemotronStreamingAsrManager.swift /tmp/voxboard-notelet-verify-derived/SourcePackages/checkouts/FluidAudio/Sources/FluidAudio/ASR/Parakeet/Streaming/Nemotron/NemotronStreamingConfig.swift /tmp/voxboard-notelet-verify-derived/SourcePackages/checkouts/FluidAudio/Sources/FluidAudio/ASR/Parakeet/Streaming/ParakeetModelVariant.swift /tmp/voxboard-notelet-verify-derived/SourcePackages/checkouts/FluidAudio/Sources/FluidAudio/ASR/Parakeet/Streaming/RnntDecoder.swift /tmp/voxboard-notelet-verify-derived/SourcePackages/checkouts/FluidAudio/Sources/FluidAudio/ASR/Parakeet/Streaming/StreamingAsrEngine.swift /tmp/voxboard-notelet-verify-derived/SourcePackages/checkouts/FluidAudio/Sources/FluidAudio/ASR/Parakeet/Streaming/StreamingAsrEngineFactory.swift /tmp/voxboard-notelet-verify-derived/SourcePackages/checkouts/FluidAudio/Sources/FluidAudio/ASR/Parakeet/Streaming/Tokenizer.swift /tmp/voxboard-notelet-verify-derived/SourcePackages/checkouts/FluidAudio/Sources/FluidAudio/ASR/Qwen3/Qwen3AsrConfig.swift /tmp/voxboard-notelet-verify-derived/SourcePackages/checkouts/FluidAudio/Sources/FluidAudio/ASR/Qwen3/Qwen3AsrManager.swift /tmp/voxboard-notelet-verify-derived/SourcePackages/checkouts/FluidAudio/Sources/FluidAudio/ASR/Qwen3/Qwen3AsrModels.swift /tmp/voxboard-notelet-verify-derived/SourcePackages/checkouts/FluidAudio/Sources/FluidAudio/ASR/Qwen3/Qwen3RoPE.swift (in target 'FluidAudio' from project 'FluidAudio')

SwiftCompile normal arm64 /tmp/voxboard-notelet-verify-derived/SourcePackages/checkouts/FluidAudio/Sources/FluidAudio/ASR/Parakeet/SlidingWindow/SlidingWindowAsrSession.swift (in target 'FluidAudio' from project 'FluidAudio')
    cd /Users/codybontecou/projects/Voxboard/Voxboard.xcodeproj


SwiftCompile normal arm64 /tmp/voxboard-notelet-verify-derived/SourcePackages/checkouts/FluidAudio/Sources/FluidAudio/ASR/Parakeet/Streaming/EOU/StreamingEouAsrManager.swift (in target 'FluidAudio' from project 'FluidAudio')
    cd /Users/codybontecou/projects/Voxboard/Voxboard.xcodeproj


SwiftCompile normal arm64 /tmp/voxboard-notelet-verify-derived/SourcePackages/checkouts/FluidAudio/Sources/FluidAudio/ASR/Parakeet/Streaming/Nemotron/NemotronChunkSize.swift (in target 'FluidAudio' from project 'FluidAudio')
    cd /Users/codybontecou/projects/Voxboard/Voxboard.xcodeproj


SwiftCompile normal arm64 /tmp/voxboard-notelet-verify-derived/SourcePackages/checkouts/FluidAudio/Sources/FluidAudio/ASR/Parakeet/Streaming/Nemotron/NemotronStreamingAsrManager+Pipeline.swift (in target 'FluidAudio' from project 'FluidAudio')
    cd /Users/codybontecou/projects/Voxboard/Voxboard.xcodeproj


SwiftCompile normal arm64 /tmp/voxboard-notelet-verify-derived/SourcePackages/checkouts/FluidAudio/Sources/FluidAudio/ASR/Parakeet/Streaming/Nemotron/NemotronStreamingAsrManager.swift (in target 'FluidAudio' from project 'FluidAudio')
    cd /Users/codybontecou/projects/Voxboard/Voxboard.xcodeproj


SwiftCompile normal arm64 /tmp/voxboard-notelet-verify-derived/SourcePackages/checkouts/FluidAudio/Sources/FluidAudio/ASR/Parakeet/Streaming/Nemotron/NemotronStreamingConfig.swift (in target 'FluidAudio' from project 'FluidAudio')
    cd /Users/codybontecou/projects/Voxboard/Voxboard.xcodeproj


SwiftCompile normal arm64 /tmp/voxboard-notelet-verify-derived/SourcePackages/checkouts/FluidAudio/Sources/FluidAudio/ASR/Parakeet/Streaming/ParakeetModelVariant.swift (in target 'FluidAudio' from project 'FluidAudio')
    cd /Users/codybontecou/projects/Voxboard/Voxboard.xcodeproj


SwiftCompile normal arm64 /tmp/voxboard-notelet-verify-derived/SourcePackages/checkouts/FluidAudio/Sources/FluidAudio/ASR/Parakeet/Streaming/RnntDecoder.swift (in target 'FluidAudio' from project 'FluidAudio')
    cd /Users/codybontecou/projects/Voxboard/Voxboard.xcodeproj


SwiftCompile normal arm64 /tmp/voxboard-notelet-verify-derived/SourcePackages/checkouts/FluidAudio/Sources/FluidAudio/ASR/Parakeet/Streaming/StreamingAsrEngine.swift (in target 'FluidAudio' from project 'FluidAudio')
    cd /Users/codybontecou/projects/Voxboard/Voxboard.xcodeproj


SwiftCompile normal arm64 /tmp/voxboard-notelet-verify-derived/SourcePackages/checkouts/FluidAudio/Sources/FluidAudio/ASR/Parakeet/Streaming/StreamingAsrEngineFactory.swift (in target 'FluidAudio' from project 'FluidAudio')
    cd /Users/codybontecou/projects/Voxboard/Voxboard.xcodeproj


SwiftCompile normal arm64 /tmp/voxboard-notelet-verify-derived/SourcePackages/checkouts/FluidAudio/Sources/FluidAudio/ASR/Parakeet/Streaming/Tokenizer.swift (in target 'FluidAudio' from project 'FluidAudio')
    cd /Users/codybontecou/projects/Voxboard/Voxboard.xcodeproj


SwiftCompile normal arm64 /tmp/voxboard-notelet-verify-derived/SourcePackages/checkouts/FluidAudio/Sources/FluidAudio/ASR/Qwen3/Qwen3AsrConfig.swift (in target 'FluidAudio' from project 'FluidAudio')
    cd /Users/codybontecou/projects/Voxboard/Voxboard.xcodeproj


SwiftCompile normal arm64 /tmp/voxboard-notelet-verify-derived/SourcePackages/checkouts/FluidAudio/Sources/FluidAudio/ASR/Qwen3/Qwen3AsrManager.swift (in target 'FluidAudio' from project 'FluidAudio')
    cd /Users/codybontecou/projects/Voxboard/Voxboard.xcodeproj


SwiftCompile normal arm64 /tmp/voxboard-notelet-verify-derived/SourcePackages/checkouts/FluidAudio/Sources/FluidAudio/ASR/Qwen3/Qwen3AsrModels.swift (in target 'FluidAudio' from project 'FluidAudio')
    cd /Users/codybontecou/projects/Voxboard/Voxboard.xcodeproj


SwiftCompile normal arm64 /tmp/voxboard-notelet-verify-derived/SourcePackages/checkouts/FluidAudio/Sources/FluidAudio/ASR/Qwen3/Qwen3RoPE.swift (in target 'FluidAudio' from project 'FluidAudio')
    cd /Users/codybontecou/projects/Voxboard/Voxboard.xcodeproj


SwiftDriverJobDiscovery normal arm64 Compiling ExportDestinationWriting.swift (in target 'ExportKit' from project 'ExportKit')

SwiftCompile normal arm64 Compiling\ KokoroSynthesizer+VoiceEmbeddings.swift,\ KokoroSynthesizer.swift,\ TtsCustomLexicon.swift,\ PocketTtsConstantsLoader.swift,\ PocketTtsResourceDownloader.swift,\ PocketTtsModelStore.swift,\ PocketTtsSynthesizer+Flow.swift,\ PocketTtsSynthesizer+KVCache.swift,\ PocketTtsSynthesizer+Mimi.swift,\ PocketTtsSynthesizer+Types.swift,\ PocketTtsSynthesizer.swift,\ PocketTtsVoiceCloner.swift,\ PocketTTSError.swift,\ PocketTtsConstants.swift,\ PocketTtsManager.swift /tmp/voxboard-notelet-verify-derived/SourcePackages/checkouts/FluidAudio/Sources/FluidAudio/TTS/Kokoro/Pipeline/Synthesize/KokoroSynthesizer+VoiceEmbeddings.swift /tmp/voxboard-notelet-verify-derived/SourcePackages/checkouts/FluidAudio/Sources/FluidAudio/TTS/Kokoro/Pipeline/Synthesize/KokoroSynthesizer.swift /tmp/voxboard-notelet-verify-derived/SourcePackages/checkouts/FluidAudio/Sources/FluidAudio/TTS/Kokoro/TtsCustomLexicon.swift /tmp/voxboard-notelet-verify-derived/SourcePackages/checkouts/FluidAudio/Sources/FluidAudio/TTS/PocketTTS/Assets/PocketTtsConstantsLoader.swift /tmp/voxboard-notelet-verify-derived/SourcePackages/checkouts/FluidAudio/Sources/FluidAudio/TTS/PocketTTS/Assets/PocketTtsResourceDownloader.swift /tmp/voxboard-notelet-verify-derived/SourcePackages/checkouts/FluidAudio/Sources/FluidAudio/TTS/PocketTTS/Pipeline/PocketTtsModelStore.swift /tmp/voxboard-notelet-verify-derived/SourcePackages/checkouts/FluidAudio/Sources/FluidAudio/TTS/PocketTTS/Pipeline/PocketTtsSynthesizer+Flow.swift /tmp/voxboard-notelet-verify-derived/SourcePackages/checkouts/FluidAudio/Sources/FluidAudio/TTS/PocketTTS/Pipeline/PocketTtsSynthesizer+KVCache.swift /tmp/voxboard-notelet-verify-derived/SourcePackages/checkouts/FluidAudio/Sources/FluidAudio/TTS/PocketTTS/Pipeline/PocketTtsSynthesizer+Mimi.swift /tmp/voxboard-notelet-verify-derived/SourcePackages/checkouts/FluidAudio/Sources/FluidAudio/TTS/PocketTTS/Pipeline/PocketTtsSynthesizer+Types.swift /tmp/voxboard-notelet-verify-derived/SourcePackages/checkouts/FluidAudio/Sources/FluidAudio/TTS/PocketTTS/Pipeline/PocketTtsSynthesizer.swift /tmp/voxboard-notelet-verify-derived/SourcePackages/checkouts/FluidAudio/Sources/FluidAudio/TTS/PocketTTS/Pipeline/PocketTtsVoiceCloner.swift /tmp/voxboard-notelet-verify-derived/SourcePackages/checkouts/FluidAudio/Sources/FluidAudio/TTS/PocketTTS/PocketTTSError.swift /tmp/voxboard-notelet-verify-derived/SourcePackages/checkouts/FluidAudio/Sources/FluidAudio/TTS/PocketTTS/PocketTtsConstants.swift /tmp/voxboard-notelet-verify-derived/SourcePackages/checkouts/FluidAudio/Sources/FluidAudio/TTS/PocketTTS/PocketTtsManager.swift (in target 'FluidAudio' from project 'FluidAudio')

SwiftCompile normal arm64 /tmp/voxboard-notelet-verify-derived/SourcePackages/checkouts/FluidAudio/Sources/FluidAudio/TTS/Kokoro/Pipeline/Synthesize/KokoroSynthesizer+VoiceEmbeddings.swift (in target 'FluidAudio' from project 'FluidAudio')
    cd /Users/codybontecou/projects/Voxboard/Voxboard.xcodeproj


SwiftCompile normal arm64 /tmp/voxboard-notelet-verify-derived/SourcePackages/checkouts/FluidAudio/Sources/FluidAudio/TTS/Kokoro/Pipeline/Synthesize/KokoroSynthesizer.swift (in target 'FluidAudio' from project 'FluidAudio')
    cd /Users/codybontecou/projects/Voxboard/Voxboard.xcodeproj


SwiftCompile normal arm64 /tmp/voxboard-notelet-verify-derived/SourcePackages/checkouts/FluidAudio/Sources/FluidAudio/TTS/Kokoro/TtsCustomLexicon.swift (in target 'FluidAudio' from project 'FluidAudio')
    cd /Users/codybontecou/projects/Voxboard/Voxboard.xcodeproj


SwiftCompile normal arm64 /tmp/voxboard-notelet-verify-derived/SourcePackages/checkouts/FluidAudio/Sources/FluidAudio/TTS/PocketTTS/Assets/PocketTtsConstantsLoader.swift (in target 'FluidAudio' from project 'FluidAudio')
    cd /Users/codybontecou/projects/Voxboard/Voxboard.xcodeproj


SwiftCompile normal arm64 /tmp/voxboard-notelet-verify-derived/SourcePackages/checkouts/FluidAudio/Sources/FluidAudio/TTS/PocketTTS/Assets/PocketTtsResourceDownloader.swift (in target 'FluidAudio' from project 'FluidAudio')
    cd /Users/codybontecou/projects/Voxboard/Voxboard.xcodeproj


SwiftCompile normal arm64 /tmp/voxboard-notelet-verify-derived/SourcePackages/checkouts/FluidAudio/Sources/FluidAudio/TTS/PocketTTS/Pipeline/PocketTtsModelStore.swift (in target 'FluidAudio' from project 'FluidAudio')
    cd /Users/codybontecou/projects/Voxboard/Voxboard.xcodeproj


SwiftCompile normal arm64 /tmp/voxboard-notelet-verify-derived/SourcePackages/checkouts/FluidAudio/Sources/FluidAudio/TTS/PocketTTS/Pipeline/PocketTtsSynthesizer+Flow.swift (in target 'FluidAudio' from project 'FluidAudio')
    cd /Users/codybontecou/projects/Voxboard/Voxboard.xcodeproj


SwiftCompile normal arm64 /tmp/voxboard-notelet-verify-derived/SourcePackages/checkouts/FluidAudio/Sources/FluidAudio/TTS/PocketTTS/Pipeline/PocketTtsSynthesizer+KVCache.swift (in target 'FluidAudio' from project 'FluidAudio')
    cd /Users/codybontecou/projects/Voxboard/Voxboard.xcodeproj


SwiftCompile normal arm64 /tmp/voxboard-notelet-verify-derived/SourcePackages/checkouts/FluidAudio/Sources/FluidAudio/TTS/PocketTTS/Pipeline/PocketTtsSynthesizer+Mimi.swift (in target 'FluidAudio' from project 'FluidAudio')
    cd /Users/codybontecou/projects/Voxboard/Voxboard.xcodeproj


SwiftCompile normal arm64 /tmp/voxboard-notelet-verify-derived/SourcePackages/checkouts/FluidAudio/Sources/FluidAudio/TTS/PocketTTS/Pipeline/PocketTtsSynthesizer+Types.swift (in target 'FluidAudio' from project 'FluidAudio')
    cd /Users/codybontecou/projects/Voxboard/Voxboard.xcodeproj


SwiftCompile normal arm64 /tmp/voxboard-notelet-verify-derived/SourcePackages/checkouts/FluidAudio/Sources/FluidAudio/TTS/PocketTTS/Pipeline/PocketTtsSynthesizer.swift (in target 'FluidAudio' from project 'FluidAudio')
    cd /Users/codybontecou/projects/Voxboard/Voxboard.xcodeproj


SwiftCompile normal arm64 /tmp/voxboard-notelet-verify-derived/SourcePackages/checkouts/FluidAudio/Sources/FluidAudio/TTS/PocketTTS/Pipeline/PocketTtsVoiceCloner.swift (in target 'FluidAudio' from project 'FluidAudio')
    cd /Users/codybontecou/projects/Voxboard/Voxboard.xcodeproj


SwiftCompile normal arm64 /tmp/voxboard-notelet-verify-derived/SourcePackages/checkouts/FluidAudio/Sources/FluidAudio/TTS/PocketTTS/PocketTTSError.swift (in target 'FluidAudio' from project 'FluidAudio')
    cd /Users/codybontecou/projects/Voxboard/Voxboard.xcodeproj


SwiftCompile normal arm64 /tmp/voxboard-notelet-verify-derived/SourcePackages/checkouts/FluidAudio/Sources/FluidAudio/TTS/PocketTTS/PocketTtsConstants.swift (in target 'FluidAudio' from project 'FluidAudio')
    cd /Users/codybontecou/projects/Voxboard/Voxboard.xcodeproj


SwiftCompile normal arm64 /tmp/voxboard-notelet-verify-derived/SourcePackages/checkouts/FluidAudio/Sources/FluidAudio/TTS/PocketTTS/PocketTtsManager.swift (in target 'FluidAudio' from project 'FluidAudio')
    cd /Users/codybontecou/projects/Voxboard/Voxboard.xcodeproj


SwiftDriverJobDiscovery normal arm64 Compiling ExportPathPlanning.swift (in target 'ExportKit' from project 'ExportKit')

SwiftCompile normal arm64 Compiling\ SortformerDiarizer.swift,\ SortformerModelInference.swift,\ SortformerStateUpdater.swift,\ SortformerTypes.swift,\ DownloadUtils.swift,\ FluidAudioSwift.swift,\ TextNormalizer.swift,\ ModelNames.swift,\ ModelRegistry.swift,\ ANEMemoryOptimizer.swift,\ ANEMemoryUtils.swift,\ ASRConstants.swift,\ AppLogger.swift,\ AssetDownloader.swift,\ AudioConverter.swift /tmp/voxboard-notelet-verify-derived/SourcePackages/checkouts/FluidAudio/Sources/FluidAudio/Diarizer/Sortformer/SortformerDiarizer.swift /tmp/voxboard-notelet-verify-derived/SourcePackages/checkouts/FluidAudio/Sources/FluidAudio/Diarizer/Sortformer/SortformerModelInference.swift /tmp/voxboard-notelet-verify-derived/SourcePackages/checkouts/FluidAudio/Sources/FluidAudio/Diarizer/Sortformer/SortformerStateUpdater.swift /tmp/voxboard-notelet-verify-derived/SourcePackages/checkouts/FluidAudio/Sources/FluidAudio/Diarizer/Sortformer/SortformerTypes.swift /tmp/voxboard-notelet-verify-derived/SourcePackages/checkouts/FluidAudio/Sources/FluidAudio/DownloadUtils.swift /tmp/voxboard-notelet-verify-derived/SourcePackages/checkouts/FluidAudio/Sources/FluidAudio/FluidAudioSwift.swift /tmp/voxboard-notelet-verify-derived/SourcePackages/checkouts/FluidAudio/Sources/FluidAudio/ITN/TextNormalizer.swift /tmp/voxboard-notelet-verify-derived/SourcePackages/checkouts/FluidAudio/Sources/FluidAudio/ModelNames.swift /tmp/voxboard-notelet-verify-derived/SourcePackages/checkouts/FluidAudio/Sources/FluidAudio/ModelRegistry.swift /tmp/voxboard-notelet-verify-derived/SourcePackages/checkouts/FluidAudio/Sources/FluidAudio/Shared/ANEMemoryOptimizer.swift /tmp/voxboard-notelet-verify-derived/SourcePackages/checkouts/FluidAudio/Sources/FluidAudio/Shared/ANEMemoryUtils.swift /tmp/voxboard-notelet-verify-derived/SourcePackages/checkouts/FluidAudio/Sources/FluidAudio/Shared/ASRConstants.swift /tmp/voxboard-notelet-verify-derived/SourcePackages/checkouts/FluidAudio/Sources/FluidAudio/Shared/AppLogger.swift /tmp/voxboard-notelet-verify-derived/SourcePackages/checkouts/FluidAudio/Sources/FluidAudio/Shared/AssetDownloader.swift /tmp/voxboard-notelet-verify-derived/SourcePackages/checkouts/FluidAudio/Sources/FluidAudio/Shared/AudioConverter.swift (in target 'FluidAudio' from project 'FluidAudio')

SwiftCompile normal arm64 /tmp/voxboard-notelet-verify-derived/SourcePackages/checkouts/FluidAudio/Sources/FluidAudio/Diarizer/Sortformer/SortformerDiarizer.swift (in target 'FluidAudio' from project 'FluidAudio')
    cd /Users/codybontecou/projects/Voxboard/Voxboard.xcodeproj


SwiftCompile normal arm64 /tmp/voxboard-notelet-verify-derived/SourcePackages/checkouts/FluidAudio/Sources/FluidAudio/Diarizer/Sortformer/SortformerModelInference.swift (in target 'FluidAudio' from project 'FluidAudio')
    cd /Users/codybontecou/projects/Voxboard/Voxboard.xcodeproj


SwiftCompile normal arm64 /tmp/voxboard-notelet-verify-derived/SourcePackages/checkouts/FluidAudio/Sources/FluidAudio/Diarizer/Sortformer/SortformerStateUpdater.swift (in target 'FluidAudio' from project 'FluidAudio')
    cd /Users/codybontecou/projects/Voxboard/Voxboard.xcodeproj


SwiftCompile normal arm64 /tmp/voxboard-notelet-verify-derived/SourcePackages/checkouts/FluidAudio/Sources/FluidAudio/Diarizer/Sortformer/SortformerTypes.swift (in target 'FluidAudio' from project 'FluidAudio')
    cd /Users/codybontecou/projects/Voxboard/Voxboard.xcodeproj


SwiftCompile normal arm64 /tmp/voxboard-notelet-verify-derived/SourcePackages/checkouts/FluidAudio/Sources/FluidAudio/DownloadUtils.swift (in target 'FluidAudio' from project 'FluidAudio')
    cd /Users/codybontecou/projects/Voxboard/Voxboard.xcodeproj


SwiftCompile normal arm64 /tmp/voxboard-notelet-verify-derived/SourcePackages/checkouts/FluidAudio/Sources/FluidAudio/FluidAudioSwift.swift (in target 'FluidAudio' from project 'FluidAudio')
    cd /Users/codybontecou/projects/Voxboard/Voxboard.xcodeproj


SwiftCompile normal arm64 /tmp/voxboard-notelet-verify-derived/SourcePackages/checkouts/FluidAudio/Sources/FluidAudio/ITN/TextNormalizer.swift (in target 'FluidAudio' from project 'FluidAudio')
    cd /Users/codybontecou/projects/Voxboard/Voxboard.xcodeproj


SwiftCompile normal arm64 /tmp/voxboard-notelet-verify-derived/SourcePackages/checkouts/FluidAudio/Sources/FluidAudio/ModelNames.swift (in target 'FluidAudio' from project 'FluidAudio')
    cd /Users/codybontecou/projects/Voxboard/Voxboard.xcodeproj


SwiftCompile normal arm64 /tmp/voxboard-notelet-verify-derived/SourcePackages/checkouts/FluidAudio/Sources/FluidAudio/ModelRegistry.swift (in target 'FluidAudio' from project 'FluidAudio')
    cd /Users/codybontecou/projects/Voxboard/Voxboard.xcodeproj


SwiftCompile normal arm64 /tmp/voxboard-notelet-verify-derived/SourcePackages/checkouts/FluidAudio/Sources/FluidAudio/Shared/ANEMemoryOptimizer.swift (in target 'FluidAudio' from project 'FluidAudio')
    cd /Users/codybontecou/projects/Voxboard/Voxboard.xcodeproj


SwiftCompile normal arm64 /tmp/voxboard-notelet-verify-derived/SourcePackages/checkouts/FluidAudio/Sources/FluidAudio/Shared/ANEMemoryUtils.swift (in target 'FluidAudio' from project 'FluidAudio')
    cd /Users/codybontecou/projects/Voxboard/Voxboard.xcodeproj


SwiftCompile normal arm64 /tmp/voxboard-notelet-verify-derived/SourcePackages/checkouts/FluidAudio/Sources/FluidAudio/Shared/ASRConstants.swift (in target 'FluidAudio' from project 'FluidAudio')
    cd /Users/codybontecou/projects/Voxboard/Voxboard.xcodeproj


SwiftCompile normal arm64 /tmp/voxboard-notelet-verify-derived/SourcePackages/checkouts/FluidAudio/Sources/FluidAudio/Shared/AppLogger.swift (in target 'FluidAudio' from project 'FluidAudio')
    cd /Users/codybontecou/projects/Voxboard/Voxboard.xcodeproj


SwiftCompile normal arm64 /tmp/voxboard-notelet-verify-derived/SourcePackages/checkouts/FluidAudio/Sources/FluidAudio/Shared/AssetDownloader.swift (in target 'FluidAudio' from project 'FluidAudio')
    cd /Users/codybontecou/projects/Voxboard/Voxboard.xcodeproj


SwiftCompile normal arm64 /tmp/voxboard-notelet-verify-derived/SourcePackages/checkouts/FluidAudio/Sources/FluidAudio/Shared/AudioConverter.swift (in target 'FluidAudio' from project 'FluidAudio')
    cd /Users/codybontecou/projects/Voxboard/Voxboard.xcodeproj


SwiftCompile normal arm64 Compiling\ KMeansClustering.swift,\ SpeakerCountConstraints.swift,\ VBxClustering.swift,\ OfflineDiarizerManager.swift,\ OfflineDiarizerModels.swift,\ OfflineDiarizerTypes.swift,\ OfflineEmbeddingExtractor.swift,\ PLDATransform.swift,\ WeightInterpolation.swift,\ OfflineSegmentationProcessor.swift,\ OfflineReconstruction.swift,\ VDSPOperations.swift,\ AudioValidation.swift,\ SegmentationProcessor.swift,\ SlidingWindow.swift /tmp/voxboard-notelet-verify-derived/SourcePackages/checkouts/FluidAudio/Sources/FluidAudio/Diarizer/Offline/Clustering/KMeansClustering.swift /tmp/voxboard-notelet-verify-derived/SourcePackages/checkouts/FluidAudio/Sources/FluidAudio/Diarizer/Offline/Clustering/SpeakerCountConstraints.swift /tmp/voxboard-notelet-verify-derived/SourcePackages/checkouts/FluidAudio/Sources/FluidAudio/Diarizer/Offline/Clustering/VBxClustering.swift /tmp/voxboard-notelet-verify-derived/SourcePackages/checkouts/FluidAudio/Sources/FluidAudio/Diarizer/Offline/Core/OfflineDiarizerManager.swift /tmp/voxboard-notelet-verify-derived/SourcePackages/checkouts/FluidAudio/Sources/FluidAudio/Diarizer/Offline/Core/OfflineDiarizerModels.swift /tmp/voxboard-notelet-verify-derived/SourcePackages/checkouts/FluidAudio/Sources/FluidAudio/Diarizer/Offline/Core/OfflineDiarizerTypes.swift /tmp/voxboard-notelet-verify-derived/SourcePackages/checkouts/FluidAudio/Sources/FluidAudio/Diarizer/Offline/Extraction/OfflineEmbeddingExtractor.swift /tmp/voxboard-notelet-verify-derived/SourcePackages/checkouts/FluidAudio/Sources/FluidAudio/Diarizer/Offline/Extraction/PLDATransform.swift /tmp/voxboard-notelet-verify-derived/SourcePackages/checkouts/FluidAudio/Sources/FluidAudio/Diarizer/Offline/Extraction/WeightInterpolation.swift /tmp/voxboard-notelet-verify-derived/SourcePackages/checkouts/FluidAudio/Sources/FluidAudio/Diarizer/Offline/Segmentation/OfflineSegmentationProcessor.swift /tmp/voxboard-notelet-verify-derived/SourcePackages/checkouts/FluidAudio/Sources/FluidAudio/Diarizer/Offline/Utils/OfflineReconstruction.swift /tmp/voxboard-notelet-verify-derived/SourcePackages/checkouts/FluidAudio/Sources/FluidAudio/Diarizer/Offline/Utils/VDSPOperations.swift /tmp/voxboard-notelet-verify-derived/SourcePackages/checkouts/FluidAudio/Sources/FluidAudio/Diarizer/Segmentation/AudioValidation.swift /tmp/voxboard-notelet-verify-derived/SourcePackages/checkouts/FluidAudio/Sources/FluidAudio/Diarizer/Segmentation/SegmentationProcessor.swift /tmp/voxboard-notelet-verify-derived/SourcePackages/checkouts/FluidAudio/Sources/FluidAudio/Diarizer/Segmentation/SlidingWindow.swift (in target 'FluidAudio' from project 'FluidAudio')

SwiftCompile normal arm64 /tmp/voxboard-notelet-verify-derived/SourcePackages/checkouts/FluidAudio/Sources/FluidAudio/Diarizer/Offline/Clustering/KMeansClustering.swift (in target 'FluidAudio' from project 'FluidAudio')
    cd /Users/codybontecou/projects/Voxboard/Voxboard.xcodeproj


SwiftCompile normal arm64 /tmp/voxboard-notelet-verify-derived/SourcePackages/checkouts/FluidAudio/Sources/FluidAudio/Diarizer/Offline/Clustering/SpeakerCountConstraints.swift (in target 'FluidAudio' from project 'FluidAudio')
    cd /Users/codybontecou/projects/Voxboard/Voxboard.xcodeproj


SwiftCompile normal arm64 /tmp/voxboard-notelet-verify-derived/SourcePackages/checkouts/FluidAudio/Sources/FluidAudio/Diarizer/Offline/Clustering/VBxClustering.swift (in target 'FluidAudio' from project 'FluidAudio')
    cd /Users/codybontecou/projects/Voxboard/Voxboard.xcodeproj


SwiftCompile normal arm64 /tmp/voxboard-notelet-verify-derived/SourcePackages/checkouts/FluidAudio/Sources/FluidAudio/Diarizer/Offline/Core/OfflineDiarizerManager.swift (in target 'FluidAudio' from project 'FluidAudio')
    cd /Users/codybontecou/projects/Voxboard/Voxboard.xcodeproj


SwiftCompile normal arm64 /tmp/voxboard-notelet-verify-derived/SourcePackages/checkouts/FluidAudio/Sources/FluidAudio/Diarizer/Offline/Core/OfflineDiarizerModels.swift (in target 'FluidAudio' from project 'FluidAudio')
    cd /Users/codybontecou/projects/Voxboard/Voxboard.xcodeproj


SwiftCompile normal arm64 /tmp/voxboard-notelet-verify-derived/SourcePackages/checkouts/FluidAudio/Sources/FluidAudio/Diarizer/Offline/Core/OfflineDiarizerTypes.swift (in target 'FluidAudio' from project 'FluidAudio')
    cd /Users/codybontecou/projects/Voxboard/Voxboard.xcodeproj


SwiftCompile normal arm64 /tmp/voxboard-notelet-verify-derived/SourcePackages/checkouts/FluidAudio/Sources/FluidAudio/Diarizer/Offline/Extraction/OfflineEmbeddingExtractor.swift (in target 'FluidAudio' from project 'FluidAudio')
    cd /Users/codybontecou/projects/Voxboard/Voxboard.xcodeproj


SwiftCompile normal arm64 /tmp/voxboard-notelet-verify-derived/SourcePackages/checkouts/FluidAudio/Sources/FluidAudio/Diarizer/Offline/Extraction/PLDATransform.swift (in target 'FluidAudio' from project 'FluidAudio')
    cd /Users/codybontecou/projects/Voxboard/Voxboard.xcodeproj


SwiftCompile normal arm64 /tmp/voxboard-notelet-verify-derived/SourcePackages/checkouts/FluidAudio/Sources/FluidAudio/Diarizer/Offline/Extraction/WeightInterpolation.swift (in target 'FluidAudio' from project 'FluidAudio')
    cd /Users/codybontecou/projects/Voxboard/Voxboard.xcodeproj


SwiftCompile normal arm64 /tmp/voxboard-notelet-verify-derived/SourcePackages/checkouts/FluidAudio/Sources/FluidAudio/Diarizer/Offline/Segmentation/OfflineSegmentationProcessor.swift (in target 'FluidAudio' from project 'FluidAudio')
    cd /Users/codybontecou/projects/Voxboard/Voxboard.xcodeproj


SwiftCompile normal arm64 /tmp/voxboard-notelet-verify-derived/SourcePackages/checkouts/FluidAudio/Sources/FluidAudio/Diarizer/Offline/Utils/OfflineReconstruction.swift (in target 'FluidAudio' from project 'FluidAudio')
    cd /Users/codybontecou/projects/Voxboard/Voxboard.xcodeproj


SwiftCompile normal arm64 /tmp/voxboard-notelet-verify-derived/SourcePackages/checkouts/FluidAudio/Sources/FluidAudio/Diarizer/Offline/Utils/VDSPOperations.swift (in target 'FluidAudio' from project 'FluidAudio')
    cd /Users/codybontecou/projects/Voxboard/Voxboard.xcodeproj


SwiftCompile normal arm64 /tmp/voxboard-notelet-verify-derived/SourcePackages/checkouts/FluidAudio/Sources/FluidAudio/Diarizer/Segmentation/AudioValidation.swift (in target 'FluidAudio' from project 'FluidAudio')
    cd /Users/codybontecou/projects/Voxboard/Voxboard.xcodeproj


SwiftCompile normal arm64 /tmp/voxboard-notelet-verify-derived/SourcePackages/checkouts/FluidAudio/Sources/FluidAudio/Diarizer/Segmentation/SegmentationProcessor.swift (in target 'FluidAudio' from project 'FluidAudio')
    cd /Users/codybontecou/projects/Voxboard/Voxboard.xcodeproj


SwiftCompile normal arm64 /tmp/voxboard-notelet-verify-derived/SourcePackages/checkouts/FluidAudio/Sources/FluidAudio/Diarizer/Segmentation/SlidingWindow.swift (in target 'FluidAudio' from project 'FluidAudio')
    cd /Users/codybontecou/projects/Voxboard/Voxboard.xcodeproj


SwiftExplicitDependencyGeneratePcm arm64 /tmp/voxboard-notelet-verify-derived/ModuleCache.noindex/WatchKit-1Q4LL4GHN1OFH0XQP5RS53T82.pcm

SwiftCompile normal arm64 Compiling\ AsrManager.swift,\ AsrModels.swift,\ AsrTranscription.swift,\ AsrTypes.swift,\ AudioBuffer.swift,\ ChunkProcessor.swift,\ BlasIndex.swift,\ EncoderFrameView.swift,\ TdtConfig.swift,\ TdtDecoderState.swift,\ TdtDecoderV2.swift,\ TdtDecoderV3.swift,\ TdtHypothesis.swift,\ ARPALanguageModel.swift,\ CtcDecoder.swift /tmp/voxboard-notelet-verify-derived/SourcePackages/checkouts/FluidAudio/Sources/FluidAudio/ASR/Parakeet/AsrManager.swift /tmp/voxboard-notelet-verify-derived/SourcePackages/checkouts/FluidAudio/Sources/FluidAudio/ASR/Parakeet/AsrModels.swift /tmp/voxboard-notelet-verify-derived/SourcePackages/checkouts/FluidAudio/Sources/FluidAudio/ASR/Parakeet/AsrTranscription.swift /tmp/voxboard-notelet-verify-derived/SourcePackages/checkouts/FluidAudio/Sources/FluidAudio/ASR/Parakeet/AsrTypes.swift /tmp/voxboard-notelet-verify-derived/SourcePackages/checkouts/FluidAudio/Sources/FluidAudio/ASR/Parakeet/AudioBuffer.swift /tmp/voxboard-notelet-verify-derived/SourcePackages/checkouts/FluidAudio/Sources/FluidAudio/ASR/Parakeet/ChunkProcessor.swift /tmp/voxboard-notelet-verify-derived/SourcePackages/checkouts/FluidAudio/Sources/FluidAudio/ASR/Parakeet/Decoder/BlasIndex.swift /tmp/voxboard-notelet-verify-derived/SourcePackages/checkouts/FluidAudio/Sources/FluidAudio/ASR/Parakeet/Decoder/EncoderFrameView.swift /tmp/voxboard-notelet-verify-derived/SourcePackages/checkouts/FluidAudio/Sources/FluidAudio/ASR/Parakeet/Decoder/TdtConfig.swift /tmp/voxboard-notelet-verify-derived/SourcePackages/checkouts/FluidAudio/Sources/FluidAudio/ASR/Parakeet/Decoder/TdtDecoderState.swift /tmp/voxboard-notelet-verify-derived/SourcePackages/checkouts/FluidAudio/Sources/FluidAudio/ASR/Parakeet/Decoder/TdtDecoderV2.swift /tmp/voxboard-notelet-verify-derived/SourcePackages/checkouts/FluidAudio/Sources/FluidAudio/ASR/Parakeet/Decoder/TdtDecoderV3.swift /tmp/voxboard-notelet-verify-derived/SourcePackages/checkouts/FluidAudio/Sources/FluidAudio/ASR/Parakeet/Decoder/TdtHypothesis.swift /tmp/voxboard-notelet-verify-derived/SourcePackages/checkouts/FluidAudio/Sources/FluidAudio/ASR/Parakeet/SlidingWindow/CTC/ARPALanguageModel.swift /tmp/voxboard-notelet-verify-derived/SourcePackages/checkouts/FluidAudio/Sources/FluidAudio/ASR/Parakeet/SlidingWindow/CTC/CtcDecoder.swift (in target 'FluidAudio' from project 'FluidAudio')

SwiftCompile normal arm64 /tmp/voxboard-notelet-verify-derived/SourcePackages/checkouts/FluidAudio/Sources/FluidAudio/ASR/Parakeet/AsrManager.swift (in target 'FluidAudio' from project 'FluidAudio')
    cd /Users/codybontecou/projects/Voxboard/Voxboard.xcodeproj


SwiftCompile normal arm64 /tmp/voxboard-notelet-verify-derived/SourcePackages/checkouts/FluidAudio/Sources/FluidAudio/ASR/Parakeet/AsrModels.swift (in target 'FluidAudio' from project 'FluidAudio')
    cd /Users/codybontecou/projects/Voxboard/Voxboard.xcodeproj


SwiftCompile normal arm64 /tmp/voxboard-notelet-verify-derived/SourcePackages/checkouts/FluidAudio/Sources/FluidAudio/ASR/Parakeet/AsrTranscription.swift (in target 'FluidAudio' from project 'FluidAudio')
    cd /Users/codybontecou/projects/Voxboard/Voxboard.xcodeproj


SwiftCompile normal arm64 /tmp/voxboard-notelet-verify-derived/SourcePackages/checkouts/FluidAudio/Sources/FluidAudio/ASR/Parakeet/AsrTypes.swift (in target 'FluidAudio' from project 'FluidAudio')
    cd /Users/codybontecou/projects/Voxboard/Voxboard.xcodeproj


SwiftCompile normal arm64 /tmp/voxboard-notelet-verify-derived/SourcePackages/checkouts/FluidAudio/Sources/FluidAudio/ASR/Parakeet/AudioBuffer.swift (in target 'FluidAudio' from project 'FluidAudio')
    cd /Users/codybontecou/projects/Voxboard/Voxboard.xcodeproj


SwiftCompile normal arm64 /tmp/voxboard-notelet-verify-derived/SourcePackages/checkouts/FluidAudio/Sources/FluidAudio/ASR/Parakeet/ChunkProcessor.swift (in target 'FluidAudio' from project 'FluidAudio')
    cd /Users/codybontecou/projects/Voxboard/Voxboard.xcodeproj


SwiftCompile normal arm64 /tmp/voxboard-notelet-verify-derived/SourcePackages/checkouts/FluidAudio/Sources/FluidAudio/ASR/Parakeet/Decoder/BlasIndex.swift (in target 'FluidAudio' from project 'FluidAudio')
    cd /Users/codybontecou/projects/Voxboard/Voxboard.xcodeproj


SwiftCompile normal arm64 /tmp/voxboard-notelet-verify-derived/SourcePackages/checkouts/FluidAudio/Sources/FluidAudio/ASR/Parakeet/Decoder/EncoderFrameView.swift (in target 'FluidAudio' from project 'FluidAudio')
    cd /Users/codybontecou/projects/Voxboard/Voxboard.xcodeproj


SwiftCompile normal arm64 /tmp/voxboard-notelet-verify-derived/SourcePackages/checkouts/FluidAudio/Sources/FluidAudio/ASR/Parakeet/Decoder/TdtConfig.swift (in target 'FluidAudio' from project 'FluidAudio')
    cd /Users/codybontecou/projects/Voxboard/Voxboard.xcodeproj


SwiftCompile normal arm64 /tmp/voxboard-notelet-verify-derived/SourcePackages/checkouts/FluidAudio/Sources/FluidAudio/ASR/Parakeet/Decoder/TdtDecoderState.swift (in target 'FluidAudio' from project 'FluidAudio')
    cd /Users/codybontecou/projects/Voxboard/Voxboard.xcodeproj


SwiftCompile normal arm64 /tmp/voxboard-notelet-verify-derived/SourcePackages/checkouts/FluidAudio/Sources/FluidAudio/ASR/Parakeet/Decoder/TdtDecoderV2.swift (in target 'FluidAudio' from project 'FluidAudio')
    cd /Users/codybontecou/projects/Voxboard/Voxboard.xcodeproj


SwiftCompile normal arm64 /tmp/voxboard-notelet-verify-derived/SourcePackages/checkouts/FluidAudio/Sources/FluidAudio/ASR/Parakeet/Decoder/TdtDecoderV3.swift (in target 'FluidAudio' from project 'FluidAudio')
    cd /Users/codybontecou/projects/Voxboard/Voxboard.xcodeproj


SwiftCompile normal arm64 /tmp/voxboard-notelet-verify-derived/SourcePackages/checkouts/FluidAudio/Sources/FluidAudio/ASR/Parakeet/Decoder/TdtHypothesis.swift (in target 'FluidAudio' from project 'FluidAudio')
    cd /Users/codybontecou/projects/Voxboard/Voxboard.xcodeproj


SwiftCompile normal arm64 /tmp/voxboard-notelet-verify-derived/SourcePackages/checkouts/FluidAudio/Sources/FluidAudio/ASR/Parakeet/SlidingWindow/CTC/ARPALanguageModel.swift (in target 'FluidAudio' from project 'FluidAudio')
    cd /Users/codybontecou/projects/Voxboard/Voxboard.xcodeproj


SwiftCompile normal arm64 /tmp/voxboard-notelet-verify-derived/SourcePackages/checkouts/FluidAudio/Sources/FluidAudio/ASR/Parakeet/SlidingWindow/CTC/CtcDecoder.swift (in target 'FluidAudio' from project 'FluidAudio')
    cd /Users/codybontecou/projects/Voxboard/Voxboard.xcodeproj


SwiftExplicitDependencyGeneratePcm x86_64 /tmp/voxboard-notelet-verify-derived/ModuleCache.noindex/WatchKit-A1XZXU5JFOZ0G1ON1ZTNV4KSJ.pcm

SwiftExplicitDependencyGeneratePcm arm64 /tmp/voxboard-notelet-verify-derived/ModuleCache.noindex/SwiftUI-E6SDZ59O72DLBYF5A2JIKYEW4.pcm

SwiftExplicitDependencyGeneratePcm arm64 /tmp/voxboard-notelet-verify-derived/ModuleCache.noindex/AVKit-8TMNPIIW6FZVQ6XWZJ52ZAHGO.pcm

SwiftExplicitDependencyGeneratePcm arm64 /tmp/voxboard-notelet-verify-derived/ModuleCache.noindex/SwiftUI-7M3C1NZLUNWBN35MH0FTGIQI5.pcm

SwiftExplicitDependencyGeneratePcm x86_64 /tmp/voxboard-notelet-verify-derived/ModuleCache.noindex/SwiftUI-36PZRB5M7ZZG8JBTM0E7S25WX.pcm

SwiftEmitModule normal arm64 Emitting\ module\ for\ Voxboard_Watch_WidgetExtension (in target 'Voxboard Watch WidgetExtension' from project 'Voxboard')

EmitSwiftModule normal arm64 (in target 'Voxboard Watch WidgetExtension' from project 'Voxboard')
    cd /Users/codybontecou/projects/Voxboard


SwiftEmitModule normal arm64 Emitting\ module\ for\ Notelet (in target 'Notelet' from project 'Notelet')

EmitSwiftModule normal arm64 (in target 'Notelet' from project 'Notelet')
    cd /Users/codybontecou/projects/Voxboard/Voxboard.xcodeproj


SwiftEmitModule normal x86_64 Emitting\ module\ for\ Voxboard_Watch_WidgetExtension (in target 'Voxboard Watch WidgetExtension' from project 'Voxboard')

EmitSwiftModule normal x86_64 (in target 'Voxboard Watch WidgetExtension' from project 'Voxboard')
    cd /Users/codybontecou/projects/Voxboard


SwiftDriverJobDiscovery normal arm64 Emitting module for Voxboard_Watch_WidgetExtension (in target 'Voxboard Watch WidgetExtension' from project 'Voxboard')

SwiftDriver\ Compilation\ Requirements Voxboard\ Watch\ WidgetExtension normal arm64 com.apple.xcode.tools.swift.compiler (in target 'Voxboard Watch WidgetExtension' from project 'Voxboard')
    cd /Users/codybontecou/projects/Voxboard
    builtin-Swift-Compilation-Requirements -- /Applications/Xcode.app/Contents/Developer/Toolchains/XcodeDefault.xctoolchain/usr/bin/swiftc -module-name Voxboard_Watch_WidgetExtension -Onone @/tmp/voxboard-notelet-verify-derived/Build/Intermediates.noindex/Voxboard.build/Debug-watchsimulator/Voxboard\ Watch\ WidgetExtension.build/Objects-normal/arm64/Voxboard\ Watch\ WidgetExtension.SwiftFileList -DDEBUG -enable-bare-slash-regex -enable-experimental-feature DebugDescriptionMacro -sdk /Applications/Xcode.app/Contents/Developer/Platforms/WatchSimulator.platform/Developer/SDKs/WatchSimulator26.5.sdk -target arm64-apple-watchos10.0-simulator -g -module-cache-path /tmp/voxboard-notelet-verify-derived/ModuleCache.noindex -Xfrontend -serialize-debugging-options -application-extension -enable-testing -index-store-path /tmp/voxboard-notelet-verify-derived/Index.noindex/DataStore -Xcc -D_LIBCPP_HARDENING_MODE\=_LIBCPP_HARDENING_MODE_DEBUG -swift-version 5 -I /tmp/voxboard-notelet-verify-derived/Build/Products/Debug-watchsimulator -F /tmp/voxboard-notelet-verify-derived/Build/Products/Debug-watchsimulator -emit-localized-strings -emit-localized-strings-path /tmp/voxboard-notelet-verify-derived/Build/Intermediates.noindex/Voxboard.build/Debug-watchsimulator/Voxboard\ Watch\ WidgetExtension.build/Objects-normal/arm64 -c -j10 -enable-batch-mode -incremental -Xcc -ivfsstatcache -Xcc /tmp/voxboard-notelet-verify-derived/SDKStatCaches.noindex/watchsimulator26.5-23T570-1651579a441f1322ae888f0ed545cb80.sdkstatcache -output-file-map /tmp/voxboard-notelet-verify-derived/Build/Intermediates.noindex/Voxboard.build/Debug-watchsimulator/Voxboard\ Watch\ WidgetExtension.build/Objects-normal/arm64/Voxboard\ Watch\ WidgetExtension-OutputFileMap.json -use-frontend-parseable-output -save-temps -no-color-diagnostics -explicit-module-build -module-cache-path /tmp/voxboard-notelet-verify-derived/Build/Intermediates.noindex/SwiftExplicitPrecompiledModules -clang-scanner-module-cache-path /tmp/voxboard-notelet-verify-derived/ModuleCache.noindex -sdk-module-cache-path /tmp/voxboard-notelet-verify-derived/ModuleCache.noindex -serialize-diagnostics -emit-dependencies -emit-module -emit-module-path /tmp/voxboard-notelet-verify-derived/Build/Intermediates.noindex/Voxboard.build/Debug-watchsimulator/Voxboard\ Watch\ WidgetExtension.build/Objects-normal/arm64/Voxboard_Watch_WidgetExtension.swiftmodule -validate-clang-modules-once -clang-build-session-file /tmp/voxboard-notelet-verify-derived/ModuleCache.noindex/Session.modulevalidation -Xcc -I/tmp/voxboard-notelet-verify-derived/Build/Intermediates.noindex/Voxboard.build/Debug-watchsimulator/Voxboard\ Watch\ WidgetExtension.build/swift-overrides.hmap -emit-const-values -Xfrontend -const-gather-protocols-file -Xfrontend /tmp/voxboard-notelet-verify-derived/Build/Intermediates.noindex/Voxboard.build/Debug-watchsimulator/Voxboard\ Watch\ WidgetExtension.build/Objects-normal/arm64/Voxboard\ Watch\ WidgetExtension_const_extract_protocols.json -Xcc -iquote -Xcc /tmp/voxboard-notelet-verify-derived/Build/Intermediates.noindex/Voxboard.build/Debug-watchsimulator/Voxboard\ Watch\ WidgetExtension.build/Voxboard\ Watch\ WidgetExtension-generated-files.hmap -Xcc -I/tmp/voxboard-notelet-verify-derived/Build/Intermediates.noindex/Voxboard.build/Debug-watchsimulator/Voxboard\ Watch\ WidgetExtension.build/Voxboard\ Watch\ WidgetExtension-own-target-headers.hmap -Xcc -I/tmp/voxboard-notelet-verify-derived/Build/Intermediates.noindex/Voxboard.build/Debug-watchsimulator/Voxboard\ Watch\ WidgetExtension.build/Voxboard\ Watch\ WidgetExtension-all-non-framework-target-headers.hmap -Xcc -ivfsoverlay -Xcc /tmp/voxboard-notelet-verify-derived/Build/Intermediates.noindex/Voxboard.build/Debug-watchsimulator/Voxboard-8d6c3ba71b53f8320d7c577fe4b80237-VFS-watchsimulator/all-product-headers.yaml -Xcc -iquote -Xcc /tmp/voxboard-notelet-verify-derived/Build/Intermediates.noindex/Voxboard.build/Debug-watchsimulator/Voxboard\ Watch\ WidgetExtension.build/Voxboard\ Watch\ WidgetExtension-project-headers.hmap -Xcc -I/tmp/voxboard-notelet-verify-derived/Build/Products/Debug-watchsimulator/include -Xcc -I/tmp/voxboard-notelet-verify-derived/Build/Intermediates.noindex/Voxboard.build/Debug-watchsimulator/Voxboard\ Watch\ WidgetExtension.build/DerivedSources-normal/arm64 -Xcc -I/tmp/voxboard-notelet-verify-derived/Build/Intermediates.noindex/Voxboard.build/Debug-watchsimulator/Voxboard\ Watch\ WidgetExtension.build/DerivedSources/arm64 -Xcc -I/tmp/voxboard-notelet-verify-derived/Build/Intermediates.noindex/Voxboard.build/Debug-watchsimulator/Voxboard\ Watch\ WidgetExtension.build/DerivedSources -Xcc -DDEBUG\=1 -emit-objc-header -emit-objc-header-path /tmp/voxboard-notelet-verify-derived/Build/Intermediates.noindex/Voxboard.build/Debug-watchsimulator/Voxboard\ Watch\ WidgetExtension.build/Objects-normal/arm64/Voxboard_Watch_WidgetExtension-Swift.h -working-directory /Users/codybontecou/projects/Voxboard -experimental-emit-module-separately -disable-cmo

SwiftDriverJobDiscovery normal arm64 Emitting module for Notelet (in target 'Notelet' from project 'Notelet')

SwiftDriver\ Compilation\ Requirements Notelet normal arm64 com.apple.xcode.tools.swift.compiler (in target 'Notelet' from project 'Notelet')
    cd /Users/codybontecou/projects/Voxboard/Voxboard.xcodeproj
    builtin-Swift-Compilation-Requirements -- /Applications/Xcode.app/Contents/Developer/Toolchains/XcodeDefault.xctoolchain/usr/bin/swiftc -module-name Notelet -Onone @/tmp/voxboard-notelet-verify-derived/Build/Intermediates.noindex/Notelet.build/Debug-iphonesimulator/Notelet.build/Objects-normal/arm64/Notelet.SwiftFileList -DSWIFT_PACKAGE -DDEBUG -DSWIFT_MODULE_RESOURCE_BUNDLE_UNAVAILABLE -DXcode -plugin-path /Applications/Xcode.app/Contents/Developer/Toolchains/XcodeDefault.xctoolchain/usr/lib/swift/host/plugins/testing -enable-experimental-feature DebugDescriptionMacro -sdk /Applications/Xcode.app/Contents/Developer/Platforms/iPhoneSimulator.platform/Developer/SDKs/iPhoneSimulator26.5.sdk -target arm64-apple-ios17.0-simulator -g -module-cache-path /tmp/voxboard-notelet-verify-derived/ModuleCache.noindex -Xfrontend -serialize-debugging-options -enable-testing -suppress-warnings -index-store-path /tmp/voxboard-notelet-verify-derived/Index.noindex/DataStore -Xcc -D_LIBCPP_HARDENING_MODE\=_LIBCPP_HARDENING_MODE_DEBUG -swift-version 6 -I /tmp/voxboard-notelet-verify-derived/Build/Products/Debug-iphonesimulator -Isystem /Applications/Xcode.app/Contents/Developer/Platforms/iPhoneSimulator.platform/Developer/usr/lib -F /tmp/voxboard-notelet-verify-derived/Build/Products/Debug-iphonesimulator -F /Applications/Xcode.app/Contents/Developer/Platforms/iPhoneSimulator.platform/Developer/Library/Frameworks -F /Applications/Xcode.app/Contents/Developer/Platforms/iPhoneSimulator.platform/Developer/SDKs/iPhoneSimulator26.5.sdk/Developer/Library/Frameworks -c -j10 -enable-batch-mode -incremental -Xcc -ivfsstatcache -Xcc /tmp/voxboard-notelet-verify-derived/SDKStatCaches.noindex/iphonesimulator26.5-23F73-6cfe768891a92b912361537c460fe42b.sdkstatcache -output-file-map /tmp/voxboard-notelet-verify-derived/Build/Intermediates.noindex/Notelet.build/Debug-iphonesimulator/Notelet.build/Objects-normal/arm64/Notelet-OutputFileMap.json -use-frontend-parseable-output -save-temps -no-color-diagnostics -explicit-module-build -module-cache-path /tmp/voxboard-notelet-verify-derived/Build/Intermediates.noindex/SwiftExplicitPrecompiledModules -clang-scanner-module-cache-path /tmp/voxboard-notelet-verify-derived/ModuleCache.noindex -sdk-module-cache-path /tmp/voxboard-notelet-verify-derived/ModuleCache.noindex -serialize-diagnostics -emit-dependencies -emit-module -emit-module-path /tmp/voxboard-notelet-verify-derived/Build/Intermediates.noindex/Notelet.build/Debug-iphonesimulator/Notelet.build/Objects-normal/arm64/Notelet.swiftmodule -user-module-version 1.1.0 -validate-clang-modules-once -clang-build-session-file /tmp/voxboard-notelet-verify-derived/ModuleCache.noindex/Session.modulevalidation -package-name notelet -Xcc -I/tmp/voxboard-notelet-verify-derived/Build/Intermediates.noindex/Notelet.build/Debug-iphonesimulator/Notelet.build/swift-overrides.hmap -emit-const-values -Xfrontend -const-gather-protocols-file -Xfrontend /tmp/voxboard-notelet-verify-derived/Build/Intermediates.noindex/Notelet.build/Debug-iphonesimulator/Notelet.build/Objects-normal/arm64/Notelet_const_extract_protocols.json -Xcc -I/tmp/voxboard-notelet-verify-derived/Build/Products/Debug-iphonesimulator/include -Xcc -I/tmp/voxboard-notelet-verify-derived/Build/Intermediates.noindex/Notelet.build/Debug-iphonesimulator/Notelet.build/DerivedSources-normal/arm64 -Xcc -I/tmp/voxboard-notelet-verify-derived/Build/Intermediates.noindex/Notelet.build/Debug-iphonesimulator/Notelet.build/DerivedSources/arm64 -Xcc -I/tmp/voxboard-notelet-verify-derived/Build/Intermediates.noindex/Notelet.build/Debug-iphonesimulator/Notelet.build/DerivedSources -Xcc -DSWIFT_PACKAGE -Xcc -DDEBUG\=1 -emit-objc-header -emit-objc-header-path /tmp/voxboard-notelet-verify-derived/Build/Intermediates.noindex/Notelet.build/Debug-iphonesimulator/Notelet.build/Objects-normal/arm64/Notelet-Swift.h -working-directory /Users/codybontecou/projects/Voxboard/Voxboard.xcodeproj -experimental-emit-module-separately -disable-cmo

SwiftCompile normal arm64 Compiling\ GeneratedAssetSymbols.swift /tmp/voxboard-notelet-verify-derived/Build/Intermediates.noindex/Voxboard.build/Debug-watchsimulator/Voxboard\ Watch\ WidgetExtension.build/DerivedSources/GeneratedAssetSymbols.swift (in target 'Voxboard Watch WidgetExtension' from project 'Voxboard')

SwiftCompile normal arm64 /tmp/voxboard-notelet-verify-derived/Build/Intermediates.noindex/Voxboard.build/Debug-watchsimulator/Voxboard\ Watch\ WidgetExtension.build/DerivedSources/GeneratedAssetSymbols.swift (in target 'Voxboard Watch WidgetExtension' from project 'Voxboard')
    cd /Users/codybontecou/projects/Voxboard


SwiftDriverJobDiscovery normal x86_64 Emitting module for Voxboard_Watch_WidgetExtension (in target 'Voxboard Watch WidgetExtension' from project 'Voxboard')

Copy /tmp/voxboard-notelet-verify-derived/Build/Products/Debug-watchsimulator/Voxboard_Watch_WidgetExtension.swiftmodule/arm64-apple-watchos-simulator.swiftmodule /tmp/voxboard-notelet-verify-derived/Build/Intermediates.noindex/Voxboard.build/Debug-watchsimulator/Voxboard\ Watch\ WidgetExtension.build/Objects-normal/arm64/Voxboard_Watch_WidgetExtension.swiftmodule (in target 'Voxboard Watch WidgetExtension' from project 'Voxboard')
    cd /Users/codybontecou/projects/Voxboard
    builtin-copy -exclude .DS_Store -exclude CVS -exclude .svn -exclude .git -exclude .hg -resolve-src-symlinks -rename /tmp/voxboard-notelet-verify-derived/Build/Intermediates.noindex/Voxboard.build/Debug-watchsimulator/Voxboard\ Watch\ WidgetExtension.build/Objects-normal/arm64/Voxboard_Watch_WidgetExtension.swiftmodule /tmp/voxboard-notelet-verify-derived/Build/Products/Debug-watchsimulator/Voxboard_Watch_WidgetExtension.swiftmodule/arm64-apple-watchos-simulator.swiftmodule

SwiftDriver\ Compilation\ Requirements Voxboard\ Watch\ WidgetExtension normal x86_64 com.apple.xcode.tools.swift.compiler (in target 'Voxboard Watch WidgetExtension' from project 'Voxboard')
    cd /Users/codybontecou/projects/Voxboard
    builtin-Swift-Compilation-Requirements -- /Applications/Xcode.app/Contents/Developer/Toolchains/XcodeDefault.xctoolchain/usr/bin/swiftc -module-name Voxboard_Watch_WidgetExtension -Onone @/tmp/voxboard-notelet-verify-derived/Build/Intermediates.noindex/Voxboard.build/Debug-watchsimulator/Voxboard\ Watch\ WidgetExtension.build/Objects-normal/x86_64/Voxboard\ Watch\ WidgetExtension.SwiftFileList -DDEBUG -enable-bare-slash-regex -enable-experimental-feature DebugDescriptionMacro -sdk /Applications/Xcode.app/Contents/Developer/Platforms/WatchSimulator.platform/Developer/SDKs/WatchSimulator26.5.sdk -target x86_64-apple-watchos10.0-simulator -g -module-cache-path /tmp/voxboard-notelet-verify-derived/ModuleCache.noindex -Xfrontend -serialize-debugging-options -application-extension -enable-testing -index-store-path /tmp/voxboard-notelet-verify-derived/Index.noindex/DataStore -Xcc -D_LIBCPP_HARDENING_MODE\=_LIBCPP_HARDENING_MODE_DEBUG -swift-version 5 -I /tmp/voxboard-notelet-verify-derived/Build/Products/Debug-watchsimulator -F /tmp/voxboard-notelet-verify-derived/Build/Products/Debug-watchsimulator -emit-localized-strings -emit-localized-strings-path /tmp/voxboard-notelet-verify-derived/Build/Intermediates.noindex/Voxboard.build/Debug-watchsimulator/Voxboard\ Watch\ WidgetExtension.build/Objects-normal/x86_64 -c -j10 -enable-batch-mode -incremental -Xcc -ivfsstatcache -Xcc /tmp/voxboard-notelet-verify-derived/SDKStatCaches.noindex/watchsimulator26.5-23T570-1651579a441f1322ae888f0ed545cb80.sdkstatcache -output-file-map /tmp/voxboard-notelet-verify-derived/Build/Intermediates.noindex/Voxboard.build/Debug-watchsimulator/Voxboard\ Watch\ WidgetExtension.build/Objects-normal/x86_64/Voxboard\ Watch\ WidgetExtension-OutputFileMap.json -use-frontend-parseable-output -save-temps -no-color-diagnostics -explicit-module-build -module-cache-path /tmp/voxboard-notelet-verify-derived/Build/Intermediates.noindex/SwiftExplicitPrecompiledModules -clang-scanner-module-cache-path /tmp/voxboard-notelet-verify-derived/ModuleCache.noindex -sdk-module-cache-path /tmp/voxboard-notelet-verify-derived/ModuleCache.noindex -serialize-diagnostics -emit-dependencies -emit-module -emit-module-path /tmp/voxboard-notelet-verify-derived/Build/Intermediates.noindex/Voxboard.build/Debug-watchsimulator/Voxboard\ Watch\ WidgetExtension.build/Objects-normal/x86_64/Voxboard_Watch_WidgetExtension.swiftmodule -validate-clang-modules-once -clang-build-session-file /tmp/voxboard-notelet-verify-derived/ModuleCache.noindex/Session.modulevalidation -Xcc -I/tmp/voxboard-notelet-verify-derived/Build/Intermediates.noindex/Voxboard.build/Debug-watchsimulator/Voxboard\ Watch\ WidgetExtension.build/swift-overrides.hmap -emit-const-values -Xfrontend -const-gather-protocols-file -Xfrontend /tmp/voxboard-notelet-verify-derived/Build/Intermediates.noindex/Voxboard.build/Debug-watchsimulator/Voxboard\ Watch\ WidgetExtension.build/Objects-normal/x86_64/Voxboard\ Watch\ WidgetExtension_const_extract_protocols.json -Xcc -iquote -Xcc /tmp/voxboard-notelet-verify-derived/Build/Intermediates.noindex/Voxboard.build/Debug-watchsimulator/Voxboard\ Watch\ WidgetExtension.build/Voxboard\ Watch\ WidgetExtension-generated-files.hmap -Xcc -I/tmp/voxboard-notelet-verify-derived/Build/Intermediates.noindex/Voxboard.build/Debug-watchsimulator/Voxboard\ Watch\ WidgetExtension.build/Voxboard\ Watch\ WidgetExtension-own-target-headers.hmap -Xcc -I/tmp/voxboard-notelet-verify-derived/Build/Intermediates.noindex/Voxboard.build/Debug-watchsimulator/Voxboard\ Watch\ WidgetExtension.build/Voxboard\ Watch\ WidgetExtension-all-non-framework-target-headers.hmap -Xcc -ivfsoverlay -Xcc /tmp/voxboard-notelet-verify-derived/Build/Intermediates.noindex/Voxboard.build/Debug-watchsimulator/Voxboard-8d6c3ba71b53f8320d7c577fe4b80237-VFS-watchsimulator/all-product-headers.yaml -Xcc -iquote -Xcc /tmp/voxboard-notelet-verify-derived/Build/Intermediates.noindex/Voxboard.build/Debug-watchsimulator/Voxboard\ Watch\ WidgetExtension.build/Voxboard\ Watch\ WidgetExtension-project-headers.hmap -Xcc -I/tmp/voxboard-notelet-verify-derived/Build/Products/Debug-watchsimulator/include -Xcc -I/tmp/voxboard-notelet-verify-derived/Build/Intermediates.noindex/Voxboard.build/Debug-watchsimulator/Voxboard\ Watch\ WidgetExtension.build/DerivedSources-normal/x86_64 -Xcc -I/tmp/voxboard-notelet-verify-derived/Build/Intermediates.noindex/Voxboard.build/Debug-watchsimulator/Voxboard\ Watch\ WidgetExtension.build/DerivedSources/x86_64 -Xcc -I/tmp/voxboard-notelet-verify-derived/Build/Intermediates.noindex/Voxboard.build/Debug-watchsimulator/Voxboard\ Watch\ WidgetExtension.build/DerivedSources -Xcc -DDEBUG\=1 -emit-objc-header -emit-objc-header-path /tmp/voxboard-notelet-verify-derived/Build/Intermediates.noindex/Voxboard.build/Debug-watchsimulator/Voxboard\ Watch\ WidgetExtension.build/Objects-normal/x86_64/Voxboard_Watch_WidgetExtension-Swift.h -working-directory /Users/codybontecou/projects/Voxboard -experimental-emit-module-separately -disable-cmo

Copy /tmp/voxboard-notelet-verify-derived/Build/Products/Debug-watchsimulator/Voxboard_Watch_WidgetExtension.swiftmodule/arm64-apple-watchos-simulator.swiftdoc /tmp/voxboard-notelet-verify-derived/Build/Intermediates.noindex/Voxboard.build/Debug-watchsimulator/Voxboard\ Watch\ WidgetExtension.build/Objects-normal/arm64/Voxboard_Watch_WidgetExtension.swiftdoc (in target 'Voxboard Watch WidgetExtension' from project 'Voxboard')
    cd /Users/codybontecou/projects/Voxboard
    builtin-copy -exclude .DS_Store -exclude CVS -exclude .svn -exclude .git -exclude .hg -resolve-src-symlinks -rename /tmp/voxboard-notelet-verify-derived/Build/Intermediates.noindex/Voxboard.build/Debug-watchsimulator/Voxboard\ Watch\ WidgetExtension.build/Objects-normal/arm64/Voxboard_Watch_WidgetExtension.swiftdoc /tmp/voxboard-notelet-verify-derived/Build/Products/Debug-watchsimulator/Voxboard_Watch_WidgetExtension.swiftmodule/arm64-apple-watchos-simulator.swiftdoc

Copy /tmp/voxboard-notelet-verify-derived/Build/Products/Debug-watchsimulator/Voxboard_Watch_WidgetExtension.swiftmodule/arm64-apple-watchos-simulator.abi.json /tmp/voxboard-notelet-verify-derived/Build/Intermediates.noindex/Voxboard.build/Debug-watchsimulator/Voxboard\ Watch\ WidgetExtension.build/Objects-normal/arm64/Voxboard_Watch_WidgetExtension.abi.json (in target 'Voxboard Watch WidgetExtension' from project 'Voxboard')
    cd /Users/codybontecou/projects/Voxboard
    builtin-copy -exclude .DS_Store -exclude CVS -exclude .svn -exclude .git -exclude .hg -resolve-src-symlinks -rename /tmp/voxboard-notelet-verify-derived/Build/Intermediates.noindex/Voxboard.build/Debug-watchsimulator/Voxboard\ Watch\ WidgetExtension.build/Objects-normal/arm64/Voxboard_Watch_WidgetExtension.abi.json /tmp/voxboard-notelet-verify-derived/Build/Products/Debug-watchsimulator/Voxboard_Watch_WidgetExtension.swiftmodule/arm64-apple-watchos-simulator.abi.json

Copy /tmp/voxboard-notelet-verify-derived/Build/Products/Debug-watchsimulator/Voxboard_Watch_WidgetExtension.swiftmodule/Project/arm64-apple-watchos-simulator.swiftsourceinfo /tmp/voxboard-notelet-verify-derived/Build/Intermediates.noindex/Voxboard.build/Debug-watchsimulator/Voxboard\ Watch\ WidgetExtension.build/Objects-normal/arm64/Voxboard_Watch_WidgetExtension.swiftsourceinfo (in target 'Voxboard Watch WidgetExtension' from project 'Voxboard')
    cd /Users/codybontecou/projects/Voxboard
    builtin-copy -exclude .DS_Store -exclude CVS -exclude .svn -exclude .git -exclude .hg -resolve-src-symlinks -rename /tmp/voxboard-notelet-verify-derived/Build/Intermediates.noindex/Voxboard.build/Debug-watchsimulator/Voxboard\ Watch\ WidgetExtension.build/Objects-normal/arm64/Voxboard_Watch_WidgetExtension.swiftsourceinfo /tmp/voxboard-notelet-verify-derived/Build/Products/Debug-watchsimulator/Voxboard_Watch_WidgetExtension.swiftmodule/Project/arm64-apple-watchos-simulator.swiftsourceinfo

SwiftMergeGeneratedHeaders /tmp/voxboard-notelet-verify-derived/Build/Intermediates.noindex/GeneratedModuleMaps-iphonesimulator/Notelet-Swift.h /tmp/voxboard-notelet-verify-derived/Build/Intermediates.noindex/Notelet.build/Debug-iphonesimulator/Notelet.build/Objects-normal/arm64/Notelet-Swift.h (in target 'Notelet' from project 'Notelet')
    cd /tmp/voxboard-notelet-verify-derived/SourcePackages/checkouts/notelet
    builtin-swiftHeaderTool -arch arm64 /tmp/voxboard-notelet-verify-derived/Build/Intermediates.noindex/Notelet.build/Debug-iphonesimulator/Notelet.build/Objects-normal/arm64/Notelet-Swift.h -o /tmp/voxboard-notelet-verify-derived/Build/Intermediates.noindex/GeneratedModuleMaps-iphonesimulator/Notelet-Swift.h

SwiftMergeGeneratedHeaders /tmp/voxboard-notelet-verify-derived/Build/Intermediates.noindex/Voxboard.build/Debug-watchsimulator/Voxboard\ Watch\ WidgetExtension.build/DerivedSources/Voxboard_Watch_WidgetExtension-Swift.h /tmp/voxboard-notelet-verify-derived/Build/Intermediates.noindex/Voxboard.build/Debug-watchsimulator/Voxboard\ Watch\ WidgetExtension.build/Objects-normal/arm64/Voxboard_Watch_WidgetExtension-Swift.h /tmp/voxboard-notelet-verify-derived/Build/Intermediates.noindex/Voxboard.build/Debug-watchsimulator/Voxboard\ Watch\ WidgetExtension.build/Objects-normal/x86_64/Voxboard_Watch_WidgetExtension-Swift.h (in target 'Voxboard Watch WidgetExtension' from project 'Voxboard')
    cd /Users/codybontecou/projects/Voxboard
    builtin-swiftHeaderTool -arch arm64 /tmp/voxboard-notelet-verify-derived/Build/Intermediates.noindex/Voxboard.build/Debug-watchsimulator/Voxboard\ Watch\ WidgetExtension.build/Objects-normal/arm64/Voxboard_Watch_WidgetExtension-Swift.h -arch x86_64 /tmp/voxboard-notelet-verify-derived/Build/Intermediates.noindex/Voxboard.build/Debug-watchsimulator/Voxboard\ Watch\ WidgetExtension.build/Objects-normal/x86_64/Voxboard_Watch_WidgetExtension-Swift.h -o /tmp/voxboard-notelet-verify-derived/Build/Intermediates.noindex/Voxboard.build/Debug-watchsimulator/Voxboard\ Watch\ WidgetExtension.build/DerivedSources/Voxboard_Watch_WidgetExtension-Swift.h

Copy /tmp/voxboard-notelet-verify-derived/Build/Products/Debug-watchsimulator/Voxboard_Watch_WidgetExtension.swiftmodule/x86_64-apple-watchos-simulator.swiftmodule /tmp/voxboard-notelet-verify-derived/Build/Intermediates.noindex/Voxboard.build/Debug-watchsimulator/Voxboard\ Watch\ WidgetExtension.build/Objects-normal/x86_64/Voxboard_Watch_WidgetExtension.swiftmodule (in target 'Voxboard Watch WidgetExtension' from project 'Voxboard')
    cd /Users/codybontecou/projects/Voxboard
    builtin-copy -exclude .DS_Store -exclude CVS -exclude .svn -exclude .git -exclude .hg -resolve-src-symlinks -rename /tmp/voxboard-notelet-verify-derived/Build/Intermediates.noindex/Voxboard.build/Debug-watchsimulator/Voxboard\ Watch\ WidgetExtension.build/Objects-normal/x86_64/Voxboard_Watch_WidgetExtension.swiftmodule /tmp/voxboard-notelet-verify-derived/Build/Products/Debug-watchsimulator/Voxboard_Watch_WidgetExtension.swiftmodule/x86_64-apple-watchos-simulator.swiftmodule

Copy /tmp/voxboard-notelet-verify-derived/Build/Products/Debug-watchsimulator/Voxboard_Watch_WidgetExtension.swiftmodule/x86_64-apple-watchos-simulator.swiftdoc /tmp/voxboard-notelet-verify-derived/Build/Intermediates.noindex/Voxboard.build/Debug-watchsimulator/Voxboard\ Watch\ WidgetExtension.build/Objects-normal/x86_64/Voxboard_Watch_WidgetExtension.swiftdoc (in target 'Voxboard Watch WidgetExtension' from project 'Voxboard')
    cd /Users/codybontecou/projects/Voxboard
    builtin-copy -exclude .DS_Store -exclude CVS -exclude .svn -exclude .git -exclude .hg -resolve-src-symlinks -rename /tmp/voxboard-notelet-verify-derived/Build/Intermediates.noindex/Voxboard.build/Debug-watchsimulator/Voxboard\ Watch\ WidgetExtension.build/Objects-normal/x86_64/Voxboard_Watch_WidgetExtension.swiftdoc /tmp/voxboard-notelet-verify-derived/Build/Products/Debug-watchsimulator/Voxboard_Watch_WidgetExtension.swiftmodule/x86_64-apple-watchos-simulator.swiftdoc

Copy /tmp/voxboard-notelet-verify-derived/Build/Products/Debug-watchsimulator/Voxboard_Watch_WidgetExtension.swiftmodule/x86_64-apple-watchos-simulator.abi.json /tmp/voxboard-notelet-verify-derived/Build/Intermediates.noindex/Voxboard.build/Debug-watchsimulator/Voxboard\ Watch\ WidgetExtension.build/Objects-normal/x86_64/Voxboard_Watch_WidgetExtension.abi.json (in target 'Voxboard Watch WidgetExtension' from project 'Voxboard')
    cd /Users/codybontecou/projects/Voxboard
    builtin-copy -exclude .DS_Store -exclude CVS -exclude .svn -exclude .git -exclude .hg -resolve-src-symlinks -rename /tmp/voxboard-notelet-verify-derived/Build/Intermediates.noindex/Voxboard.build/Debug-watchsimulator/Voxboard\ Watch\ WidgetExtension.build/Objects-normal/x86_64/Voxboard_Watch_WidgetExtension.abi.json /tmp/voxboard-notelet-verify-derived/Build/Products/Debug-watchsimulator/Voxboard_Watch_WidgetExtension.swiftmodule/x86_64-apple-watchos-simulator.abi.json

Copy /tmp/voxboard-notelet-verify-derived/Build/Products/Debug-watchsimulator/Voxboard_Watch_WidgetExtension.swiftmodule/Project/x86_64-apple-watchos-simulator.swiftsourceinfo /tmp/voxboard-notelet-verify-derived/Build/Intermediates.noindex/Voxboard.build/Debug-watchsimulator/Voxboard\ Watch\ WidgetExtension.build/Objects-normal/x86_64/Voxboard_Watch_WidgetExtension.swiftsourceinfo (in target 'Voxboard Watch WidgetExtension' from project 'Voxboard')
    cd /Users/codybontecou/projects/Voxboard
    builtin-copy -exclude .DS_Store -exclude CVS -exclude .svn -exclude .git -exclude .hg -resolve-src-symlinks -rename /tmp/voxboard-notelet-verify-derived/Build/Intermediates.noindex/Voxboard.build/Debug-watchsimulator/Voxboard\ Watch\ WidgetExtension.build/Objects-normal/x86_64/Voxboard_Watch_WidgetExtension.swiftsourceinfo /tmp/voxboard-notelet-verify-derived/Build/Products/Debug-watchsimulator/Voxboard_Watch_WidgetExtension.swiftmodule/Project/x86_64-apple-watchos-simulator.swiftsourceinfo

Copy /tmp/voxboard-notelet-verify-derived/Build/Products/Debug-iphonesimulator/Notelet.swiftmodule/arm64-apple-ios-simulator.swiftmodule /tmp/voxboard-notelet-verify-derived/Build/Intermediates.noindex/Notelet.build/Debug-iphonesimulator/Notelet.build/Objects-normal/arm64/Notelet.swiftmodule (in target 'Notelet' from project 'Notelet')
    cd /tmp/voxboard-notelet-verify-derived/SourcePackages/checkouts/notelet
    builtin-copy -exclude .DS_Store -exclude CVS -exclude .svn -exclude .git -exclude .hg -resolve-src-symlinks -rename /tmp/voxboard-notelet-verify-derived/Build/Intermediates.noindex/Notelet.build/Debug-iphonesimulator/Notelet.build/Objects-normal/arm64/Notelet.swiftmodule /tmp/voxboard-notelet-verify-derived/Build/Products/Debug-iphonesimulator/Notelet.swiftmodule/arm64-apple-ios-simulator.swiftmodule

Copy /tmp/voxboard-notelet-verify-derived/Build/Products/Debug-iphonesimulator/Notelet.swiftmodule/arm64-apple-ios-simulator.swiftdoc /tmp/voxboard-notelet-verify-derived/Build/Intermediates.noindex/Notelet.build/Debug-iphonesimulator/Notelet.build/Objects-normal/arm64/Notelet.swiftdoc (in target 'Notelet' from project 'Notelet')
    cd /tmp/voxboard-notelet-verify-derived/SourcePackages/checkouts/notelet
    builtin-copy -exclude .DS_Store -exclude CVS -exclude .svn -exclude .git -exclude .hg -resolve-src-symlinks -rename /tmp/voxboard-notelet-verify-derived/Build/Intermediates.noindex/Notelet.build/Debug-iphonesimulator/Notelet.build/Objects-normal/arm64/Notelet.swiftdoc /tmp/voxboard-notelet-verify-derived/Build/Products/Debug-iphonesimulator/Notelet.swiftmodule/arm64-apple-ios-simulator.swiftdoc

Copy /tmp/voxboard-notelet-verify-derived/Build/Products/Debug-iphonesimulator/Notelet.swiftmodule/arm64-apple-ios-simulator.abi.json /tmp/voxboard-notelet-verify-derived/Build/Intermediates.noindex/Notelet.build/Debug-iphonesimulator/Notelet.build/Objects-normal/arm64/Notelet.abi.json (in target 'Notelet' from project 'Notelet')
    cd /tmp/voxboard-notelet-verify-derived/SourcePackages/checkouts/notelet
    builtin-copy -exclude .DS_Store -exclude CVS -exclude .svn -exclude .git -exclude .hg -resolve-src-symlinks -rename /tmp/voxboard-notelet-verify-derived/Build/Intermediates.noindex/Notelet.build/Debug-iphonesimulator/Notelet.build/Objects-normal/arm64/Notelet.abi.json /tmp/voxboard-notelet-verify-derived/Build/Products/Debug-iphonesimulator/Notelet.swiftmodule/arm64-apple-ios-simulator.abi.json

Copy /tmp/voxboard-notelet-verify-derived/Build/Products/Debug-iphonesimulator/Notelet.swiftmodule/Project/arm64-apple-ios-simulator.swiftsourceinfo /tmp/voxboard-notelet-verify-derived/Build/Intermediates.noindex/Notelet.build/Debug-iphonesimulator/Notelet.build/Objects-normal/arm64/Notelet.swiftsourceinfo (in target 'Notelet' from project 'Notelet')
    cd /tmp/voxboard-notelet-verify-derived/SourcePackages/checkouts/notelet
    builtin-copy -exclude .DS_Store -exclude CVS -exclude .svn -exclude .git -exclude .hg -resolve-src-symlinks -rename /tmp/voxboard-notelet-verify-derived/Build/Intermediates.noindex/Notelet.build/Debug-iphonesimulator/Notelet.build/Objects-normal/arm64/Notelet.swiftsourceinfo /tmp/voxboard-notelet-verify-derived/Build/Products/Debug-iphonesimulator/Notelet.swiftmodule/Project/arm64-apple-ios-simulator.swiftsourceinfo

SwiftCompile normal arm64 Compiling\ WatchRecordIntent.swift /Users/codybontecou/projects/Voxboard/Voxboard\ Watch\ Widget/WatchRecordIntent.swift (in target 'Voxboard Watch WidgetExtension' from project 'Voxboard')

SwiftCompile normal arm64 /Users/codybontecou/projects/Voxboard/Voxboard\ Watch\ Widget/WatchRecordIntent.swift (in target 'Voxboard Watch WidgetExtension' from project 'Voxboard')
    cd /Users/codybontecou/projects/Voxboard


SwiftCompile normal x86_64 Compiling\ WatchPhoneBridge.swift /Users/codybontecou/projects/Voxboard/Voxboard\ Watch\ Shared/WatchPhoneBridge.swift (in target 'Voxboard Watch WidgetExtension' from project 'Voxboard')

SwiftCompile normal x86_64 /Users/codybontecou/projects/Voxboard/Voxboard\ Watch\ Shared/WatchPhoneBridge.swift (in target 'Voxboard Watch WidgetExtension' from project 'Voxboard')
    cd /Users/codybontecou/projects/Voxboard


SwiftDriverJobDiscovery normal arm64 Emitting module for FluidAudio (in target 'FluidAudio' from project 'FluidAudio')

SwiftDriver\ Compilation\ Requirements FluidAudio normal arm64 com.apple.xcode.tools.swift.compiler (in target 'FluidAudio' from project 'FluidAudio')
    cd /Users/codybontecou/projects/Voxboard/Voxboard.xcodeproj
    builtin-Swift-Compilation-Requirements -- /Applications/Xcode.app/Contents/Developer/Toolchains/XcodeDefault.xctoolchain/usr/bin/swiftc -module-name FluidAudio -Onone @/tmp/voxboard-notelet-verify-derived/Build/Intermediates.noindex/FluidAudio.build/Debug-iphonesimulator/FluidAudio.build/Objects-normal/arm64/FluidAudio.SwiftFileList -DSWIFT_PACKAGE -DDEBUG -DSWIFT_MODULE_RESOURCE_BUNDLE_UNAVAILABLE -DXcode -plugin-path /Applications/Xcode.app/Contents/Developer/Toolchains/XcodeDefault.xctoolchain/usr/lib/swift/host/plugins/testing -enable-experimental-feature DebugDescriptionMacro -sdk /Applications/Xcode.app/Contents/Developer/Platforms/iPhoneSimulator.platform/Developer/SDKs/iPhoneSimulator26.5.sdk -target arm64-apple-ios17.0-simulator -g -module-cache-path /tmp/voxboard-notelet-verify-derived/ModuleCache.noindex -Xfrontend -serialize-debugging-options -enable-testing -suppress-warnings -index-store-path /tmp/voxboard-notelet-verify-derived/Index.noindex/DataStore -Xcc -D_LIBCPP_HARDENING_MODE\=_LIBCPP_HARDENING_MODE_DEBUG -swift-version 6 -I /tmp/voxboard-notelet-verify-derived/Build/Products/Debug-iphonesimulator -Isystem /Applications/Xcode.app/Contents/Developer/Platforms/iPhoneSimulator.platform/Developer/usr/lib -F /tmp/voxboard-notelet-verify-derived/Build/Products/Debug-iphonesimulator/PackageFrameworks -F /tmp/voxboard-notelet-verify-derived/Build/Products/Debug-iphonesimulator/PackageFrameworks -F /tmp/voxboard-notelet-verify-derived/Build/Products/Debug-iphonesimulator -F /Applications/Xcode.app/Contents/Developer/Platforms/iPhoneSimulator.platform/Developer/Library/Frameworks -F /Applications/Xcode.app/Contents/Developer/Platforms/iPhoneSimulator.platform/Developer/SDKs/iPhoneSimulator26.5.sdk/Developer/Library/Frameworks -c -j10 -enable-batch-mode -incremental -Xcc -ivfsstatcache -Xcc /tmp/voxboard-notelet-verify-derived/SDKStatCaches.noindex/iphonesimulator26.5-23F73-6cfe768891a92b912361537c460fe42b.sdkstatcache -output-file-map /tmp/voxboard-notelet-verify-derived/Build/Intermediates.noindex/FluidAudio.build/Debug-iphonesimulator/FluidAudio.build/Objects-normal/arm64/FluidAudio-OutputFileMap.json -use-frontend-parseable-output -save-temps -no-color-diagnostics -explicit-module-build -module-cache-path /tmp/voxboard-notelet-verify-derived/Build/Intermediates.noindex/SwiftExplicitPrecompiledModules -clang-scanner-module-cache-path /tmp/voxboard-notelet-verify-derived/ModuleCache.noindex -sdk-module-cache-path /tmp/voxboard-notelet-verify-derived/ModuleCache.noindex -serialize-diagnostics -emit-dependencies -emit-module -emit-module-path /tmp/voxboard-notelet-verify-derived/Build/Intermediates.noindex/FluidAudio.build/Debug-iphonesimulator/FluidAudio.build/Objects-normal/arm64/FluidAudio.swiftmodule -user-module-version 0.13.4 -validate-clang-modules-once -clang-build-session-file /tmp/voxboard-notelet-verify-derived/ModuleCache.noindex/Session.modulevalidation -package-name fluidaudio -Xcc -I/tmp/voxboard-notelet-verify-derived/Build/Intermediates.noindex/FluidAudio.build/Debug-iphonesimulator/FluidAudio.build/swift-overrides.hmap -emit-const-values -Xfrontend -const-gather-protocols-file -Xfrontend /tmp/voxboard-notelet-verify-derived/Build/Intermediates.noindex/FluidAudio.build/Debug-iphonesimulator/FluidAudio.build/Objects-normal/arm64/FluidAudio_const_extract_protocols.json -Xcc -I/tmp/voxboard-notelet-verify-derived/SourcePackages/checkouts/FluidAudio/Sources/MachTaskSelfWrapper/include -Xcc -I/tmp/voxboard-notelet-verify-derived/SourcePackages/checkouts/FluidAudio/Sources/FastClusterWrapper/include -Xcc -I/tmp/voxboard-notelet-verify-derived/Build/Products/Debug-iphonesimulator/include -Xcc -I/tmp/voxboard-notelet-verify-derived/Build/Intermediates.noindex/FluidAudio.build/Debug-iphonesimulator/FluidAudio.build/DerivedSources-normal/arm64 -Xcc -I/tmp/voxboard-notelet-verify-derived/Build/Intermediates.noindex/FluidAudio.build/Debug-iphonesimulator/FluidAudio.build/DerivedSources/arm64 -Xcc -I/tmp/voxboard-notelet-verify-derived/Build/Intermediates.noindex/FluidAudio.build/Debug-iphonesimulator/FluidAudio.build/DerivedSources -Xcc -DSWIFT_PACKAGE -Xcc -DDEBUG\=1 -emit-objc-header -emit-objc-header-path /tmp/voxboard-notelet-verify-derived/Build/Intermediates.noindex/FluidAudio.build/Debug-iphonesimulator/FluidAudio.build/Objects-normal/arm64/FluidAudio-Swift.h -working-directory /Users/codybontecou/projects/Voxboard/Voxboard.xcodeproj -experimental-emit-module-separately -disable-cmo

SwiftDriverJobDiscovery normal x86_64 Compiling WatchPhoneBridge.swift (in target 'Voxboard Watch WidgetExtension' from project 'Voxboard')

SwiftCompile normal x86_64 Compiling\ VoxboardWatchWidgetBundle.swift /Users/codybontecou/projects/Voxboard/Voxboard\ Watch\ Widget/VoxboardWatchWidgetBundle.swift (in target 'Voxboard Watch WidgetExtension' from project 'Voxboard')

SwiftCompile normal x86_64 /Users/codybontecou/projects/Voxboard/Voxboard\ Watch\ Widget/VoxboardWatchWidgetBundle.swift (in target 'Voxboard Watch WidgetExtension' from project 'Voxboard')
    cd /Users/codybontecou/projects/Voxboard


SwiftMergeGeneratedHeaders /tmp/voxboard-notelet-verify-derived/Build/Intermediates.noindex/GeneratedModuleMaps-iphonesimulator/FluidAudio-Swift.h /tmp/voxboard-notelet-verify-derived/Build/Intermediates.noindex/FluidAudio.build/Debug-iphonesimulator/FluidAudio.build/Objects-normal/arm64/FluidAudio-Swift.h (in target 'FluidAudio' from project 'FluidAudio')
    cd /tmp/voxboard-notelet-verify-derived/SourcePackages/checkouts/FluidAudio
    builtin-swiftHeaderTool -arch arm64 /tmp/voxboard-notelet-verify-derived/Build/Intermediates.noindex/FluidAudio.build/Debug-iphonesimulator/FluidAudio.build/Objects-normal/arm64/FluidAudio-Swift.h -o /tmp/voxboard-notelet-verify-derived/Build/Intermediates.noindex/GeneratedModuleMaps-iphonesimulator/FluidAudio-Swift.h

SwiftDriverJobDiscovery normal arm64 Compiling WatchRecordIntent.swift (in target 'Voxboard Watch WidgetExtension' from project 'Voxboard')

Copy /tmp/voxboard-notelet-verify-derived/Build/Products/Debug-iphonesimulator/FluidAudio.swiftmodule/arm64-apple-ios-simulator.swiftmodule /tmp/voxboard-notelet-verify-derived/Build/Intermediates.noindex/FluidAudio.build/Debug-iphonesimulator/FluidAudio.build/Objects-normal/arm64/FluidAudio.swiftmodule (in target 'FluidAudio' from project 'FluidAudio')
    cd /tmp/voxboard-notelet-verify-derived/SourcePackages/checkouts/FluidAudio
    builtin-copy -exclude .DS_Store -exclude CVS -exclude .svn -exclude .git -exclude .hg -resolve-src-symlinks -rename /tmp/voxboard-notelet-verify-derived/Build/Intermediates.noindex/FluidAudio.build/Debug-iphonesimulator/FluidAudio.build/Objects-normal/arm64/FluidAudio.swiftmodule /tmp/voxboard-notelet-verify-derived/Build/Products/Debug-iphonesimulator/FluidAudio.swiftmodule/arm64-apple-ios-simulator.swiftmodule

Copy /tmp/voxboard-notelet-verify-derived/Build/Products/Debug-iphonesimulator/FluidAudio.swiftmodule/arm64-apple-ios-simulator.swiftdoc /tmp/voxboard-notelet-verify-derived/Build/Intermediates.noindex/FluidAudio.build/Debug-iphonesimulator/FluidAudio.build/Objects-normal/arm64/FluidAudio.swiftdoc (in target 'FluidAudio' from project 'FluidAudio')
    cd /tmp/voxboard-notelet-verify-derived/SourcePackages/checkouts/FluidAudio
    builtin-copy -exclude .DS_Store -exclude CVS -exclude .svn -exclude .git -exclude .hg -resolve-src-symlinks -rename /tmp/voxboard-notelet-verify-derived/Build/Intermediates.noindex/FluidAudio.build/Debug-iphonesimulator/FluidAudio.build/Objects-normal/arm64/FluidAudio.swiftdoc /tmp/voxboard-notelet-verify-derived/Build/Products/Debug-iphonesimulator/FluidAudio.swiftmodule/arm64-apple-ios-simulator.swiftdoc

Copy /tmp/voxboard-notelet-verify-derived/Build/Products/Debug-iphonesimulator/FluidAudio.swiftmodule/arm64-apple-ios-simulator.abi.json /tmp/voxboard-notelet-verify-derived/Build/Intermediates.noindex/FluidAudio.build/Debug-iphonesimulator/FluidAudio.build/Objects-normal/arm64/FluidAudio.abi.json (in target 'FluidAudio' from project 'FluidAudio')
    cd /tmp/voxboard-notelet-verify-derived/SourcePackages/checkouts/FluidAudio
    builtin-copy -exclude .DS_Store -exclude CVS -exclude .svn -exclude .git -exclude .hg -resolve-src-symlinks -rename /tmp/voxboard-notelet-verify-derived/Build/Intermediates.noindex/FluidAudio.build/Debug-iphonesimulator/FluidAudio.build/Objects-normal/arm64/FluidAudio.abi.json /tmp/voxboard-notelet-verify-derived/Build/Products/Debug-iphonesimulator/FluidAudio.swiftmodule/arm64-apple-ios-simulator.abi.json

Copy /tmp/voxboard-notelet-verify-derived/Build/Products/Debug-iphonesimulator/FluidAudio.swiftmodule/Project/arm64-apple-ios-simulator.swiftsourceinfo /tmp/voxboard-notelet-verify-derived/Build/Intermediates.noindex/FluidAudio.build/Debug-iphonesimulator/FluidAudio.build/Objects-normal/arm64/FluidAudio.swiftsourceinfo (in target 'FluidAudio' from project 'FluidAudio')
    cd /tmp/voxboard-notelet-verify-derived/SourcePackages/checkouts/FluidAudio
    builtin-copy -exclude .DS_Store -exclude CVS -exclude .svn -exclude .git -exclude .hg -resolve-src-symlinks -rename /tmp/voxboard-notelet-verify-derived/Build/Intermediates.noindex/FluidAudio.build/Debug-iphonesimulator/FluidAudio.build/Objects-normal/arm64/FluidAudio.swiftsourceinfo /tmp/voxboard-notelet-verify-derived/Build/Products/Debug-iphonesimulator/FluidAudio.swiftmodule/Project/arm64-apple-ios-simulator.swiftsourceinfo

SwiftCompile normal arm64 Compiling\ WatchPhoneBridge.swift /Users/codybontecou/projects/Voxboard/Voxboard\ Watch\ Shared/WatchPhoneBridge.swift (in target 'Voxboard Watch WidgetExtension' from project 'Voxboard')

SwiftCompile normal arm64 /Users/codybontecou/projects/Voxboard/Voxboard\ Watch\ Shared/WatchPhoneBridge.swift (in target 'Voxboard Watch WidgetExtension' from project 'Voxboard')
    cd /Users/codybontecou/projects/Voxboard


SwiftDriverJobDiscovery normal arm64 Compiling GeneratedAssetSymbols.swift (in target 'Voxboard Watch WidgetExtension' from project 'Voxboard')

SwiftCompile normal x86_64 Compiling\ GeneratedAssetSymbols.swift /tmp/voxboard-notelet-verify-derived/Build/Intermediates.noindex/Voxboard.build/Debug-watchsimulator/Voxboard\ Watch\ WidgetExtension.build/DerivedSources/GeneratedAssetSymbols.swift (in target 'Voxboard Watch WidgetExtension' from project 'Voxboard')

SwiftCompile normal x86_64 /tmp/voxboard-notelet-verify-derived/Build/Intermediates.noindex/Voxboard.build/Debug-watchsimulator/Voxboard\ Watch\ WidgetExtension.build/DerivedSources/GeneratedAssetSymbols.swift (in target 'Voxboard Watch WidgetExtension' from project 'Voxboard')
    cd /Users/codybontecou/projects/Voxboard


SwiftCompile normal x86_64 Compiling\ WatchRecordIntent.swift /Users/codybontecou/projects/Voxboard/Voxboard\ Watch\ Widget/WatchRecordIntent.swift (in target 'Voxboard Watch WidgetExtension' from project 'Voxboard')

SwiftCompile normal x86_64 /Users/codybontecou/projects/Voxboard/Voxboard\ Watch\ Widget/WatchRecordIntent.swift (in target 'Voxboard Watch WidgetExtension' from project 'Voxboard')
    cd /Users/codybontecou/projects/Voxboard


SwiftDriverJobDiscovery normal arm64 Compiling AudioMelSpectrogram.swift, AudioSampleSource.swift, AudioSource.swift, AudioSourceFactory.swift, AudioStream.swift, MLArrayCache.swift, MLModel+Prediction.swift, MLModelConfigurationUtils.swift, ModelWarmup.swift, PerformanceMetrics.swift, ProgressEmitter.swift, StringUtils.swift, SystemInfo.swift, ZeroCopyFeatureProvider.swift, MultilingualG2PError.swift (in target 'FluidAudio' from project 'FluidAudio')

SwiftCompile normal arm64 Compiling\ VoxboardWatchRecordWidget.swift /Users/codybontecou/projects/Voxboard/Voxboard\ Watch\ Widget/VoxboardWatchRecordWidget.swift (in target 'Voxboard Watch WidgetExtension' from project 'Voxboard')

SwiftCompile normal arm64 /Users/codybontecou/projects/Voxboard/Voxboard\ Watch\ Widget/VoxboardWatchRecordWidget.swift (in target 'Voxboard Watch WidgetExtension' from project 'Voxboard')
    cd /Users/codybontecou/projects/Voxboard


SwiftDriverJobDiscovery normal arm64 Compiling SlidingWindowAsrSession.swift, StreamingEouAsrManager.swift, NemotronChunkSize.swift, NemotronStreamingAsrManager+Pipeline.swift, NemotronStreamingAsrManager.swift, NemotronStreamingConfig.swift, ParakeetModelVariant.swift, RnntDecoder.swift, StreamingAsrEngine.swift, StreamingAsrEngineFactory.swift, Tokenizer.swift, Qwen3AsrConfig.swift, Qwen3AsrManager.swift, Qwen3AsrModels.swift, Qwen3RoPE.swift (in target 'FluidAudio' from project 'FluidAudio')

SwiftCompile normal x86_64 Compiling\ VoxboardWatchRecordWidget.swift /Users/codybontecou/projects/Voxboard/Voxboard\ Watch\ Widget/VoxboardWatchRecordWidget.swift (in target 'Voxboard Watch WidgetExtension' from project 'Voxboard')

SwiftCompile normal x86_64 /Users/codybontecou/projects/Voxboard/Voxboard\ Watch\ Widget/VoxboardWatchRecordWidget.swift (in target 'Voxboard Watch WidgetExtension' from project 'Voxboard')
    cd /Users/codybontecou/projects/Voxboard


SwiftDriverJobDiscovery normal arm64 Compiling AsrManager.swift, AsrModels.swift, AsrTranscription.swift, AsrTypes.swift, AudioBuffer.swift, ChunkProcessor.swift, BlasIndex.swift, EncoderFrameView.swift, TdtConfig.swift, TdtDecoderState.swift, TdtDecoderV2.swift, TdtDecoderV3.swift, TdtHypothesis.swift, ARPALanguageModel.swift, CtcDecoder.swift (in target 'FluidAudio' from project 'FluidAudio')

SwiftCompile normal arm64 Compiling\ VoxboardWatchWidgetBundle.swift /Users/codybontecou/projects/Voxboard/Voxboard\ Watch\ Widget/VoxboardWatchWidgetBundle.swift (in target 'Voxboard Watch WidgetExtension' from project 'Voxboard')

SwiftCompile normal arm64 /Users/codybontecou/projects/Voxboard/Voxboard\ Watch\ Widget/VoxboardWatchWidgetBundle.swift (in target 'Voxboard Watch WidgetExtension' from project 'Voxboard')
    cd /Users/codybontecou/projects/Voxboard


SwiftDriverJobDiscovery normal arm64 Compiling WatchPhoneBridge.swift (in target 'Voxboard Watch WidgetExtension' from project 'Voxboard')

SwiftCompile normal arm64 Compiling\ BulletListNoteItemView.swift,\ Constants.swift /tmp/voxboard-notelet-verify-derived/SourcePackages/checkouts/notelet/Sources/Notelet/BulletListNoteItemView.swift /tmp/voxboard-notelet-verify-derived/SourcePackages/checkouts/notelet/Sources/Notelet/Constants.swift (in target 'Notelet' from project 'Notelet')

SwiftCompile normal arm64 /tmp/voxboard-notelet-verify-derived/SourcePackages/checkouts/notelet/Sources/Notelet/BulletListNoteItemView.swift (in target 'Notelet' from project 'Notelet')
    cd /Users/codybontecou/projects/Voxboard/Voxboard.xcodeproj


SwiftCompile normal arm64 /tmp/voxboard-notelet-verify-derived/SourcePackages/checkouts/notelet/Sources/Notelet/Constants.swift (in target 'Notelet' from project 'Notelet')
    cd /Users/codybontecou/projects/Voxboard/Voxboard.xcodeproj


SwiftDriverJobDiscovery normal arm64 Compiling VoxboardWatchWidgetBundle.swift (in target 'Voxboard Watch WidgetExtension' from project 'Voxboard')

SwiftCompile normal arm64 Compiling\ NoteletSheetContentView.swift /tmp/voxboard-notelet-verify-derived/SourcePackages/checkouts/notelet/Sources/Notelet/NoteletSheetContentView.swift (in target 'Notelet' from project 'Notelet')

SwiftCompile normal arm64 /tmp/voxboard-notelet-verify-derived/SourcePackages/checkouts/notelet/Sources/Notelet/NoteletSheetContentView.swift (in target 'Notelet' from project 'Notelet')
    cd /Users/codybontecou/projects/Voxboard/Voxboard.xcodeproj


SwiftDriverJobDiscovery normal arm64 Compiling KokoroSynthesizer+VoiceEmbeddings.swift, KokoroSynthesizer.swift, TtsCustomLexicon.swift, PocketTtsConstantsLoader.swift, PocketTtsResourceDownloader.swift, PocketTtsModelStore.swift, PocketTtsSynthesizer+Flow.swift, PocketTtsSynthesizer+KVCache.swift, PocketTtsSynthesizer+Mimi.swift, PocketTtsSynthesizer+Types.swift, PocketTtsSynthesizer.swift, PocketTtsVoiceCloner.swift, PocketTTSError.swift, PocketTtsConstants.swift, PocketTtsManager.swift (in target 'FluidAudio' from project 'FluidAudio')

SwiftCompile normal arm64 Compiling\ SafeAreaView.swift /tmp/voxboard-notelet-verify-derived/SourcePackages/checkouts/notelet/Sources/Notelet/SafeAreaView.swift (in target 'Notelet' from project 'Notelet')

SwiftCompile normal arm64 /tmp/voxboard-notelet-verify-derived/SourcePackages/checkouts/notelet/Sources/Notelet/SafeAreaView.swift (in target 'Notelet' from project 'Notelet')
    cd /Users/codybontecou/projects/Voxboard/Voxboard.xcodeproj


SwiftDriverJobDiscovery normal arm64 Compiling SortformerDiarizer.swift, SortformerModelInference.swift, SortformerStateUpdater.swift, SortformerTypes.swift, DownloadUtils.swift, FluidAudioSwift.swift, TextNormalizer.swift, ModelNames.swift, ModelRegistry.swift, ANEMemoryOptimizer.swift, ANEMemoryUtils.swift, ASRConstants.swift, AppLogger.swift, AssetDownloader.swift, AudioConverter.swift (in target 'FluidAudio' from project 'FluidAudio')

SwiftDriverJobDiscovery normal arm64 Compiling VoxboardWatchRecordWidget.swift (in target 'Voxboard Watch WidgetExtension' from project 'Voxboard')

SwiftCompile normal arm64 Compiling\ Helpers.swift,\ MediaNoteItemDetailsView.swift /tmp/voxboard-notelet-verify-derived/SourcePackages/checkouts/notelet/Sources/Notelet/Helpers.swift /tmp/voxboard-notelet-verify-derived/SourcePackages/checkouts/notelet/Sources/Notelet/MediaNoteItemDetailsView.swift (in target 'Notelet' from project 'Notelet')

SwiftCompile normal arm64 /tmp/voxboard-notelet-verify-derived/SourcePackages/checkouts/notelet/Sources/Notelet/Helpers.swift (in target 'Notelet' from project 'Notelet')
    cd /Users/codybontecou/projects/Voxboard/Voxboard.xcodeproj


SwiftCompile normal arm64 /tmp/voxboard-notelet-verify-derived/SourcePackages/checkouts/notelet/Sources/Notelet/MediaNoteItemDetailsView.swift (in target 'Notelet' from project 'Notelet')
    cd /Users/codybontecou/projects/Voxboard/Voxboard.xcodeproj


SwiftDriver\ Compilation Voxboard\ Watch\ WidgetExtension normal arm64 com.apple.xcode.tools.swift.compiler (in target 'Voxboard Watch WidgetExtension' from project 'Voxboard')
    cd /Users/codybontecou/projects/Voxboard
    builtin-Swift-Compilation -- /Applications/Xcode.app/Contents/Developer/Toolchains/XcodeDefault.xctoolchain/usr/bin/swiftc -module-name Voxboard_Watch_WidgetExtension -Onone @/tmp/voxboard-notelet-verify-derived/Build/Intermediates.noindex/Voxboard.build/Debug-watchsimulator/Voxboard\ Watch\ WidgetExtension.build/Objects-normal/arm64/Voxboard\ Watch\ WidgetExtension.SwiftFileList -DDEBUG -enable-bare-slash-regex -enable-experimental-feature DebugDescriptionMacro -sdk /Applications/Xcode.app/Contents/Developer/Platforms/WatchSimulator.platform/Developer/SDKs/WatchSimulator26.5.sdk -target arm64-apple-watchos10.0-simulator -g -module-cache-path /tmp/voxboard-notelet-verify-derived/ModuleCache.noindex -Xfrontend -serialize-debugging-options -application-extension -enable-testing -index-store-path /tmp/voxboard-notelet-verify-derived/Index.noindex/DataStore -Xcc -D_LIBCPP_HARDENING_MODE\=_LIBCPP_HARDENING_MODE_DEBUG -swift-version 5 -I /tmp/voxboard-notelet-verify-derived/Build/Products/Debug-watchsimulator -F /tmp/voxboard-notelet-verify-derived/Build/Products/Debug-watchsimulator -emit-localized-strings -emit-localized-strings-path /tmp/voxboard-notelet-verify-derived/Build/Intermediates.noindex/Voxboard.build/Debug-watchsimulator/Voxboard\ Watch\ WidgetExtension.build/Objects-normal/arm64 -c -j10 -enable-batch-mode -incremental -Xcc -ivfsstatcache -Xcc /tmp/voxboard-notelet-verify-derived/SDKStatCaches.noindex/watchsimulator26.5-23T570-1651579a441f1322ae888f0ed545cb80.sdkstatcache -output-file-map /tmp/voxboard-notelet-verify-derived/Build/Intermediates.noindex/Voxboard.build/Debug-watchsimulator/Voxboard\ Watch\ WidgetExtension.build/Objects-normal/arm64/Voxboard\ Watch\ WidgetExtension-OutputFileMap.json -use-frontend-parseable-output -save-temps -no-color-diagnostics -explicit-module-build -module-cache-path /tmp/voxboard-notelet-verify-derived/Build/Intermediates.noindex/SwiftExplicitPrecompiledModules -clang-scanner-module-cache-path /tmp/voxboard-notelet-verify-derived/ModuleCache.noindex -sdk-module-cache-path /tmp/voxboard-notelet-verify-derived/ModuleCache.noindex -serialize-diagnostics -emit-dependencies -emit-module -emit-module-path /tmp/voxboard-notelet-verify-derived/Build/Intermediates.noindex/Voxboard.build/Debug-watchsimulator/Voxboard\ Watch\ WidgetExtension.build/Objects-normal/arm64/Voxboard_Watch_WidgetExtension.swiftmodule -validate-clang-modules-once -clang-build-session-file /tmp/voxboard-notelet-verify-derived/ModuleCache.noindex/Session.modulevalidation -Xcc -I/tmp/voxboard-notelet-verify-derived/Build/Intermediates.noindex/Voxboard.build/Debug-watchsimulator/Voxboard\ Watch\ WidgetExtension.build/swift-overrides.hmap -emit-const-values -Xfrontend -const-gather-protocols-file -Xfrontend /tmp/voxboard-notelet-verify-derived/Build/Intermediates.noindex/Voxboard.build/Debug-watchsimulator/Voxboard\ Watch\ WidgetExtension.build/Objects-normal/arm64/Voxboard\ Watch\ WidgetExtension_const_extract_protocols.json -Xcc -iquote -Xcc /tmp/voxboard-notelet-verify-derived/Build/Intermediates.noindex/Voxboard.build/Debug-watchsimulator/Voxboard\ Watch\ WidgetExtension.build/Voxboard\ Watch\ WidgetExtension-generated-files.hmap -Xcc -I/tmp/voxboard-notelet-verify-derived/Build/Intermediates.noindex/Voxboard.build/Debug-watchsimulator/Voxboard\ Watch\ WidgetExtension.build/Voxboard\ Watch\ WidgetExtension-own-target-headers.hmap -Xcc -I/tmp/voxboard-notelet-verify-derived/Build/Intermediates.noindex/Voxboard.build/Debug-watchsimulator/Voxboard\ Watch\ WidgetExtension.build/Voxboard\ Watch\ WidgetExtension-all-non-framework-target-headers.hmap -Xcc -ivfsoverlay -Xcc /tmp/voxboard-notelet-verify-derived/Build/Intermediates.noindex/Voxboard.build/Debug-watchsimulator/Voxboard-8d6c3ba71b53f8320d7c577fe4b80237-VFS-watchsimulator/all-product-headers.yaml -Xcc -iquote -Xcc /tmp/voxboard-notelet-verify-derived/Build/Intermediates.noindex/Voxboard.build/Debug-watchsimulator/Voxboard\ Watch\ WidgetExtension.build/Voxboard\ Watch\ WidgetExtension-project-headers.hmap -Xcc -I/tmp/voxboard-notelet-verify-derived/Build/Products/Debug-watchsimulator/include -Xcc -I/tmp/voxboard-notelet-verify-derived/Build/Intermediates.noindex/Voxboard.build/Debug-watchsimulator/Voxboard\ Watch\ WidgetExtension.build/DerivedSources-normal/arm64 -Xcc -I/tmp/voxboard-notelet-verify-derived/Build/Intermediates.noindex/Voxboard.build/Debug-watchsimulator/Voxboard\ Watch\ WidgetExtension.build/DerivedSources/arm64 -Xcc -I/tmp/voxboard-notelet-verify-derived/Build/Intermediates.noindex/Voxboard.build/Debug-watchsimulator/Voxboard\ Watch\ WidgetExtension.build/DerivedSources -Xcc -DDEBUG\=1 -emit-objc-header -emit-objc-header-path /tmp/voxboard-notelet-verify-derived/Build/Intermediates.noindex/Voxboard.build/Debug-watchsimulator/Voxboard\ Watch\ WidgetExtension.build/Objects-normal/arm64/Voxboard_Watch_WidgetExtension-Swift.h -working-directory /Users/codybontecou/projects/Voxboard -experimental-emit-module-separately -disable-cmo

SwiftDriverJobDiscovery normal x86_64 Compiling VoxboardWatchWidgetBundle.swift (in target 'Voxboard Watch WidgetExtension' from project 'Voxboard')

SwiftCompile normal arm64 Compiling\ MediaNoteItemVideoView.swift /tmp/voxboard-notelet-verify-derived/SourcePackages/checkouts/notelet/Sources/Notelet/MediaNoteItemVideoView.swift (in target 'Notelet' from project 'Notelet')

SwiftCompile normal arm64 /tmp/voxboard-notelet-verify-derived/SourcePackages/checkouts/notelet/Sources/Notelet/MediaNoteItemVideoView.swift (in target 'Notelet' from project 'Notelet')
    cd /Users/codybontecou/projects/Voxboard/Voxboard.xcodeproj


SwiftCompile normal arm64 Compiling\ Storage.swift /tmp/voxboard-notelet-verify-derived/SourcePackages/checkouts/notelet/Sources/Notelet/Storage.swift (in target 'Notelet' from project 'Notelet')

SwiftCompile normal arm64 /tmp/voxboard-notelet-verify-derived/SourcePackages/checkouts/notelet/Sources/Notelet/Storage.swift (in target 'Notelet' from project 'Notelet')
    cd /Users/codybontecou/projects/Voxboard/Voxboard.xcodeproj


SwiftDriverJobDiscovery normal x86_64 Compiling WatchRecordIntent.swift (in target 'Voxboard Watch WidgetExtension' from project 'Voxboard')

SwiftCompile normal arm64 Compiling\ MediaNoteItemImageView.swift,\ MediaNoteItemLoadState.swift /tmp/voxboard-notelet-verify-derived/SourcePackages/checkouts/notelet/Sources/Notelet/MediaNoteItemImageView.swift /tmp/voxboard-notelet-verify-derived/SourcePackages/checkouts/notelet/Sources/Notelet/MediaNoteItemLoadState.swift (in target 'Notelet' from project 'Notelet')

SwiftCompile normal arm64 /tmp/voxboard-notelet-verify-derived/SourcePackages/checkouts/notelet/Sources/Notelet/MediaNoteItemImageView.swift (in target 'Notelet' from project 'Notelet')
    cd /Users/codybontecou/projects/Voxboard/Voxboard.xcodeproj


SwiftCompile normal arm64 /tmp/voxboard-notelet-verify-derived/SourcePackages/checkouts/notelet/Sources/Notelet/MediaNoteItemLoadState.swift (in target 'Notelet' from project 'Notelet')
    cd /Users/codybontecou/projects/Voxboard/Voxboard.xcodeproj


SwiftDriverJobDiscovery normal x86_64 Compiling VoxboardWatchRecordWidget.swift (in target 'Voxboard Watch WidgetExtension' from project 'Voxboard')

SwiftCompile normal arm64 Compiling\ Types.swift /tmp/voxboard-notelet-verify-derived/SourcePackages/checkouts/notelet/Sources/Notelet/Types.swift (in target 'Notelet' from project 'Notelet')

SwiftCompile normal arm64 /tmp/voxboard-notelet-verify-derived/SourcePackages/checkouts/notelet/Sources/Notelet/Types.swift (in target 'Notelet' from project 'Notelet')
    cd /Users/codybontecou/projects/Voxboard/Voxboard.xcodeproj


SwiftDriverJobDiscovery normal arm64 Compiling Storage.swift (in target 'Notelet' from project 'Notelet')

SwiftCompile normal arm64 Compiling\ NoteletSheet.swift /tmp/voxboard-notelet-verify-derived/SourcePackages/checkouts/notelet/Sources/Notelet/NoteletSheet.swift (in target 'Notelet' from project 'Notelet')

SwiftCompile normal arm64 /tmp/voxboard-notelet-verify-derived/SourcePackages/checkouts/notelet/Sources/Notelet/NoteletSheet.swift (in target 'Notelet' from project 'Notelet')
    cd /Users/codybontecou/projects/Voxboard/Voxboard.xcodeproj


SwiftDriverJobDiscovery normal x86_64 Compiling GeneratedAssetSymbols.swift (in target 'Voxboard Watch WidgetExtension' from project 'Voxboard')

SwiftDriver\ Compilation Voxboard\ Watch\ WidgetExtension normal x86_64 com.apple.xcode.tools.swift.compiler (in target 'Voxboard Watch WidgetExtension' from project 'Voxboard')
    cd /Users/codybontecou/projects/Voxboard
    builtin-Swift-Compilation -- /Applications/Xcode.app/Contents/Developer/Toolchains/XcodeDefault.xctoolchain/usr/bin/swiftc -module-name Voxboard_Watch_WidgetExtension -Onone @/tmp/voxboard-notelet-verify-derived/Build/Intermediates.noindex/Voxboard.build/Debug-watchsimulator/Voxboard\ Watch\ WidgetExtension.build/Objects-normal/x86_64/Voxboard\ Watch\ WidgetExtension.SwiftFileList -DDEBUG -enable-bare-slash-regex -enable-experimental-feature DebugDescriptionMacro -sdk /Applications/Xcode.app/Contents/Developer/Platforms/WatchSimulator.platform/Developer/SDKs/WatchSimulator26.5.sdk -target x86_64-apple-watchos10.0-simulator -g -module-cache-path /tmp/voxboard-notelet-verify-derived/ModuleCache.noindex -Xfrontend -serialize-debugging-options -application-extension -enable-testing -index-store-path /tmp/voxboard-notelet-verify-derived/Index.noindex/DataStore -Xcc -D_LIBCPP_HARDENING_MODE\=_LIBCPP_HARDENING_MODE_DEBUG -swift-version 5 -I /tmp/voxboard-notelet-verify-derived/Build/Products/Debug-watchsimulator -F /tmp/voxboard-notelet-verify-derived/Build/Products/Debug-watchsimulator -emit-localized-strings -emit-localized-strings-path /tmp/voxboard-notelet-verify-derived/Build/Intermediates.noindex/Voxboard.build/Debug-watchsimulator/Voxboard\ Watch\ WidgetExtension.build/Objects-normal/x86_64 -c -j10 -enable-batch-mode -incremental -Xcc -ivfsstatcache -Xcc /tmp/voxboard-notelet-verify-derived/SDKStatCaches.noindex/watchsimulator26.5-23T570-1651579a441f1322ae888f0ed545cb80.sdkstatcache -output-file-map /tmp/voxboard-notelet-verify-derived/Build/Intermediates.noindex/Voxboard.build/Debug-watchsimulator/Voxboard\ Watch\ WidgetExtension.build/Objects-normal/x86_64/Voxboard\ Watch\ WidgetExtension-OutputFileMap.json -use-frontend-parseable-output -save-temps -no-color-diagnostics -explicit-module-build -module-cache-path /tmp/voxboard-notelet-verify-derived/Build/Intermediates.noindex/SwiftExplicitPrecompiledModules -clang-scanner-module-cache-path /tmp/voxboard-notelet-verify-derived/ModuleCache.noindex -sdk-module-cache-path /tmp/voxboard-notelet-verify-derived/ModuleCache.noindex -serialize-diagnostics -emit-dependencies -emit-module -emit-module-path /tmp/voxboard-notelet-verify-derived/Build/Intermediates.noindex/Voxboard.build/Debug-watchsimulator/Voxboard\ Watch\ WidgetExtension.build/Objects-normal/x86_64/Voxboard_Watch_WidgetExtension.swiftmodule -validate-clang-modules-once -clang-build-session-file /tmp/voxboard-notelet-verify-derived/ModuleCache.noindex/Session.modulevalidation -Xcc -I/tmp/voxboard-notelet-verify-derived/Build/Intermediates.noindex/Voxboard.build/Debug-watchsimulator/Voxboard\ Watch\ WidgetExtension.build/swift-overrides.hmap -emit-const-values -Xfrontend -const-gather-protocols-file -Xfrontend /tmp/voxboard-notelet-verify-derived/Build/Intermediates.noindex/Voxboard.build/Debug-watchsimulator/Voxboard\ Watch\ WidgetExtension.build/Objects-normal/x86_64/Voxboard\ Watch\ WidgetExtension_const_extract_protocols.json -Xcc -iquote -Xcc /tmp/voxboard-notelet-verify-derived/Build/Intermediates.noindex/Voxboard.build/Debug-watchsimulator/Voxboard\ Watch\ WidgetExtension.build/Voxboard\ Watch\ WidgetExtension-generated-files.hmap -Xcc -I/tmp/voxboard-notelet-verify-derived/Build/Intermediates.noindex/Voxboard.build/Debug-watchsimulator/Voxboard\ Watch\ WidgetExtension.build/Voxboard\ Watch\ WidgetExtension-own-target-headers.hmap -Xcc -I/tmp/voxboard-notelet-verify-derived/Build/Intermediates.noindex/Voxboard.build/Debug-watchsimulator/Voxboard\ Watch\ WidgetExtension.build/Voxboard\ Watch\ WidgetExtension-all-non-framework-target-headers.hmap -Xcc -ivfsoverlay -Xcc /tmp/voxboard-notelet-verify-derived/Build/Intermediates.noindex/Voxboard.build/Debug-watchsimulator/Voxboard-8d6c3ba71b53f8320d7c577fe4b80237-VFS-watchsimulator/all-product-headers.yaml -Xcc -iquote -Xcc /tmp/voxboard-notelet-verify-derived/Build/Intermediates.noindex/Voxboard.build/Debug-watchsimulator/Voxboard\ Watch\ WidgetExtension.build/Voxboard\ Watch\ WidgetExtension-project-headers.hmap -Xcc -I/tmp/voxboard-notelet-verify-derived/Build/Products/Debug-watchsimulator/include -Xcc -I/tmp/voxboard-notelet-verify-derived/Build/Intermediates.noindex/Voxboard.build/Debug-watchsimulator/Voxboard\ Watch\ WidgetExtension.build/DerivedSources-normal/x86_64 -Xcc -I/tmp/voxboard-notelet-verify-derived/Build/Intermediates.noindex/Voxboard.build/Debug-watchsimulator/Voxboard\ Watch\ WidgetExtension.build/DerivedSources/x86_64 -Xcc -I/tmp/voxboard-notelet-verify-derived/Build/Intermediates.noindex/Voxboard.build/Debug-watchsimulator/Voxboard\ Watch\ WidgetExtension.build/DerivedSources -Xcc -DDEBUG\=1 -emit-objc-header -emit-objc-header-path /tmp/voxboard-notelet-verify-derived/Build/Intermediates.noindex/Voxboard.build/Debug-watchsimulator/Voxboard\ Watch\ WidgetExtension.build/Objects-normal/x86_64/Voxboard_Watch_WidgetExtension-Swift.h -working-directory /Users/codybontecou/projects/Voxboard -experimental-emit-module-separately -disable-cmo

SwiftDriverJobDiscovery normal arm64 Compiling KMeansClustering.swift, SpeakerCountConstraints.swift, VBxClustering.swift, OfflineDiarizerManager.swift, OfflineDiarizerModels.swift, OfflineDiarizerTypes.swift, OfflineEmbeddingExtractor.swift, PLDATransform.swift, WeightInterpolation.swift, OfflineSegmentationProcessor.swift, OfflineReconstruction.swift, VDSPOperations.swift, AudioValidation.swift, SegmentationProcessor.swift, SlidingWindow.swift (in target 'FluidAudio' from project 'FluidAudio')

SwiftCompile normal arm64 Compiling\ NoteItemView.swift /tmp/voxboard-notelet-verify-derived/SourcePackages/checkouts/notelet/Sources/Notelet/NoteItemView.swift (in target 'Notelet' from project 'Notelet')

SwiftCompile normal arm64 /tmp/voxboard-notelet-verify-derived/SourcePackages/checkouts/notelet/Sources/Notelet/NoteItemView.swift (in target 'Notelet' from project 'Notelet')
    cd /Users/codybontecou/projects/Voxboard/Voxboard.xcodeproj


SwiftDriverJobDiscovery normal arm64 Compiling BulletListNoteItemView.swift, Constants.swift (in target 'Notelet' from project 'Notelet')

SwiftCompile normal arm64 Compiling\ BKTree.swift,\ VocabularyRescorer+CandidateMatching.swift,\ ContextBiasingConstants.swift,\ CustomVocabularyContext.swift,\ VocabularyRescorer+TokenEvaluation.swift,\ VocabularyRescorer+TokenRescoring.swift,\ VocabularyRescorer+Utilities.swift,\ VocabularyRescorer.swift,\ BpeTokenizer.swift,\ CtcDPAlgorithm.swift,\ CtcKeywordSpotter+Inference.swift,\ CtcKeywordSpotter.swift,\ CtcModels.swift,\ CtcTokenizer.swift,\ SlidingWindowAsrManager.swift /tmp/voxboard-notelet-verify-derived/SourcePackages/checkouts/FluidAudio/Sources/FluidAudio/ASR/Parakeet/SlidingWindow/CustomVocabulary/BKTree/BKTree.swift /tmp/voxboard-notelet-verify-derived/SourcePackages/checkouts/FluidAudio/Sources/FluidAudio/ASR/Parakeet/SlidingWindow/CustomVocabulary/BKTree/VocabularyRescorer+CandidateMatching.swift /tmp/voxboard-notelet-verify-derived/SourcePackages/checkouts/FluidAudio/Sources/FluidAudio/ASR/Parakeet/SlidingWindow/CustomVocabulary/ContextBiasingConstants.swift /tmp/voxboard-notelet-verify-derived/SourcePackages/checkouts/FluidAudio/Sources/FluidAudio/ASR/Parakeet/SlidingWindow/CustomVocabulary/CustomVocabularyContext.swift /tmp/voxboard-notelet-verify-derived/SourcePackages/checkouts/FluidAudio/Sources/FluidAudio/ASR/Parakeet/SlidingWindow/CustomVocabulary/Rescorer/VocabularyRescorer+TokenEvaluation.swift /tmp/voxboard-notelet-verify-derived/SourcePackages/checkouts/FluidAudio/Sources/FluidAudio/ASR/Parakeet/SlidingWindow/CustomVocabulary/Rescorer/VocabularyRescorer+TokenRescoring.swift /tmp/voxboard-notelet-verify-derived/SourcePackages/checkouts/FluidAudio/Sources/FluidAudio/ASR/Parakeet/SlidingWindow/CustomVocabulary/Rescorer/VocabularyRescorer+Utilities.swift /tmp/voxboard-notelet-verify-derived/SourcePackages/checkouts/FluidAudio/Sources/FluidAudio/ASR/Parakeet/SlidingWindow/CustomVocabulary/Rescorer/VocabularyRescorer.swift /tmp/voxboard-notelet-verify-derived/SourcePackages/checkouts/FluidAudio/Sources/FluidAudio/ASR/Parakeet/SlidingWindow/CustomVocabulary/WordSpotting/BpeTokenizer.swift /tmp/voxboard-notelet-verify-derived/SourcePackages/checkouts/FluidAudio/Sources/FluidAudio/ASR/Parakeet/SlidingWindow/CustomVocabulary/WordSpotting/CtcDPAlgorithm.swift /tmp/voxboard-notelet-verify-derived/SourcePackages/checkouts/FluidAudio/Sources/FluidAudio/ASR/Parakeet/SlidingWindow/CustomVocabulary/WordSpotting/CtcKeywordSpotter+Inference.swift /tmp/voxboard-notelet-verify-derived/SourcePackages/checkouts/FluidAudio/Sources/FluidAudio/ASR/Parakeet/SlidingWindow/CustomVocabulary/WordSpotting/CtcKeywordSpotter.swift /tmp/voxboard-notelet-verify-derived/SourcePackages/checkouts/FluidAudio/Sources/FluidAudio/ASR/Parakeet/SlidingWindow/CustomVocabulary/WordSpotting/CtcModels.swift /tmp/voxboard-notelet-verify-derived/SourcePackages/checkouts/FluidAudio/Sources/FluidAudio/ASR/Parakeet/SlidingWindow/CustomVocabulary/WordSpotting/CtcTokenizer.swift /tmp/voxboard-notelet-verify-derived/SourcePackages/checkouts/FluidAudio/Sources/FluidAudio/ASR/Parakeet/SlidingWindow/SlidingWindowAsrManager.swift (in target 'FluidAudio' from project 'FluidAudio')
SwiftCompile normal arm64 /tmp/voxboard-notelet-verify-derived/SourcePackages/checkouts/FluidAudio/Sources/FluidAudio/ASR/Parakeet/SlidingWindow/CustomVocabulary/BKTree/BKTree.swift (in target 'FluidAudio' from project 'FluidAudio')
    cd /Users/codybontecou/projects/Voxboard/Voxboard.xcodeproj


SwiftCompile normal arm64 /tmp/voxboard-notelet-verify-derived/SourcePackages/checkouts/FluidAudio/Sources/FluidAudio/ASR/Parakeet/SlidingWindow/CustomVocabulary/BKTree/VocabularyRescorer+CandidateMatching.swift (in target 'FluidAudio' from project 'FluidAudio')
    cd /Users/codybontecou/projects/Voxboard/Voxboard.xcodeproj


SwiftCompile normal arm64 /tmp/voxboard-notelet-verify-derived/SourcePackages/checkouts/FluidAudio/Sources/FluidAudio/ASR/Parakeet/SlidingWindow/CustomVocabulary/ContextBiasingConstants.swift (in target 'FluidAudio' from project 'FluidAudio')
    cd /Users/codybontecou/projects/Voxboard/Voxboard.xcodeproj


SwiftCompile normal arm64 /tmp/voxboard-notelet-verify-derived/SourcePackages/checkouts/FluidAudio/Sources/FluidAudio/ASR/Parakeet/SlidingWindow/CustomVocabulary/CustomVocabularyContext.swift (in target 'FluidAudio' from project 'FluidAudio')
    cd /Users/codybontecou/projects/Voxboard/Voxboard.xcodeproj


SwiftCompile normal arm64 /tmp/voxboard-notelet-verify-derived/SourcePackages/checkouts/FluidAudio/Sources/FluidAudio/ASR/Parakeet/SlidingWindow/CustomVocabulary/Rescorer/VocabularyRescorer+TokenEvaluation.swift (in target 'FluidAudio' from project 'FluidAudio')
    cd /Users/codybontecou/projects/Voxboard/Voxboard.xcodeproj


SwiftCompile normal arm64 /tmp/voxboard-notelet-verify-derived/SourcePackages/checkouts/FluidAudio/Sources/FluidAudio/ASR/Parakeet/SlidingWindow/CustomVocabulary/Rescorer/VocabularyRescorer+TokenRescoring.swift (in target 'FluidAudio' from project 'FluidAudio')
    cd /Users/codybontecou/projects/Voxboard/Voxboard.xcodeproj


SwiftCompile normal arm64 /tmp/voxboard-notelet-verify-derived/SourcePackages/checkouts/FluidAudio/Sources/FluidAudio/ASR/Parakeet/SlidingWindow/CustomVocabulary/Rescorer/VocabularyRescorer+Utilities.swift (in target 'FluidAudio' from project 'FluidAudio')
    cd /Users/codybontecou/projects/Voxboard/Voxboard.xcodeproj


SwiftCompile normal arm64 /tmp/voxboard-notelet-verify-derived/SourcePackages/checkouts/FluidAudio/Sources/FluidAudio/ASR/Parakeet/SlidingWindow/CustomVocabulary/Rescorer/VocabularyRescorer.swift (in target 'FluidAudio' from project 'FluidAudio')
    cd /Users/codybontecou/projects/Voxboard/Voxboard.xcodeproj


SwiftCompile normal arm64 /tmp/voxboard-notelet-verify-derived/SourcePackages/checkouts/FluidAudio/Sources/FluidAudio/ASR/Parakeet/SlidingWindow/CustomVocabulary/WordSpotting/BpeTokenizer.swift (in target 'FluidAudio' from project 'FluidAudio')
    cd /Users/codybontecou/projects/Voxboard/Voxboard.xcodeproj


SwiftCompile normal arm64 /tmp/voxboard-notelet-verify-derived/SourcePackages/checkouts/FluidAudio/Sources/FluidAudio/ASR/Parakeet/SlidingWindow/CustomVocabulary/WordSpotting/CtcDPAlgorithm.swift (in target 'FluidAudio' from project 'FluidAudio')
    cd /Users/codybontecou/projects/Voxboard/Voxboard.xcodeproj


SwiftCompile normal arm64 /tmp/voxboard-notelet-verify-derived/SourcePackages/checkouts/FluidAudio/Sources/FluidAudio/ASR/Parakeet/SlidingWindow/CustomVocabulary/WordSpotting/CtcKeywordSpotter+Inference.swift (in target 'FluidAudio' from project 'FluidAudio')
    cd /Users/codybontecou/projects/Voxboard/Voxboard.xcodeproj


SwiftCompile normal arm64 /tmp/voxboard-notelet-verify-derived/SourcePackages/checkouts/FluidAudio/Sources/FluidAudio/ASR/Parakeet/SlidingWindow/CustomVocabulary/WordSpotting/CtcKeywordSpotter.swift (in target 'FluidAudio' from project 'FluidAudio')
    cd /Users/codybontecou/projects/Voxboard/Voxboard.xcodeproj


SwiftCompile normal arm64 /tmp/voxboard-notelet-verify-derived/SourcePackages/checkouts/FluidAudio/Sources/FluidAudio/ASR/Parakeet/SlidingWindow/CustomVocabulary/WordSpotting/CtcModels.swift (in target 'FluidAudio' from project 'FluidAudio')
    cd /Users/codybontecou/projects/Voxboard/Voxboard.xcodeproj


SwiftCompile normal arm64 /tmp/voxboard-notelet-verify-derived/SourcePackages/checkouts/FluidAudio/Sources/FluidAudio/ASR/Parakeet/SlidingWindow/CustomVocabulary/WordSpotting/CtcTokenizer.swift (in target 'FluidAudio' from project 'FluidAudio')
    cd /Users/codybontecou/projects/Voxboard/Voxboard.xcodeproj


SwiftCompile normal arm64 /tmp/voxboard-notelet-verify-derived/SourcePackages/checkouts/FluidAudio/Sources/FluidAudio/ASR/Parakeet/SlidingWindow/SlidingWindowAsrManager.swift (in target 'FluidAudio' from project 'FluidAudio')
    cd /Users/codybontecou/projects/Voxboard/Voxboard.xcodeproj


SwiftDriverJobDiscovery normal arm64 Compiling MediaNoteItemImageView.swift, MediaNoteItemLoadState.swift (in target 'Notelet' from project 'Notelet')

SwiftDriverJobDiscovery normal arm64 Compiling SafeAreaView.swift (in target 'Notelet' from project 'Notelet')

SwiftCompile normal arm64 Compiling\ SentencePieceProto.swift,\ SentencePieceTokenizer.swift,\ SSMLProcessor.swift,\ SSMLTagParser.swift,\ SSMLTypes.swift,\ SayAsInterpreter.swift,\ AudioPostProcessor.swift,\ TtsBackend.swift,\ TtsConstants.swift,\ TtsModels.swift,\ VadManager+SpeechSegmentation.swift,\ VadManager+Streaming.swift,\ VadManager.swift,\ VadTypes.swift /tmp/voxboard-notelet-verify-derived/SourcePackages/checkouts/FluidAudio/Sources/FluidAudio/TTS/PocketTTS/Tokenizer/SentencePieceProto.swift /tmp/voxboard-notelet-verify-derived/SourcePackages/checkouts/FluidAudio/Sources/FluidAudio/TTS/PocketTTS/Tokenizer/SentencePieceTokenizer.swift /tmp/voxboard-notelet-verify-derived/SourcePackages/checkouts/FluidAudio/Sources/FluidAudio/TTS/SSML/SSMLProcessor.swift /tmp/voxboard-notelet-verify-derived/SourcePackages/checkouts/FluidAudio/Sources/FluidAudio/TTS/SSML/SSMLTagParser.swift /tmp/voxboard-notelet-verify-derived/SourcePackages/checkouts/FluidAudio/Sources/FluidAudio/TTS/SSML/SSMLTypes.swift /tmp/voxboard-notelet-verify-derived/SourcePackages/checkouts/FluidAudio/Sources/FluidAudio/TTS/SSML/SayAsInterpreter.swift /tmp/voxboard-notelet-verify-derived/SourcePackages/checkouts/FluidAudio/Sources/FluidAudio/TTS/Shared/AudioPostProcessor.swift /tmp/voxboard-notelet-verify-derived/SourcePackages/checkouts/FluidAudio/Sources/FluidAudio/TTS/TtsBackend.swift /tmp/voxboard-notelet-verify-derived/SourcePackages/checkouts/FluidAudio/Sources/FluidAudio/TTS/TtsConstants.swift /tmp/voxboard-notelet-verify-derived/SourcePackages/checkouts/FluidAudio/Sources/FluidAudio/TTS/TtsModels.swift /tmp/voxboard-notelet-verify-derived/SourcePackages/checkouts/FluidAudio/Sources/FluidAudio/VAD/VadManager+SpeechSegmentation.swift /tmp/voxboard-notelet-verify-derived/SourcePackages/checkouts/FluidAudio/Sources/FluidAudio/VAD/VadManager+Streaming.swift /tmp/voxboard-notelet-verify-derived/SourcePackages/checkouts/FluidAudio/Sources/FluidAudio/VAD/VadManager.swift /tmp/voxboard-notelet-verify-derived/SourcePackages/checkouts/FluidAudio/Sources/FluidAudio/VAD/VadTypes.swift (in target 'FluidAudio' from project 'FluidAudio')

SwiftCompile normal arm64 /tmp/voxboard-notelet-verify-derived/SourcePackages/checkouts/FluidAudio/Sources/FluidAudio/TTS/PocketTTS/Tokenizer/SentencePieceProto.swift (in target 'FluidAudio' from project 'FluidAudio')
    cd /Users/codybontecou/projects/Voxboard/Voxboard.xcodeproj


SwiftCompile normal arm64 /tmp/voxboard-notelet-verify-derived/SourcePackages/checkouts/FluidAudio/Sources/FluidAudio/TTS/PocketTTS/Tokenizer/SentencePieceTokenizer.swift (in target 'FluidAudio' from project 'FluidAudio')
    cd /Users/codybontecou/projects/Voxboard/Voxboard.xcodeproj


SwiftCompile normal arm64 /tmp/voxboard-notelet-verify-derived/SourcePackages/checkouts/FluidAudio/Sources/FluidAudio/TTS/SSML/SSMLProcessor.swift (in target 'FluidAudio' from project 'FluidAudio')
    cd /Users/codybontecou/projects/Voxboard/Voxboard.xcodeproj


SwiftCompile normal arm64 /tmp/voxboard-notelet-verify-derived/SourcePackages/checkouts/FluidAudio/Sources/FluidAudio/TTS/SSML/SSMLTagParser.swift (in target 'FluidAudio' from project 'FluidAudio')
    cd /Users/codybontecou/projects/Voxboard/Voxboard.xcodeproj


SwiftCompile normal arm64 /tmp/voxboard-notelet-verify-derived/SourcePackages/checkouts/FluidAudio/Sources/FluidAudio/TTS/SSML/SSMLTypes.swift (in target 'FluidAudio' from project 'FluidAudio')
    cd /Users/codybontecou/projects/Voxboard/Voxboard.xcodeproj


SwiftCompile normal arm64 /tmp/voxboard-notelet-verify-derived/SourcePackages/checkouts/FluidAudio/Sources/FluidAudio/TTS/SSML/SayAsInterpreter.swift (in target 'FluidAudio' from project 'FluidAudio')
    cd /Users/codybontecou/projects/Voxboard/Voxboard.xcodeproj


SwiftCompile normal arm64 /tmp/voxboard-notelet-verify-derived/SourcePackages/checkouts/FluidAudio/Sources/FluidAudio/TTS/Shared/AudioPostProcessor.swift (in target 'FluidAudio' from project 'FluidAudio')
    cd /Users/codybontecou/projects/Voxboard/Voxboard.xcodeproj


SwiftCompile normal arm64 /tmp/voxboard-notelet-verify-derived/SourcePackages/checkouts/FluidAudio/Sources/FluidAudio/TTS/TtsBackend.swift (in target 'FluidAudio' from project 'FluidAudio')
    cd /Users/codybontecou/projects/Voxboard/Voxboard.xcodeproj


SwiftCompile normal arm64 /tmp/voxboard-notelet-verify-derived/SourcePackages/checkouts/FluidAudio/Sources/FluidAudio/TTS/TtsConstants.swift (in target 'FluidAudio' from project 'FluidAudio')
    cd /Users/codybontecou/projects/Voxboard/Voxboard.xcodeproj


SwiftCompile normal arm64 /tmp/voxboard-notelet-verify-derived/SourcePackages/checkouts/FluidAudio/Sources/FluidAudio/TTS/TtsModels.swift (in target 'FluidAudio' from project 'FluidAudio')
    cd /Users/codybontecou/projects/Voxboard/Voxboard.xcodeproj


SwiftCompile normal arm64 /tmp/voxboard-notelet-verify-derived/SourcePackages/checkouts/FluidAudio/Sources/FluidAudio/VAD/VadManager+SpeechSegmentation.swift (in target 'FluidAudio' from project 'FluidAudio')
    cd /Users/codybontecou/projects/Voxboard/Voxboard.xcodeproj


SwiftCompile normal arm64 /tmp/voxboard-notelet-verify-derived/SourcePackages/checkouts/FluidAudio/Sources/FluidAudio/VAD/VadManager+Streaming.swift (in target 'FluidAudio' from project 'FluidAudio')
    cd /Users/codybontecou/projects/Voxboard/Voxboard.xcodeproj


SwiftCompile normal arm64 /tmp/voxboard-notelet-verify-derived/SourcePackages/checkouts/FluidAudio/Sources/FluidAudio/VAD/VadManager.swift (in target 'FluidAudio' from project 'FluidAudio')
    cd /Users/codybontecou/projects/Voxboard/Voxboard.xcodeproj


SwiftCompile normal arm64 /tmp/voxboard-notelet-verify-derived/SourcePackages/checkouts/FluidAudio/Sources/FluidAudio/VAD/VadTypes.swift (in target 'FluidAudio' from project 'FluidAudio')
    cd /Users/codybontecou/projects/Voxboard/Voxboard.xcodeproj


SwiftCompile normal arm64 Compiling\ MultilingualG2PLanguage.swift,\ MultilingualG2PModel.swift,\ G2PModel.swift,\ KokoroVocabulary.swift,\ LexiconAssetManager.swift,\ TtsResourceDownloader.swift,\ KokoroTtsManager.swift,\ KokoroSynthesizer+Types.swift,\ KokoroChunker.swift,\ KokoroModelCache.swift,\ KokoroSynthesizer+LexiconCache.swift,\ PhonemeMapper.swift,\ TtsTextPreprocessor.swift,\ KokoroSynthesizer+Memory.swift,\ KokoroSynthesizer+ModelUtils.swift /tmp/voxboard-notelet-verify-derived/SourcePackages/checkouts/FluidAudio/Sources/FluidAudio/TTS/G2P/MultilingualG2PLanguage.swift /tmp/voxboard-notelet-verify-derived/SourcePackages/checkouts/FluidAudio/Sources/FluidAudio/TTS/G2P/MultilingualG2PModel.swift /tmp/voxboard-notelet-verify-derived/SourcePackages/checkouts/FluidAudio/Sources/FluidAudio/TTS/Kokoro/Assets/Lexicon/G2PModel.swift /tmp/voxboard-notelet-verify-derived/SourcePackages/checkouts/FluidAudio/Sources/FluidAudio/TTS/Kokoro/Assets/Lexicon/KokoroVocabulary.swift /tmp/voxboard-notelet-verify-derived/SourcePackages/checkouts/FluidAudio/Sources/FluidAudio/TTS/Kokoro/Assets/Lexicon/LexiconAssetManager.swift /tmp/voxboard-notelet-verify-derived/SourcePackages/checkouts/FluidAudio/Sources/FluidAudio/TTS/Kokoro/Assets/TtsResourceDownloader.swift /tmp/voxboard-notelet-verify-derived/SourcePackages/checkouts/FluidAudio/Sources/FluidAudio/TTS/Kokoro/KokoroTtsManager.swift /tmp/voxboard-notelet-verify-derived/SourcePackages/checkouts/FluidAudio/Sources/FluidAudio/TTS/Kokoro/Pipeline/Postprocess/KokoroSynthesizer+Types.swift /tmp/voxboard-notelet-verify-derived/SourcePackages/checkouts/FluidAudio/Sources/FluidAudio/TTS/Kokoro/Pipeline/Preprocess/KokoroChunker.swift /tmp/voxboard-notelet-verify-derived/SourcePackages/checkouts/FluidAudio/Sources/FluidAudio/TTS/Kokoro/Pipeline/Preprocess/KokoroModelCache.swift /tmp/voxboard-notelet-verify-derived/SourcePackages/checkouts/FluidAudio/Sources/FluidAudio/TTS/Kokoro/Pipeline/Preprocess/KokoroSynthesizer+LexiconCache.swift /tmp/voxboard-notelet-verify-derived/SourcePackages/checkouts/FluidAudio/Sources/FluidAudio/TTS/Kokoro/Pipeline/Preprocess/PhonemeMapper.swift /tmp/voxboard-notelet-verify-derived/SourcePackages/checkouts/FluidAudio/Sources/FluidAudio/TTS/Kokoro/Pipeline/Preprocess/TtsTextPreprocessor.swift /tmp/voxboard-notelet-verify-derived/SourcePackages/checkouts/FluidAudio/Sources/FluidAudio/TTS/Kokoro/Pipeline/Synthesize/KokoroSynthesizer+Memory.swift /tmp/voxboard-notelet-verify-derived/SourcePackages/checkouts/FluidAudio/Sources/FluidAudio/TTS/Kokoro/Pipeline/Synthesize/KokoroSynthesizer+ModelUtils.swift (in target 'FluidAudio' from project 'FluidAudio')
SwiftCompile normal arm64 /tmp/voxboard-notelet-verify-derived/SourcePackages/checkouts/FluidAudio/Sources/FluidAudio/TTS/G2P/MultilingualG2PLanguage.swift (in target 'FluidAudio' from project 'FluidAudio')
    cd /Users/codybontecou/projects/Voxboard/Voxboard.xcodeproj


SwiftCompile normal arm64 /tmp/voxboard-notelet-verify-derived/SourcePackages/checkouts/FluidAudio/Sources/FluidAudio/TTS/G2P/MultilingualG2PModel.swift (in target 'FluidAudio' from project 'FluidAudio')
    cd /Users/codybontecou/projects/Voxboard/Voxboard.xcodeproj


SwiftCompile normal arm64 /tmp/voxboard-notelet-verify-derived/SourcePackages/checkouts/FluidAudio/Sources/FluidAudio/TTS/Kokoro/Assets/Lexicon/G2PModel.swift (in target 'FluidAudio' from project 'FluidAudio')
    cd /Users/codybontecou/projects/Voxboard/Voxboard.xcodeproj


SwiftCompile normal arm64 /tmp/voxboard-notelet-verify-derived/SourcePackages/checkouts/FluidAudio/Sources/FluidAudio/TTS/Kokoro/Assets/Lexicon/KokoroVocabulary.swift (in target 'FluidAudio' from project 'FluidAudio')
    cd /Users/codybontecou/projects/Voxboard/Voxboard.xcodeproj


SwiftCompile normal arm64 /tmp/voxboard-notelet-verify-derived/SourcePackages/checkouts/FluidAudio/Sources/FluidAudio/TTS/Kokoro/Assets/Lexicon/LexiconAssetManager.swift (in target 'FluidAudio' from project 'FluidAudio')
    cd /Users/codybontecou/projects/Voxboard/Voxboard.xcodeproj


SwiftCompile normal arm64 /tmp/voxboard-notelet-verify-derived/SourcePackages/checkouts/FluidAudio/Sources/FluidAudio/TTS/Kokoro/Assets/TtsResourceDownloader.swift (in target 'FluidAudio' from project 'FluidAudio')
    cd /Users/codybontecou/projects/Voxboard/Voxboard.xcodeproj


SwiftCompile normal arm64 /tmp/voxboard-notelet-verify-derived/SourcePackages/checkouts/FluidAudio/Sources/FluidAudio/TTS/Kokoro/KokoroTtsManager.swift (in target 'FluidAudio' from project 'FluidAudio')
    cd /Users/codybontecou/projects/Voxboard/Voxboard.xcodeproj


SwiftCompile normal arm64 /tmp/voxboard-notelet-verify-derived/SourcePackages/checkouts/FluidAudio/Sources/FluidAudio/TTS/Kokoro/Pipeline/Postprocess/KokoroSynthesizer+Types.swift (in target 'FluidAudio' from project 'FluidAudio')
    cd /Users/codybontecou/projects/Voxboard/Voxboard.xcodeproj


SwiftCompile normal arm64 /tmp/voxboard-notelet-verify-derived/SourcePackages/checkouts/FluidAudio/Sources/FluidAudio/TTS/Kokoro/Pipeline/Preprocess/KokoroChunker.swift (in target 'FluidAudio' from project 'FluidAudio')
    cd /Users/codybontecou/projects/Voxboard/Voxboard.xcodeproj


SwiftCompile normal arm64 /tmp/voxboard-notelet-verify-derived/SourcePackages/checkouts/FluidAudio/Sources/FluidAudio/TTS/Kokoro/Pipeline/Preprocess/KokoroModelCache.swift (in target 'FluidAudio' from project 'FluidAudio')
    cd /Users/codybontecou/projects/Voxboard/Voxboard.xcodeproj


SwiftCompile normal arm64 /tmp/voxboard-notelet-verify-derived/SourcePackages/checkouts/FluidAudio/Sources/FluidAudio/TTS/Kokoro/Pipeline/Preprocess/KokoroSynthesizer+LexiconCache.swift (in target 'FluidAudio' from project 'FluidAudio')
    cd /Users/codybontecou/projects/Voxboard/Voxboard.xcodeproj


SwiftCompile normal arm64 /tmp/voxboard-notelet-verify-derived/SourcePackages/checkouts/FluidAudio/Sources/FluidAudio/TTS/Kokoro/Pipeline/Preprocess/PhonemeMapper.swift (in target 'FluidAudio' from project 'FluidAudio')
    cd /Users/codybontecou/projects/Voxboard/Voxboard.xcodeproj


SwiftCompile normal arm64 /tmp/voxboard-notelet-verify-derived/SourcePackages/checkouts/FluidAudio/Sources/FluidAudio/TTS/Kokoro/Pipeline/Preprocess/TtsTextPreprocessor.swift (in target 'FluidAudio' from project 'FluidAudio')
    cd /Users/codybontecou/projects/Voxboard/Voxboard.xcodeproj


SwiftCompile normal arm64 /tmp/voxboard-notelet-verify-derived/SourcePackages/checkouts/FluidAudio/Sources/FluidAudio/TTS/Kokoro/Pipeline/Synthesize/KokoroSynthesizer+Memory.swift (in target 'FluidAudio' from project 'FluidAudio')
    cd /Users/codybontecou/projects/Voxboard/Voxboard.xcodeproj


SwiftCompile normal arm64 /tmp/voxboard-notelet-verify-derived/SourcePackages/checkouts/FluidAudio/Sources/FluidAudio/TTS/Kokoro/Pipeline/Synthesize/KokoroSynthesizer+ModelUtils.swift (in target 'FluidAudio' from project 'FluidAudio')
    cd /Users/codybontecou/projects/Voxboard/Voxboard.xcodeproj


SwiftDriverJobDiscovery normal arm64 Compiling NoteletSheetContentView.swift (in target 'Notelet' from project 'Notelet')

SwiftDriver\ Compilation ExportKit normal arm64 com.apple.xcode.tools.swift.compiler (in target 'ExportKit' from project 'ExportKit')
    cd /Users/codybontecou/projects/Voxboard/Voxboard.xcodeproj
    builtin-Swift-Compilation -- /Applications/Xcode.app/Contents/Developer/Toolchains/XcodeDefault.xctoolchain/usr/bin/swiftc -module-name ExportKit -Onone @/tmp/voxboard-notelet-verify-derived/Build/Intermediates.noindex/ExportKit.build/Debug-iphonesimulator/ExportKit.build/Objects-normal/arm64/ExportKit.SwiftFileList -DSWIFT_PACKAGE -DDEBUG -DSWIFT_MODULE_RESOURCE_BUNDLE_UNAVAILABLE -DXcode -plugin-path /Applications/Xcode.app/Contents/Developer/Toolchains/XcodeDefault.xctoolchain/usr/lib/swift/host/plugins/testing -enable-experimental-feature DebugDescriptionMacro -sdk /Applications/Xcode.app/Contents/Developer/Platforms/iPhoneSimulator.platform/Developer/SDKs/iPhoneSimulator26.5.sdk -target arm64-apple-ios17.0-simulator -g -module-cache-path /tmp/voxboard-notelet-verify-derived/ModuleCache.noindex -Xfrontend -serialize-debugging-options -enable-testing -suppress-warnings -index-store-path /tmp/voxboard-notelet-verify-derived/Index.noindex/DataStore -Xcc -D_LIBCPP_HARDENING_MODE\=_LIBCPP_HARDENING_MODE_DEBUG -swift-version 5 -I /tmp/voxboard-notelet-verify-derived/Build/Products/Debug-iphonesimulator -Isystem /Applications/Xcode.app/Contents/Developer/Platforms/iPhoneSimulator.platform/Developer/usr/lib -F /tmp/voxboard-notelet-verify-derived/Build/Products/Debug-iphonesimulator -F /Applications/Xcode.app/Contents/Developer/Platforms/iPhoneSimulator.platform/Developer/Library/Frameworks -F /Applications/Xcode.app/Contents/Developer/Platforms/iPhoneSimulator.platform/Developer/SDKs/iPhoneSimulator26.5.sdk/Developer/Library/Frameworks -c -j10 -enable-batch-mode -incremental -Xcc -ivfsstatcache -Xcc /tmp/voxboard-notelet-verify-derived/SDKStatCaches.noindex/iphonesimulator26.5-23F73-6cfe768891a92b912361537c460fe42b.sdkstatcache -output-file-map /tmp/voxboard-notelet-verify-derived/Build/Intermediates.noindex/ExportKit.build/Debug-iphonesimulator/ExportKit.build/Objects-normal/arm64/ExportKit-OutputFileMap.json -use-frontend-parseable-output -save-temps -no-color-diagnostics -explicit-module-build -module-cache-path /tmp/voxboard-notelet-verify-derived/Build/Intermediates.noindex/SwiftExplicitPrecompiledModules -clang-scanner-module-cache-path /tmp/voxboard-notelet-verify-derived/ModuleCache.noindex -sdk-module-cache-path /tmp/voxboard-notelet-verify-derived/ModuleCache.noindex -serialize-diagnostics -emit-dependencies -emit-module -emit-module-path /tmp/voxboard-notelet-verify-derived/Build/Intermediates.noindex/ExportKit.build/Debug-iphonesimulator/ExportKit.build/Objects-normal/arm64/ExportKit.swiftmodule -validate-clang-modules-once -clang-build-session-file /tmp/voxboard-notelet-verify-derived/ModuleCache.noindex/Session.modulevalidation -package-name exportkit -Xcc -I/tmp/voxboard-notelet-verify-derived/Build/Intermediates.noindex/ExportKit.build/Debug-iphonesimulator/ExportKit.build/swift-overrides.hmap -emit-const-values -Xfrontend -const-gather-protocols-file -Xfrontend /tmp/voxboard-notelet-verify-derived/Build/Intermediates.noindex/ExportKit.build/Debug-iphonesimulator/ExportKit.build/Objects-normal/arm64/ExportKit_const_extract_protocols.json -Xcc -I/tmp/voxboard-notelet-verify-derived/Build/Products/Debug-iphonesimulator/include -Xcc -I/tmp/voxboard-notelet-verify-derived/Build/Intermediates.noindex/ExportKit.build/Debug-iphonesimulator/ExportKit.build/DerivedSources-normal/arm64 -Xcc -I/tmp/voxboard-notelet-verify-derived/Build/Intermediates.noindex/ExportKit.build/Debug-iphonesimulator/ExportKit.build/DerivedSources/arm64 -Xcc -I/tmp/voxboard-notelet-verify-derived/Build/Intermediates.noindex/ExportKit.build/Debug-iphonesimulator/ExportKit.build/DerivedSources -Xcc -DSWIFT_PACKAGE -Xcc -DDEBUG\=1 -emit-objc-header -emit-objc-header-path /tmp/voxboard-notelet-verify-derived/Build/Intermediates.noindex/ExportKit.build/Debug-iphonesimulator/ExportKit.build/Objects-normal/arm64/ExportKit-Swift.h -working-directory /Users/codybontecou/projects/Voxboard/Voxboard.xcodeproj -experimental-emit-module-separately -disable-cmo

Ld /tmp/voxboard-notelet-verify-derived/Build/Products/Debug-iphonesimulator/ExportKit.o normal (in target 'ExportKit' from project 'ExportKit')
    cd /tmp/voxboard-notelet-verify-derived/SourcePackages/checkouts/ExportKit
    /Applications/Xcode.app/Contents/Developer/Toolchains/XcodeDefault.xctoolchain/usr/bin/clang -Xlinker -reproducible -target arm64-apple-ios17.0-simulator -r -isysroot /Applications/Xcode.app/Contents/Developer/Platforms/iPhoneSimulator.platform/Developer/SDKs/iPhoneSimulator26.5.sdk -O0 -w -F/tmp/voxboard-notelet-verify-derived/Build/Intermediates.noindex/EagerLinkingTBDs/Debug-iphonesimulator -F/tmp/voxboard-notelet-verify-derived/Build/Products/Debug-iphonesimulator -iframework /Applications/Xcode.app/Contents/Developer/Platforms/iPhoneSimulator.platform/Developer/Library/Frameworks -iframework /Applications/Xcode.app/Contents/Developer/Platforms/iPhoneSimulator.platform/Developer/SDKs/iPhoneSimulator26.5.sdk/Developer/Library/Frameworks -filelist /tmp/voxboard-notelet-verify-derived/Build/Intermediates.noindex/ExportKit.build/Debug-iphonesimulator/ExportKit.build/Objects-normal/arm64/ExportKit.LinkFileList -nostdlib -Xlinker -object_path_lto -Xlinker /tmp/voxboard-notelet-verify-derived/Build/Intermediates.noindex/ExportKit.build/Debug-iphonesimulator/ExportKit.build/Objects-normal/arm64/ExportKit_lto.o -Xlinker -no_deduplicate -Xlinker -objc_abi_version -Xlinker 2 -Xlinker -dependency_info -Xlinker /tmp/voxboard-notelet-verify-derived/Build/Intermediates.noindex/ExportKit.build/Debug-iphonesimulator/ExportKit.build/Objects-normal/arm64/ExportKit_dependency_info.dat -fobjc-link-runtime -L/Applications/Xcode.app/Contents/Developer/Toolchains/XcodeDefault.xctoolchain/usr/lib/swift/iphonesimulator -L/usr/lib/swift -Xlinker -add_ast_path -Xlinker /tmp/voxboard-notelet-verify-derived/Build/Intermediates.noindex/ExportKit.build/Debug-iphonesimulator/ExportKit.build/Objects-normal/arm64/ExportKit.swiftmodule @/tmp/voxboard-notelet-verify-derived/Build/Intermediates.noindex/ExportKit.build/Debug-iphonesimulator/ExportKit.build/Objects-normal/arm64/ExportKit-linker-args.resp -o /tmp/voxboard-notelet-verify-derived/Build/Products/Debug-iphonesimulator/ExportKit.o

SwiftDriverJobDiscovery normal arm64 Compiling NoteletSheet.swift (in target 'Notelet' from project 'Notelet')

ProcessProductPackaging /Users/codybontecou/projects/Voxboard/Voxboard\ Watch/VoxboardWatch.entitlements /tmp/voxboard-notelet-verify-derived/Build/Intermediates.noindex/Voxboard.build/Debug-watchsimulator/Voxboard\ Watch.build/Voxboard\ Watch.app.xcent (in target 'Voxboard Watch' from project 'Voxboard')
    cd /Users/codybontecou/projects/Voxboard

    Entitlements:

    {
}

    builtin-productPackagingUtility /Users/codybontecou/projects/Voxboard/Voxboard\ Watch/VoxboardWatch.entitlements -entitlements -format xml -o /tmp/voxboard-notelet-verify-derived/Build/Intermediates.noindex/Voxboard.build/Debug-watchsimulator/Voxboard\ Watch.build/Voxboard\ Watch.app.xcent

SwiftDriverJobDiscovery normal arm64 Compiling Helpers.swift, MediaNoteItemDetailsView.swift (in target 'Notelet' from project 'Notelet')

ProcessProductPackaging /Users/codybontecou/projects/Voxboard/Voxboard\ Watch/VoxboardWatch.entitlements /tmp/voxboard-notelet-verify-derived/Build/Intermediates.noindex/Voxboard.build/Debug-watchsimulator/Voxboard\ Watch.build/Voxboard\ Watch.app-Simulated.xcent (in target 'Voxboard Watch' from project 'Voxboard')
    cd /Users/codybontecou/projects/Voxboard

    Entitlements:

    {
    "application-identifier" = "67KC823C9A.bontecou.Voxboard.watchkitapp";
    "com.apple.security.application-groups" =     (
        "group.bontecou.Voxboard"
    );
}

    builtin-productPackagingUtility /Users/codybontecou/projects/Voxboard/Voxboard\ Watch/VoxboardWatch.entitlements -entitlements -format xml -o /tmp/voxboard-notelet-verify-derived/Build/Intermediates.noindex/Voxboard.build/Debug-watchsimulator/Voxboard\ Watch.build/Voxboard\ Watch.app-Simulated.xcent

ProcessProductPackagingDER /tmp/voxboard-notelet-verify-derived/Build/Intermediates.noindex/Voxboard.build/Debug-watchsimulator/Voxboard\ Watch.build/Voxboard\ Watch.app.xcent /tmp/voxboard-notelet-verify-derived/Build/Intermediates.noindex/Voxboard.build/Debug-watchsimulator/Voxboard\ Watch.build/Voxboard\ Watch.app.xcent.der (in target 'Voxboard Watch' from project 'Voxboard')
    cd /Users/codybontecou/projects/Voxboard
    /usr/bin/derq query -f xml -i /tmp/voxboard-notelet-verify-derived/Build/Intermediates.noindex/Voxboard.build/Debug-watchsimulator/Voxboard\ Watch.build/Voxboard\ Watch.app.xcent -o /tmp/voxboard-notelet-verify-derived/Build/Intermediates.noindex/Voxboard.build/Debug-watchsimulator/Voxboard\ Watch.build/Voxboard\ Watch.app.xcent.der --raw

Ld /tmp/voxboard-notelet-verify-derived/Build/Intermediates.noindex/Voxboard.build/Debug-watchsimulator/Voxboard\ Watch\ WidgetExtension.build/Objects-normal/x86_64/Binary/Voxboard\ Watch\ WidgetExtension.debug.dylib normal x86_64 (in target 'Voxboard Watch WidgetExtension' from project 'Voxboard')
    cd /Users/codybontecou/projects/Voxboard
    /Applications/Xcode.app/Contents/Developer/Toolchains/XcodeDefault.xctoolchain/usr/bin/clang -Xlinker -reproducible -target x86_64-apple-watchos10.0-simulator -dynamiclib -isysroot /Applications/Xcode.app/Contents/Developer/Platforms/WatchSimulator.platform/Developer/SDKs/WatchSimulator26.5.sdk -O0 -L/tmp/voxboard-notelet-verify-derived/Build/Intermediates.noindex/EagerLinkingTBDs/Debug-watchsimulator -L/tmp/voxboard-notelet-verify-derived/Build/Products/Debug-watchsimulator -F/tmp/voxboard-notelet-verify-derived/Build/Intermediates.noindex/EagerLinkingTBDs/Debug-watchsimulator -F/tmp/voxboard-notelet-verify-derived/Build/Products/Debug-watchsimulator -filelist /tmp/voxboard-notelet-verify-derived/Build/Intermediates.noindex/Voxboard.build/Debug-watchsimulator/Voxboard\ Watch\ WidgetExtension.build/Objects-normal/x86_64/Voxboard\ Watch\ WidgetExtension.LinkFileList -install_name @rpath/Voxboard\ Watch\ WidgetExtension.debug.dylib -Xlinker -rpath -Xlinker /usr/lib/swift -Xlinker -rpath -Xlinker @executable_path/Frameworks -Xlinker -rpath -Xlinker @executable_path/../../Frameworks -Xlinker -dead_strip -Xlinker -object_path_lto -Xlinker /tmp/voxboard-notelet-verify-derived/Build/Intermediates.noindex/Voxboard.build/Debug-watchsimulator/Voxboard\ Watch\ WidgetExtension.build/Objects-normal/x86_64/Voxboard\ Watch\ WidgetExtension_lto.o -rdynamic -Xlinker -no_deduplicate -Xlinker -objc_abi_version -Xlinker 2 -Xlinker -dependency_info -Xlinker /tmp/voxboard-notelet-verify-derived/Build/Intermediates.noindex/Voxboard.build/Debug-watchsimulator/Voxboard\ Watch\ WidgetExtension.build/Objects-normal/x86_64/Voxboard\ Watch\ WidgetExtension_dependency_info.dat -fapplication-extension -fobjc-link-runtime -L/Applications/Xcode.app/Contents/Developer/Toolchains/XcodeDefault.xctoolchain/usr/lib/swift/watchsimulator -L/usr/lib/swift -Xlinker -add_ast_path -Xlinker /tmp/voxboard-notelet-verify-derived/Build/Intermediates.noindex/Voxboard.build/Debug-watchsimulator/Voxboard\ Watch\ WidgetExtension.build/Objects-normal/x86_64/Voxboard_Watch_WidgetExtension.swiftmodule @/tmp/voxboard-notelet-verify-derived/Build/Intermediates.noindex/Voxboard.build/Debug-watchsimulator/Voxboard\ Watch\ WidgetExtension.build/Objects-normal/x86_64/Voxboard_Watch_WidgetExtension-linker-args.resp -Xlinker -alias -Xlinker _NSExtensionMain -Xlinker ___debug_main_executable_dylib_entry_point -framework SwiftUI -framework WidgetKit -framework AppIntents -framework WatchConnectivity -Xlinker -no_adhoc_codesign -o /tmp/voxboard-notelet-verify-derived/Build/Intermediates.noindex/Voxboard.build/Debug-watchsimulator/Voxboard\ Watch\ WidgetExtension.build/Objects-normal/x86_64/Binary/Voxboard\ Watch\ WidgetExtension.debug.dylib

Ld /tmp/voxboard-notelet-verify-derived/Build/Intermediates.noindex/Voxboard.build/Debug-watchsimulator/Voxboard\ Watch\ WidgetExtension.build/Objects-normal/arm64/Binary/Voxboard\ Watch\ WidgetExtension.debug.dylib normal arm64 (in target 'Voxboard Watch WidgetExtension' from project 'Voxboard')
    cd /Users/codybontecou/projects/Voxboard
    /Applications/Xcode.app/Contents/Developer/Toolchains/XcodeDefault.xctoolchain/usr/bin/clang -Xlinker -reproducible -target arm64-apple-watchos10.0-simulator -dynamiclib -isysroot /Applications/Xcode.app/Contents/Developer/Platforms/WatchSimulator.platform/Developer/SDKs/WatchSimulator26.5.sdk -O0 -L/tmp/voxboard-notelet-verify-derived/Build/Intermediates.noindex/EagerLinkingTBDs/Debug-watchsimulator -L/tmp/voxboard-notelet-verify-derived/Build/Products/Debug-watchsimulator -F/tmp/voxboard-notelet-verify-derived/Build/Intermediates.noindex/EagerLinkingTBDs/Debug-watchsimulator -F/tmp/voxboard-notelet-verify-derived/Build/Products/Debug-watchsimulator -filelist /tmp/voxboard-notelet-verify-derived/Build/Intermediates.noindex/Voxboard.build/Debug-watchsimulator/Voxboard\ Watch\ WidgetExtension.build/Objects-normal/arm64/Voxboard\ Watch\ WidgetExtension.LinkFileList -install_name @rpath/Voxboard\ Watch\ WidgetExtension.debug.dylib -Xlinker -rpath -Xlinker /usr/lib/swift -Xlinker -rpath -Xlinker @executable_path/Frameworks -Xlinker -rpath -Xlinker @executable_path/../../Frameworks -Xlinker -dead_strip -Xlinker -object_path_lto -Xlinker /tmp/voxboard-notelet-verify-derived/Build/Intermediates.noindex/Voxboard.build/Debug-watchsimulator/Voxboard\ Watch\ WidgetExtension.build/Objects-normal/arm64/Voxboard\ Watch\ WidgetExtension_lto.o -rdynamic -Xlinker -no_deduplicate -Xlinker -objc_abi_version -Xlinker 2 -Xlinker -dependency_info -Xlinker /tmp/voxboard-notelet-verify-derived/Build/Intermediates.noindex/Voxboard.build/Debug-watchsimulator/Voxboard\ Watch\ WidgetExtension.build/Objects-normal/arm64/Voxboard\ Watch\ WidgetExtension_dependency_info.dat -fapplication-extension -fobjc-link-runtime -L/Applications/Xcode.app/Contents/Developer/Toolchains/XcodeDefault.xctoolchain/usr/lib/swift/watchsimulator -L/usr/lib/swift -Xlinker -add_ast_path -Xlinker /tmp/voxboard-notelet-verify-derived/Build/Intermediates.noindex/Voxboard.build/Debug-watchsimulator/Voxboard\ Watch\ WidgetExtension.build/Objects-normal/arm64/Voxboard_Watch_WidgetExtension.swiftmodule @/tmp/voxboard-notelet-verify-derived/Build/Intermediates.noindex/Voxboard.build/Debug-watchsimulator/Voxboard\ Watch\ WidgetExtension.build/Objects-normal/arm64/Voxboard_Watch_WidgetExtension-linker-args.resp -Xlinker -alias -Xlinker _NSExtensionMain -Xlinker ___debug_main_executable_dylib_entry_point -framework SwiftUI -framework WidgetKit -framework AppIntents -framework WatchConnectivity -Xlinker -no_adhoc_codesign -o /tmp/voxboard-notelet-verify-derived/Build/Intermediates.noindex/Voxboard.build/Debug-watchsimulator/Voxboard\ Watch\ WidgetExtension.build/Objects-normal/arm64/Binary/Voxboard\ Watch\ WidgetExtension.debug.dylib

ProcessProductPackagingDER /tmp/voxboard-notelet-verify-derived/Build/Intermediates.noindex/Voxboard.build/Debug-watchsimulator/Voxboard\ Watch.build/Voxboard\ Watch.app-Simulated.xcent /tmp/voxboard-notelet-verify-derived/Build/Intermediates.noindex/Voxboard.build/Debug-watchsimulator/Voxboard\ Watch.build/Voxboard\ Watch.app-Simulated.xcent.der (in target 'Voxboard Watch' from project 'Voxboard')
    cd /Users/codybontecou/projects/Voxboard
    /usr/bin/derq query -f xml -i /tmp/voxboard-notelet-verify-derived/Build/Intermediates.noindex/Voxboard.build/Debug-watchsimulator/Voxboard\ Watch.build/Voxboard\ Watch.app-Simulated.xcent -o /tmp/voxboard-notelet-verify-derived/Build/Intermediates.noindex/Voxboard.build/Debug-watchsimulator/Voxboard\ Watch.build/Voxboard\ Watch.app-Simulated.xcent.der --raw

SwiftDriverJobDiscovery normal arm64 Compiling Types.swift (in target 'Notelet' from project 'Notelet')

ExtractAppIntentsMetadata (in target 'ExportKit' from project 'ExportKit')
    cd /tmp/voxboard-notelet-verify-derived/SourcePackages/checkouts/ExportKit
    /Applications/Xcode.app/Contents/Developer/Toolchains/XcodeDefault.xctoolchain/usr/bin/appintentsmetadataprocessor --toolchain-dir /Applications/Xcode.app/Contents/Developer/Toolchains/XcodeDefault.xctoolchain --module-name ExportKit --sdk-root /Applications/Xcode.app/Contents/Developer/Platforms/iPhoneSimulator.platform/Developer/SDKs/iPhoneSimulator26.5.sdk --xcode-version 17F42 --platform-family iOS --deployment-target 17.0 --bundle-identifier exportkit.ExportKit --output /tmp/voxboard-notelet-verify-derived/Build/Products/Debug-iphonesimulator/ExportKit.appintents --target-triple arm64-apple-ios17.0-simulator --binary-file /tmp/voxboard-notelet-verify-derived/Build/Products/Debug-iphonesimulator/ExportKit.o --dependency-file /tmp/voxboard-notelet-verify-derived/Build/Intermediates.noindex/ExportKit.build/Debug-iphonesimulator/ExportKit.build/Objects-normal/arm64/ExportKit_dependency_info.dat --stringsdata-file /tmp/voxboard-notelet-verify-derived/Build/Intermediates.noindex/ExportKit.build/Debug-iphonesimulator/ExportKit.build/Objects-normal/arm64/ExtractedAppShortcutsMetadata.stringsdata --source-file-list /tmp/voxboard-notelet-verify-derived/Build/Intermediates.noindex/ExportKit.build/Debug-iphonesimulator/ExportKit.build/Objects-normal/arm64/ExportKit.SwiftFileList --metadata-file-list /tmp/voxboard-notelet-verify-derived/Build/Intermediates.noindex/ExportKit.build/Debug-iphonesimulator/ExportKit.build/ExportKit.DependencyMetadataFileList --static-metadata-file-list /tmp/voxboard-notelet-verify-derived/Build/Intermediates.noindex/ExportKit.build/Debug-iphonesimulator/ExportKit.build/ExportKit.DependencyStaticMetadataFileList --swift-const-vals-list /tmp/voxboard-notelet-verify-derived/Build/Intermediates.noindex/ExportKit.build/Debug-iphonesimulator/ExportKit.build/Objects-normal/arm64/ExportKit.SwiftConstValuesFileList --force --compile-time-extraction --deployment-aware-processing --validate-assistant-intents --no-app-shortcuts-localization
2026-06-20 11:44:00.986 appintentsmetadataprocessor[95932:3726886] Starting appintentsmetadataprocessor export
2026-06-20 11:44:01.003 appintentsmetadataprocessor[95932:3726886] Extracted no relevant App Intents symbols, skipping writing output

SwiftDriver VoxboardShared normal arm64 com.apple.xcode.tools.swift.compiler (in target 'VoxboardShared' from project 'VoxboardShared')
    cd /Users/codybontecou/projects/Voxboard/Voxboard.xcodeproj
    builtin-SwiftDriver -- /Applications/Xcode.app/Contents/Developer/Toolchains/XcodeDefault.xctoolchain/usr/bin/swiftc -module-name VoxboardShared -Onone @/tmp/voxboard-notelet-verify-derived/Build/Intermediates.noindex/VoxboardShared.build/Debug-iphonesimulator/VoxboardShared.build/Objects-normal/arm64/VoxboardShared.SwiftFileList -DSWIFT_PACKAGE -DDEBUG -DSWIFT_MODULE_RESOURCE_BUNDLE_UNAVAILABLE -DXcode -plugin-path /Applications/Xcode.app/Contents/Developer/Toolchains/XcodeDefault.xctoolchain/usr/lib/swift/host/plugins/testing -enable-experimental-feature DebugDescriptionMacro -sdk /Applications/Xcode.app/Contents/Developer/Platforms/iPhoneSimulator.platform/Developer/SDKs/iPhoneSimulator26.5.sdk -target arm64-apple-ios17.0-simulator -g -module-cache-path /tmp/voxboard-notelet-verify-derived/ModuleCache.noindex -Xfrontend -serialize-debugging-options -enable-testing -suppress-warnings -index-store-path /tmp/voxboard-notelet-verify-derived/Index.noindex/DataStore -Xcc -D_LIBCPP_HARDENING_MODE\=_LIBCPP_HARDENING_MODE_DEBUG -swift-version 5 -I /tmp/voxboard-notelet-verify-derived/Build/Products/Debug-iphonesimulator -Isystem /Applications/Xcode.app/Contents/Developer/Platforms/iPhoneSimulator.platform/Developer/usr/lib -F /tmp/voxboard-notelet-verify-derived/Build/Products/Debug-iphonesimulator/PackageFrameworks -F /tmp/voxboard-notelet-verify-derived/Build/Products/Debug-iphonesimulator/PackageFrameworks -F /tmp/voxboard-notelet-verify-derived/Build/Products/Debug-iphonesimulator/PackageFrameworks -F /tmp/voxboard-notelet-verify-derived/Build/Products/Debug-iphonesimulator/PackageFrameworks -F /tmp/voxboard-notelet-verify-derived/Build/Products/Debug-iphonesimulator -F /Applications/Xcode.app/Contents/Developer/Platforms/iPhoneSimulator.platform/Developer/Library/Frameworks -F /Applications/Xcode.app/Contents/Developer/Platforms/iPhoneSimulator.platform/Developer/SDKs/iPhoneSimulator26.5.sdk/Developer/Library/Frameworks -c -j10 -enable-batch-mode -incremental -Xcc -ivfsstatcache -Xcc /tmp/voxboard-notelet-verify-derived/SDKStatCaches.noindex/iphonesimulator26.5-23F73-6cfe768891a92b912361537c460fe42b.sdkstatcache -output-file-map /tmp/voxboard-notelet-verify-derived/Build/Intermediates.noindex/VoxboardShared.build/Debug-iphonesimulator/VoxboardShared.build/Objects-normal/arm64/VoxboardShared-OutputFileMap.json -use-frontend-parseable-output -save-temps -no-color-diagnostics -explicit-module-build -module-cache-path /tmp/voxboard-notelet-verify-derived/Build/Intermediates.noindex/SwiftExplicitPrecompiledModules -clang-scanner-module-cache-path /tmp/voxboard-notelet-verify-derived/ModuleCache.noindex -sdk-module-cache-path /tmp/voxboard-notelet-verify-derived/ModuleCache.noindex -serialize-diagnostics -emit-dependencies -emit-module -emit-module-path /tmp/voxboard-notelet-verify-derived/Build/Intermediates.noindex/VoxboardShared.build/Debug-iphonesimulator/VoxboardShared.build/Objects-normal/arm64/VoxboardShared.swiftmodule -validate-clang-modules-once -clang-build-session-file /tmp/voxboard-notelet-verify-derived/ModuleCache.noindex/Session.modulevalidation -package-name voxboardshared -Xcc -I/tmp/voxboard-notelet-verify-derived/Build/Intermediates.noindex/VoxboardShared.build/Debug-iphonesimulator/VoxboardShared.build/swift-overrides.hmap -emit-const-values -Xfrontend -const-gather-protocols-file -Xfrontend /tmp/voxboard-notelet-verify-derived/Build/Intermediates.noindex/VoxboardShared.build/Debug-iphonesimulator/VoxboardShared.build/Objects-normal/arm64/VoxboardShared_const_extract_protocols.json -Xcc -I/tmp/voxboard-notelet-verify-derived/SourcePackages/checkouts/FluidAudio/Sources/MachTaskSelfWrapper/include -Xcc -I/tmp/voxboard-notelet-verify-derived/SourcePackages/checkouts/FluidAudio/Sources/FastClusterWrapper/include -Xcc -I/tmp/voxboard-notelet-verify-derived/Build/Products/Debug-iphonesimulator/include -Xcc -I/tmp/voxboard-notelet-verify-derived/Build/Intermediates.noindex/VoxboardShared.build/Debug-iphonesimulator/VoxboardShared.build/DerivedSources-normal/arm64 -Xcc -I/tmp/voxboard-notelet-verify-derived/Build/Intermediates.noindex/VoxboardShared.build/Debug-iphonesimulator/VoxboardShared.build/DerivedSources/arm64 -Xcc -I/tmp/voxboard-notelet-verify-derived/Build/Intermediates.noindex/VoxboardShared.build/Debug-iphonesimulator/VoxboardShared.build/DerivedSources -Xcc -DSWIFT_PACKAGE -Xcc -DDEBUG\=1 -emit-objc-header -emit-objc-header-path /tmp/voxboard-notelet-verify-derived/Build/Intermediates.noindex/VoxboardShared.build/Debug-iphonesimulator/VoxboardShared.build/Objects-normal/arm64/VoxboardShared-Swift.h -working-directory /Users/codybontecou/projects/Voxboard/Voxboard.xcodeproj -experimental-emit-module-separately -disable-cmo

MkDir /tmp/voxboard-notelet-verify-derived/Build/Intermediates.noindex/Voxboard.build/Debug-watchsimulator/Voxboard\ Watch.build/assetcatalog_output/unthinned (in target 'Voxboard Watch' from project 'Voxboard')
    cd /Users/codybontecou/projects/Voxboard
    /bin/mkdir -p /tmp/voxboard-notelet-verify-derived/Build/Intermediates.noindex/Voxboard.build/Debug-watchsimulator/Voxboard\ Watch.build/assetcatalog_output/unthinned

MkDir /tmp/voxboard-notelet-verify-derived/Build/Intermediates.noindex/Voxboard.build/Debug-watchsimulator/Voxboard\ Watch.build/assetcatalog_output/thinned (in target 'Voxboard Watch' from project 'Voxboard')
    cd /Users/codybontecou/projects/Voxboard
    /bin/mkdir -p /tmp/voxboard-notelet-verify-derived/Build/Intermediates.noindex/Voxboard.build/Debug-watchsimulator/Voxboard\ Watch.build/assetcatalog_output/thinned

GenerateAssetSymbols /Users/codybontecou/projects/Voxboard/Voxboard\ Watch/Assets.xcassets (in target 'Voxboard Watch' from project 'Voxboard')
    cd /Users/codybontecou/projects/Voxboard
    /Applications/Xcode.app/Contents/Developer/usr/bin/actool /Users/codybontecou/projects/Voxboard/Voxboard\ Watch/Assets.xcassets --compile /tmp/voxboard-notelet-verify-derived/Build/Products/Debug-watchsimulator/Voxboard\ Watch.app --output-format human-readable-text --notices --warnings --export-dependency-info /tmp/voxboard-notelet-verify-derived/Build/Intermediates.noindex/Voxboard.build/Debug-watchsimulator/Voxboard\ Watch.build/assetcatalog_dependencies --output-partial-info-plist /tmp/voxboard-notelet-verify-derived/Build/Intermediates.noindex/Voxboard.build/Debug-watchsimulator/Voxboard\ Watch.build/assetcatalog_generated_info.plist --app-icon AppIcon --accent-color AccentColor --compress-pngs --enable-on-demand-resources YES --development-region en --target-device watch --minimum-deployment-target 10.0 --platform watchsimulator --bundle-identifier bontecou.Voxboard.watchkitapp --generate-swift-asset-symbols /tmp/voxboard-notelet-verify-derived/Build/Intermediates.noindex/Voxboard.build/Debug-watchsimulator/Voxboard\ Watch.build/DerivedSources/GeneratedAssetSymbols.swift --generate-objc-asset-symbols /tmp/voxboard-notelet-verify-derived/Build/Intermediates.noindex/Voxboard.build/Debug-watchsimulator/Voxboard\ Watch.build/DerivedSources/GeneratedAssetSymbols.h --generate-asset-symbol-index /tmp/voxboard-notelet-verify-derived/Build/Intermediates.noindex/Voxboard.build/Debug-watchsimulator/Voxboard\ Watch.build/DerivedSources/GeneratedAssetSymbols-Index.plist
/* com.apple.actool.compilation-results */
/tmp/voxboard-notelet-verify-derived/Build/Intermediates.noindex/Voxboard.build/Debug-watchsimulator/Voxboard Watch.build/DerivedSources/GeneratedAssetSymbols-Index.plist
/tmp/voxboard-notelet-verify-derived/Build/Intermediates.noindex/Voxboard.build/Debug-watchsimulator/Voxboard Watch.build/DerivedSources/GeneratedAssetSymbols.h
/tmp/voxboard-notelet-verify-derived/Build/Intermediates.noindex/Voxboard.build/Debug-watchsimulator/Voxboard Watch.build/DerivedSources/GeneratedAssetSymbols.swift


CompileAssetCatalogVariant thinned /tmp/voxboard-notelet-verify-derived/Build/Products/Debug-watchsimulator/Voxboard\ Watch.app /Users/codybontecou/projects/Voxboard/Voxboard\ Watch/Assets.xcassets (in target 'Voxboard Watch' from project 'Voxboard')
    cd /Users/codybontecou/projects/Voxboard
    /Applications/Xcode.app/Contents/Developer/usr/bin/actool /Users/codybontecou/projects/Voxboard/Voxboard\ Watch/Assets.xcassets --compile /tmp/voxboard-notelet-verify-derived/Build/Intermediates.noindex/Voxboard.build/Debug-watchsimulator/Voxboard\ Watch.build/assetcatalog_output/thinned --output-format human-readable-text --notices --warnings --export-dependency-info /tmp/voxboard-notelet-verify-derived/Build/Intermediates.noindex/Voxboard.build/Debug-watchsimulator/Voxboard\ Watch.build/assetcatalog_dependencies_thinned --output-partial-info-plist /tmp/voxboard-notelet-verify-derived/Build/Intermediates.noindex/Voxboard.build/Debug-watchsimulator/Voxboard\ Watch.build/assetcatalog_generated_info.plist_thinned --app-icon AppIcon --accent-color AccentColor --compress-pngs --enable-on-demand-resources YES --filter-for-thinning-device-configuration iPhone18,3 --filter-for-device-os-version 26.5 --development-region en --target-device watch --minimum-deployment-target 10.0 --platform watchsimulator
/* com.apple.actool.compilation-results */
/tmp/voxboard-notelet-verify-derived/Build/Intermediates.noindex/Voxboard.build/Debug-watchsimulator/Voxboard Watch.build/assetcatalog_generated_info.plist_thinned
/tmp/voxboard-notelet-verify-derived/Build/Intermediates.noindex/Voxboard.build/Debug-watchsimulator/Voxboard Watch.build/assetcatalog_output/thinned/Assets.car


ConstructStubExecutorLinkFileList /tmp/voxboard-notelet-verify-derived/Build/Intermediates.noindex/Voxboard.build/Debug-watchsimulator/Voxboard\ Watch\ WidgetExtension.build/Voxboard\ Watch\ WidgetExtension-ExecutorLinkFileList-normal-x86_64.txt (in target 'Voxboard Watch WidgetExtension' from project 'Voxboard')
    cd /Users/codybontecou/projects/Voxboard
    construct-stub-executor-link-file-list /tmp/voxboard-notelet-verify-derived/Build/Intermediates.noindex/Voxboard.build/Debug-watchsimulator/Voxboard\ Watch\ WidgetExtension.build/Objects-normal/x86_64/Binary/Voxboard\ Watch\ WidgetExtension.debug.dylib /Applications/Xcode.app/Contents/Developer/Platforms/WatchSimulator.platform/Developer/usr/lib/libPreviewsJITStubExecutor_no_swift_entry_point.a /Applications/Xcode.app/Contents/Developer/Platforms/WatchSimulator.platform/Developer/usr/lib/libPreviewsJITStubExecutor.a --output /tmp/voxboard-notelet-verify-derived/Build/Intermediates.noindex/Voxboard.build/Debug-watchsimulator/Voxboard\ Watch\ WidgetExtension.build/Voxboard\ Watch\ WidgetExtension-ExecutorLinkFileList-normal-x86_64.txt
note: Using stub executor library with Swift entry point. (in target 'Voxboard Watch WidgetExtension' from project 'Voxboard')

Ld /tmp/voxboard-notelet-verify-derived/Build/Intermediates.noindex/Voxboard.build/Debug-watchsimulator/Voxboard\ Watch\ WidgetExtension.build/Objects-normal/x86_64/Binary/Voxboard\ Watch\ WidgetExtension normal x86_64 (in target 'Voxboard Watch WidgetExtension' from project 'Voxboard')
    cd /Users/codybontecou/projects/Voxboard
    /Applications/Xcode.app/Contents/Developer/Toolchains/XcodeDefault.xctoolchain/usr/bin/clang -Xlinker -reproducible -target x86_64-apple-watchos10.0-simulator -isysroot /Applications/Xcode.app/Contents/Developer/Platforms/WatchSimulator.platform/Developer/SDKs/WatchSimulator26.5.sdk -O0 -L/tmp/voxboard-notelet-verify-derived/Build/Products/Debug-watchsimulator -F/tmp/voxboard-notelet-verify-derived/Build/Products/Debug-watchsimulator -Xlinker -rpath -Xlinker @executable_path -Xlinker -rpath -Xlinker @executable_path/Frameworks -Xlinker -rpath -Xlinker @executable_path/../../Frameworks -rdynamic -Xlinker -no_deduplicate -Xlinker -objc_abi_version -Xlinker 2 -e ___debug_blank_executor_main -Xlinker -sectcreate -Xlinker __TEXT -Xlinker __debug_dylib -Xlinker /tmp/voxboard-notelet-verify-derived/Build/Intermediates.noindex/Voxboard.build/Debug-watchsimulator/Voxboard\ Watch\ WidgetExtension.build/Voxboard\ Watch\ WidgetExtension-DebugDylibPath-normal-x86_64.txt -Xlinker -sectcreate -Xlinker __TEXT -Xlinker __debug_entry -Xlinker /tmp/voxboard-notelet-verify-derived/Build/Intermediates.noindex/Voxboard.build/Debug-watchsimulator/Voxboard\ Watch\ WidgetExtension.build/Voxboard\ Watch\ WidgetExtension-DebugEntryPoint-normal-x86_64.txt -Xlinker -sectcreate -Xlinker __TEXT -Xlinker __debug_instlnm -Xlinker /tmp/voxboard-notelet-verify-derived/Build/Intermediates.noindex/Voxboard.build/Debug-watchsimulator/Voxboard\ Watch\ WidgetExtension.build/Voxboard\ Watch\ WidgetExtension-DebugDylibInstallName-normal-x86_64.txt -Xlinker -filelist -Xlinker /tmp/voxboard-notelet-verify-derived/Build/Intermediates.noindex/Voxboard.build/Debug-watchsimulator/Voxboard\ Watch\ WidgetExtension.build/Voxboard\ Watch\ WidgetExtension-ExecutorLinkFileList-normal-x86_64.txt -Xlinker -sectcreate -Xlinker __TEXT -Xlinker __entitlements -Xlinker /tmp/voxboard-notelet-verify-derived/Build/Intermediates.noindex/Voxboard.build/Debug-watchsimulator/Voxboard\ Watch\ WidgetExtension.build/Voxboard\ Watch\ WidgetExtension.appex-Simulated.xcent -Xlinker -sectcreate -Xlinker __TEXT -Xlinker __ents_der -Xlinker /tmp/voxboard-notelet-verify-derived/Build/Intermediates.noindex/Voxboard.build/Debug-watchsimulator/Voxboard\ Watch\ WidgetExtension.build/Voxboard\ Watch\ WidgetExtension.appex-Simulated.xcent.der /tmp/voxboard-notelet-verify-derived/Build/Intermediates.noindex/Voxboard.build/Debug-watchsimulator/Voxboard\ Watch\ WidgetExtension.build/Objects-normal/x86_64/Binary/Voxboard\ Watch\ WidgetExtension.debug.dylib -Xlinker -no_adhoc_codesign -o /tmp/voxboard-notelet-verify-derived/Build/Intermediates.noindex/Voxboard.build/Debug-watchsimulator/Voxboard\ Watch\ WidgetExtension.build/Objects-normal/x86_64/Binary/Voxboard\ Watch\ WidgetExtension

SwiftDriver Voxboard\ Watch normal arm64 com.apple.xcode.tools.swift.compiler (in target 'Voxboard Watch' from project 'Voxboard')
    cd /Users/codybontecou/projects/Voxboard
    builtin-SwiftDriver -- /Applications/Xcode.app/Contents/Developer/Toolchains/XcodeDefault.xctoolchain/usr/bin/swiftc -module-name Voxboard_Watch -Onone @/tmp/voxboard-notelet-verify-derived/Build/Intermediates.noindex/Voxboard.build/Debug-watchsimulator/Voxboard\ Watch.build/Objects-normal/arm64/Voxboard\ Watch.SwiftFileList -DDEBUG -enable-bare-slash-regex -enable-experimental-feature DebugDescriptionMacro -sdk /Applications/Xcode.app/Contents/Developer/Platforms/WatchSimulator.platform/Developer/SDKs/WatchSimulator26.5.sdk -target arm64-apple-watchos10.0-simulator -g -module-cache-path /tmp/voxboard-notelet-verify-derived/ModuleCache.noindex -Xfrontend -serialize-debugging-options -enable-testing -index-store-path /tmp/voxboard-notelet-verify-derived/Index.noindex/DataStore -Xcc -D_LIBCPP_HARDENING_MODE\=_LIBCPP_HARDENING_MODE_DEBUG -swift-version 5 -I /tmp/voxboard-notelet-verify-derived/Build/Products/Debug-watchsimulator -F /tmp/voxboard-notelet-verify-derived/Build/Products/Debug-watchsimulator -emit-localized-strings -emit-localized-strings-path /tmp/voxboard-notelet-verify-derived/Build/Intermediates.noindex/Voxboard.build/Debug-watchsimulator/Voxboard\ Watch.build/Objects-normal/arm64 -c -j10 -enable-batch-mode -incremental -Xcc -ivfsstatcache -Xcc /tmp/voxboard-notelet-verify-derived/SDKStatCaches.noindex/watchsimulator26.5-23T570-1651579a441f1322ae888f0ed545cb80.sdkstatcache -output-file-map /tmp/voxboard-notelet-verify-derived/Build/Intermediates.noindex/Voxboard.build/Debug-watchsimulator/Voxboard\ Watch.build/Objects-normal/arm64/Voxboard\ Watch-OutputFileMap.json -use-frontend-parseable-output -save-temps -no-color-diagnostics -explicit-module-build -module-cache-path /tmp/voxboard-notelet-verify-derived/Build/Intermediates.noindex/SwiftExplicitPrecompiledModules -clang-scanner-module-cache-path /tmp/voxboard-notelet-verify-derived/ModuleCache.noindex -sdk-module-cache-path /tmp/voxboard-notelet-verify-derived/ModuleCache.noindex -serialize-diagnostics -emit-dependencies -emit-module -emit-module-path /tmp/voxboard-notelet-verify-derived/Build/Intermediates.noindex/Voxboard.build/Debug-watchsimulator/Voxboard\ Watch.build/Objects-normal/arm64/Voxboard_Watch.swiftmodule -validate-clang-modules-once -clang-build-session-file /tmp/voxboard-notelet-verify-derived/ModuleCache.noindex/Session.modulevalidation -Xcc -I/tmp/voxboard-notelet-verify-derived/Build/Intermediates.noindex/Voxboard.build/Debug-watchsimulator/Voxboard\ Watch.build/swift-overrides.hmap -emit-const-values -Xfrontend -const-gather-protocols-file -Xfrontend /tmp/voxboard-notelet-verify-derived/Build/Intermediates.noindex/Voxboard.build/Debug-watchsimulator/Voxboard\ Watch.build/Objects-normal/arm64/Voxboard\ Watch_const_extract_protocols.json -Xcc -iquote -Xcc /tmp/voxboard-notelet-verify-derived/Build/Intermediates.noindex/Voxboard.build/Debug-watchsimulator/Voxboard\ Watch.build/Voxboard\ Watch-generated-files.hmap -Xcc -I/tmp/voxboard-notelet-verify-derived/Build/Intermediates.noindex/Voxboard.build/Debug-watchsimulator/Voxboard\ Watch.build/Voxboard\ Watch-own-target-headers.hmap -Xcc -I/tmp/voxboard-notelet-verify-derived/Build/Intermediates.noindex/Voxboard.build/Debug-watchsimulator/Voxboard\ Watch.build/Voxboard\ Watch-all-non-framework-target-headers.hmap -Xcc -ivfsoverlay -Xcc /tmp/voxboard-notelet-verify-derived/Build/Intermediates.noindex/Voxboard.build/Debug-watchsimulator/Voxboard-8d6c3ba71b53f8320d7c577fe4b80237-VFS-watchsimulator/all-product-headers.yaml -Xcc -iquote -Xcc /tmp/voxboard-notelet-verify-derived/Build/Intermediates.noindex/Voxboard.build/Debug-watchsimulator/Voxboard\ Watch.build/Voxboard\ Watch-project-headers.hmap -Xcc -I/tmp/voxboard-notelet-verify-derived/Build/Products/Debug-watchsimulator/include -Xcc -I/tmp/voxboard-notelet-verify-derived/Build/Intermediates.noindex/Voxboard.build/Debug-watchsimulator/Voxboard\ Watch.build/DerivedSources-normal/arm64 -Xcc -I/tmp/voxboard-notelet-verify-derived/Build/Intermediates.noindex/Voxboard.build/Debug-watchsimulator/Voxboard\ Watch.build/DerivedSources/arm64 -Xcc -I/tmp/voxboard-notelet-verify-derived/Build/Intermediates.noindex/Voxboard.build/Debug-watchsimulator/Voxboard\ Watch.build/DerivedSources -Xcc -DDEBUG\=1 -emit-objc-header -emit-objc-header-path /tmp/voxboard-notelet-verify-derived/Build/Intermediates.noindex/Voxboard.build/Debug-watchsimulator/Voxboard\ Watch.build/Objects-normal/arm64/Voxboard_Watch-Swift.h -working-directory /Users/codybontecou/projects/Voxboard -experimental-emit-module-separately -disable-cmo

SwiftDriverJobDiscovery normal arm64 Compiling NoteItemView.swift (in target 'Notelet' from project 'Notelet')

SwiftDriver Voxboard\ Watch normal x86_64 com.apple.xcode.tools.swift.compiler (in target 'Voxboard Watch' from project 'Voxboard')
    cd /Users/codybontecou/projects/Voxboard
    builtin-SwiftDriver -- /Applications/Xcode.app/Contents/Developer/Toolchains/XcodeDefault.xctoolchain/usr/bin/swiftc -module-name Voxboard_Watch -Onone @/tmp/voxboard-notelet-verify-derived/Build/Intermediates.noindex/Voxboard.build/Debug-watchsimulator/Voxboard\ Watch.build/Objects-normal/x86_64/Voxboard\ Watch.SwiftFileList -DDEBUG -enable-bare-slash-regex -enable-experimental-feature DebugDescriptionMacro -sdk /Applications/Xcode.app/Contents/Developer/Platforms/WatchSimulator.platform/Developer/SDKs/WatchSimulator26.5.sdk -target x86_64-apple-watchos10.0-simulator -g -module-cache-path /tmp/voxboard-notelet-verify-derived/ModuleCache.noindex -Xfrontend -serialize-debugging-options -enable-testing -index-store-path /tmp/voxboard-notelet-verify-derived/Index.noindex/DataStore -Xcc -D_LIBCPP_HARDENING_MODE\=_LIBCPP_HARDENING_MODE_DEBUG -swift-version 5 -I /tmp/voxboard-notelet-verify-derived/Build/Products/Debug-watchsimulator -F /tmp/voxboard-notelet-verify-derived/Build/Products/Debug-watchsimulator -emit-localized-strings -emit-localized-strings-path /tmp/voxboard-notelet-verify-derived/Build/Intermediates.noindex/Voxboard.build/Debug-watchsimulator/Voxboard\ Watch.build/Objects-normal/x86_64 -c -j10 -enable-batch-mode -incremental -Xcc -ivfsstatcache -Xcc /tmp/voxboard-notelet-verify-derived/SDKStatCaches.noindex/watchsimulator26.5-23T570-1651579a441f1322ae888f0ed545cb80.sdkstatcache -output-file-map /tmp/voxboard-notelet-verify-derived/Build/Intermediates.noindex/Voxboard.build/Debug-watchsimulator/Voxboard\ Watch.build/Objects-normal/x86_64/Voxboard\ Watch-OutputFileMap.json -use-frontend-parseable-output -save-temps -no-color-diagnostics -explicit-module-build -module-cache-path /tmp/voxboard-notelet-verify-derived/Build/Intermediates.noindex/SwiftExplicitPrecompiledModules -clang-scanner-module-cache-path /tmp/voxboard-notelet-verify-derived/ModuleCache.noindex -sdk-module-cache-path /tmp/voxboard-notelet-verify-derived/ModuleCache.noindex -serialize-diagnostics -emit-dependencies -emit-module -emit-module-path /tmp/voxboard-notelet-verify-derived/Build/Intermediates.noindex/Voxboard.build/Debug-watchsimulator/Voxboard\ Watch.build/Objects-normal/x86_64/Voxboard_Watch.swiftmodule -validate-clang-modules-once -clang-build-session-file /tmp/voxboard-notelet-verify-derived/ModuleCache.noindex/Session.modulevalidation -Xcc -I/tmp/voxboard-notelet-verify-derived/Build/Intermediates.noindex/Voxboard.build/Debug-watchsimulator/Voxboard\ Watch.build/swift-overrides.hmap -emit-const-values -Xfrontend -const-gather-protocols-file -Xfrontend /tmp/voxboard-notelet-verify-derived/Build/Intermediates.noindex/Voxboard.build/Debug-watchsimulator/Voxboard\ Watch.build/Objects-normal/x86_64/Voxboard\ Watch_const_extract_protocols.json -Xcc -iquote -Xcc /tmp/voxboard-notelet-verify-derived/Build/Intermediates.noindex/Voxboard.build/Debug-watchsimulator/Voxboard\ Watch.build/Voxboard\ Watch-generated-files.hmap -Xcc -I/tmp/voxboard-notelet-verify-derived/Build/Intermediates.noindex/Voxboard.build/Debug-watchsimulator/Voxboard\ Watch.build/Voxboard\ Watch-own-target-headers.hmap -Xcc -I/tmp/voxboard-notelet-verify-derived/Build/Intermediates.noindex/Voxboard.build/Debug-watchsimulator/Voxboard\ Watch.build/Voxboard\ Watch-all-non-framework-target-headers.hmap -Xcc -ivfsoverlay -Xcc /tmp/voxboard-notelet-verify-derived/Build/Intermediates.noindex/Voxboard.build/Debug-watchsimulator/Voxboard-8d6c3ba71b53f8320d7c577fe4b80237-VFS-watchsimulator/all-product-headers.yaml -Xcc -iquote -Xcc /tmp/voxboard-notelet-verify-derived/Build/Intermediates.noindex/Voxboard.build/Debug-watchsimulator/Voxboard\ Watch.build/Voxboard\ Watch-project-headers.hmap -Xcc -I/tmp/voxboard-notelet-verify-derived/Build/Products/Debug-watchsimulator/include -Xcc -I/tmp/voxboard-notelet-verify-derived/Build/Intermediates.noindex/Voxboard.build/Debug-watchsimulator/Voxboard\ Watch.build/DerivedSources-normal/x86_64 -Xcc -I/tmp/voxboard-notelet-verify-derived/Build/Intermediates.noindex/Voxboard.build/Debug-watchsimulator/Voxboard\ Watch.build/DerivedSources/x86_64 -Xcc -I/tmp/voxboard-notelet-verify-derived/Build/Intermediates.noindex/Voxboard.build/Debug-watchsimulator/Voxboard\ Watch.build/DerivedSources -Xcc -DDEBUG\=1 -emit-objc-header -emit-objc-header-path /tmp/voxboard-notelet-verify-derived/Build/Intermediates.noindex/Voxboard.build/Debug-watchsimulator/Voxboard\ Watch.build/Objects-normal/x86_64/Voxboard_Watch-Swift.h -working-directory /Users/codybontecou/projects/Voxboard -experimental-emit-module-separately -disable-cmo

CreateUniversalBinary /tmp/voxboard-notelet-verify-derived/Build/Products/Debug-watchsimulator/Voxboard\ Watch\ WidgetExtension.appex/Voxboard\ Watch\ WidgetExtension.debug.dylib normal arm64\ x86_64 (in target 'Voxboard Watch WidgetExtension' from project 'Voxboard')
    cd /Users/codybontecou/projects/Voxboard
    /Applications/Xcode.app/Contents/Developer/Toolchains/XcodeDefault.xctoolchain/usr/bin/lipo -create /tmp/voxboard-notelet-verify-derived/Build/Intermediates.noindex/Voxboard.build/Debug-watchsimulator/Voxboard\ Watch\ WidgetExtension.build/Objects-normal/arm64/Binary/Voxboard\ Watch\ WidgetExtension.debug.dylib /tmp/voxboard-notelet-verify-derived/Build/Intermediates.noindex/Voxboard.build/Debug-watchsimulator/Voxboard\ Watch\ WidgetExtension.build/Objects-normal/x86_64/Binary/Voxboard\ Watch\ WidgetExtension.debug.dylib -output /tmp/voxboard-notelet-verify-derived/Build/Products/Debug-watchsimulator/Voxboard\ Watch\ WidgetExtension.appex/Voxboard\ Watch\ WidgetExtension.debug.dylib

SwiftDriverJobDiscovery normal arm64 Compiling MediaNoteItemVideoView.swift (in target 'Notelet' from project 'Notelet')

ConstructStubExecutorLinkFileList /tmp/voxboard-notelet-verify-derived/Build/Intermediates.noindex/Voxboard.build/Debug-watchsimulator/Voxboard\ Watch\ WidgetExtension.build/Voxboard\ Watch\ WidgetExtension-ExecutorLinkFileList-normal-arm64.txt (in target 'Voxboard Watch WidgetExtension' from project 'Voxboard')
    cd /Users/codybontecou/projects/Voxboard
    construct-stub-executor-link-file-list /tmp/voxboard-notelet-verify-derived/Build/Intermediates.noindex/Voxboard.build/Debug-watchsimulator/Voxboard\ Watch\ WidgetExtension.build/Objects-normal/arm64/Binary/Voxboard\ Watch\ WidgetExtension.debug.dylib /Applications/Xcode.app/Contents/Developer/Platforms/WatchSimulator.platform/Developer/usr/lib/libPreviewsJITStubExecutor_no_swift_entry_point.a /Applications/Xcode.app/Contents/Developer/Platforms/WatchSimulator.platform/Developer/usr/lib/libPreviewsJITStubExecutor.a --output /tmp/voxboard-notelet-verify-derived/Build/Intermediates.noindex/Voxboard.build/Debug-watchsimulator/Voxboard\ Watch\ WidgetExtension.build/Voxboard\ Watch\ WidgetExtension-ExecutorLinkFileList-normal-arm64.txt
note: Using stub executor library with Swift entry point. (in target 'Voxboard Watch WidgetExtension' from project 'Voxboard')

SwiftDriver\ Compilation Notelet normal arm64 com.apple.xcode.tools.swift.compiler (in target 'Notelet' from project 'Notelet')
    cd /Users/codybontecou/projects/Voxboard/Voxboard.xcodeproj
    builtin-Swift-Compilation -- /Applications/Xcode.app/Contents/Developer/Toolchains/XcodeDefault.xctoolchain/usr/bin/swiftc -module-name Notelet -Onone @/tmp/voxboard-notelet-verify-derived/Build/Intermediates.noindex/Notelet.build/Debug-iphonesimulator/Notelet.build/Objects-normal/arm64/Notelet.SwiftFileList -DSWIFT_PACKAGE -DDEBUG -DSWIFT_MODULE_RESOURCE_BUNDLE_UNAVAILABLE -DXcode -plugin-path /Applications/Xcode.app/Contents/Developer/Toolchains/XcodeDefault.xctoolchain/usr/lib/swift/host/plugins/testing -enable-experimental-feature DebugDescriptionMacro -sdk /Applications/Xcode.app/Contents/Developer/Platforms/iPhoneSimulator.platform/Developer/SDKs/iPhoneSimulator26.5.sdk -target arm64-apple-ios17.0-simulator -g -module-cache-path /tmp/voxboard-notelet-verify-derived/ModuleCache.noindex -Xfrontend -serialize-debugging-options -enable-testing -suppress-warnings -index-store-path /tmp/voxboard-notelet-verify-derived/Index.noindex/DataStore -Xcc -D_LIBCPP_HARDENING_MODE\=_LIBCPP_HARDENING_MODE_DEBUG -swift-version 6 -I /tmp/voxboard-notelet-verify-derived/Build/Products/Debug-iphonesimulator -Isystem /Applications/Xcode.app/Contents/Developer/Platforms/iPhoneSimulator.platform/Developer/usr/lib -F /tmp/voxboard-notelet-verify-derived/Build/Products/Debug-iphonesimulator -F /Applications/Xcode.app/Contents/Developer/Platforms/iPhoneSimulator.platform/Developer/Library/Frameworks -F /Applications/Xcode.app/Contents/Developer/Platforms/iPhoneSimulator.platform/Developer/SDKs/iPhoneSimulator26.5.sdk/Developer/Library/Frameworks -c -j10 -enable-batch-mode -incremental -Xcc -ivfsstatcache -Xcc /tmp/voxboard-notelet-verify-derived/SDKStatCaches.noindex/iphonesimulator26.5-23F73-6cfe768891a92b912361537c460fe42b.sdkstatcache -output-file-map /tmp/voxboard-notelet-verify-derived/Build/Intermediates.noindex/Notelet.build/Debug-iphonesimulator/Notelet.build/Objects-normal/arm64/Notelet-OutputFileMap.json -use-frontend-parseable-output -save-temps -no-color-diagnostics -explicit-module-build -module-cache-path /tmp/voxboard-notelet-verify-derived/Build/Intermediates.noindex/SwiftExplicitPrecompiledModules -clang-scanner-module-cache-path /tmp/voxboard-notelet-verify-derived/ModuleCache.noindex -sdk-module-cache-path /tmp/voxboard-notelet-verify-derived/ModuleCache.noindex -serialize-diagnostics -emit-dependencies -emit-module -emit-module-path /tmp/voxboard-notelet-verify-derived/Build/Intermediates.noindex/Notelet.build/Debug-iphonesimulator/Notelet.build/Objects-normal/arm64/Notelet.swiftmodule -user-module-version 1.1.0 -validate-clang-modules-once -clang-build-session-file /tmp/voxboard-notelet-verify-derived/ModuleCache.noindex/Session.modulevalidation -package-name notelet -Xcc -I/tmp/voxboard-notelet-verify-derived/Build/Intermediates.noindex/Notelet.build/Debug-iphonesimulator/Notelet.build/swift-overrides.hmap -emit-const-values -Xfrontend -const-gather-protocols-file -Xfrontend /tmp/voxboard-notelet-verify-derived/Build/Intermediates.noindex/Notelet.build/Debug-iphonesimulator/Notelet.build/Objects-normal/arm64/Notelet_const_extract_protocols.json -Xcc -I/tmp/voxboard-notelet-verify-derived/Build/Products/Debug-iphonesimulator/include -Xcc -I/tmp/voxboard-notelet-verify-derived/Build/Intermediates.noindex/Notelet.build/Debug-iphonesimulator/Notelet.build/DerivedSources-normal/arm64 -Xcc -I/tmp/voxboard-notelet-verify-derived/Build/Intermediates.noindex/Notelet.build/Debug-iphonesimulator/Notelet.build/DerivedSources/arm64 -Xcc -I/tmp/voxboard-notelet-verify-derived/Build/Intermediates.noindex/Notelet.build/Debug-iphonesimulator/Notelet.build/DerivedSources -Xcc -DSWIFT_PACKAGE -Xcc -DDEBUG\=1 -emit-objc-header -emit-objc-header-path /tmp/voxboard-notelet-verify-derived/Build/Intermediates.noindex/Notelet.build/Debug-iphonesimulator/Notelet.build/Objects-normal/arm64/Notelet-Swift.h -working-directory /Users/codybontecou/projects/Voxboard/Voxboard.xcodeproj -experimental-emit-module-separately -disable-cmo

Ld /tmp/voxboard-notelet-verify-derived/Build/Intermediates.noindex/Voxboard.build/Debug-watchsimulator/Voxboard\ Watch\ WidgetExtension.build/Objects-normal/arm64/Binary/Voxboard\ Watch\ WidgetExtension normal arm64 (in target 'Voxboard Watch WidgetExtension' from project 'Voxboard')
    cd /Users/codybontecou/projects/Voxboard
    /Applications/Xcode.app/Contents/Developer/Toolchains/XcodeDefault.xctoolchain/usr/bin/clang -Xlinker -reproducible -target arm64-apple-watchos10.0-simulator -isysroot /Applications/Xcode.app/Contents/Developer/Platforms/WatchSimulator.platform/Developer/SDKs/WatchSimulator26.5.sdk -O0 -L/tmp/voxboard-notelet-verify-derived/Build/Products/Debug-watchsimulator -F/tmp/voxboard-notelet-verify-derived/Build/Products/Debug-watchsimulator -Xlinker -rpath -Xlinker @executable_path -Xlinker -rpath -Xlinker @executable_path/Frameworks -Xlinker -rpath -Xlinker @executable_path/../../Frameworks -rdynamic -Xlinker -no_deduplicate -Xlinker -objc_abi_version -Xlinker 2 -e ___debug_blank_executor_main -Xlinker -sectcreate -Xlinker __TEXT -Xlinker __debug_dylib -Xlinker /tmp/voxboard-notelet-verify-derived/Build/Intermediates.noindex/Voxboard.build/Debug-watchsimulator/Voxboard\ Watch\ WidgetExtension.build/Voxboard\ Watch\ WidgetExtension-DebugDylibPath-normal-arm64.txt -Xlinker -sectcreate -Xlinker __TEXT -Xlinker __debug_entry -Xlinker /tmp/voxboard-notelet-verify-derived/Build/Intermediates.noindex/Voxboard.build/Debug-watchsimulator/Voxboard\ Watch\ WidgetExtension.build/Voxboard\ Watch\ WidgetExtension-DebugEntryPoint-normal-arm64.txt -Xlinker -sectcreate -Xlinker __TEXT -Xlinker __debug_instlnm -Xlinker /tmp/voxboard-notelet-verify-derived/Build/Intermediates.noindex/Voxboard.build/Debug-watchsimulator/Voxboard\ Watch\ WidgetExtension.build/Voxboard\ Watch\ WidgetExtension-DebugDylibInstallName-normal-arm64.txt -Xlinker -filelist -Xlinker /tmp/voxboard-notelet-verify-derived/Build/Intermediates.noindex/Voxboard.build/Debug-watchsimulator/Voxboard\ Watch\ WidgetExtension.build/Voxboard\ Watch\ WidgetExtension-ExecutorLinkFileList-normal-arm64.txt -Xlinker -sectcreate -Xlinker __TEXT -Xlinker __entitlements -Xlinker /tmp/voxboard-notelet-verify-derived/Build/Intermediates.noindex/Voxboard.build/Debug-watchsimulator/Voxboard\ Watch\ WidgetExtension.build/Voxboard\ Watch\ WidgetExtension.appex-Simulated.xcent -Xlinker -sectcreate -Xlinker __TEXT -Xlinker __ents_der -Xlinker /tmp/voxboard-notelet-verify-derived/Build/Intermediates.noindex/Voxboard.build/Debug-watchsimulator/Voxboard\ Watch\ WidgetExtension.build/Voxboard\ Watch\ WidgetExtension.appex-Simulated.xcent.der /tmp/voxboard-notelet-verify-derived/Build/Intermediates.noindex/Voxboard.build/Debug-watchsimulator/Voxboard\ Watch\ WidgetExtension.build/Objects-normal/arm64/Binary/Voxboard\ Watch\ WidgetExtension.debug.dylib -Xlinker -no_adhoc_codesign -o /tmp/voxboard-notelet-verify-derived/Build/Intermediates.noindex/Voxboard.build/Debug-watchsimulator/Voxboard\ Watch\ WidgetExtension.build/Objects-normal/arm64/Binary/Voxboard\ Watch\ WidgetExtension

Ld /tmp/voxboard-notelet-verify-derived/Build/Products/Debug-iphonesimulator/Notelet.o normal (in target 'Notelet' from project 'Notelet')
    cd /tmp/voxboard-notelet-verify-derived/SourcePackages/checkouts/notelet
    /Applications/Xcode.app/Contents/Developer/Toolchains/XcodeDefault.xctoolchain/usr/bin/clang -Xlinker -reproducible -target arm64-apple-ios17.0-simulator -r -isysroot /Applications/Xcode.app/Contents/Developer/Platforms/iPhoneSimulator.platform/Developer/SDKs/iPhoneSimulator26.5.sdk -O0 -w -F/tmp/voxboard-notelet-verify-derived/Build/Intermediates.noindex/EagerLinkingTBDs/Debug-iphonesimulator -F/tmp/voxboard-notelet-verify-derived/Build/Products/Debug-iphonesimulator -iframework /Applications/Xcode.app/Contents/Developer/Platforms/iPhoneSimulator.platform/Developer/Library/Frameworks -iframework /Applications/Xcode.app/Contents/Developer/Platforms/iPhoneSimulator.platform/Developer/SDKs/iPhoneSimulator26.5.sdk/Developer/Library/Frameworks -filelist /tmp/voxboard-notelet-verify-derived/Build/Intermediates.noindex/Notelet.build/Debug-iphonesimulator/Notelet.build/Objects-normal/arm64/Notelet.LinkFileList -nostdlib -Xlinker -object_path_lto -Xlinker /tmp/voxboard-notelet-verify-derived/Build/Intermediates.noindex/Notelet.build/Debug-iphonesimulator/Notelet.build/Objects-normal/arm64/Notelet_lto.o -Xlinker -no_deduplicate -Xlinker -objc_abi_version -Xlinker 2 -Xlinker -dependency_info -Xlinker /tmp/voxboard-notelet-verify-derived/Build/Intermediates.noindex/Notelet.build/Debug-iphonesimulator/Notelet.build/Objects-normal/arm64/Notelet_dependency_info.dat -fobjc-link-runtime -L/Applications/Xcode.app/Contents/Developer/Toolchains/XcodeDefault.xctoolchain/usr/lib/swift/iphonesimulator -L/usr/lib/swift -Xlinker -add_ast_path -Xlinker /tmp/voxboard-notelet-verify-derived/Build/Intermediates.noindex/Notelet.build/Debug-iphonesimulator/Notelet.build/Objects-normal/arm64/Notelet.swiftmodule @/tmp/voxboard-notelet-verify-derived/Build/Intermediates.noindex/Notelet.build/Debug-iphonesimulator/Notelet.build/Objects-normal/arm64/Notelet-linker-args.resp -o /tmp/voxboard-notelet-verify-derived/Build/Products/Debug-iphonesimulator/Notelet.o

CreateUniversalBinary /tmp/voxboard-notelet-verify-derived/Build/Products/Debug-watchsimulator/Voxboard\ Watch\ WidgetExtension.appex/Voxboard\ Watch\ WidgetExtension normal arm64\ x86_64 (in target 'Voxboard Watch WidgetExtension' from project 'Voxboard')
    cd /Users/codybontecou/projects/Voxboard
    /Applications/Xcode.app/Contents/Developer/Toolchains/XcodeDefault.xctoolchain/usr/bin/lipo -create /tmp/voxboard-notelet-verify-derived/Build/Intermediates.noindex/Voxboard.build/Debug-watchsimulator/Voxboard\ Watch\ WidgetExtension.build/Objects-normal/arm64/Binary/Voxboard\ Watch\ WidgetExtension /tmp/voxboard-notelet-verify-derived/Build/Intermediates.noindex/Voxboard.build/Debug-watchsimulator/Voxboard\ Watch\ WidgetExtension.build/Objects-normal/x86_64/Binary/Voxboard\ Watch\ WidgetExtension -output /tmp/voxboard-notelet-verify-derived/Build/Products/Debug-watchsimulator/Voxboard\ Watch\ WidgetExtension.appex/Voxboard\ Watch\ WidgetExtension

ExtractAppIntentsMetadata (in target 'Voxboard Watch WidgetExtension' from project 'Voxboard')
    cd /Users/codybontecou/projects/Voxboard
    /Applications/Xcode.app/Contents/Developer/Toolchains/XcodeDefault.xctoolchain/usr/bin/appintentsmetadataprocessor --toolchain-dir /Applications/Xcode.app/Contents/Developer/Toolchains/XcodeDefault.xctoolchain --module-name Voxboard_Watch_WidgetExtension --sdk-root /Applications/Xcode.app/Contents/Developer/Platforms/WatchSimulator.platform/Developer/SDKs/WatchSimulator26.5.sdk --xcode-version 17F42 --platform-family watchOS --deployment-target 10.0 --bundle-identifier bontecou.Voxboard.watchkitapp.Widget --output /tmp/voxboard-notelet-verify-derived/Build/Products/Debug-watchsimulator/Voxboard\ Watch\ WidgetExtension.appex --target-triple arm64-apple-watchos10.0-simulator --target-triple x86_64-apple-watchos10.0-simulator --binary-file /tmp/voxboard-notelet-verify-derived/Build/Products/Debug-watchsimulator/Voxboard\ Watch\ WidgetExtension.appex/Voxboard\ Watch\ WidgetExtension --dependency-file /tmp/voxboard-notelet-verify-derived/Build/Intermediates.noindex/Voxboard.build/Debug-watchsimulator/Voxboard\ Watch\ WidgetExtension.build/Objects-normal/arm64/Voxboard\ Watch\ WidgetExtension_dependency_info.dat --dependency-file /tmp/voxboard-notelet-verify-derived/Build/Intermediates.noindex/Voxboard.build/Debug-watchsimulator/Voxboard\ Watch\ WidgetExtension.build/Objects-normal/x86_64/Voxboard\ Watch\ WidgetExtension_dependency_info.dat --stringsdata-file /tmp/voxboard-notelet-verify-derived/Build/Intermediates.noindex/Voxboard.build/Debug-watchsimulator/Voxboard\ Watch\ WidgetExtension.build/Objects-normal/arm64/ExtractedAppShortcutsMetadata.stringsdata --stringsdata-file /tmp/voxboard-notelet-verify-derived/Build/Intermediates.noindex/Voxboard.build/Debug-watchsimulator/Voxboard\ Watch\ WidgetExtension.build/Objects-normal/x86_64/ExtractedAppShortcutsMetadata.stringsdata --source-file-list /tmp/voxboard-notelet-verify-derived/Build/Intermediates.noindex/Voxboard.build/Debug-watchsimulator/Voxboard\ Watch\ WidgetExtension.build/Objects-normal/arm64/Voxboard\ Watch\ WidgetExtension.SwiftFileList --source-file-list /tmp/voxboard-notelet-verify-derived/Build/Intermediates.noindex/Voxboard.build/Debug-watchsimulator/Voxboard\ Watch\ WidgetExtension.build/Objects-normal/x86_64/Voxboard\ Watch\ WidgetExtension.SwiftFileList --metadata-file-list /tmp/voxboard-notelet-verify-derived/Build/Intermediates.noindex/Voxboard.build/Debug-watchsimulator/Voxboard\ Watch\ WidgetExtension.build/Voxboard\ Watch\ WidgetExtension.DependencyMetadataFileList --static-metadata-file-list /tmp/voxboard-notelet-verify-derived/Build/Intermediates.noindex/Voxboard.build/Debug-watchsimulator/Voxboard\ Watch\ WidgetExtension.build/Voxboard\ Watch\ WidgetExtension.DependencyStaticMetadataFileList --swift-const-vals-list /tmp/voxboard-notelet-verify-derived/Build/Intermediates.noindex/Voxboard.build/Debug-watchsimulator/Voxboard\ Watch\ WidgetExtension.build/Objects-normal/arm64/Voxboard\ Watch\ WidgetExtension.SwiftConstValuesFileList --swift-const-vals-list /tmp/voxboard-notelet-verify-derived/Build/Intermediates.noindex/Voxboard.build/Debug-watchsimulator/Voxboard\ Watch\ WidgetExtension.build/Objects-normal/x86_64/Voxboard\ Watch\ WidgetExtension.SwiftConstValuesFileList --compile-time-extraction --deployment-aware-processing --validate-assistant-intents --no-app-shortcuts-localization
2026-06-20 11:44:01.433 appintentsmetadataprocessor[95945:3727036] Starting appintentsmetadataprocessor export
2026-06-20 11:44:01.484 appintentsmetadataprocessor[95945:3727036] Writing Metadata.appintents
2026-06-20 11:44:01.484 appintentsmetadataprocessor[95945:3727036] Metadata root: /tmp/voxboard-notelet-verify-derived/Build/Products/Debug-watchsimulator/Voxboard Watch WidgetExtension.appex/Metadata.appintents

ExtractAppIntentsMetadata (in target 'Notelet' from project 'Notelet')
    cd /tmp/voxboard-notelet-verify-derived/SourcePackages/checkouts/notelet
    /Applications/Xcode.app/Contents/Developer/Toolchains/XcodeDefault.xctoolchain/usr/bin/appintentsmetadataprocessor --toolchain-dir /Applications/Xcode.app/Contents/Developer/Toolchains/XcodeDefault.xctoolchain --module-name Notelet --sdk-root /Applications/Xcode.app/Contents/Developer/Platforms/iPhoneSimulator.platform/Developer/SDKs/iPhoneSimulator26.5.sdk --xcode-version 17F42 --platform-family iOS --deployment-target 17.0 --bundle-identifier notelet.Notelet --output /tmp/voxboard-notelet-verify-derived/Build/Products/Debug-iphonesimulator/Notelet.appintents --target-triple arm64-apple-ios17.0-simulator --binary-file /tmp/voxboard-notelet-verify-derived/Build/Products/Debug-iphonesimulator/Notelet.o --dependency-file /tmp/voxboard-notelet-verify-derived/Build/Intermediates.noindex/Notelet.build/Debug-iphonesimulator/Notelet.build/Objects-normal/arm64/Notelet_dependency_info.dat --stringsdata-file /tmp/voxboard-notelet-verify-derived/Build/Intermediates.noindex/Notelet.build/Debug-iphonesimulator/Notelet.build/Objects-normal/arm64/ExtractedAppShortcutsMetadata.stringsdata --source-file-list /tmp/voxboard-notelet-verify-derived/Build/Intermediates.noindex/Notelet.build/Debug-iphonesimulator/Notelet.build/Objects-normal/arm64/Notelet.SwiftFileList --metadata-file-list /tmp/voxboard-notelet-verify-derived/Build/Intermediates.noindex/Notelet.build/Debug-iphonesimulator/Notelet.build/Notelet.DependencyMetadataFileList --static-metadata-file-list /tmp/voxboard-notelet-verify-derived/Build/Intermediates.noindex/Notelet.build/Debug-iphonesimulator/Notelet.build/Notelet.DependencyStaticMetadataFileList --swift-const-vals-list /tmp/voxboard-notelet-verify-derived/Build/Intermediates.noindex/Notelet.build/Debug-iphonesimulator/Notelet.build/Objects-normal/arm64/Notelet.SwiftConstValuesFileList --force --compile-time-extraction --deployment-aware-processing --validate-assistant-intents --no-app-shortcuts-localization
2026-06-20 11:44:01.434 appintentsmetadataprocessor[95946:3727037] Starting appintentsmetadataprocessor export
2026-06-20 11:44:01.483 appintentsmetadataprocessor[95946:3727037] Extracted no relevant App Intents symbols, skipping writing output

RegisterExecutionPolicyException /tmp/voxboard-notelet-verify-derived/Build/Products/Debug-iphonesimulator/ExportKit.o (in target 'ExportKit' from project 'ExportKit')
    cd /tmp/voxboard-notelet-verify-derived/SourcePackages/checkouts/ExportKit
    builtin-RegisterExecutionPolicyException /tmp/voxboard-notelet-verify-derived/Build/Products/Debug-iphonesimulator/ExportKit.o

RegisterExecutionPolicyException /tmp/voxboard-notelet-verify-derived/Build/Products/Debug-iphonesimulator/Notelet.o (in target 'Notelet' from project 'Notelet')
    cd /tmp/voxboard-notelet-verify-derived/SourcePackages/checkouts/notelet
    builtin-RegisterExecutionPolicyException /tmp/voxboard-notelet-verify-derived/Build/Products/Debug-iphonesimulator/Notelet.o

CodeSign /tmp/voxboard-notelet-verify-derived/Build/Products/Debug-watchsimulator/Voxboard\ Watch\ WidgetExtension.appex/Voxboard\ Watch\ WidgetExtension.debug.dylib (in target 'Voxboard Watch WidgetExtension' from project 'Voxboard')
    cd /Users/codybontecou/projects/Voxboard

    Signing Identity:     "Sign to Run Locally"

    /usr/bin/codesign --force --sign - --timestamp\=none --generate-entitlement-der /tmp/voxboard-notelet-verify-derived/Build/Products/Debug-watchsimulator/Voxboard\ Watch\ WidgetExtension.appex/Voxboard\ Watch\ WidgetExtension.debug.dylib

CodeSign /tmp/voxboard-notelet-verify-derived/Build/Products/Debug-watchsimulator/Voxboard\ Watch\ WidgetExtension.appex/__preview.dylib (in target 'Voxboard Watch WidgetExtension' from project 'Voxboard')
    cd /Users/codybontecou/projects/Voxboard

    Signing Identity:     "Sign to Run Locally"

    /usr/bin/codesign --force --sign - --timestamp\=none --generate-entitlement-der /tmp/voxboard-notelet-verify-derived/Build/Products/Debug-watchsimulator/Voxboard\ Watch\ WidgetExtension.appex/__preview.dylib

CodeSign /tmp/voxboard-notelet-verify-derived/Build/Products/Debug-watchsimulator/Voxboard\ Watch\ WidgetExtension.appex (in target 'Voxboard Watch WidgetExtension' from project 'Voxboard')
    cd /Users/codybontecou/projects/Voxboard

    Signing Identity:     "Sign to Run Locally"

    /usr/bin/codesign --force --sign - --entitlements /tmp/voxboard-notelet-verify-derived/Build/Intermediates.noindex/Voxboard.build/Debug-watchsimulator/Voxboard\ Watch\ WidgetExtension.build/Voxboard\ Watch\ WidgetExtension.appex.xcent --timestamp\=none --generate-entitlement-der /tmp/voxboard-notelet-verify-derived/Build/Products/Debug-watchsimulator/Voxboard\ Watch\ WidgetExtension.appex

RegisterExecutionPolicyException /tmp/voxboard-notelet-verify-derived/Build/Products/Debug-watchsimulator/Voxboard\ Watch\ WidgetExtension.appex (in target 'Voxboard Watch WidgetExtension' from project 'Voxboard')
    cd /Users/codybontecou/projects/Voxboard
    builtin-RegisterExecutionPolicyException /tmp/voxboard-notelet-verify-derived/Build/Products/Debug-watchsimulator/Voxboard\ Watch\ WidgetExtension.appex

Touch /tmp/voxboard-notelet-verify-derived/Build/Products/Debug-watchsimulator/Voxboard\ Watch\ WidgetExtension.appex (in target 'Voxboard Watch WidgetExtension' from project 'Voxboard')
    cd /Users/codybontecou/projects/Voxboard
    /usr/bin/touch -c /tmp/voxboard-notelet-verify-derived/Build/Products/Debug-watchsimulator/Voxboard\ Watch\ WidgetExtension.appex

Ld /tmp/voxboard-notelet-verify-derived/Build/Intermediates.noindex/Voxboard.build/Debug-watchsimulator/Voxboard\ Watch.build/Objects-normal/arm64/Binary/__preview.dylib normal arm64 (in target 'Voxboard Watch' from project 'Voxboard')
    cd /Users/codybontecou/projects/Voxboard
    /Applications/Xcode.app/Contents/Developer/Toolchains/XcodeDefault.xctoolchain/usr/bin/clang -Xlinker -reproducible -target arm64-apple-watchos10.0-simulator -dynamiclib -isysroot /Applications/Xcode.app/Contents/Developer/Platforms/WatchSimulator.platform/Developer/SDKs/WatchSimulator26.5.sdk -O0 -L/tmp/voxboard-notelet-verify-derived/Build/Products/Debug-watchsimulator -F/tmp/voxboard-notelet-verify-derived/Build/Products/Debug-watchsimulator -install_name @rpath/Voxboard\ Watch.debug.dylib -Xlinker -dead_strip -rdynamic -Xlinker -no_deduplicate -Xlinker -objc_abi_version -Xlinker 2 -Xlinker -dependency_info -Xlinker /tmp/voxboard-notelet-verify-derived/Build/Intermediates.noindex/Voxboard.build/Debug-watchsimulator/Voxboard\ Watch.build/Objects-normal/arm64/Voxboard\ Watch_dependency_info.dat -Xlinker -sectcreate -Xlinker __TEXT -Xlinker __entitlements -Xlinker /tmp/voxboard-notelet-verify-derived/Build/Intermediates.noindex/Voxboard.build/Debug-watchsimulator/Voxboard\ Watch.build/Voxboard\ Watch.app-Simulated.xcent -Xlinker -sectcreate -Xlinker __TEXT -Xlinker __ents_der -Xlinker /tmp/voxboard-notelet-verify-derived/Build/Intermediates.noindex/Voxboard.build/Debug-watchsimulator/Voxboard\ Watch.build/Voxboard\ Watch.app-Simulated.xcent.der -Xlinker -no_adhoc_codesign -o /tmp/voxboard-notelet-verify-derived/Build/Intermediates.noindex/Voxboard.build/Debug-watchsimulator/Voxboard\ Watch.build/Objects-normal/arm64/Binary/__preview.dylib

Ld /tmp/voxboard-notelet-verify-derived/Build/Intermediates.noindex/Voxboard.build/Debug-watchsimulator/Voxboard\ Watch.build/Objects-normal/x86_64/Binary/__preview.dylib normal x86_64 (in target 'Voxboard Watch' from project 'Voxboard')
    cd /Users/codybontecou/projects/Voxboard
    /Applications/Xcode.app/Contents/Developer/Toolchains/XcodeDefault.xctoolchain/usr/bin/clang -Xlinker -reproducible -target x86_64-apple-watchos10.0-simulator -dynamiclib -isysroot /Applications/Xcode.app/Contents/Developer/Platforms/WatchSimulator.platform/Developer/SDKs/WatchSimulator26.5.sdk -O0 -L/tmp/voxboard-notelet-verify-derived/Build/Products/Debug-watchsimulator -F/tmp/voxboard-notelet-verify-derived/Build/Products/Debug-watchsimulator -install_name @rpath/Voxboard\ Watch.debug.dylib -Xlinker -dead_strip -rdynamic -Xlinker -no_deduplicate -Xlinker -objc_abi_version -Xlinker 2 -Xlinker -dependency_info -Xlinker /tmp/voxboard-notelet-verify-derived/Build/Intermediates.noindex/Voxboard.build/Debug-watchsimulator/Voxboard\ Watch.build/Objects-normal/x86_64/Voxboard\ Watch_dependency_info.dat -Xlinker -sectcreate -Xlinker __TEXT -Xlinker __entitlements -Xlinker /tmp/voxboard-notelet-verify-derived/Build/Intermediates.noindex/Voxboard.build/Debug-watchsimulator/Voxboard\ Watch.build/Voxboard\ Watch.app-Simulated.xcent -Xlinker -sectcreate -Xlinker __TEXT -Xlinker __ents_der -Xlinker /tmp/voxboard-notelet-verify-derived/Build/Intermediates.noindex/Voxboard.build/Debug-watchsimulator/Voxboard\ Watch.build/Voxboard\ Watch.app-Simulated.xcent.der -Xlinker -no_adhoc_codesign -o /tmp/voxboard-notelet-verify-derived/Build/Intermediates.noindex/Voxboard.build/Debug-watchsimulator/Voxboard\ Watch.build/Objects-normal/x86_64/Binary/__preview.dylib

CreateUniversalBinary /tmp/voxboard-notelet-verify-derived/Build/Products/Debug-watchsimulator/Voxboard\ Watch.app/__preview.dylib normal arm64\ x86_64 (in target 'Voxboard Watch' from project 'Voxboard')
    cd /Users/codybontecou/projects/Voxboard
    /Applications/Xcode.app/Contents/Developer/Toolchains/XcodeDefault.xctoolchain/usr/bin/lipo -create /tmp/voxboard-notelet-verify-derived/Build/Intermediates.noindex/Voxboard.build/Debug-watchsimulator/Voxboard\ Watch.build/Objects-normal/arm64/Binary/__preview.dylib /tmp/voxboard-notelet-verify-derived/Build/Intermediates.noindex/Voxboard.build/Debug-watchsimulator/Voxboard\ Watch.build/Objects-normal/x86_64/Binary/__preview.dylib -output /tmp/voxboard-notelet-verify-derived/Build/Products/Debug-watchsimulator/Voxboard\ Watch.app/__preview.dylib

SwiftExplicitDependencyGeneratePcm arm64 /tmp/voxboard-notelet-verify-derived/Build/Intermediates.noindex/SwiftExplicitPrecompiledModules/whisper-94I6H2P4ERFWT8Z38RTRWHV02.pcm

SwiftExplicitDependencyGeneratePcm arm64 /tmp/voxboard-notelet-verify-derived/ModuleCache.noindex/CoreMIDI-D8D6W2RN95T02R1UZZH3IEVZ8.pcm

SwiftExplicitDependencyGeneratePcm arm64 /tmp/voxboard-notelet-verify-derived/ModuleCache.noindex/_Builtin_intrinsics-8PF88M6E3FQSIUAWP7Q0LVE6C.pcm

SwiftExplicitDependencyGeneratePcm arm64 /tmp/voxboard-notelet-verify-derived/ModuleCache.noindex/_Builtin_tgmath-F1DKGS9TPAFBKA5MZKNQTJP7U.pcm

SwiftExplicitDependencyGeneratePcm arm64 /tmp/voxboard-notelet-verify-derived/ModuleCache.noindex/CoreAudioTypes-567GUUV6GH0VPY2G58QGATS86.pcm

SwiftExplicitDependencyGeneratePcm arm64 /tmp/voxboard-notelet-verify-derived/Build/Intermediates.noindex/SwiftExplicitPrecompiledModules/MachTaskSelfWrapper-6A3UCE120XACVCGW84VF85XAB.pcm

SwiftExplicitDependencyGeneratePcm arm64 /tmp/voxboard-notelet-verify-derived/ModuleCache.noindex/LocalAuthentication-1CQX3WMQ6ENUV7DL650QR9AR3.pcm

SwiftExplicitDependencyGeneratePcm arm64 /tmp/voxboard-notelet-verify-derived/ModuleCache.noindex/ActivityKit-36X3M6J7WQ3P5QMHPIOEIV5ZS.pcm

SwiftExplicitDependencyGeneratePcm arm64 /tmp/voxboard-notelet-verify-derived/ModuleCache.noindex/AudioToolbox-CVS65YASQB7DFB0R4YDA923OK.pcm

SwiftExplicitDependencyGeneratePcm arm64 /tmp/voxboard-notelet-verify-derived/ModuleCache.noindex/NaturalLanguage-E9B6JT1H3IR0B5LNM065X1F95.pcm

SwiftExplicitDependencyGeneratePcm arm64 /tmp/voxboard-notelet-verify-derived/ModuleCache.noindex/IOSurface-9IP5X0K4U7UWAOQNS5SWNVHY.pcm

SwiftExplicitDependencyGeneratePcm x86_64 /tmp/voxboard-notelet-verify-derived/ModuleCache.noindex/_Builtin_stdbool-8PJ7P0VU2OFN1DYXJP3L4BK3F.pcm

SwiftExplicitDependencyGeneratePcm x86_64 /tmp/voxboard-notelet-verify-derived/ModuleCache.noindex/ptrauth-CQ38A63XYFQNHFCOJLJVAP9ZC.pcm

SwiftExplicitDependencyGeneratePcm arm64 /tmp/voxboard-notelet-verify-derived/ModuleCache.noindex/_AvailabilityInternal-DN1TYVOD1GE2IGV6SO25C1J3B.pcm

SwiftExplicitDependencyGeneratePcm arm64 /tmp/voxboard-notelet-verify-derived/ModuleCache.noindex/_Builtin_stdarg-453GYKGH06WKKCPSTRK0ZW6MY.pcm

SwiftExplicitDependencyGeneratePcm arm64 /tmp/voxboard-notelet-verify-derived/ModuleCache.noindex/_Builtin_stdbool-DN2V07R6TNCZA5ZLYSKPW2WGC.pcm

SwiftExplicitDependencyGeneratePcm arm64 /tmp/voxboard-notelet-verify-derived/ModuleCache.noindex/Metal-81256W9E51D7SJWPNV4528IK5.pcm

SwiftExplicitDependencyGeneratePcm x86_64 /tmp/voxboard-notelet-verify-derived/ModuleCache.noindex/ptrcheck-CAKSK0V1HAZKJSI65JJDKM7P5.pcm

SwiftExplicitDependencyGeneratePcm arm64 /tmp/voxboard-notelet-verify-derived/ModuleCache.noindex/_Builtin_float-5E6KCCVERYGXY2J526WKS5X2K.pcm

SwiftExplicitDependencyGeneratePcm x86_64 /tmp/voxboard-notelet-verify-derived/ModuleCache.noindex/SwiftShims-ASNAC4XBXS95BNFF9YLLFY1E4.pcm

SwiftExplicitDependencyGeneratePcm arm64 /tmp/voxboard-notelet-verify-derived/ModuleCache.noindex/dnssd-C1KUFWXRUXH3798B91FW0AHPX.pcm

SwiftExplicitDependencyGeneratePcm arm64 /tmp/voxboard-notelet-verify-derived/ModuleCache.noindex/_Builtin_stddef-EESEACMZNAJ4HQNYP7A4BQC4C.pcm

SwiftExplicitDependencyGeneratePcm x86_64 /tmp/voxboard-notelet-verify-derived/ModuleCache.noindex/_Builtin_stdarg-CM678QLDPPFLBL0FPJV8R6IWW.pcm

SwiftExplicitDependencyGeneratePcm arm64 /tmp/voxboard-notelet-verify-derived/ModuleCache.noindex/_SwiftConcurrencyShims-C54QZWB3IRMTT82VODYZHTRTO.pcm

SwiftExplicitDependencyGeneratePcm x86_64 /tmp/voxboard-notelet-verify-derived/ModuleCache.noindex/_Builtin_stddef-CI4MJQZBEXNMJBN6MGS5P7XIX.pcm

SwiftExplicitDependencyGeneratePcm x86_64 /tmp/voxboard-notelet-verify-derived/ModuleCache.noindex/DeveloperToolsSupport-BUXR0FFELV7TPDSCNKN791VJE.pcm

SwiftExplicitDependencyGeneratePcm arm64 /tmp/voxboard-notelet-verify-derived/ModuleCache.noindex/OpenGLES-DZ87EHBW12XGUAWYV2UZH6ZDM.pcm

SwiftExplicitDependencyGeneratePcm arm64 /tmp/voxboard-notelet-verify-derived/ModuleCache.noindex/CoreAudio-ADT2VNMBD6EXXLEXUQ804OSFS.pcm

SwiftExplicitDependencyGeneratePcm arm64 /tmp/voxboard-notelet-verify-derived/ModuleCache.noindex/MachO-6J5O61I9WQIRMVUPDVRD69QWZ.pcm

SwiftExplicitDependencyGeneratePcm x86_64 /tmp/voxboard-notelet-verify-derived/ModuleCache.noindex/_SwiftConcurrencyShims-81ASHRHQIYAA88RBTYPOL0X24.pcm

SwiftExplicitDependencyGeneratePcm arm64 /tmp/voxboard-notelet-verify-derived/ModuleCache.noindex/SwiftShims-1W0UPJ9MBQXKBEYWT4G76OXUV.pcm

SwiftExplicitDependencyGeneratePcm arm64 /tmp/voxboard-notelet-verify-derived/ModuleCache.noindex/ptrauth-3I1KWIJZYVI7J3ORVWLSZA5K2.pcm

SwiftExplicitDependencyGeneratePcm arm64 /tmp/voxboard-notelet-verify-derived/ModuleCache.noindex/_Builtin_stdatomic-39X6I6APUKIUBDYB9125M4KVM.pcm

SwiftExplicitDependencyGeneratePcm arm64 /tmp/voxboard-notelet-verify-derived/ModuleCache.noindex/DeveloperToolsSupport-94UHTQ5ARXV5PPXX1GQS16H4I.pcm

SwiftExplicitDependencyGeneratePcm arm64 /tmp/voxboard-notelet-verify-derived/ModuleCache.noindex/ptrcheck-7E7B4G2BR0ZD0UQM1VXOYVJK2.pcm

SwiftExplicitDependencyGeneratePcm arm64 /tmp/voxboard-notelet-verify-derived/ModuleCache.noindex/CoreGraphics-76YG9N80Z5KJ3PJ12X4D7FVDX.pcm

SwiftExplicitDependencyGeneratePcm x86_64 /tmp/voxboard-notelet-verify-derived/ModuleCache.noindex/_Builtin_float-37OGX9HJH7GAB4C2SJFLF6U1E.pcm

SwiftExplicitDependencyGeneratePcm arm64 /tmp/voxboard-notelet-verify-derived/Build/Intermediates.noindex/SwiftExplicitPrecompiledModules/FastClusterWrapper-3CP166SEV4EKQJOUVEIBX2WIV.pcm

SwiftExplicitDependencyGeneratePcm arm64 /tmp/voxboard-notelet-verify-derived/ModuleCache.noindex/simd-700FJMMNXH5JEFTBQEG1X8OY0.pcm

SwiftExplicitDependencyGeneratePcm arm64 /tmp/voxboard-notelet-verify-derived/ModuleCache.noindex/UniformTypeIdentifiers-3K1B6FW6IVDQIPGYQ5YKQ0H5C.pcm

SwiftExplicitDependencyGeneratePcm arm64 /tmp/voxboard-notelet-verify-derived/ModuleCache.noindex/os-A8SC6SXJY17UCETOQMFERXNZ3.pcm

SwiftExplicitDependencyGeneratePcm x86_64 /tmp/voxboard-notelet-verify-derived/ModuleCache.noindex/_AvailabilityInternal-5M33LIITLB4DCKHRDE7IJMKC6.pcm

SwiftExplicitDependencyGeneratePcm arm64 /tmp/voxboard-notelet-verify-derived/ModuleCache.noindex/Network-P5VV8EEDJAYO5Q5ZG8ZTUSYC.pcm

SwiftExplicitDependencyGeneratePcm arm64 /tmp/voxboard-notelet-verify-derived/ModuleCache.noindex/_DarwinFoundation1-C03HVWQGVC8IHATIIZD7IJTCV.pcm

SwiftExplicitDependencyGeneratePcm arm64 /tmp/voxboard-notelet-verify-derived/ModuleCache.noindex/ImageIO-5YYA2TOK44R6KQWZS18FJEFUR.pcm

SwiftExplicitDependencyGeneratePcm arm64 /tmp/voxboard-notelet-verify-derived/ModuleCache.noindex/CoreVideo-4XETHTEDFGTZJBNL2C7H912UO.pcm

SwiftExplicitDependencyGeneratePcm x86_64 /tmp/voxboard-notelet-verify-derived/ModuleCache.noindex/_DarwinFoundation1-47SYQQJFJ3HL8NCSEZ0ICOGZP.pcm

SwiftExplicitDependencyGeneratePcm arm64 /tmp/voxboard-notelet-verify-derived/ModuleCache.noindex/OSLog-19AAK2SGOXGUEC5DG8QDVBFG8.pcm

SwiftExplicitDependencyGeneratePcm arm64 /tmp/voxboard-notelet-verify-derived/ModuleCache.noindex/AVRouting-DFBCPA3A9K446B87ISR8B9QLK.pcm

SwiftExplicitDependencyGeneratePcm arm64 /tmp/voxboard-notelet-verify-derived/ModuleCache.noindex/_DarwinFoundation2-598XMRX4EMDJMYFPAXNDQ971B.pcm

SwiftExplicitDependencyGeneratePcm x86_64 /tmp/voxboard-notelet-verify-derived/ModuleCache.noindex/ExtensionFoundation-AIZMJ5QXUFMC4XNLFP5M1DFTV.pcm

SwiftExplicitDependencyGeneratePcm arm64 /tmp/voxboard-notelet-verify-derived/ModuleCache.noindex/CoreMedia-F5A22QW3GB5GR5Y89692F0XLP.pcm

SwiftExplicitDependencyGeneratePcm arm64 /tmp/voxboard-notelet-verify-derived/ModuleCache.noindex/CoreML-6T9B501SQFY1JFWKKQR2Y9HG0.pcm

SwiftExplicitDependencyGeneratePcm arm64 /tmp/voxboard-notelet-verify-derived/ModuleCache.noindex/QuartzCore-G9ADYY3ZRWUR1S8TKUYCHASJ.pcm

SwiftExplicitDependencyGeneratePcm arm64 /tmp/voxboard-notelet-verify-derived/ModuleCache.noindex/ExtensionFoundation-BTN3D7N7E2BLF03WAQ8JFN7V1.pcm

SwiftExplicitDependencyGeneratePcm arm64 /tmp/voxboard-notelet-verify-derived/ModuleCache.noindex/Accelerate-AUOQWGRDLNN9ISCL1HAZ48TZS.pcm

SwiftExplicitDependencyGeneratePcm arm64 /tmp/voxboard-notelet-verify-derived/ModuleCache.noindex/_Builtin_stdint-MDZYLN2J80LYRBTC0MCZQ2FZ.pcm

SwiftExplicitDependencyGeneratePcm arm64 /tmp/voxboard-notelet-verify-derived/ModuleCache.noindex/sys_types-BU762VZG4BJDQMAJ1I9QBJY7B.pcm

SwiftExplicitDependencyGeneratePcm arm64 /tmp/voxboard-notelet-verify-derived/ModuleCache.noindex/AVFAudio-BTISQWH4C03UEGMT51DOTYLS0.pcm

SwiftExplicitDependencyGeneratePcm arm64 /tmp/voxboard-notelet-verify-derived/ModuleCache.noindex/_Builtin_tgmath-CWEYIJJZBBAFGMZ7GKCAS4TJR.pcm

SwiftExplicitDependencyGeneratePcm arm64 /tmp/voxboard-notelet-verify-derived/ModuleCache.noindex/MediaToolbox-DCQF2LRMQM2L09KJBCAJG0ZC4.pcm

SwiftExplicitDependencyGeneratePcm arm64 /tmp/voxboard-notelet-verify-derived/ModuleCache.noindex/_Builtin_intrinsics-5BFI5O3DDJQGAVDDJ5KPYSQ7U.pcm

SwiftExplicitDependencyGeneratePcm arm64 /tmp/voxboard-notelet-verify-derived/ModuleCache.noindex/_Builtin_stdatomic-2K8C6DOKSDGXLVJKM8R9RE8TI.pcm

SwiftExplicitDependencyGeneratePcm x86_64 /tmp/voxboard-notelet-verify-derived/ModuleCache.noindex/_DarwinFoundation2-3KUZNAW9NWS88RW5TGMEJGT72.pcm

SwiftExplicitDependencyGeneratePcm arm64 /tmp/voxboard-notelet-verify-derived/ModuleCache.noindex/_DarwinFoundation3-9WCZTPPYUSQD9RLX3XPF263QN.pcm

SwiftDriverJobDiscovery normal arm64 Compiling SentencePieceProto.swift, SentencePieceTokenizer.swift, SSMLProcessor.swift, SSMLTagParser.swift, SSMLTypes.swift, SayAsInterpreter.swift, AudioPostProcessor.swift, TtsBackend.swift, TtsConstants.swift, TtsModels.swift, VadManager+SpeechSegmentation.swift, VadManager+Streaming.swift, VadManager.swift, VadTypes.swift (in target 'FluidAudio' from project 'FluidAudio')

SwiftExplicitDependencyGeneratePcm x86_64 /tmp/voxboard-notelet-verify-derived/ModuleCache.noindex/_Builtin_limits-8XE4GSXLCHX3A5BZWCWTO6BEC.pcm

SwiftExplicitDependencyGeneratePcm arm64 /tmp/voxboard-notelet-verify-derived/ModuleCache.noindex/CoreImage-D4VO4SLFV0DF3FN08Z9NXLJ3I.pcm

SwiftExplicitDependencyGeneratePcm arm64 /tmp/voxboard-notelet-verify-derived/ModuleCache.noindex/_Builtin_limits-CIIAYK4021363XNC9L4YHJNFA.pcm

SwiftExplicitDependencyGeneratePcm arm64 /tmp/voxboard-notelet-verify-derived/ModuleCache.noindex/AVFoundation-D1K9WSLW951BHRT8NFFQ22WL0.pcm

LinkAssetCatalog /Users/codybontecou/projects/Voxboard/Voxboard\ Watch/Assets.xcassets (in target 'Voxboard Watch' from project 'Voxboard')
    cd /Users/codybontecou/projects/Voxboard
    builtin-linkAssetCatalog --thinned /tmp/voxboard-notelet-verify-derived/Build/Intermediates.noindex/Voxboard.build/Debug-watchsimulator/Voxboard\ Watch.build/assetcatalog_output/thinned --thinned-dependencies /tmp/voxboard-notelet-verify-derived/Build/Intermediates.noindex/Voxboard.build/Debug-watchsimulator/Voxboard\ Watch.build/assetcatalog_dependencies_thinned --thinned-info-plist-content /tmp/voxboard-notelet-verify-derived/Build/Intermediates.noindex/Voxboard.build/Debug-watchsimulator/Voxboard\ Watch.build/assetcatalog_generated_info.plist_thinned --unthinned /tmp/voxboard-notelet-verify-derived/Build/Intermediates.noindex/Voxboard.build/Debug-watchsimulator/Voxboard\ Watch.build/assetcatalog_output/unthinned --unthinned-dependencies /tmp/voxboard-notelet-verify-derived/Build/Intermediates.noindex/Voxboard.build/Debug-watchsimulator/Voxboard\ Watch.build/assetcatalog_dependencies_unthinned --unthinned-info-plist-content /tmp/voxboard-notelet-verify-derived/Build/Intermediates.noindex/Voxboard.build/Debug-watchsimulator/Voxboard\ Watch.build/assetcatalog_generated_info.plist_unthinned --output /tmp/voxboard-notelet-verify-derived/Build/Products/Debug-watchsimulator/Voxboard\ Watch.app --plist-output /tmp/voxboard-notelet-verify-derived/Build/Intermediates.noindex/Voxboard.build/Debug-watchsimulator/Voxboard\ Watch.build/assetcatalog_generated_info.plist
note: Emplaced /tmp/voxboard-notelet-verify-derived/Build/Products/Debug-watchsimulator/Voxboard Watch.app/Assets.car (in target 'Voxboard Watch' from project 'Voxboard')

SwiftExplicitDependencyGeneratePcm x86_64 /tmp/voxboard-notelet-verify-derived/ModuleCache.noindex/sys_types-2P35K0Z617XI4E2ASD6LMT41T.pcm

SwiftExplicitDependencyGeneratePcm x86_64 /tmp/voxboard-notelet-verify-derived/ModuleCache.noindex/_Builtin_tgmath-53TP9WRVNQC7UGADDS5MKZZ6N.pcm

SwiftExplicitDependencyGeneratePcm x86_64 /tmp/voxboard-notelet-verify-derived/ModuleCache.noindex/_Builtin_stdint-9M9TLY21LMRDJSRWOC5064E8Z.pcm

SwiftExplicitDependencyGeneratePcm arm64 /tmp/voxboard-notelet-verify-derived/ModuleCache.noindex/_Builtin_inttypes-1T2JO0CYZ2F42XYQYOXZMWMN4.pcm

SwiftExplicitDependencyGeneratePcm x86_64 /tmp/voxboard-notelet-verify-derived/ModuleCache.noindex/_DarwinFoundation3-33IXYKJSP1LDX0XLJLJVREVGP.pcm

SwiftExplicitDependencyGeneratePcm x86_64 /tmp/voxboard-notelet-verify-derived/ModuleCache.noindex/_Builtin_stdatomic-EXRKA1M9ZKCPJVG3YPHIRRS5J.pcm

SwiftExplicitDependencyGeneratePcm arm64 /tmp/voxboard-notelet-verify-derived/ModuleCache.noindex/simd-14AN3A9H1O0GN7B6EATAOULRK.pcm

SwiftExplicitDependencyGeneratePcm arm64 /tmp/voxboard-notelet-verify-derived/ModuleCache.noindex/Darwin-71BMNYCOG5X2OX4P20RC4SZMF.pcm

SwiftExplicitDependencyGeneratePcm x86_64 /tmp/voxboard-notelet-verify-derived/ModuleCache.noindex/_Builtin_intrinsics-4QN9R7WDDXNRGDKQ3TJWX87SY.pcm

SwiftExplicitDependencyGeneratePcm x86_64 /tmp/voxboard-notelet-verify-derived/ModuleCache.noindex/_Builtin_inttypes-BCZKBIKFPY4FCWXP75ZBNZUVP.pcm

SwiftExplicitDependencyGeneratePcm x86_64 /tmp/voxboard-notelet-verify-derived/ModuleCache.noindex/Darwin-24KDAP9NPSUTP5OJTNUE68RGO.pcm

SwiftEmitModule normal arm64 Emitting\ module\ for\ VoxboardShared (in target 'VoxboardShared' from project 'VoxboardShared')
EmitSwiftModule normal arm64 (in target 'VoxboardShared' from project 'VoxboardShared')
    cd /Users/codybontecou/projects/Voxboard/Voxboard.xcodeproj


SwiftCompile normal arm64 Compiling\ CloudflareOnboardingAnalyticsTransport.swift,\ OnboardingAnalyticsClient.swift,\ OnboardingAnalyticsEvent.swift /Users/codybontecou/projects/Voxboard/Packages/VoxboardShared/Sources/VoxboardShared/Analytics/CloudflareOnboardingAnalyticsTransport.swift /Users/codybontecou/projects/Voxboard/Packages/VoxboardShared/Sources/VoxboardShared/Analytics/OnboardingAnalyticsClient.swift /Users/codybontecou/projects/Voxboard/Packages/VoxboardShared/Sources/VoxboardShared/Analytics/OnboardingAnalyticsEvent.swift (in target 'VoxboardShared' from project 'VoxboardShared')
SwiftCompile normal arm64 /Users/codybontecou/projects/Voxboard/Packages/VoxboardShared/Sources/VoxboardShared/Analytics/CloudflareOnboardingAnalyticsTransport.swift (in target 'VoxboardShared' from project 'VoxboardShared')
    cd /Users/codybontecou/projects/Voxboard/Voxboard.xcodeproj


SwiftCompile normal arm64 /Users/codybontecou/projects/Voxboard/Packages/VoxboardShared/Sources/VoxboardShared/Analytics/OnboardingAnalyticsClient.swift (in target 'VoxboardShared' from project 'VoxboardShared')
    cd /Users/codybontecou/projects/Voxboard/Voxboard.xcodeproj


SwiftCompile normal arm64 /Users/codybontecou/projects/Voxboard/Packages/VoxboardShared/Sources/VoxboardShared/Analytics/OnboardingAnalyticsEvent.swift (in target 'VoxboardShared' from project 'VoxboardShared')
    cd /Users/codybontecou/projects/Voxboard/Voxboard.xcodeproj


SwiftCompile normal arm64 Compiling\ RecordingFlow.swift,\ SmartFolder.swift,\ TemplateRenderer.swift /Users/codybontecou/projects/Voxboard/Packages/VoxboardShared/Sources/VoxboardShared/RecordingFlow.swift /Users/codybontecou/projects/Voxboard/Packages/VoxboardShared/Sources/VoxboardShared/SmartFolder.swift /Users/codybontecou/projects/Voxboard/Packages/VoxboardShared/Sources/VoxboardShared/TemplateRenderer.swift (in target 'VoxboardShared' from project 'VoxboardShared')
SwiftCompile normal arm64 /Users/codybontecou/projects/Voxboard/Packages/VoxboardShared/Sources/VoxboardShared/RecordingFlow.swift (in target 'VoxboardShared' from project 'VoxboardShared')
    cd /Users/codybontecou/projects/Voxboard/Voxboard.xcodeproj


SwiftCompile normal arm64 /Users/codybontecou/projects/Voxboard/Packages/VoxboardShared/Sources/VoxboardShared/SmartFolder.swift (in target 'VoxboardShared' from project 'VoxboardShared')
    cd /Users/codybontecou/projects/Voxboard/Voxboard.xcodeproj


SwiftCompile normal arm64 /Users/codybontecou/projects/Voxboard/Packages/VoxboardShared/Sources/VoxboardShared/TemplateRenderer.swift (in target 'VoxboardShared' from project 'VoxboardShared')
    cd /Users/codybontecou/projects/Voxboard/Voxboard.xcodeproj


SwiftCompile normal arm64 Compiling\ AppConstants.swift,\ AudioAttachmentExporter.swift,\ AudioFileConverter.swift /Users/codybontecou/projects/Voxboard/Packages/VoxboardShared/Sources/VoxboardShared/AppConstants.swift /Users/codybontecou/projects/Voxboard/Packages/VoxboardShared/Sources/VoxboardShared/AudioAttachmentExporter.swift /Users/codybontecou/projects/Voxboard/Packages/VoxboardShared/Sources/VoxboardShared/AudioFileConverter.swift (in target 'VoxboardShared' from project 'VoxboardShared')

SwiftCompile normal arm64 /Users/codybontecou/projects/Voxboard/Packages/VoxboardShared/Sources/VoxboardShared/AppConstants.swift (in target 'VoxboardShared' from project 'VoxboardShared')
    cd /Users/codybontecou/projects/Voxboard/Voxboard.xcodeproj


SwiftCompile normal arm64 /Users/codybontecou/projects/Voxboard/Packages/VoxboardShared/Sources/VoxboardShared/AudioAttachmentExporter.swift (in target 'VoxboardShared' from project 'VoxboardShared')
    cd /Users/codybontecou/projects/Voxboard/Voxboard.xcodeproj


SwiftCompile normal arm64 /Users/codybontecou/projects/Voxboard/Packages/VoxboardShared/Sources/VoxboardShared/AudioFileConverter.swift (in target 'VoxboardShared' from project 'VoxboardShared')
    cd /Users/codybontecou/projects/Voxboard/Voxboard.xcodeproj


SwiftExplicitDependencyGeneratePcm arm64 /tmp/voxboard-notelet-verify-derived/ModuleCache.noindex/ObjectiveC-5LFJC8UZ517YT8F99O27WYOHQ.pcm

SwiftDriverJobDiscovery normal arm64 Compiling Qwen3StreamingManager.swift, WhisperMelSpectrogram.swift, SpeakerManager.swift, SpeakerOperations.swift, SpeakerTypes.swift, DiarizerManager.swift, DiarizerModels.swift, DiarizerTypes.swift, DiarizerTimeline.swift, EmbeddingExtractor.swift, LSEENDDatatypes.swift, LSEENDDiarizer.swift, LSEENDModelInference.swift, LSEENDPreprocessor.swift, AHCClustering.swift (in target 'FluidAudio' from project 'FluidAudio')

SwiftExplicitDependencyGeneratePcm arm64 /tmp/voxboard-notelet-verify-derived/ModuleCache.noindex/MachO-73OGM9YE8P2UQEX859XUAYYEM.pcm

SwiftExplicitDependencyGeneratePcm arm64 /tmp/voxboard-notelet-verify-derived/ModuleCache.noindex/Spatial-D2UZQZ1W0Q3QQ1J33WA3Y49EB.pcm

SwiftExplicitDependencyGeneratePcm x86_64 /tmp/voxboard-notelet-verify-derived/ModuleCache.noindex/simd-6Q60B72BG3EXANYRNHEG7638A.pcm

SwiftExplicitDependencyGeneratePcm arm64 /tmp/voxboard-notelet-verify-derived/ModuleCache.noindex/os_object-BOUMHB4OQ4L1U72CGW8NLEXTO.pcm

SwiftExplicitDependencyGeneratePcm x86_64 /tmp/voxboard-notelet-verify-derived/ModuleCache.noindex/ObjectiveC-EXV6BVIF5BQY9LYIC3QTEOZEI.pcm

SwiftExplicitDependencyGeneratePcm x86_64 /tmp/voxboard-notelet-verify-derived/ModuleCache.noindex/MachO-A474VWXB7LV4UJ1F0RI5V25TW.pcm

SwiftExplicitDependencyGeneratePcm arm64 /tmp/voxboard-notelet-verify-derived/ModuleCache.noindex/os_workgroup-32JHOWR3CM0DKI24XFXLS4ZOO.pcm

SwiftExplicitDependencyGeneratePcm x86_64 /tmp/voxboard-notelet-verify-derived/ModuleCache.noindex/os_object-3NY6WTACPA5OCCMZZ8AHO7RZW.pcm

SwiftCompile normal arm64 Compiling\ OnboardingAnalyticsFunnel.swift,\ OnboardingAnalyticsStorage.swift,\ OnboardingAnalyticsTransport.swift /Users/codybontecou/projects/Voxboard/Packages/VoxboardShared/Sources/VoxboardShared/Analytics/OnboardingAnalyticsFunnel.swift /Users/codybontecou/projects/Voxboard/Packages/VoxboardShared/Sources/VoxboardShared/Analytics/OnboardingAnalyticsStorage.swift /Users/codybontecou/projects/Voxboard/Packages/VoxboardShared/Sources/VoxboardShared/Analytics/OnboardingAnalyticsTransport.swift (in target 'VoxboardShared' from project 'VoxboardShared')

SwiftCompile normal arm64 /Users/codybontecou/projects/Voxboard/Packages/VoxboardShared/Sources/VoxboardShared/Analytics/OnboardingAnalyticsFunnel.swift (in target 'VoxboardShared' from project 'VoxboardShared')
    cd /Users/codybontecou/projects/Voxboard/Voxboard.xcodeproj


SwiftCompile normal arm64 /Users/codybontecou/projects/Voxboard/Packages/VoxboardShared/Sources/VoxboardShared/Analytics/OnboardingAnalyticsStorage.swift (in target 'VoxboardShared' from project 'VoxboardShared')
    cd /Users/codybontecou/projects/Voxboard/Voxboard.xcodeproj


SwiftCompile normal arm64 /Users/codybontecou/projects/Voxboard/Packages/VoxboardShared/Sources/VoxboardShared/Analytics/OnboardingAnalyticsTransport.swift (in target 'VoxboardShared' from project 'VoxboardShared')
    cd /Users/codybontecou/projects/Voxboard/Voxboard.xcodeproj


SwiftCompile normal arm64 Compiling\ TranscriptionIPC.swift,\ UsageTracker.swift,\ VoxboardLiveActivity.swift /Users/codybontecou/projects/Voxboard/Packages/VoxboardShared/Sources/VoxboardShared/TranscriptionIPC.swift /Users/codybontecou/projects/Voxboard/Packages/VoxboardShared/Sources/VoxboardShared/UsageTracker.swift /Users/codybontecou/projects/Voxboard/Packages/VoxboardShared/Sources/VoxboardShared/VoxboardLiveActivity.swift (in target 'VoxboardShared' from project 'VoxboardShared')
SwiftCompile normal arm64 /Users/codybontecou/projects/Voxboard/Packages/VoxboardShared/Sources/VoxboardShared/TranscriptionIPC.swift (in target 'VoxboardShared' from project 'VoxboardShared')
    cd /Users/codybontecou/projects/Voxboard/Voxboard.xcodeproj


SwiftCompile normal arm64 /Users/codybontecou/projects/Voxboard/Packages/VoxboardShared/Sources/VoxboardShared/UsageTracker.swift (in target 'VoxboardShared' from project 'VoxboardShared')
    cd /Users/codybontecou/projects/Voxboard/Voxboard.xcodeproj


SwiftCompile normal arm64 /Users/codybontecou/projects/Voxboard/Packages/VoxboardShared/Sources/VoxboardShared/VoxboardLiveActivity.swift (in target 'VoxboardShared' from project 'VoxboardShared')
    cd /Users/codybontecou/projects/Voxboard/Voxboard.xcodeproj


SwiftExplicitDependencyGeneratePcm arm64 /tmp/voxboard-notelet-verify-derived/ModuleCache.noindex/Dispatch-6KDXPS6YH94M4QR14GMTB6691.pcm

SwiftDriverJobDiscovery normal arm64 Compiling BKTree.swift, VocabularyRescorer+CandidateMatching.swift, ContextBiasingConstants.swift, CustomVocabularyContext.swift, VocabularyRescorer+TokenEvaluation.swift, VocabularyRescorer+TokenRescoring.swift, VocabularyRescorer+Utilities.swift, VocabularyRescorer.swift, BpeTokenizer.swift, CtcDPAlgorithm.swift, CtcKeywordSpotter+Inference.swift, CtcKeywordSpotter.swift, CtcModels.swift, CtcTokenizer.swift, SlidingWindowAsrManager.swift (in target 'FluidAudio' from project 'FluidAudio')

SwiftCompile normal arm64 Compiling\ Transcript.swift,\ TranscriptEnricher.swift,\ TranscriptExportKitAdapter.swift /Users/codybontecou/projects/Voxboard/Packages/VoxboardShared/Sources/VoxboardShared/Transcript.swift /Users/codybontecou/projects/Voxboard/Packages/VoxboardShared/Sources/VoxboardShared/TranscriptEnricher.swift /Users/codybontecou/projects/Voxboard/Packages/VoxboardShared/Sources/VoxboardShared/TranscriptExportKitAdapter.swift (in target 'VoxboardShared' from project 'VoxboardShared')
SwiftCompile normal arm64 /Users/codybontecou/projects/Voxboard/Packages/VoxboardShared/Sources/VoxboardShared/Transcript.swift (in target 'VoxboardShared' from project 'VoxboardShared')
    cd /Users/codybontecou/projects/Voxboard/Voxboard.xcodeproj


SwiftCompile normal arm64 /Users/codybontecou/projects/Voxboard/Packages/VoxboardShared/Sources/VoxboardShared/TranscriptEnricher.swift (in target 'VoxboardShared' from project 'VoxboardShared')
    cd /Users/codybontecou/projects/Voxboard/Voxboard.xcodeproj


SwiftCompile normal arm64 /Users/codybontecou/projects/Voxboard/Packages/VoxboardShared/Sources/VoxboardShared/TranscriptExportKitAdapter.swift (in target 'VoxboardShared' from project 'VoxboardShared')
    cd /Users/codybontecou/projects/Voxboard/Voxboard.xcodeproj


SwiftExplicitDependencyGeneratePcm x86_64 /tmp/voxboard-notelet-verify-derived/ModuleCache.noindex/os_workgroup-BMIY4FM4RVRPDJ23SOHGM83VA.pcm

SwiftExplicitDependencyGeneratePcm arm64 /tmp/voxboard-notelet-verify-derived/ModuleCache.noindex/CoreFoundation-EFPZUVAXU2OFUIJS3SN1XCCUG.pcm

SwiftExplicitDependencyGeneratePcm arm64 /tmp/voxboard-notelet-verify-derived/ModuleCache.noindex/dnssd-7CX2XMKAM5ZJMWF9JQTUV24NL.pcm

SwiftExplicitDependencyGeneratePcm x86_64 /tmp/voxboard-notelet-verify-derived/ModuleCache.noindex/Dispatch-81Z5MMLLINF629J0MMI4EWO0U.pcm

SwiftDriverJobDiscovery normal arm64 Compiling AppConstants.swift, AudioAttachmentExporter.swift, AudioFileConverter.swift (in target 'VoxboardShared' from project 'VoxboardShared')

SwiftExplicitDependencyGeneratePcm arm64 /tmp/voxboard-notelet-verify-derived/ModuleCache.noindex/XPC-75NS3QM9AARPWN4STA5X9TSSD.pcm

SwiftExplicitDependencyGeneratePcm arm64 /tmp/voxboard-notelet-verify-derived/ModuleCache.noindex/Security-1FAPYTGFLM5UWL88YQSU84YFA.pcm

SwiftExplicitDependencyGeneratePcm arm64 /tmp/voxboard-notelet-verify-derived/ModuleCache.noindex/CoreAudioTypes-7UMNNZRG123LGC5ST20W2ULWM.pcm

SwiftDriverJobDiscovery normal arm64 Compiling MultilingualG2PLanguage.swift, MultilingualG2PModel.swift, G2PModel.swift, KokoroVocabulary.swift, LexiconAssetManager.swift, TtsResourceDownloader.swift, KokoroTtsManager.swift, KokoroSynthesizer+Types.swift, KokoroChunker.swift, KokoroModelCache.swift, KokoroSynthesizer+LexiconCache.swift, PhonemeMapper.swift, TtsTextPreprocessor.swift, KokoroSynthesizer+Memory.swift, KokoroSynthesizer+ModelUtils.swift (in target 'FluidAudio' from project 'FluidAudio')

SwiftExplicitDependencyGeneratePcm arm64 /tmp/voxboard-notelet-verify-derived/ModuleCache.noindex/CoreGraphics-9I9OB1Q89SDK0JPHGGRBDASSR.pcm

SwiftExplicitDependencyGeneratePcm x86_64 /tmp/voxboard-notelet-verify-derived/ModuleCache.noindex/dnssd-3LL70R9QX37S62VT655IEATF8.pcm

SwiftExplicitDependencyGeneratePcm arm64 /tmp/voxboard-notelet-verify-derived/ModuleCache.noindex/os-1SNKDJXF5VCNDGLDN1KIW90CK.pcm

SwiftExplicitDependencyGeneratePcm x86_64 /tmp/voxboard-notelet-verify-derived/ModuleCache.noindex/XPC-9JZBCK8S2V08BIPKY78QIRIIW.pcm

SwiftExplicitDependencyGeneratePcm arm64 /tmp/voxboard-notelet-verify-derived/ModuleCache.noindex/Foundation-3APQVVD6SBVPLO4H43JLP8RRK.pcm

SwiftDriverJobDiscovery normal arm64 Emitting module for VoxboardShared (in target 'VoxboardShared' from project 'VoxboardShared')

SwiftDriver\ Compilation\ Requirements VoxboardShared normal arm64 com.apple.xcode.tools.swift.compiler (in target 'VoxboardShared' from project 'VoxboardShared')
    cd /Users/codybontecou/projects/Voxboard/Voxboard.xcodeproj
    builtin-Swift-Compilation-Requirements -- /Applications/Xcode.app/Contents/Developer/Toolchains/XcodeDefault.xctoolchain/usr/bin/swiftc -module-name VoxboardShared -Onone @/tmp/voxboard-notelet-verify-derived/Build/Intermediates.noindex/VoxboardShared.build/Debug-iphonesimulator/VoxboardShared.build/Objects-normal/arm64/VoxboardShared.SwiftFileList -DSWIFT_PACKAGE -DDEBUG -DSWIFT_MODULE_RESOURCE_BUNDLE_UNAVAILABLE -DXcode -plugin-path /Applications/Xcode.app/Contents/Developer/Toolchains/XcodeDefault.xctoolchain/usr/lib/swift/host/plugins/testing -enable-experimental-feature DebugDescriptionMacro -sdk /Applications/Xcode.app/Contents/Developer/Platforms/iPhoneSimulator.platform/Developer/SDKs/iPhoneSimulator26.5.sdk -target arm64-apple-ios17.0-simulator -g -module-cache-path /tmp/voxboard-notelet-verify-derived/ModuleCache.noindex -Xfrontend -serialize-debugging-options -enable-testing -suppress-warnings -index-store-path /tmp/voxboard-notelet-verify-derived/Index.noindex/DataStore -Xcc -D_LIBCPP_HARDENING_MODE\=_LIBCPP_HARDENING_MODE_DEBUG -swift-version 5 -I /tmp/voxboard-notelet-verify-derived/Build/Products/Debug-iphonesimulator -Isystem /Applications/Xcode.app/Contents/Developer/Platforms/iPhoneSimulator.platform/Developer/usr/lib -F /tmp/voxboard-notelet-verify-derived/Build/Products/Debug-iphonesimulator/PackageFrameworks -F /tmp/voxboard-notelet-verify-derived/Build/Products/Debug-iphonesimulator/PackageFrameworks -F /tmp/voxboard-notelet-verify-derived/Build/Products/Debug-iphonesimulator/PackageFrameworks -F /tmp/voxboard-notelet-verify-derived/Build/Products/Debug-iphonesimulator/PackageFrameworks -F /tmp/voxboard-notelet-verify-derived/Build/Products/Debug-iphonesimulator -F /Applications/Xcode.app/Contents/Developer/Platforms/iPhoneSimulator.platform/Developer/Library/Frameworks -F /Applications/Xcode.app/Contents/Developer/Platforms/iPhoneSimulator.platform/Developer/SDKs/iPhoneSimulator26.5.sdk/Developer/Library/Frameworks -c -j10 -enable-batch-mode -incremental -Xcc -ivfsstatcache -Xcc /tmp/voxboard-notelet-verify-derived/SDKStatCaches.noindex/iphonesimulator26.5-23F73-6cfe768891a92b912361537c460fe42b.sdkstatcache -output-file-map /tmp/voxboard-notelet-verify-derived/Build/Intermediates.noindex/VoxboardShared.build/Debug-iphonesimulator/VoxboardShared.build/Objects-normal/arm64/VoxboardShared-OutputFileMap.json -use-frontend-parseable-output -save-temps -no-color-diagnostics -explicit-module-build -module-cache-path /tmp/voxboard-notelet-verify-derived/Build/Intermediates.noindex/SwiftExplicitPrecompiledModules -clang-scanner-module-cache-path /tmp/voxboard-notelet-verify-derived/ModuleCache.noindex -sdk-module-cache-path /tmp/voxboard-notelet-verify-derived/ModuleCache.noindex -serialize-diagnostics -emit-dependencies -emit-module -emit-module-path /tmp/voxboard-notelet-verify-derived/Build/Intermediates.noindex/VoxboardShared.build/Debug-iphonesimulator/VoxboardShared.build/Objects-normal/arm64/VoxboardShared.swiftmodule -validate-clang-modules-once -clang-build-session-file /tmp/voxboard-notelet-verify-derived/ModuleCache.noindex/Session.modulevalidation -package-name voxboardshared -Xcc -I/tmp/voxboard-notelet-verify-derived/Build/Intermediates.noindex/VoxboardShared.build/Debug-iphonesimulator/VoxboardShared.build/swift-overrides.hmap -emit-const-values -Xfrontend -const-gather-protocols-file -Xfrontend /tmp/voxboard-notelet-verify-derived/Build/Intermediates.noindex/VoxboardShared.build/Debug-iphonesimulator/VoxboardShared.build/Objects-normal/arm64/VoxboardShared_const_extract_protocols.json -Xcc -I/tmp/voxboard-notelet-verify-derived/SourcePackages/checkouts/FluidAudio/Sources/MachTaskSelfWrapper/include -Xcc -I/tmp/voxboard-notelet-verify-derived/SourcePackages/checkouts/FluidAudio/Sources/FastClusterWrapper/include -Xcc -I/tmp/voxboard-notelet-verify-derived/Build/Products/Debug-iphonesimulator/include -Xcc -I/tmp/voxboard-notelet-verify-derived/Build/Intermediates.noindex/VoxboardShared.build/Debug-iphonesimulator/VoxboardShared.build/DerivedSources-normal/arm64 -Xcc -I/tmp/voxboard-notelet-verify-derived/Build/Intermediates.noindex/VoxboardShared.build/Debug-iphonesimulator/VoxboardShared.build/DerivedSources/arm64 -Xcc -I/tmp/voxboard-notelet-verify-derived/Build/Intermediates.noindex/VoxboardShared.build/Debug-iphonesimulator/VoxboardShared.build/DerivedSources -Xcc -DSWIFT_PACKAGE -Xcc -DDEBUG\=1 -emit-objc-header -emit-objc-header-path /tmp/voxboard-notelet-verify-derived/Build/Intermediates.noindex/VoxboardShared.build/Debug-iphonesimulator/VoxboardShared.build/Objects-normal/arm64/VoxboardShared-Swift.h -working-directory /Users/codybontecou/projects/Voxboard/Voxboard.xcodeproj -experimental-emit-module-separately -disable-cmo

SwiftExplicitDependencyGeneratePcm x86_64 /tmp/voxboard-notelet-verify-derived/ModuleCache.noindex/CoreFoundation-29YD2GYONY4O35DVX99K34CRI.pcm

SwiftMergeGeneratedHeaders /tmp/voxboard-notelet-verify-derived/Build/Intermediates.noindex/GeneratedModuleMaps-iphonesimulator/VoxboardShared-Swift.h /tmp/voxboard-notelet-verify-derived/Build/Intermediates.noindex/VoxboardShared.build/Debug-iphonesimulator/VoxboardShared.build/Objects-normal/arm64/VoxboardShared-Swift.h (in target 'VoxboardShared' from project 'VoxboardShared')
    cd /Users/codybontecou/projects/Voxboard/Packages/VoxboardShared
    builtin-swiftHeaderTool -arch arm64 /tmp/voxboard-notelet-verify-derived/Build/Intermediates.noindex/VoxboardShared.build/Debug-iphonesimulator/VoxboardShared.build/Objects-normal/arm64/VoxboardShared-Swift.h -o /tmp/voxboard-notelet-verify-derived/Build/Intermediates.noindex/GeneratedModuleMaps-iphonesimulator/VoxboardShared-Swift.h

SwiftDriverJobDiscovery normal arm64 Compiling CloudflareOnboardingAnalyticsTransport.swift, OnboardingAnalyticsClient.swift, OnboardingAnalyticsEvent.swift (in target 'VoxboardShared' from project 'VoxboardShared')

Copy /tmp/voxboard-notelet-verify-derived/Build/Products/Debug-iphonesimulator/VoxboardShared.swiftmodule/arm64-apple-ios-simulator.swiftmodule /tmp/voxboard-notelet-verify-derived/Build/Intermediates.noindex/VoxboardShared.build/Debug-iphonesimulator/VoxboardShared.build/Objects-normal/arm64/VoxboardShared.swiftmodule (in target 'VoxboardShared' from project 'VoxboardShared')
    cd /Users/codybontecou/projects/Voxboard/Packages/VoxboardShared
    builtin-copy -exclude .DS_Store -exclude CVS -exclude .svn -exclude .git -exclude .hg -resolve-src-symlinks -rename /tmp/voxboard-notelet-verify-derived/Build/Intermediates.noindex/VoxboardShared.build/Debug-iphonesimulator/VoxboardShared.build/Objects-normal/arm64/VoxboardShared.swiftmodule /tmp/voxboard-notelet-verify-derived/Build/Products/Debug-iphonesimulator/VoxboardShared.swiftmodule/arm64-apple-ios-simulator.swiftmodule

Copy /tmp/voxboard-notelet-verify-derived/Build/Products/Debug-iphonesimulator/VoxboardShared.swiftmodule/arm64-apple-ios-simulator.swiftdoc /tmp/voxboard-notelet-verify-derived/Build/Intermediates.noindex/VoxboardShared.build/Debug-iphonesimulator/VoxboardShared.build/Objects-normal/arm64/VoxboardShared.swiftdoc (in target 'VoxboardShared' from project 'VoxboardShared')
    cd /Users/codybontecou/projects/Voxboard/Packages/VoxboardShared
    builtin-copy -exclude .DS_Store -exclude CVS -exclude .svn -exclude .git -exclude .hg -resolve-src-symlinks -rename /tmp/voxboard-notelet-verify-derived/Build/Intermediates.noindex/VoxboardShared.build/Debug-iphonesimulator/VoxboardShared.build/Objects-normal/arm64/VoxboardShared.swiftdoc /tmp/voxboard-notelet-verify-derived/Build/Products/Debug-iphonesimulator/VoxboardShared.swiftmodule/arm64-apple-ios-simulator.swiftdoc

Copy /tmp/voxboard-notelet-verify-derived/Build/Products/Debug-iphonesimulator/VoxboardShared.swiftmodule/arm64-apple-ios-simulator.abi.json /tmp/voxboard-notelet-verify-derived/Build/Intermediates.noindex/VoxboardShared.build/Debug-iphonesimulator/VoxboardShared.build/Objects-normal/arm64/VoxboardShared.abi.json (in target 'VoxboardShared' from project 'VoxboardShared')
    cd /Users/codybontecou/projects/Voxboard/Packages/VoxboardShared
    builtin-copy -exclude .DS_Store -exclude CVS -exclude .svn -exclude .git -exclude .hg -resolve-src-symlinks -rename /tmp/voxboard-notelet-verify-derived/Build/Intermediates.noindex/VoxboardShared.build/Debug-iphonesimulator/VoxboardShared.build/Objects-normal/arm64/VoxboardShared.abi.json /tmp/voxboard-notelet-verify-derived/Build/Products/Debug-iphonesimulator/VoxboardShared.swiftmodule/arm64-apple-ios-simulator.abi.json

Copy /tmp/voxboard-notelet-verify-derived/Build/Products/Debug-iphonesimulator/VoxboardShared.swiftmodule/Project/arm64-apple-ios-simulator.swiftsourceinfo /tmp/voxboard-notelet-verify-derived/Build/Intermediates.noindex/VoxboardShared.build/Debug-iphonesimulator/VoxboardShared.build/Objects-normal/arm64/VoxboardShared.swiftsourceinfo (in target 'VoxboardShared' from project 'VoxboardShared')
    cd /Users/codybontecou/projects/Voxboard/Packages/VoxboardShared
    builtin-copy -exclude .DS_Store -exclude CVS -exclude .svn -exclude .git -exclude .hg -resolve-src-symlinks -rename /tmp/voxboard-notelet-verify-derived/Build/Intermediates.noindex/VoxboardShared.build/Debug-iphonesimulator/VoxboardShared.build/Objects-normal/arm64/VoxboardShared.swiftsourceinfo /tmp/voxboard-notelet-verify-derived/Build/Products/Debug-iphonesimulator/VoxboardShared.swiftmodule/Project/arm64-apple-ios-simulator.swiftsourceinfo

SwiftExplicitDependencyGeneratePcm arm64 /tmp/voxboard-notelet-verify-derived/ModuleCache.noindex/CoreAudio-EX7I44ZSVCXBY6WA75EIHRDAM.pcm

SwiftExplicitDependencyGeneratePcm x86_64 /tmp/voxboard-notelet-verify-derived/ModuleCache.noindex/Spatial-ETKADQGLE6A1QR3QZ0GNY2XNH.pcm

SwiftExplicitDependencyGeneratePcm arm64 /tmp/voxboard-notelet-verify-derived/ModuleCache.noindex/CoreVideo-2MGMT7RN4CUJP7RLF1K230ZMI.pcm

SwiftExplicitDependencyGeneratePcm arm64 /tmp/voxboard-notelet-verify-derived/ModuleCache.noindex/ImageIO-7SHVU8XZN0K7WM8EXK4CXQLMF.pcm

SwiftDriverJobDiscovery normal arm64 Compiling OnboardingAnalyticsFunnel.swift, OnboardingAnalyticsStorage.swift, OnboardingAnalyticsTransport.swift (in target 'VoxboardShared' from project 'VoxboardShared')

SwiftExplicitDependencyGeneratePcm arm64 /tmp/voxboard-notelet-verify-derived/ModuleCache.noindex/CoreText-AA99F1QGT030A6YQK89TVVGI.pcm

SwiftExplicitDependencyGeneratePcm x86_64 /tmp/voxboard-notelet-verify-derived/ModuleCache.noindex/os-D2OXMSJ6DWYLX78AEZBKZRZCK.pcm

SwiftCompile normal arm64 Compiling\ AudioRecorder.swift,\ CircularAudioBuffer.swift,\ KeyboardDebugLog.swift /Users/codybontecou/projects/Voxboard/Packages/VoxboardShared/Sources/VoxboardShared/AudioRecorder.swift /Users/codybontecou/projects/Voxboard/Packages/VoxboardShared/Sources/VoxboardShared/CircularAudioBuffer.swift /Users/codybontecou/projects/Voxboard/Packages/VoxboardShared/Sources/VoxboardShared/KeyboardDebugLog.swift (in target 'VoxboardShared' from project 'VoxboardShared')
SwiftCompile normal arm64 /Users/codybontecou/projects/Voxboard/Packages/VoxboardShared/Sources/VoxboardShared/AudioRecorder.swift (in target 'VoxboardShared' from project 'VoxboardShared')
    cd /Users/codybontecou/projects/Voxboard/Voxboard.xcodeproj


SwiftCompile normal arm64 /Users/codybontecou/projects/Voxboard/Packages/VoxboardShared/Sources/VoxboardShared/CircularAudioBuffer.swift (in target 'VoxboardShared' from project 'VoxboardShared')
    cd /Users/codybontecou/projects/Voxboard/Voxboard.xcodeproj


SwiftCompile normal arm64 /Users/codybontecou/projects/Voxboard/Packages/VoxboardShared/Sources/VoxboardShared/KeyboardDebugLog.swift (in target 'VoxboardShared' from project 'VoxboardShared')
    cd /Users/codybontecou/projects/Voxboard/Voxboard.xcodeproj


SwiftExplicitDependencyGeneratePcm arm64 /tmp/voxboard-notelet-verify-derived/ModuleCache.noindex/CoreMedia-BTW894OIOBF7JG5QFZQU4E0SF.pcm

SwiftDriverJobDiscovery normal arm64 Compiling RecordingFlow.swift, SmartFolder.swift, TemplateRenderer.swift (in target 'VoxboardShared' from project 'VoxboardShared')

SwiftCompile normal arm64 Compiling\ LiveActivityCommandBuilder.swift,\ ModelManager.swift,\ ParakeetContext.swift /Users/codybontecou/projects/Voxboard/Packages/VoxboardShared/Sources/VoxboardShared/LiveActivityCommandBuilder.swift /Users/codybontecou/projects/Voxboard/Packages/VoxboardShared/Sources/VoxboardShared/ModelManager.swift /Users/codybontecou/projects/Voxboard/Packages/VoxboardShared/Sources/VoxboardShared/ParakeetContext.swift (in target 'VoxboardShared' from project 'VoxboardShared')

SwiftCompile normal arm64 /Users/codybontecou/projects/Voxboard/Packages/VoxboardShared/Sources/VoxboardShared/LiveActivityCommandBuilder.swift (in target 'VoxboardShared' from project 'VoxboardShared')
    cd /Users/codybontecou/projects/Voxboard/Voxboard.xcodeproj


SwiftCompile normal arm64 /Users/codybontecou/projects/Voxboard/Packages/VoxboardShared/Sources/VoxboardShared/ModelManager.swift (in target 'VoxboardShared' from project 'VoxboardShared')
    cd /Users/codybontecou/projects/Voxboard/Voxboard.xcodeproj


SwiftCompile normal arm64 /Users/codybontecou/projects/Voxboard/Packages/VoxboardShared/Sources/VoxboardShared/ParakeetContext.swift (in target 'VoxboardShared' from project 'VoxboardShared')
    cd /Users/codybontecou/projects/Voxboard/Voxboard.xcodeproj


SwiftExplicitDependencyGeneratePcm x86_64 /tmp/voxboard-notelet-verify-derived/ModuleCache.noindex/CoreAudioTypes-72XR4NZP5QYNNYEZWYBF8CWKM.pcm

SwiftExplicitDependencyGeneratePcm x86_64 /tmp/voxboard-notelet-verify-derived/ModuleCache.noindex/Security-10A2QKLAP5165QQCVNUD3FW58.pcm

SwiftExplicitDependencyGeneratePcm x86_64 /tmp/voxboard-notelet-verify-derived/ModuleCache.noindex/CoreGraphics-2WDE4F02K8QQF3CNKGJN8KH1M.pcm

SwiftCompile normal arm64 Compiling\ WhisperContext.swift,\ WhisperModelInfo.swift /Users/codybontecou/projects/Voxboard/Packages/VoxboardShared/Sources/VoxboardShared/WhisperContext.swift /Users/codybontecou/projects/Voxboard/Packages/VoxboardShared/Sources/VoxboardShared/WhisperModelInfo.swift (in target 'VoxboardShared' from project 'VoxboardShared')

SwiftCompile normal arm64 /Users/codybontecou/projects/Voxboard/Packages/VoxboardShared/Sources/VoxboardShared/WhisperContext.swift (in target 'VoxboardShared' from project 'VoxboardShared')
    cd /Users/codybontecou/projects/Voxboard/Voxboard.xcodeproj


SwiftCompile normal arm64 /Users/codybontecou/projects/Voxboard/Packages/VoxboardShared/Sources/VoxboardShared/WhisperModelInfo.swift (in target 'VoxboardShared' from project 'VoxboardShared')
    cd /Users/codybontecou/projects/Voxboard/Voxboard.xcodeproj


SwiftCompile normal arm64 Compiling\ TranscriptFileExporter.swift,\ TranscriptFlowFormatter.swift,\ TranscriptStore.swift /Users/codybontecou/projects/Voxboard/Packages/VoxboardShared/Sources/VoxboardShared/TranscriptFileExporter.swift /Users/codybontecou/projects/Voxboard/Packages/VoxboardShared/Sources/VoxboardShared/TranscriptFlowFormatter.swift /Users/codybontecou/projects/Voxboard/Packages/VoxboardShared/Sources/VoxboardShared/TranscriptStore.swift (in target 'VoxboardShared' from project 'VoxboardShared')
SwiftCompile normal arm64 /Users/codybontecou/projects/Voxboard/Packages/VoxboardShared/Sources/VoxboardShared/TranscriptFileExporter.swift (in target 'VoxboardShared' from project 'VoxboardShared')
    cd /Users/codybontecou/projects/Voxboard/Voxboard.xcodeproj


SwiftCompile normal arm64 /Users/codybontecou/projects/Voxboard/Packages/VoxboardShared/Sources/VoxboardShared/TranscriptFlowFormatter.swift (in target 'VoxboardShared' from project 'VoxboardShared')
    cd /Users/codybontecou/projects/Voxboard/Voxboard.xcodeproj


SwiftCompile normal arm64 /Users/codybontecou/projects/Voxboard/Packages/VoxboardShared/Sources/VoxboardShared/TranscriptStore.swift (in target 'VoxboardShared' from project 'VoxboardShared')
    cd /Users/codybontecou/projects/Voxboard/Voxboard.xcodeproj


SwiftExplicitDependencyGeneratePcm x86_64 /tmp/voxboard-notelet-verify-derived/ModuleCache.noindex/CoreAudio-6O9ND1FQ6IQLUPP2C7GYOST9C.pcm

SwiftExplicitDependencyGeneratePcm x86_64 /tmp/voxboard-notelet-verify-derived/ModuleCache.noindex/Foundation-C3R7H0ZD26OSSZU10ACL9XQJS.pcm

SwiftDriverJobDiscovery normal arm64 Compiling TranscriptionIPC.swift, UsageTracker.swift, VoxboardLiveActivity.swift (in target 'VoxboardShared' from project 'VoxboardShared')

SwiftDriver\ Compilation FluidAudio normal arm64 com.apple.xcode.tools.swift.compiler (in target 'FluidAudio' from project 'FluidAudio')
    cd /Users/codybontecou/projects/Voxboard/Voxboard.xcodeproj
    builtin-Swift-Compilation -- /Applications/Xcode.app/Contents/Developer/Toolchains/XcodeDefault.xctoolchain/usr/bin/swiftc -module-name FluidAudio -Onone @/tmp/voxboard-notelet-verify-derived/Build/Intermediates.noindex/FluidAudio.build/Debug-iphonesimulator/FluidAudio.build/Objects-normal/arm64/FluidAudio.SwiftFileList -DSWIFT_PACKAGE -DDEBUG -DSWIFT_MODULE_RESOURCE_BUNDLE_UNAVAILABLE -DXcode -plugin-path /Applications/Xcode.app/Contents/Developer/Toolchains/XcodeDefault.xctoolchain/usr/lib/swift/host/plugins/testing -enable-experimental-feature DebugDescriptionMacro -sdk /Applications/Xcode.app/Contents/Developer/Platforms/iPhoneSimulator.platform/Developer/SDKs/iPhoneSimulator26.5.sdk -target arm64-apple-ios17.0-simulator -g -module-cache-path /tmp/voxboard-notelet-verify-derived/ModuleCache.noindex -Xfrontend -serialize-debugging-options -enable-testing -suppress-warnings -index-store-path /tmp/voxboard-notelet-verify-derived/Index.noindex/DataStore -Xcc -D_LIBCPP_HARDENING_MODE\=_LIBCPP_HARDENING_MODE_DEBUG -swift-version 6 -I /tmp/voxboard-notelet-verify-derived/Build/Products/Debug-iphonesimulator -Isystem /Applications/Xcode.app/Contents/Developer/Platforms/iPhoneSimulator.platform/Developer/usr/lib -F /tmp/voxboard-notelet-verify-derived/Build/Products/Debug-iphonesimulator/PackageFrameworks -F /tmp/voxboard-notelet-verify-derived/Build/Products/Debug-iphonesimulator/PackageFrameworks -F /tmp/voxboard-notelet-verify-derived/Build/Products/Debug-iphonesimulator -F /Applications/Xcode.app/Contents/Developer/Platforms/iPhoneSimulator.platform/Developer/Library/Frameworks -F /Applications/Xcode.app/Contents/Developer/Platforms/iPhoneSimulator.platform/Developer/SDKs/iPhoneSimulator26.5.sdk/Developer/Library/Frameworks -c -j10 -enable-batch-mode -incremental -Xcc -ivfsstatcache -Xcc /tmp/voxboard-notelet-verify-derived/SDKStatCaches.noindex/iphonesimulator26.5-23F73-6cfe768891a92b912361537c460fe42b.sdkstatcache -output-file-map /tmp/voxboard-notelet-verify-derived/Build/Intermediates.noindex/FluidAudio.build/Debug-iphonesimulator/FluidAudio.build/Objects-normal/arm64/FluidAudio-OutputFileMap.json -use-frontend-parseable-output -save-temps -no-color-diagnostics -explicit-module-build -module-cache-path /tmp/voxboard-notelet-verify-derived/Build/Intermediates.noindex/SwiftExplicitPrecompiledModules -clang-scanner-module-cache-path /tmp/voxboard-notelet-verify-derived/ModuleCache.noindex -sdk-module-cache-path /tmp/voxboard-notelet-verify-derived/ModuleCache.noindex -serialize-diagnostics -emit-dependencies -emit-module -emit-module-path /tmp/voxboard-notelet-verify-derived/Build/Intermediates.noindex/FluidAudio.build/Debug-iphonesimulator/FluidAudio.build/Objects-normal/arm64/FluidAudio.swiftmodule -user-module-version 0.13.4 -validate-clang-modules-once -clang-build-session-file /tmp/voxboard-notelet-verify-derived/ModuleCache.noindex/Session.modulevalidation -package-name fluidaudio -Xcc -I/tmp/voxboard-notelet-verify-derived/Build/Intermediates.noindex/FluidAudio.build/Debug-iphonesimulator/FluidAudio.build/swift-overrides.hmap -emit-const-values -Xfrontend -const-gather-protocols-file -Xfrontend /tmp/voxboard-notelet-verify-derived/Build/Intermediates.noindex/FluidAudio.build/Debug-iphonesimulator/FluidAudio.build/Objects-normal/arm64/FluidAudio_const_extract_protocols.json -Xcc -I/tmp/voxboard-notelet-verify-derived/SourcePackages/checkouts/FluidAudio/Sources/MachTaskSelfWrapper/include -Xcc -I/tmp/voxboard-notelet-verify-derived/SourcePackages/checkouts/FluidAudio/Sources/FastClusterWrapper/include -Xcc -I/tmp/voxboard-notelet-verify-derived/Build/Products/Debug-iphonesimulator/include -Xcc -I/tmp/voxboard-notelet-verify-derived/Build/Intermediates.noindex/FluidAudio.build/Debug-iphonesimulator/FluidAudio.build/DerivedSources-normal/arm64 -Xcc -I/tmp/voxboard-notelet-verify-derived/Build/Intermediates.noindex/FluidAudio.build/Debug-iphonesimulator/FluidAudio.build/DerivedSources/arm64 -Xcc -I/tmp/voxboard-notelet-verify-derived/Build/Intermediates.noindex/FluidAudio.build/Debug-iphonesimulator/FluidAudio.build/DerivedSources -Xcc -DSWIFT_PACKAGE -Xcc -DDEBUG\=1 -emit-objc-header -emit-objc-header-path /tmp/voxboard-notelet-verify-derived/Build/Intermediates.noindex/FluidAudio.build/Debug-iphonesimulator/FluidAudio.build/Objects-normal/arm64/FluidAudio-Swift.h -working-directory /Users/codybontecou/projects/Voxboard/Voxboard.xcodeproj -experimental-emit-module-separately -disable-cmo

SwiftDriverJobDiscovery normal arm64 Compiling Transcript.swift, TranscriptEnricher.swift, TranscriptExportKitAdapter.swift (in target 'VoxboardShared' from project 'VoxboardShared')

SwiftExplicitDependencyGeneratePcm x86_64 /tmp/voxboard-notelet-verify-derived/ModuleCache.noindex/CoreVideo-8UKNOQEWBE7QLDRL1BADLBIC8.pcm

SwiftExplicitDependencyGeneratePcm x86_64 /tmp/voxboard-notelet-verify-derived/ModuleCache.noindex/CoreText-28PDVOQ6A0T1JT40LXQVHOXEW.pcm

SwiftExplicitDependencyGeneratePcm x86_64 /tmp/voxboard-notelet-verify-derived/ModuleCache.noindex/ImageIO-DZHG0EUXN2S0HFUX97PQ5550G.pcm

Ld /tmp/voxboard-notelet-verify-derived/Build/Products/Debug-iphonesimulator/FluidAudio.o normal (in target 'FluidAudio' from project 'FluidAudio')
    cd /tmp/voxboard-notelet-verify-derived/SourcePackages/checkouts/FluidAudio
    /Applications/Xcode.app/Contents/Developer/Toolchains/XcodeDefault.xctoolchain/usr/bin/clang -Xlinker -reproducible -target arm64-apple-ios17.0-simulator -r -isysroot /Applications/Xcode.app/Contents/Developer/Platforms/iPhoneSimulator.platform/Developer/SDKs/iPhoneSimulator26.5.sdk -O0 -w -F/tmp/voxboard-notelet-verify-derived/Build/Intermediates.noindex/EagerLinkingTBDs/Debug-iphonesimulator -F/tmp/voxboard-notelet-verify-derived/Build/Products/Debug-iphonesimulator/PackageFrameworks -F/tmp/voxboard-notelet-verify-derived/Build/Products/Debug-iphonesimulator/PackageFrameworks -F/tmp/voxboard-notelet-verify-derived/Build/Products/Debug-iphonesimulator -iframework /Applications/Xcode.app/Contents/Developer/Platforms/iPhoneSimulator.platform/Developer/Library/Frameworks -iframework /Applications/Xcode.app/Contents/Developer/Platforms/iPhoneSimulator.platform/Developer/SDKs/iPhoneSimulator26.5.sdk/Developer/Library/Frameworks -filelist /tmp/voxboard-notelet-verify-derived/Build/Intermediates.noindex/FluidAudio.build/Debug-iphonesimulator/FluidAudio.build/Objects-normal/arm64/FluidAudio.LinkFileList -nostdlib -Xlinker -object_path_lto -Xlinker /tmp/voxboard-notelet-verify-derived/Build/Intermediates.noindex/FluidAudio.build/Debug-iphonesimulator/FluidAudio.build/Objects-normal/arm64/FluidAudio_lto.o -Xlinker -no_deduplicate -Xlinker -objc_abi_version -Xlinker 2 -Xlinker -dependency_info -Xlinker /tmp/voxboard-notelet-verify-derived/Build/Intermediates.noindex/FluidAudio.build/Debug-iphonesimulator/FluidAudio.build/Objects-normal/arm64/FluidAudio_dependency_info.dat -fobjc-link-runtime -L/Applications/Xcode.app/Contents/Developer/Toolchains/XcodeDefault.xctoolchain/usr/lib/swift/iphonesimulator -L/usr/lib/swift -Xlinker -add_ast_path -Xlinker /tmp/voxboard-notelet-verify-derived/Build/Intermediates.noindex/FluidAudio.build/Debug-iphonesimulator/FluidAudio.build/Objects-normal/arm64/FluidAudio.swiftmodule @/tmp/voxboard-notelet-verify-derived/Build/Intermediates.noindex/FluidAudio.build/Debug-iphonesimulator/FluidAudio.build/Objects-normal/arm64/FluidAudio-linker-args.resp -o /tmp/voxboard-notelet-verify-derived/Build/Products/Debug-iphonesimulator/FluidAudio.o

SwiftExplicitDependencyGeneratePcm arm64 /tmp/voxboard-notelet-verify-derived/ModuleCache.noindex/DataDetection-BKKUS55Q2AKIRICTBGVWNHO0K.pcm

SwiftExplicitDependencyGeneratePcm arm64 /tmp/voxboard-notelet-verify-derived/ModuleCache.noindex/RelevanceKit-6AV46YKU20YL4WZQJRVTO6Z59.pcm

SwiftExplicitDependencyGeneratePcm arm64 /tmp/voxboard-notelet-verify-derived/ModuleCache.noindex/Symbols-BHOVRV3PSUQ5Z7MO8DRY3E98K.pcm

SwiftExplicitDependencyGeneratePcm arm64 /tmp/voxboard-notelet-verify-derived/ModuleCache.noindex/AppIntents-7PTLIM27KVARSKCXJY5I379ND.pcm

SwiftExplicitDependencyGeneratePcm arm64 /tmp/voxboard-notelet-verify-derived/ModuleCache.noindex/WatchConnectivity-N1FG9TKGX39I2CKJG1HGF574.pcm

SwiftExplicitDependencyGeneratePcm arm64 /tmp/voxboard-notelet-verify-derived/ModuleCache.noindex/SceneKit-7LIF91KWLJR85MZAUK1KCVVOG.pcm

SwiftExplicitDependencyGeneratePcm arm64 /tmp/voxboard-notelet-verify-derived/ModuleCache.noindex/UserNotifications-BY5OL1RWO3KP3H90XJ1RO05QM.pcm

SwiftExplicitDependencyGeneratePcm arm64 /tmp/voxboard-notelet-verify-derived/ModuleCache.noindex/Accessibility-CZXHDHVPBOLHZAYAY714HTXM7.pcm

SwiftExplicitDependencyGeneratePcm arm64 /tmp/voxboard-notelet-verify-derived/ModuleCache.noindex/UniformTypeIdentifiers-DQAJD8N3B5YQ32W2H4FBA8CJ.pcm

SwiftExplicitDependencyGeneratePcm arm64 /tmp/voxboard-notelet-verify-derived/ModuleCache.noindex/Network-EGOV8F02FQK64G8YEJJ0PTPED.pcm

SwiftExplicitDependencyGeneratePcm arm64 /tmp/voxboard-notelet-verify-derived/ModuleCache.noindex/CoreMIDI-6TY55F9T6X46ZGMWNTDS8NLD6.pcm

SwiftExplicitDependencyGeneratePcm arm64 /tmp/voxboard-notelet-verify-derived/ModuleCache.noindex/CoreData-3FXL3XG0UCSOOTEO5P8398TPJ.pcm

SwiftExplicitDependencyGeneratePcm arm64 /tmp/voxboard-notelet-verify-derived/ModuleCache.noindex/CoreTransferable-721X9JUUL0AYWDZW19HFU01JV.pcm

SwiftExplicitDependencyGeneratePcm arm64 /tmp/voxboard-notelet-verify-derived/ModuleCache.noindex/_LocationEssentials-95P4IY1DSAB22OJNSSMALABY8.pcm

SwiftExplicitDependencyGeneratePcm x86_64 /tmp/voxboard-notelet-verify-derived/ModuleCache.noindex/WidgetKit-2U04IT6TJP5OMNTFT28IJ2O3R.pcm

SwiftExplicitDependencyGeneratePcm x86_64 /tmp/voxboard-notelet-verify-derived/ModuleCache.noindex/DataDetection-67YC4DW7WM4GROCJ8H1LTJ0QW.pcm

SwiftExplicitDependencyGeneratePcm x86_64 /tmp/voxboard-notelet-verify-derived/ModuleCache.noindex/WatchConnectivity-4WL854YOJCL0GWBGY4EZX2OMJ.pcm

SwiftExplicitDependencyGeneratePcm x86_64 /tmp/voxboard-notelet-verify-derived/ModuleCache.noindex/Network-1XMQ116T2WSF9NVAMLBSL9WCO.pcm

SwiftExplicitDependencyGeneratePcm arm64 /tmp/voxboard-notelet-verify-derived/ModuleCache.noindex/CoreLocation-B20DLFBSJWIE79OQY745ACDZ8.pcm

SwiftExplicitDependencyGeneratePcm arm64 /tmp/voxboard-notelet-verify-derived/ModuleCache.noindex/AVFAudio-4TJOP0MMUQMN738SJC0TFAU3W.pcm

SwiftExplicitDependencyGeneratePcm x86_64 /tmp/voxboard-notelet-verify-derived/ModuleCache.noindex/UniformTypeIdentifiers-5A2HJXHV3N9H3UN67HKUE79XH.pcm

SwiftExplicitDependencyGeneratePcm x86_64 /tmp/voxboard-notelet-verify-derived/ModuleCache.noindex/QuartzCore-DY5VK2Z49O3QP61UCP87SDIJQ.pcm

SwiftExplicitDependencyGeneratePcm x86_64 /tmp/voxboard-notelet-verify-derived/ModuleCache.noindex/AppIntents-AH3OUEPHRU5E914D1U2XTXKXZ.pcm

SwiftExplicitDependencyGeneratePcm x86_64 /tmp/voxboard-notelet-verify-derived/ModuleCache.noindex/Accessibility-9G2MF7VPYKQPCYRP6FOKZPEAO.pcm

SwiftExplicitDependencyGeneratePcm arm64 /tmp/voxboard-notelet-verify-derived/ModuleCache.noindex/Intents-35IGG8PLXC8XAHFJZH8BFJCK7.pcm

SwiftExplicitDependencyGeneratePcm x86_64 /tmp/voxboard-notelet-verify-derived/ModuleCache.noindex/Symbols-C6X1XGG7J8UBSHJRE9F98EEMJ.pcm

SwiftExplicitDependencyGeneratePcm x86_64 /tmp/voxboard-notelet-verify-derived/ModuleCache.noindex/UIUtilities-AGQHXJT9UF233BZQZRETIG0YI.pcm

SwiftExplicitDependencyGeneratePcm x86_64 /tmp/voxboard-notelet-verify-derived/ModuleCache.noindex/CoreTransferable-8MIVAL07YT6PKFE99EMOHM5R2.pcm

SwiftExplicitDependencyGeneratePcm x86_64 /tmp/voxboard-notelet-verify-derived/ModuleCache.noindex/CoreData-1JDVEZABF4FTDE4IPZCWP2QWF.pcm

SwiftExplicitDependencyGeneratePcm x86_64 /tmp/voxboard-notelet-verify-derived/ModuleCache.noindex/SwiftUICore-5JXV97NJ6CD4Q71HBOXVG7YQM.pcm

SwiftExplicitDependencyGeneratePcm x86_64 /tmp/voxboard-notelet-verify-derived/ModuleCache.noindex/RelevanceKit-B582WOTT9L95XPIHVNT78RQV.pcm

SwiftExplicitDependencyGeneratePcm x86_64 /tmp/voxboard-notelet-verify-derived/ModuleCache.noindex/OSLog-1MT3YG4757S3MH265JMM2UTGK.pcm

SwiftDriverJobDiscovery normal arm64 Compiling LiveActivityCommandBuilder.swift, ModelManager.swift, ParakeetContext.swift (in target 'VoxboardShared' from project 'VoxboardShared')

SwiftExplicitDependencyGeneratePcm x86_64 /tmp/voxboard-notelet-verify-derived/ModuleCache.noindex/UserNotifications-2CJT624VIMJ9B1084IE8I5J6J.pcm

SwiftExplicitDependencyGeneratePcm x86_64 /tmp/voxboard-notelet-verify-derived/ModuleCache.noindex/CoreMIDI-1TNKW1L3BKDTUNAZYWGMYVY54.pcm

SwiftExplicitDependencyGeneratePcm x86_64 /tmp/voxboard-notelet-verify-derived/ModuleCache.noindex/CoreMedia-5GKMZ7YNTV9GJDDJJ5HEWPKX8.pcm

SwiftExplicitDependencyGeneratePcm x86_64 /tmp/voxboard-notelet-verify-derived/ModuleCache.noindex/_LocationEssentials-EOPZVG6PXRLWJNBC6NK58LWHO.pcm

SwiftExplicitDependencyGeneratePcm arm64 /tmp/voxboard-notelet-verify-derived/ModuleCache.noindex/QuartzCore-BYXWXWVMVDFTWAVFGPOG87FBJ.pcm

SwiftExplicitDependencyGeneratePcm x86_64 /tmp/voxboard-notelet-verify-derived/ModuleCache.noindex/SceneKit-ER9HJUADBHCC6LECGUFKGURIJ.pcm

SwiftExplicitDependencyGeneratePcm x86_64 /tmp/voxboard-notelet-verify-derived/ModuleCache.noindex/UIKit-77BMZR1TRZ8L0JRZNUB890UND.pcm

SwiftExplicitDependencyGeneratePcm arm64 /tmp/voxboard-notelet-verify-derived/ModuleCache.noindex/WidgetKit-4KS4IQZE992M7SVMWFTO6FI4X.pcm

SwiftDriverJobDiscovery normal arm64 Compiling WhisperContext.swift, WhisperModelInfo.swift (in target 'VoxboardShared' from project 'VoxboardShared')

SwiftExplicitDependencyGeneratePcm arm64 /tmp/voxboard-notelet-verify-derived/ModuleCache.noindex/UIUtilities-521B5SXR4JQ85KMJYK6U9DKCP.pcm

SwiftExplicitDependencyGeneratePcm x86_64 /tmp/voxboard-notelet-verify-derived/ModuleCache.noindex/CoreLocation-1TNIO0BYEX8KSBDDX9TRTM3A3.pcm

SwiftExplicitDependencyGeneratePcm arm64 /tmp/voxboard-notelet-verify-derived/ModuleCache.noindex/OSLog-59IQ4H05BUW0VJ1RQ20FIVYMQ.pcm

ExtractAppIntentsMetadata (in target 'FluidAudio' from project 'FluidAudio')
    cd /tmp/voxboard-notelet-verify-derived/SourcePackages/checkouts/FluidAudio
    /Applications/Xcode.app/Contents/Developer/Toolchains/XcodeDefault.xctoolchain/usr/bin/appintentsmetadataprocessor --toolchain-dir /Applications/Xcode.app/Contents/Developer/Toolchains/XcodeDefault.xctoolchain --module-name FluidAudio --sdk-root /Applications/Xcode.app/Contents/Developer/Platforms/iPhoneSimulator.platform/Developer/SDKs/iPhoneSimulator26.5.sdk --xcode-version 17F42 --platform-family iOS --deployment-target 17.0 --bundle-identifier fluidaudio.FluidAudio --output /tmp/voxboard-notelet-verify-derived/Build/Products/Debug-iphonesimulator/FluidAudio.appintents --target-triple arm64-apple-ios17.0-simulator --binary-file /tmp/voxboard-notelet-verify-derived/Build/Products/Debug-iphonesimulator/FluidAudio.o --dependency-file /tmp/voxboard-notelet-verify-derived/Build/Intermediates.noindex/FluidAudio.build/Debug-iphonesimulator/FluidAudio.build/Objects-normal/arm64/FluidAudio_dependency_info.dat --stringsdata-file /tmp/voxboard-notelet-verify-derived/Build/Intermediates.noindex/FluidAudio.build/Debug-iphonesimulator/FluidAudio.build/Objects-normal/arm64/ExtractedAppShortcutsMetadata.stringsdata --source-file-list /tmp/voxboard-notelet-verify-derived/Build/Intermediates.noindex/FluidAudio.build/Debug-iphonesimulator/FluidAudio.build/Objects-normal/arm64/FluidAudio.SwiftFileList --metadata-file-list /tmp/voxboard-notelet-verify-derived/Build/Intermediates.noindex/FluidAudio.build/Debug-iphonesimulator/FluidAudio.build/FluidAudio.DependencyMetadataFileList --static-metadata-file-list /tmp/voxboard-notelet-verify-derived/Build/Intermediates.noindex/FluidAudio.build/Debug-iphonesimulator/FluidAudio.build/FluidAudio.DependencyStaticMetadataFileList --swift-const-vals-list /tmp/voxboard-notelet-verify-derived/Build/Intermediates.noindex/FluidAudio.build/Debug-iphonesimulator/FluidAudio.build/Objects-normal/arm64/FluidAudio.SwiftConstValuesFileList --force --compile-time-extraction --deployment-aware-processing --validate-assistant-intents --no-app-shortcuts-localization
2026-06-20 11:44:05.135 appintentsmetadataprocessor[96144:3727773] Starting appintentsmetadataprocessor export
2026-06-20 11:44:05.154 appintentsmetadataprocessor[96144:3727773] Extracted no relevant App Intents symbols, skipping writing output

SwiftExplicitDependencyGeneratePcm x86_64 /tmp/voxboard-notelet-verify-derived/ModuleCache.noindex/AVFAudio-123BMGQ6ASHJ2WMR0EAINKVHS.pcm

ProcessProductPackaging /Users/codybontecou/projects/Voxboard/Voxboard\ WidgetExtension.entitlements /tmp/voxboard-notelet-verify-derived/Build/Intermediates.noindex/Voxboard.build/Debug-iphonesimulator/Voxboard\ WidgetExtension.build/Voxboard\ WidgetExtension.appex.xcent (in target 'Voxboard WidgetExtension' from project 'Voxboard')
    cd /Users/codybontecou/projects/Voxboard

    Entitlements:

    {
}

    builtin-productPackagingUtility /Users/codybontecou/projects/Voxboard/Voxboard\ WidgetExtension.entitlements -entitlements -format xml -o /tmp/voxboard-notelet-verify-derived/Build/Intermediates.noindex/Voxboard.build/Debug-iphonesimulator/Voxboard\ WidgetExtension.build/Voxboard\ WidgetExtension.appex.xcent

ProcessProductPackaging /Users/codybontecou/projects/Voxboard/Voxboard\ WidgetExtension.entitlements /tmp/voxboard-notelet-verify-derived/Build/Intermediates.noindex/Voxboard.build/Debug-iphonesimulator/Voxboard\ WidgetExtension.build/Voxboard\ WidgetExtension.appex-Simulated.xcent (in target 'Voxboard WidgetExtension' from project 'Voxboard')
    cd /Users/codybontecou/projects/Voxboard

    Entitlements:

    {
    "application-identifier" = "67KC823C9A.bontecou.Voxboard.Voxboard-Widget";
    "com.apple.security.application-groups" =     (
        "group.bontecou.VoxVault"
    );
}

    builtin-productPackagingUtility /Users/codybontecou/projects/Voxboard/Voxboard\ WidgetExtension.entitlements -entitlements -format xml -o /tmp/voxboard-notelet-verify-derived/Build/Intermediates.noindex/Voxboard.build/Debug-iphonesimulator/Voxboard\ WidgetExtension.build/Voxboard\ WidgetExtension.appex-Simulated.xcent

ProcessProductPackagingDER /tmp/voxboard-notelet-verify-derived/Build/Intermediates.noindex/Voxboard.build/Debug-iphonesimulator/Voxboard\ WidgetExtension.build/Voxboard\ WidgetExtension.appex.xcent /tmp/voxboard-notelet-verify-derived/Build/Intermediates.noindex/Voxboard.build/Debug-iphonesimulator/Voxboard\ WidgetExtension.build/Voxboard\ WidgetExtension.appex.xcent.der (in target 'Voxboard WidgetExtension' from project 'Voxboard')
    cd /Users/codybontecou/projects/Voxboard
    /usr/bin/derq query -f xml -i /tmp/voxboard-notelet-verify-derived/Build/Intermediates.noindex/Voxboard.build/Debug-iphonesimulator/Voxboard\ WidgetExtension.build/Voxboard\ WidgetExtension.appex.xcent -o /tmp/voxboard-notelet-verify-derived/Build/Intermediates.noindex/Voxboard.build/Debug-iphonesimulator/Voxboard\ WidgetExtension.build/Voxboard\ WidgetExtension.appex.xcent.der --raw

ProcessProductPackagingDER /tmp/voxboard-notelet-verify-derived/Build/Intermediates.noindex/Voxboard.build/Debug-iphonesimulator/Voxboard\ WidgetExtension.build/Voxboard\ WidgetExtension.appex-Simulated.xcent /tmp/voxboard-notelet-verify-derived/Build/Intermediates.noindex/Voxboard.build/Debug-iphonesimulator/Voxboard\ WidgetExtension.build/Voxboard\ WidgetExtension.appex-Simulated.xcent.der (in target 'Voxboard WidgetExtension' from project 'Voxboard')
    cd /Users/codybontecou/projects/Voxboard
    /usr/bin/derq query -f xml -i /tmp/voxboard-notelet-verify-derived/Build/Intermediates.noindex/Voxboard.build/Debug-iphonesimulator/Voxboard\ WidgetExtension.build/Voxboard\ WidgetExtension.appex-Simulated.xcent -o /tmp/voxboard-notelet-verify-derived/Build/Intermediates.noindex/Voxboard.build/Debug-iphonesimulator/Voxboard\ WidgetExtension.build/Voxboard\ WidgetExtension.appex-Simulated.xcent.der --raw

SwiftExplicitDependencyGeneratePcm arm64 /tmp/voxboard-notelet-verify-derived/ModuleCache.noindex/UIKit-15XDMQI5QUW9TIQFK0N8Z1O5Q.pcm

SwiftExplicitDependencyGeneratePcm arm64 /tmp/voxboard-notelet-verify-derived/ModuleCache.noindex/SwiftUICore-6PZLGWIFPWSNEJM7GRMTI57YA.pcm

SwiftExplicitDependencyGeneratePcm arm64 /tmp/voxboard-notelet-verify-derived/ModuleCache.noindex/AVFoundation-YNF1SJUMPG54R16DUHFPRZPG.pcm

ProcessProductPackaging /Users/codybontecou/projects/Voxboard/Voxboard\ Keyboard/VoxboardKeyboard.entitlements /tmp/voxboard-notelet-verify-derived/Build/Intermediates.noindex/Voxboard.build/Debug-iphonesimulator/Voxboard\ Keyboard.build/Voxboard\ Keyboard.appex.xcent (in target 'Voxboard Keyboard' from project 'Voxboard')
    cd /Users/codybontecou/projects/Voxboard

    Entitlements:

    {
}

    builtin-productPackagingUtility /Users/codybontecou/projects/Voxboard/Voxboard\ Keyboard/VoxboardKeyboard.entitlements -entitlements -format xml -o /tmp/voxboard-notelet-verify-derived/Build/Intermediates.noindex/Voxboard.build/Debug-iphonesimulator/Voxboard\ Keyboard.build/Voxboard\ Keyboard.appex.xcent

ProcessProductPackaging /Users/codybontecou/projects/Voxboard/Voxboard\ Keyboard/VoxboardKeyboard.entitlements /tmp/voxboard-notelet-verify-derived/Build/Intermediates.noindex/Voxboard.build/Debug-iphonesimulator/Voxboard\ Keyboard.build/Voxboard\ Keyboard.appex-Simulated.xcent (in target 'Voxboard Keyboard' from project 'Voxboard')
    cd /Users/codybontecou/projects/Voxboard

    Entitlements:

    {
    "application-identifier" = "67KC823C9A.bontecou.Voxboard.Voxboard-Keyboard";
    "com.apple.security.application-groups" =     (
        "group.bontecou.Voxboard"
    );
}

    builtin-productPackagingUtility /Users/codybontecou/projects/Voxboard/Voxboard\ Keyboard/VoxboardKeyboard.entitlements -entitlements -format xml -o /tmp/voxboard-notelet-verify-derived/Build/Intermediates.noindex/Voxboard.build/Debug-iphonesimulator/Voxboard\ Keyboard.build/Voxboard\ Keyboard.appex-Simulated.xcent

ProcessProductPackagingDER /tmp/voxboard-notelet-verify-derived/Build/Intermediates.noindex/Voxboard.build/Debug-iphonesimulator/Voxboard\ Keyboard.build/Voxboard\ Keyboard.appex.xcent /tmp/voxboard-notelet-verify-derived/Build/Intermediates.noindex/Voxboard.build/Debug-iphonesimulator/Voxboard\ Keyboard.build/Voxboard\ Keyboard.appex.xcent.der (in target 'Voxboard Keyboard' from project 'Voxboard')
    cd /Users/codybontecou/projects/Voxboard
    /usr/bin/derq query -f xml -i /tmp/voxboard-notelet-verify-derived/Build/Intermediates.noindex/Voxboard.build/Debug-iphonesimulator/Voxboard\ Keyboard.build/Voxboard\ Keyboard.appex.xcent -o /tmp/voxboard-notelet-verify-derived/Build/Intermediates.noindex/Voxboard.build/Debug-iphonesimulator/Voxboard\ Keyboard.build/Voxboard\ Keyboard.appex.xcent.der --raw

ProcessProductPackagingDER /tmp/voxboard-notelet-verify-derived/Build/Intermediates.noindex/Voxboard.build/Debug-iphonesimulator/Voxboard\ Keyboard.build/Voxboard\ Keyboard.appex-Simulated.xcent /tmp/voxboard-notelet-verify-derived/Build/Intermediates.noindex/Voxboard.build/Debug-iphonesimulator/Voxboard\ Keyboard.build/Voxboard\ Keyboard.appex-Simulated.xcent.der (in target 'Voxboard Keyboard' from project 'Voxboard')
    cd /Users/codybontecou/projects/Voxboard
    /usr/bin/derq query -f xml -i /tmp/voxboard-notelet-verify-derived/Build/Intermediates.noindex/Voxboard.build/Debug-iphonesimulator/Voxboard\ Keyboard.build/Voxboard\ Keyboard.appex-Simulated.xcent -o /tmp/voxboard-notelet-verify-derived/Build/Intermediates.noindex/Voxboard.build/Debug-iphonesimulator/Voxboard\ Keyboard.build/Voxboard\ Keyboard.appex-Simulated.xcent.der --raw

SwiftExplicitDependencyGeneratePcm x86_64 /tmp/voxboard-notelet-verify-derived/ModuleCache.noindex/Intents-CJA80JTEBM1DPRK4ESOHARQ19.pcm

MkDir /tmp/voxboard-notelet-verify-derived/Build/Intermediates.noindex/Voxboard.build/Debug-iphonesimulator/Voxboard\ WidgetExtension.build/assetcatalog_output/thinned (in target 'Voxboard WidgetExtension' from project 'Voxboard')
    cd /Users/codybontecou/projects/Voxboard
    /bin/mkdir -p /tmp/voxboard-notelet-verify-derived/Build/Intermediates.noindex/Voxboard.build/Debug-iphonesimulator/Voxboard\ WidgetExtension.build/assetcatalog_output/thinned

MkDir /tmp/voxboard-notelet-verify-derived/Build/Intermediates.noindex/Voxboard.build/Debug-iphonesimulator/Voxboard\ WidgetExtension.build/assetcatalog_output/unthinned (in target 'Voxboard WidgetExtension' from project 'Voxboard')
    cd /Users/codybontecou/projects/Voxboard
    /bin/mkdir -p /tmp/voxboard-notelet-verify-derived/Build/Intermediates.noindex/Voxboard.build/Debug-iphonesimulator/Voxboard\ WidgetExtension.build/assetcatalog_output/unthinned

GenerateAssetSymbols /Users/codybontecou/projects/Voxboard/Voxboard\ Widget/Assets.xcassets (in target 'Voxboard WidgetExtension' from project 'Voxboard')
    cd /Users/codybontecou/projects/Voxboard
    /Applications/Xcode.app/Contents/Developer/usr/bin/actool /Users/codybontecou/projects/Voxboard/Voxboard\ Widget/Assets.xcassets --compile /tmp/voxboard-notelet-verify-derived/Build/Products/Debug-iphonesimulator/Voxboard\ WidgetExtension.appex --output-format human-readable-text --notices --warnings --export-dependency-info /tmp/voxboard-notelet-verify-derived/Build/Intermediates.noindex/Voxboard.build/Debug-iphonesimulator/Voxboard\ WidgetExtension.build/assetcatalog_dependencies --output-partial-info-plist /tmp/voxboard-notelet-verify-derived/Build/Intermediates.noindex/Voxboard.build/Debug-iphonesimulator/Voxboard\ WidgetExtension.build/assetcatalog_generated_info.plist --accent-color AccentColor --widget-background-color WidgetBackground --compress-pngs --enable-on-demand-resources NO --standalone-icon-behavior all --development-region en --target-device iphone --target-device ipad --minimum-deployment-target 26.2 --platform iphonesimulator --bundle-identifier bontecou.Voxboard.Voxboard-Widget --generate-swift-asset-symbols /tmp/voxboard-notelet-verify-derived/Build/Intermediates.noindex/Voxboard.build/Debug-iphonesimulator/Voxboard\ WidgetExtension.build/DerivedSources/GeneratedAssetSymbols.swift --generate-objc-asset-symbols /tmp/voxboard-notelet-verify-derived/Build/Intermediates.noindex/Voxboard.build/Debug-iphonesimulator/Voxboard\ WidgetExtension.build/DerivedSources/GeneratedAssetSymbols.h --generate-asset-symbol-index /tmp/voxboard-notelet-verify-derived/Build/Intermediates.noindex/Voxboard.build/Debug-iphonesimulator/Voxboard\ WidgetExtension.build/DerivedSources/GeneratedAssetSymbols-Index.plist
/* com.apple.actool.compilation-results */
/tmp/voxboard-notelet-verify-derived/Build/Intermediates.noindex/Voxboard.build/Debug-iphonesimulator/Voxboard WidgetExtension.build/DerivedSources/GeneratedAssetSymbols-Index.plist
/tmp/voxboard-notelet-verify-derived/Build/Intermediates.noindex/Voxboard.build/Debug-iphonesimulator/Voxboard WidgetExtension.build/DerivedSources/GeneratedAssetSymbols.h
/tmp/voxboard-notelet-verify-derived/Build/Intermediates.noindex/Voxboard.build/Debug-iphonesimulator/Voxboard WidgetExtension.build/DerivedSources/GeneratedAssetSymbols.swift


CompileAssetCatalogVariant thinned /tmp/voxboard-notelet-verify-derived/Build/Products/Debug-iphonesimulator/Voxboard\ WidgetExtension.appex /Users/codybontecou/projects/Voxboard/Voxboard\ Widget/Assets.xcassets (in target 'Voxboard WidgetExtension' from project 'Voxboard')
    cd /Users/codybontecou/projects/Voxboard
    /Applications/Xcode.app/Contents/Developer/usr/bin/actool /Users/codybontecou/projects/Voxboard/Voxboard\ Widget/Assets.xcassets --compile /tmp/voxboard-notelet-verify-derived/Build/Intermediates.noindex/Voxboard.build/Debug-iphonesimulator/Voxboard\ WidgetExtension.build/assetcatalog_output/thinned --output-format human-readable-text --notices --warnings --export-dependency-info /tmp/voxboard-notelet-verify-derived/Build/Intermediates.noindex/Voxboard.build/Debug-iphonesimulator/Voxboard\ WidgetExtension.build/assetcatalog_dependencies_thinned --output-partial-info-plist /tmp/voxboard-notelet-verify-derived/Build/Intermediates.noindex/Voxboard.build/Debug-iphonesimulator/Voxboard\ WidgetExtension.build/assetcatalog_generated_info.plist_thinned --accent-color AccentColor --widget-background-color WidgetBackground --compress-pngs --enable-on-demand-resources NO --standalone-icon-behavior all --filter-for-thinning-device-configuration iPhone18,3 --filter-for-device-os-version 26.5 --development-region en --target-device iphone --target-device ipad --minimum-deployment-target 26.2 --platform iphonesimulator
/* com.apple.actool.compilation-results */
/tmp/voxboard-notelet-verify-derived/Build/Intermediates.noindex/Voxboard.build/Debug-iphonesimulator/Voxboard WidgetExtension.build/assetcatalog_generated_info.plist_thinned


SwiftDriver Voxboard\ WidgetExtension normal arm64 com.apple.xcode.tools.swift.compiler (in target 'Voxboard WidgetExtension' from project 'Voxboard')
    cd /Users/codybontecou/projects/Voxboard
    builtin-SwiftDriver -- /Applications/Xcode.app/Contents/Developer/Toolchains/XcodeDefault.xctoolchain/usr/bin/swiftc -module-name Voxboard_WidgetExtension -Onone @/tmp/voxboard-notelet-verify-derived/Build/Intermediates.noindex/Voxboard.build/Debug-iphonesimulator/Voxboard\ WidgetExtension.build/Objects-normal/arm64/Voxboard\ WidgetExtension.SwiftFileList -DDEBUG -enable-bare-slash-regex -enable-upcoming-feature DisableOutwardActorInference -enable-upcoming-feature InferSendableFromCaptures -enable-upcoming-feature GlobalActorIsolatedTypesUsability -enable-upcoming-feature MemberImportVisibility -enable-upcoming-feature InferIsolatedConformances -enable-upcoming-feature NonisolatedNonsendingByDefault -enable-experimental-feature DebugDescriptionMacro -sdk /Applications/Xcode.app/Contents/Developer/Platforms/iPhoneSimulator.platform/Developer/SDKs/iPhoneSimulator26.5.sdk -target arm64-apple-ios26.2-simulator -g -module-cache-path /tmp/voxboard-notelet-verify-derived/ModuleCache.noindex -Xfrontend -serialize-debugging-options -application-extension -enable-testing -index-store-path /tmp/voxboard-notelet-verify-derived/Index.noindex/DataStore -Xcc -D_LIBCPP_HARDENING_MODE\=_LIBCPP_HARDENING_MODE_DEBUG -swift-version 5 -I /tmp/voxboard-notelet-verify-derived/Build/Products/Debug-iphonesimulator -F /tmp/voxboard-notelet-verify-derived/Build/Products/Debug-iphonesimulator/PackageFrameworks -F /tmp/voxboard-notelet-verify-derived/Build/Products/Debug-iphonesimulator/PackageFrameworks -F /tmp/voxboard-notelet-verify-derived/Build/Products/Debug-iphonesimulator/PackageFrameworks -F /tmp/voxboard-notelet-verify-derived/Build/Products/Debug-iphonesimulator/PackageFrameworks -F /tmp/voxboard-notelet-verify-derived/Build/Products/Debug-iphonesimulator/PackageFrameworks -F /tmp/voxboard-notelet-verify-derived/Build/Products/Debug-iphonesimulator -emit-localized-strings -emit-localized-strings-path /tmp/voxboard-notelet-verify-derived/Build/Intermediates.noindex/Voxboard.build/Debug-iphonesimulator/Voxboard\ WidgetExtension.build/Objects-normal/arm64 -c -j10 -enable-batch-mode -incremental -Xcc -ivfsstatcache -Xcc /tmp/voxboard-notelet-verify-derived/SDKStatCaches.noindex/iphonesimulator26.5-23F73-6cfe768891a92b912361537c460fe42b.sdkstatcache -output-file-map /tmp/voxboard-notelet-verify-derived/Build/Intermediates.noindex/Voxboard.build/Debug-iphonesimulator/Voxboard\ WidgetExtension.build/Objects-normal/arm64/Voxboard\ WidgetExtension-OutputFileMap.json -use-frontend-parseable-output -save-temps -no-color-diagnostics -explicit-module-build -module-cache-path /tmp/voxboard-notelet-verify-derived/Build/Intermediates.noindex/SwiftExplicitPrecompiledModules -clang-scanner-module-cache-path /tmp/voxboard-notelet-verify-derived/ModuleCache.noindex -sdk-module-cache-path /tmp/voxboard-notelet-verify-derived/ModuleCache.noindex -serialize-diagnostics -emit-dependencies -emit-module -emit-module-path /tmp/voxboard-notelet-verify-derived/Build/Intermediates.noindex/Voxboard.build/Debug-iphonesimulator/Voxboard\ WidgetExtension.build/Objects-normal/arm64/Voxboard_WidgetExtension.swiftmodule -validate-clang-modules-once -clang-build-session-file /tmp/voxboard-notelet-verify-derived/ModuleCache.noindex/Session.modulevalidation -Xcc -I/tmp/voxboard-notelet-verify-derived/Build/Intermediates.noindex/Voxboard.build/Debug-iphonesimulator/Voxboard\ WidgetExtension.build/swift-overrides.hmap -emit-const-values -Xfrontend -const-gather-protocols-file -Xfrontend /tmp/voxboard-notelet-verify-derived/Build/Intermediates.noindex/Voxboard.build/Debug-iphonesimulator/Voxboard\ WidgetExtension.build/Objects-normal/arm64/Voxboard\ WidgetExtension_const_extract_protocols.json -Xcc -iquote -Xcc /tmp/voxboard-notelet-verify-derived/Build/Intermediates.noindex/Voxboard.build/Debug-iphonesimulator/Voxboard\ WidgetExtension.build/Voxboard\ WidgetExtension-generated-files.hmap -Xcc -I/tmp/voxboard-notelet-verify-derived/Build/Intermediates.noindex/Voxboard.build/Debug-iphonesimulator/Voxboard\ WidgetExtension.build/Voxboard\ WidgetExtension-own-target-headers.hmap -Xcc -I/tmp/voxboard-notelet-verify-derived/Build/Intermediates.noindex/Voxboard.build/Debug-iphonesimulator/Voxboard\ WidgetExtension.build/Voxboard\ WidgetExtension-all-non-framework-target-headers.hmap -Xcc -ivfsoverlay -Xcc /tmp/voxboard-notelet-verify-derived/Build/Intermediates.noindex/Voxboard.build/Debug-iphonesimulator/Voxboard-8d6c3ba71b53f8320d7c577fe4b80237-VFS-iphonesimulator/all-product-headers.yaml -Xcc -iquote -Xcc /tmp/voxboard-notelet-verify-derived/Build/Intermediates.noindex/Voxboard.build/Debug-iphonesimulator/Voxboard\ WidgetExtension.build/Voxboard\ WidgetExtension-project-headers.hmap -Xcc -I/tmp/voxboard-notelet-verify-derived/SourcePackages/checkouts/FluidAudio/Sources/MachTaskSelfWrapper/include -Xcc -I/tmp/voxboard-notelet-verify-derived/SourcePackages/checkouts/FluidAudio/Sources/FastClusterWrapper/include -Xcc -I/tmp/voxboard-notelet-verify-derived/Build/Products/Debug-iphonesimulator/include -Xcc -I/tmp/voxboard-notelet-verify-derived/Build/Intermediates.noindex/Voxboard.build/Debug-iphonesimulator/Voxboard\ WidgetExtension.build/DerivedSources-normal/arm64 -Xcc -I/tmp/voxboard-notelet-verify-derived/Build/Intermediates.noindex/Voxboard.build/Debug-iphonesimulator/Voxboard\ WidgetExtension.build/DerivedSources/arm64 -Xcc -I/tmp/voxboard-notelet-verify-derived/Build/Intermediates.noindex/Voxboard.build/Debug-iphonesimulator/Voxboard\ WidgetExtension.build/DerivedSources -Xcc -DDEBUG\=1 -emit-objc-header -emit-objc-header-path /tmp/voxboard-notelet-verify-derived/Build/Intermediates.noindex/Voxboard.build/Debug-iphonesimulator/Voxboard\ WidgetExtension.build/Objects-normal/arm64/Voxboard_WidgetExtension-Swift.h -working-directory /Users/codybontecou/projects/Voxboard -experimental-emit-module-separately -disable-cmo

LinkAssetCatalog /Users/codybontecou/projects/Voxboard/Voxboard\ Widget/Assets.xcassets (in target 'Voxboard WidgetExtension' from project 'Voxboard')
    cd /Users/codybontecou/projects/Voxboard
    builtin-linkAssetCatalog --thinned /tmp/voxboard-notelet-verify-derived/Build/Intermediates.noindex/Voxboard.build/Debug-iphonesimulator/Voxboard\ WidgetExtension.build/assetcatalog_output/thinned --thinned-dependencies /tmp/voxboard-notelet-verify-derived/Build/Intermediates.noindex/Voxboard.build/Debug-iphonesimulator/Voxboard\ WidgetExtension.build/assetcatalog_dependencies_thinned --thinned-info-plist-content /tmp/voxboard-notelet-verify-derived/Build/Intermediates.noindex/Voxboard.build/Debug-iphonesimulator/Voxboard\ WidgetExtension.build/assetcatalog_generated_info.plist_thinned --unthinned /tmp/voxboard-notelet-verify-derived/Build/Intermediates.noindex/Voxboard.build/Debug-iphonesimulator/Voxboard\ WidgetExtension.build/assetcatalog_output/unthinned --unthinned-dependencies /tmp/voxboard-notelet-verify-derived/Build/Intermediates.noindex/Voxboard.build/Debug-iphonesimulator/Voxboard\ WidgetExtension.build/assetcatalog_dependencies_unthinned --unthinned-info-plist-content /tmp/voxboard-notelet-verify-derived/Build/Intermediates.noindex/Voxboard.build/Debug-iphonesimulator/Voxboard\ WidgetExtension.build/assetcatalog_generated_info.plist_unthinned --output /tmp/voxboard-notelet-verify-derived/Build/Products/Debug-iphonesimulator/Voxboard\ WidgetExtension.appex --plist-output /tmp/voxboard-notelet-verify-derived/Build/Intermediates.noindex/Voxboard.build/Debug-iphonesimulator/Voxboard\ WidgetExtension.build/assetcatalog_generated_info.plist

GenerateStringSymbols /tmp/voxboard-notelet-verify-derived/Build/Intermediates.noindex/Voxboard.build/Debug-iphonesimulator/Voxboard\ Keyboard.build/DerivedSources/GeneratedStringSymbols_Localizable.swift /Users/codybontecou/projects/Voxboard/Voxboard\ Keyboard/Localizable.xcstrings (in target 'Voxboard Keyboard' from project 'Voxboard')
    cd /Users/codybontecou/projects/Voxboard
    /Applications/Xcode.app/Contents/Developer/usr/bin/xcstringstool generate-symbols --language swift --output-directory /tmp/voxboard-notelet-verify-derived/Build/Intermediates.noindex/Voxboard.build/Debug-iphonesimulator/Voxboard\ Keyboard.build/DerivedSources /Users/codybontecou/projects/Voxboard/Voxboard\ Keyboard/Localizable.xcstrings

CompileXCStrings /tmp/voxboard-notelet-verify-derived/Build/Intermediates.noindex/Voxboard.build/Debug-iphonesimulator/Voxboard\ Keyboard.build/ /Users/codybontecou/projects/Voxboard/Voxboard\ Keyboard/Localizable.xcstrings (in target 'Voxboard Keyboard' from project 'Voxboard')
    cd /Users/codybontecou/projects/Voxboard
    /Applications/Xcode.app/Contents/Developer/usr/bin/xcstringstool compile --output-directory /tmp/voxboard-notelet-verify-derived/Build/Intermediates.noindex/Voxboard.build/Debug-iphonesimulator/Voxboard\ Keyboard.build /Users/codybontecou/projects/Voxboard/Voxboard\ Keyboard/Localizable.xcstrings

SwiftExplicitDependencyGeneratePcm x86_64 /tmp/voxboard-notelet-verify-derived/ModuleCache.noindex/AVFoundation-EN4R4TE0AW2QHPT8H9BNF31P.pcm

SwiftDriver Voxboard\ Keyboard normal arm64 com.apple.xcode.tools.swift.compiler (in target 'Voxboard Keyboard' from project 'Voxboard')
    cd /Users/codybontecou/projects/Voxboard
    builtin-SwiftDriver -- /Applications/Xcode.app/Contents/Developer/Toolchains/XcodeDefault.xctoolchain/usr/bin/swiftc -module-name Voxboard_Keyboard -Onone @/tmp/voxboard-notelet-verify-derived/Build/Intermediates.noindex/Voxboard.build/Debug-iphonesimulator/Voxboard\ Keyboard.build/Objects-normal/arm64/Voxboard\ Keyboard.SwiftFileList -DDEBUG -enable-bare-slash-regex -enable-upcoming-feature DisableOutwardActorInference -enable-upcoming-feature InferSendableFromCaptures -enable-upcoming-feature GlobalActorIsolatedTypesUsability -enable-upcoming-feature MemberImportVisibility -enable-upcoming-feature InferIsolatedConformances -enable-upcoming-feature NonisolatedNonsendingByDefault -enable-experimental-feature DebugDescriptionMacro -sdk /Applications/Xcode.app/Contents/Developer/Platforms/iPhoneSimulator.platform/Developer/SDKs/iPhoneSimulator26.5.sdk -target arm64-apple-ios17.6-simulator -g -module-cache-path /tmp/voxboard-notelet-verify-derived/ModuleCache.noindex -Xfrontend -serialize-debugging-options -application-extension -enable-testing -index-store-path /tmp/voxboard-notelet-verify-derived/Index.noindex/DataStore -Xcc -D_LIBCPP_HARDENING_MODE\=_LIBCPP_HARDENING_MODE_DEBUG -swift-version 5 -I /tmp/voxboard-notelet-verify-derived/Build/Products/Debug-iphonesimulator -F /tmp/voxboard-notelet-verify-derived/Build/Products/Debug-iphonesimulator/PackageFrameworks -F /tmp/voxboard-notelet-verify-derived/Build/Products/Debug-iphonesimulator/PackageFrameworks -F /tmp/voxboard-notelet-verify-derived/Build/Products/Debug-iphonesimulator/PackageFrameworks -F /tmp/voxboard-notelet-verify-derived/Build/Products/Debug-iphonesimulator/PackageFrameworks -F /tmp/voxboard-notelet-verify-derived/Build/Products/Debug-iphonesimulator/PackageFrameworks -F /tmp/voxboard-notelet-verify-derived/Build/Products/Debug-iphonesimulator -emit-localized-strings -emit-localized-strings-path /tmp/voxboard-notelet-verify-derived/Build/Intermediates.noindex/Voxboard.build/Debug-iphonesimulator/Voxboard\ Keyboard.build/Objects-normal/arm64 -c -j10 -enable-batch-mode -incremental -Xcc -ivfsstatcache -Xcc /tmp/voxboard-notelet-verify-derived/SDKStatCaches.noindex/iphonesimulator26.5-23F73-6cfe768891a92b912361537c460fe42b.sdkstatcache -output-file-map /tmp/voxboard-notelet-verify-derived/Build/Intermediates.noindex/Voxboard.build/Debug-iphonesimulator/Voxboard\ Keyboard.build/Objects-normal/arm64/Voxboard\ Keyboard-OutputFileMap.json -use-frontend-parseable-output -save-temps -no-color-diagnostics -explicit-module-build -module-cache-path /tmp/voxboard-notelet-verify-derived/Build/Intermediates.noindex/SwiftExplicitPrecompiledModules -clang-scanner-module-cache-path /tmp/voxboard-notelet-verify-derived/ModuleCache.noindex -sdk-module-cache-path /tmp/voxboard-notelet-verify-derived/ModuleCache.noindex -serialize-diagnostics -emit-dependencies -emit-module -emit-module-path /tmp/voxboard-notelet-verify-derived/Build/Intermediates.noindex/Voxboard.build/Debug-iphonesimulator/Voxboard\ Keyboard.build/Objects-normal/arm64/Voxboard_Keyboard.swiftmodule -validate-clang-modules-once -clang-build-session-file /tmp/voxboard-notelet-verify-derived/ModuleCache.noindex/Session.modulevalidation -Xcc -I/tmp/voxboard-notelet-verify-derived/Build/Intermediates.noindex/Voxboard.build/Debug-iphonesimulator/Voxboard\ Keyboard.build/swift-overrides.hmap -emit-const-values -Xfrontend -const-gather-protocols-file -Xfrontend /tmp/voxboard-notelet-verify-derived/Build/Intermediates.noindex/Voxboard.build/Debug-iphonesimulator/Voxboard\ Keyboard.build/Objects-normal/arm64/Voxboard\ Keyboard_const_extract_protocols.json -Xcc -iquote -Xcc /tmp/voxboard-notelet-verify-derived/Build/Intermediates.noindex/Voxboard.build/Debug-iphonesimulator/Voxboard\ Keyboard.build/Voxboard\ Keyboard-generated-files.hmap -Xcc -I/tmp/voxboard-notelet-verify-derived/Build/Intermediates.noindex/Voxboard.build/Debug-iphonesimulator/Voxboard\ Keyboard.build/Voxboard\ Keyboard-own-target-headers.hmap -Xcc -I/tmp/voxboard-notelet-verify-derived/Build/Intermediates.noindex/Voxboard.build/Debug-iphonesimulator/Voxboard\ Keyboard.build/Voxboard\ Keyboard-all-non-framework-target-headers.hmap -Xcc -ivfsoverlay -Xcc /tmp/voxboard-notelet-verify-derived/Build/Intermediates.noindex/Voxboard.build/Debug-iphonesimulator/Voxboard-8d6c3ba71b53f8320d7c577fe4b80237-VFS-iphonesimulator/all-product-headers.yaml -Xcc -iquote -Xcc /tmp/voxboard-notelet-verify-derived/Build/Intermediates.noindex/Voxboard.build/Debug-iphonesimulator/Voxboard\ Keyboard.build/Voxboard\ Keyboard-project-headers.hmap -Xcc -I/tmp/voxboard-notelet-verify-derived/SourcePackages/checkouts/FluidAudio/Sources/MachTaskSelfWrapper/include -Xcc -I/tmp/voxboard-notelet-verify-derived/SourcePackages/checkouts/FluidAudio/Sources/FastClusterWrapper/include -Xcc -I/tmp/voxboard-notelet-verify-derived/Build/Products/Debug-iphonesimulator/include -Xcc -I/tmp/voxboard-notelet-verify-derived/Build/Intermediates.noindex/Voxboard.build/Debug-iphonesimulator/Voxboard\ Keyboard.build/DerivedSources-normal/arm64 -Xcc -I/tmp/voxboard-notelet-verify-derived/Build/Intermediates.noindex/Voxboard.build/Debug-iphonesimulator/Voxboard\ Keyboard.build/DerivedSources/arm64 -Xcc -I/tmp/voxboard-notelet-verify-derived/Build/Intermediates.noindex/Voxboard.build/Debug-iphonesimulator/Voxboard\ Keyboard.build/DerivedSources -Xcc -DDEBUG\=1 -emit-objc-header -emit-objc-header-path /tmp/voxboard-notelet-verify-derived/Build/Intermediates.noindex/Voxboard.build/Debug-iphonesimulator/Voxboard\ Keyboard.build/Objects-normal/arm64/Voxboard_Keyboard-Swift.h -working-directory /Users/codybontecou/projects/Voxboard -experimental-emit-module-separately -disable-cmo

CopyStringsFile /tmp/voxboard-notelet-verify-derived/Build/Products/Debug-iphonesimulator/Voxboard\ Keyboard.appex/zh-Hant.lproj/Localizable.strings /tmp/voxboard-notelet-verify-derived/Build/Intermediates.noindex/Voxboard.build/Debug-iphonesimulator/Voxboard\ Keyboard.build/zh-Hant.lproj/Localizable.strings (in target 'Voxboard Keyboard' from project 'Voxboard')
    cd /Users/codybontecou/projects/Voxboard
    builtin-copyStrings --validate --outputencoding binary --outfilename Localizable.strings --outdir /tmp/voxboard-notelet-verify-derived/Build/Products/Debug-iphonesimulator/Voxboard\ Keyboard.appex/zh-Hant.lproj -- /tmp/voxboard-notelet-verify-derived/Build/Intermediates.noindex/Voxboard.build/Debug-iphonesimulator/Voxboard\ Keyboard.build/zh-Hant.lproj/Localizable.strings
/tmp/voxboard-notelet-verify-derived/Build/Intermediates.noindex/Voxboard.build/Debug-iphonesimulator/Voxboard Keyboard.build/zh-Hant.lproj/Localizable.strings:1:1: note: detected encoding of input file as Unicode (UTF-8) (in target 'Voxboard Keyboard' from project 'Voxboard')

CopyStringsFile /tmp/voxboard-notelet-verify-derived/Build/Products/Debug-iphonesimulator/Voxboard\ Keyboard.appex/zh-Hans.lproj/Localizable.strings /tmp/voxboard-notelet-verify-derived/Build/Intermediates.noindex/Voxboard.build/Debug-iphonesimulator/Voxboard\ Keyboard.build/zh-Hans.lproj/Localizable.strings (in target 'Voxboard Keyboard' from project 'Voxboard')
    cd /Users/codybontecou/projects/Voxboard
    builtin-copyStrings --validate --outputencoding binary --outfilename Localizable.strings --outdir /tmp/voxboard-notelet-verify-derived/Build/Products/Debug-iphonesimulator/Voxboard\ Keyboard.appex/zh-Hans.lproj -- /tmp/voxboard-notelet-verify-derived/Build/Intermediates.noindex/Voxboard.build/Debug-iphonesimulator/Voxboard\ Keyboard.build/zh-Hans.lproj/Localizable.strings
/tmp/voxboard-notelet-verify-derived/Build/Intermediates.noindex/Voxboard.build/Debug-iphonesimulator/Voxboard Keyboard.build/zh-Hans.lproj/Localizable.strings:1:1: note: detected encoding of input file as Unicode (UTF-8) (in target 'Voxboard Keyboard' from project 'Voxboard')

CopyStringsFile /tmp/voxboard-notelet-verify-derived/Build/Products/Debug-iphonesimulator/Voxboard\ Keyboard.appex/vi.lproj/Localizable.strings /tmp/voxboard-notelet-verify-derived/Build/Intermediates.noindex/Voxboard.build/Debug-iphonesimulator/Voxboard\ Keyboard.build/vi.lproj/Localizable.strings (in target 'Voxboard Keyboard' from project 'Voxboard')
    cd /Users/codybontecou/projects/Voxboard
    builtin-copyStrings --validate --outputencoding binary --outfilename Localizable.strings --outdir /tmp/voxboard-notelet-verify-derived/Build/Products/Debug-iphonesimulator/Voxboard\ Keyboard.appex/vi.lproj -- /tmp/voxboard-notelet-verify-derived/Build/Intermediates.noindex/Voxboard.build/Debug-iphonesimulator/Voxboard\ Keyboard.build/vi.lproj/Localizable.strings
/tmp/voxboard-notelet-verify-derived/Build/Intermediates.noindex/Voxboard.build/Debug-iphonesimulator/Voxboard Keyboard.build/vi.lproj/Localizable.strings:1:1: note: detected encoding of input file as Unicode (UTF-8) (in target 'Voxboard Keyboard' from project 'Voxboard')

CopyStringsFile /tmp/voxboard-notelet-verify-derived/Build/Products/Debug-iphonesimulator/Voxboard\ Keyboard.appex/ur.lproj/Localizable.strings /tmp/voxboard-notelet-verify-derived/Build/Intermediates.noindex/Voxboard.build/Debug-iphonesimulator/Voxboard\ Keyboard.build/ur.lproj/Localizable.strings (in target 'Voxboard Keyboard' from project 'Voxboard')
    cd /Users/codybontecou/projects/Voxboard
    builtin-copyStrings --validate --outputencoding binary --outfilename Localizable.strings --outdir /tmp/voxboard-notelet-verify-derived/Build/Products/Debug-iphonesimulator/Voxboard\ Keyboard.appex/ur.lproj -- /tmp/voxboard-notelet-verify-derived/Build/Intermediates.noindex/Voxboard.build/Debug-iphonesimulator/Voxboard\ Keyboard.build/ur.lproj/Localizable.strings
/tmp/voxboard-notelet-verify-derived/Build/Intermediates.noindex/Voxboard.build/Debug-iphonesimulator/Voxboard Keyboard.build/ur.lproj/Localizable.strings:1:1: note: detected encoding of input file as Unicode (UTF-8) (in target 'Voxboard Keyboard' from project 'Voxboard')

CopyStringsFile /tmp/voxboard-notelet-verify-derived/Build/Products/Debug-iphonesimulator/Voxboard\ Keyboard.appex/uk.lproj/Localizable.strings /tmp/voxboard-notelet-verify-derived/Build/Intermediates.noindex/Voxboard.build/Debug-iphonesimulator/Voxboard\ Keyboard.build/uk.lproj/Localizable.strings (in target 'Voxboard Keyboard' from project 'Voxboard')
    cd /Users/codybontecou/projects/Voxboard
    builtin-copyStrings --validate --outputencoding binary --outfilename Localizable.strings --outdir /tmp/voxboard-notelet-verify-derived/Build/Products/Debug-iphonesimulator/Voxboard\ Keyboard.appex/uk.lproj -- /tmp/voxboard-notelet-verify-derived/Build/Intermediates.noindex/Voxboard.build/Debug-iphonesimulator/Voxboard\ Keyboard.build/uk.lproj/Localizable.strings
/tmp/voxboard-notelet-verify-derived/Build/Intermediates.noindex/Voxboard.build/Debug-iphonesimulator/Voxboard Keyboard.build/uk.lproj/Localizable.strings:1:1: note: detected encoding of input file as Unicode (UTF-8) (in target 'Voxboard Keyboard' from project 'Voxboard')

CopyStringsFile /tmp/voxboard-notelet-verify-derived/Build/Products/Debug-iphonesimulator/Voxboard\ Keyboard.appex/tr.lproj/Localizable.strings /tmp/voxboard-notelet-verify-derived/Build/Intermediates.noindex/Voxboard.build/Debug-iphonesimulator/Voxboard\ Keyboard.build/tr.lproj/Localizable.strings (in target 'Voxboard Keyboard' from project 'Voxboard')
    cd /Users/codybontecou/projects/Voxboard
    builtin-copyStrings --validate --outputencoding binary --outfilename Localizable.strings --outdir /tmp/voxboard-notelet-verify-derived/Build/Products/Debug-iphonesimulator/Voxboard\ Keyboard.appex/tr.lproj -- /tmp/voxboard-notelet-verify-derived/Build/Intermediates.noindex/Voxboard.build/Debug-iphonesimulator/Voxboard\ Keyboard.build/tr.lproj/Localizable.strings
/tmp/voxboard-notelet-verify-derived/Build/Intermediates.noindex/Voxboard.build/Debug-iphonesimulator/Voxboard Keyboard.build/tr.lproj/Localizable.strings:1:1: note: detected encoding of input file as Unicode (UTF-8) (in target 'Voxboard Keyboard' from project 'Voxboard')

CopyStringsFile /tmp/voxboard-notelet-verify-derived/Build/Products/Debug-iphonesimulator/Voxboard\ Keyboard.appex/th.lproj/Localizable.strings /tmp/voxboard-notelet-verify-derived/Build/Intermediates.noindex/Voxboard.build/Debug-iphonesimulator/Voxboard\ Keyboard.build/th.lproj/Localizable.strings (in target 'Voxboard Keyboard' from project 'Voxboard')
    cd /Users/codybontecou/projects/Voxboard
    builtin-copyStrings --validate --outputencoding binary --outfilename Localizable.strings --outdir /tmp/voxboard-notelet-verify-derived/Build/Products/Debug-iphonesimulator/Voxboard\ Keyboard.appex/th.lproj -- /tmp/voxboard-notelet-verify-derived/Build/Intermediates.noindex/Voxboard.build/Debug-iphonesimulator/Voxboard\ Keyboard.build/th.lproj/Localizable.strings
/tmp/voxboard-notelet-verify-derived/Build/Intermediates.noindex/Voxboard.build/Debug-iphonesimulator/Voxboard Keyboard.build/th.lproj/Localizable.strings:1:1: note: detected encoding of input file as Unicode (UTF-8) (in target 'Voxboard Keyboard' from project 'Voxboard')

CopyStringsFile /tmp/voxboard-notelet-verify-derived/Build/Products/Debug-iphonesimulator/Voxboard\ Keyboard.appex/ta.lproj/Localizable.strings /tmp/voxboard-notelet-verify-derived/Build/Intermediates.noindex/Voxboard.build/Debug-iphonesimulator/Voxboard\ Keyboard.build/ta.lproj/Localizable.strings (in target 'Voxboard Keyboard' from project 'Voxboard')
    cd /Users/codybontecou/projects/Voxboard
    builtin-copyStrings --validate --outputencoding binary --outfilename Localizable.strings --outdir /tmp/voxboard-notelet-verify-derived/Build/Products/Debug-iphonesimulator/Voxboard\ Keyboard.appex/ta.lproj -- /tmp/voxboard-notelet-verify-derived/Build/Intermediates.noindex/Voxboard.build/Debug-iphonesimulator/Voxboard\ Keyboard.build/ta.lproj/Localizable.strings
/tmp/voxboard-notelet-verify-derived/Build/Intermediates.noindex/Voxboard.build/Debug-iphonesimulator/Voxboard Keyboard.build/ta.lproj/Localizable.strings:1:1: note: detected encoding of input file as Unicode (UTF-8) (in target 'Voxboard Keyboard' from project 'Voxboard')

CopyStringsFile /tmp/voxboard-notelet-verify-derived/Build/Products/Debug-iphonesimulator/Voxboard\ Keyboard.appex/ru.lproj/Localizable.strings /tmp/voxboard-notelet-verify-derived/Build/Intermediates.noindex/Voxboard.build/Debug-iphonesimulator/Voxboard\ Keyboard.build/ru.lproj/Localizable.strings (in target 'Voxboard Keyboard' from project 'Voxboard')
    cd /Users/codybontecou/projects/Voxboard
    builtin-copyStrings --validate --outputencoding binary --outfilename Localizable.strings --outdir /tmp/voxboard-notelet-verify-derived/Build/Products/Debug-iphonesimulator/Voxboard\ Keyboard.appex/ru.lproj -- /tmp/voxboard-notelet-verify-derived/Build/Intermediates.noindex/Voxboard.build/Debug-iphonesimulator/Voxboard\ Keyboard.build/ru.lproj/Localizable.strings
/tmp/voxboard-notelet-verify-derived/Build/Intermediates.noindex/Voxboard.build/Debug-iphonesimulator/Voxboard Keyboard.build/ru.lproj/Localizable.strings:1:1: note: detected encoding of input file as Unicode (UTF-8) (in target 'Voxboard Keyboard' from project 'Voxboard')

CopyStringsFile /tmp/voxboard-notelet-verify-derived/Build/Products/Debug-iphonesimulator/Voxboard\ Keyboard.appex/pt-BR.lproj/Localizable.strings /tmp/voxboard-notelet-verify-derived/Build/Intermediates.noindex/Voxboard.build/Debug-iphonesimulator/Voxboard\ Keyboard.build/pt-BR.lproj/Localizable.strings (in target 'Voxboard Keyboard' from project 'Voxboard')
    cd /Users/codybontecou/projects/Voxboard
    builtin-copyStrings --validate --outputencoding binary --outfilename Localizable.strings --outdir /tmp/voxboard-notelet-verify-derived/Build/Products/Debug-iphonesimulator/Voxboard\ Keyboard.appex/pt-BR.lproj -- /tmp/voxboard-notelet-verify-derived/Build/Intermediates.noindex/Voxboard.build/Debug-iphonesimulator/Voxboard\ Keyboard.build/pt-BR.lproj/Localizable.strings
/tmp/voxboard-notelet-verify-derived/Build/Intermediates.noindex/Voxboard.build/Debug-iphonesimulator/Voxboard Keyboard.build/pt-BR.lproj/Localizable.strings:1:1: note: detected encoding of input file as Unicode (UTF-8) (in target 'Voxboard Keyboard' from project 'Voxboard')

CopyStringsFile /tmp/voxboard-notelet-verify-derived/Build/Products/Debug-iphonesimulator/Voxboard\ Keyboard.appex/pl.lproj/Localizable.strings /tmp/voxboard-notelet-verify-derived/Build/Intermediates.noindex/Voxboard.build/Debug-iphonesimulator/Voxboard\ Keyboard.build/pl.lproj/Localizable.strings (in target 'Voxboard Keyboard' from project 'Voxboard')
    cd /Users/codybontecou/projects/Voxboard
    builtin-copyStrings --validate --outputencoding binary --outfilename Localizable.strings --outdir /tmp/voxboard-notelet-verify-derived/Build/Products/Debug-iphonesimulator/Voxboard\ Keyboard.appex/pl.lproj -- /tmp/voxboard-notelet-verify-derived/Build/Intermediates.noindex/Voxboard.build/Debug-iphonesimulator/Voxboard\ Keyboard.build/pl.lproj/Localizable.strings
/tmp/voxboard-notelet-verify-derived/Build/Intermediates.noindex/Voxboard.build/Debug-iphonesimulator/Voxboard Keyboard.build/pl.lproj/Localizable.strings:1:1: note: detected encoding of input file as Unicode (UTF-8) (in target 'Voxboard Keyboard' from project 'Voxboard')

CopyStringsFile /tmp/voxboard-notelet-verify-derived/Build/Products/Debug-iphonesimulator/Voxboard\ Keyboard.appex/nl.lproj/Localizable.strings /tmp/voxboard-notelet-verify-derived/Build/Intermediates.noindex/Voxboard.build/Debug-iphonesimulator/Voxboard\ Keyboard.build/nl.lproj/Localizable.strings (in target 'Voxboard Keyboard' from project 'Voxboard')
    cd /Users/codybontecou/projects/Voxboard
    builtin-copyStrings --validate --outputencoding binary --outfilename Localizable.strings --outdir /tmp/voxboard-notelet-verify-derived/Build/Products/Debug-iphonesimulator/Voxboard\ Keyboard.appex/nl.lproj -- /tmp/voxboard-notelet-verify-derived/Build/Intermediates.noindex/Voxboard.build/Debug-iphonesimulator/Voxboard\ Keyboard.build/nl.lproj/Localizable.strings
/tmp/voxboard-notelet-verify-derived/Build/Intermediates.noindex/Voxboard.build/Debug-iphonesimulator/Voxboard Keyboard.build/nl.lproj/Localizable.strings:1:1: note: detected encoding of input file as Unicode (UTF-8) (in target 'Voxboard Keyboard' from project 'Voxboard')

CopyStringsFile /tmp/voxboard-notelet-verify-derived/Build/Products/Debug-iphonesimulator/Voxboard\ Keyboard.appex/ko.lproj/Localizable.strings /tmp/voxboard-notelet-verify-derived/Build/Intermediates.noindex/Voxboard.build/Debug-iphonesimulator/Voxboard\ Keyboard.build/ko.lproj/Localizable.strings (in target 'Voxboard Keyboard' from project 'Voxboard')
    cd /Users/codybontecou/projects/Voxboard
    builtin-copyStrings --validate --outputencoding binary --outfilename Localizable.strings --outdir /tmp/voxboard-notelet-verify-derived/Build/Products/Debug-iphonesimulator/Voxboard\ Keyboard.appex/ko.lproj -- /tmp/voxboard-notelet-verify-derived/Build/Intermediates.noindex/Voxboard.build/Debug-iphonesimulator/Voxboard\ Keyboard.build/ko.lproj/Localizable.strings
/tmp/voxboard-notelet-verify-derived/Build/Intermediates.noindex/Voxboard.build/Debug-iphonesimulator/Voxboard Keyboard.build/ko.lproj/Localizable.strings:1:1: note: detected encoding of input file as Unicode (UTF-8) (in target 'Voxboard Keyboard' from project 'Voxboard')

CopyStringsFile /tmp/voxboard-notelet-verify-derived/Build/Products/Debug-iphonesimulator/Voxboard\ Keyboard.appex/ja.lproj/Localizable.strings /tmp/voxboard-notelet-verify-derived/Build/Intermediates.noindex/Voxboard.build/Debug-iphonesimulator/Voxboard\ Keyboard.build/ja.lproj/Localizable.strings (in target 'Voxboard Keyboard' from project 'Voxboard')
    cd /Users/codybontecou/projects/Voxboard
    builtin-copyStrings --validate --outputencoding binary --outfilename Localizable.strings --outdir /tmp/voxboard-notelet-verify-derived/Build/Products/Debug-iphonesimulator/Voxboard\ Keyboard.appex/ja.lproj -- /tmp/voxboard-notelet-verify-derived/Build/Intermediates.noindex/Voxboard.build/Debug-iphonesimulator/Voxboard\ Keyboard.build/ja.lproj/Localizable.strings
/tmp/voxboard-notelet-verify-derived/Build/Intermediates.noindex/Voxboard.build/Debug-iphonesimulator/Voxboard Keyboard.build/ja.lproj/Localizable.strings:1:1: note: detected encoding of input file as Unicode (UTF-8) (in target 'Voxboard Keyboard' from project 'Voxboard')

CopyStringsFile /tmp/voxboard-notelet-verify-derived/Build/Products/Debug-iphonesimulator/Voxboard\ Keyboard.appex/it.lproj/Localizable.strings /tmp/voxboard-notelet-verify-derived/Build/Intermediates.noindex/Voxboard.build/Debug-iphonesimulator/Voxboard\ Keyboard.build/it.lproj/Localizable.strings (in target 'Voxboard Keyboard' from project 'Voxboard')
    cd /Users/codybontecou/projects/Voxboard
    builtin-copyStrings --validate --outputencoding binary --outfilename Localizable.strings --outdir /tmp/voxboard-notelet-verify-derived/Build/Products/Debug-iphonesimulator/Voxboard\ Keyboard.appex/it.lproj -- /tmp/voxboard-notelet-verify-derived/Build/Intermediates.noindex/Voxboard.build/Debug-iphonesimulator/Voxboard\ Keyboard.build/it.lproj/Localizable.strings
/tmp/voxboard-notelet-verify-derived/Build/Intermediates.noindex/Voxboard.build/Debug-iphonesimulator/Voxboard Keyboard.build/it.lproj/Localizable.strings:1:1: note: detected encoding of input file as Unicode (UTF-8) (in target 'Voxboard Keyboard' from project 'Voxboard')

CopyStringsFile /tmp/voxboard-notelet-verify-derived/Build/Products/Debug-iphonesimulator/Voxboard\ Keyboard.appex/id.lproj/Localizable.strings /tmp/voxboard-notelet-verify-derived/Build/Intermediates.noindex/Voxboard.build/Debug-iphonesimulator/Voxboard\ Keyboard.build/id.lproj/Localizable.strings (in target 'Voxboard Keyboard' from project 'Voxboard')
    cd /Users/codybontecou/projects/Voxboard
    builtin-copyStrings --validate --outputencoding binary --outfilename Localizable.strings --outdir /tmp/voxboard-notelet-verify-derived/Build/Products/Debug-iphonesimulator/Voxboard\ Keyboard.appex/id.lproj -- /tmp/voxboard-notelet-verify-derived/Build/Intermediates.noindex/Voxboard.build/Debug-iphonesimulator/Voxboard\ Keyboard.build/id.lproj/Localizable.strings
/tmp/voxboard-notelet-verify-derived/Build/Intermediates.noindex/Voxboard.build/Debug-iphonesimulator/Voxboard Keyboard.build/id.lproj/Localizable.strings:1:1: note: detected encoding of input file as Unicode (UTF-8) (in target 'Voxboard Keyboard' from project 'Voxboard')

CopyStringsFile /tmp/voxboard-notelet-verify-derived/Build/Products/Debug-iphonesimulator/Voxboard\ Keyboard.appex/hi.lproj/Localizable.strings /tmp/voxboard-notelet-verify-derived/Build/Intermediates.noindex/Voxboard.build/Debug-iphonesimulator/Voxboard\ Keyboard.build/hi.lproj/Localizable.strings (in target 'Voxboard Keyboard' from project 'Voxboard')
    cd /Users/codybontecou/projects/Voxboard
    builtin-copyStrings --validate --outputencoding binary --outfilename Localizable.strings --outdir /tmp/voxboard-notelet-verify-derived/Build/Products/Debug-iphonesimulator/Voxboard\ Keyboard.appex/hi.lproj -- /tmp/voxboard-notelet-verify-derived/Build/Intermediates.noindex/Voxboard.build/Debug-iphonesimulator/Voxboard\ Keyboard.build/hi.lproj/Localizable.strings
/tmp/voxboard-notelet-verify-derived/Build/Intermediates.noindex/Voxboard.build/Debug-iphonesimulator/Voxboard Keyboard.build/hi.lproj/Localizable.strings:1:1: note: detected encoding of input file as Unicode (UTF-8) (in target 'Voxboard Keyboard' from project 'Voxboard')

CopyStringsFile /tmp/voxboard-notelet-verify-derived/Build/Products/Debug-iphonesimulator/Voxboard\ Keyboard.appex/fr.lproj/Localizable.strings /tmp/voxboard-notelet-verify-derived/Build/Intermediates.noindex/Voxboard.build/Debug-iphonesimulator/Voxboard\ Keyboard.build/fr.lproj/Localizable.strings (in target 'Voxboard Keyboard' from project 'Voxboard')
    cd /Users/codybontecou/projects/Voxboard
    builtin-copyStrings --validate --outputencoding binary --outfilename Localizable.strings --outdir /tmp/voxboard-notelet-verify-derived/Build/Products/Debug-iphonesimulator/Voxboard\ Keyboard.appex/fr.lproj -- /tmp/voxboard-notelet-verify-derived/Build/Intermediates.noindex/Voxboard.build/Debug-iphonesimulator/Voxboard\ Keyboard.build/fr.lproj/Localizable.strings
/tmp/voxboard-notelet-verify-derived/Build/Intermediates.noindex/Voxboard.build/Debug-iphonesimulator/Voxboard Keyboard.build/fr.lproj/Localizable.strings:1:1: note: detected encoding of input file as Unicode (UTF-8) (in target 'Voxboard Keyboard' from project 'Voxboard')

CopyStringsFile /tmp/voxboard-notelet-verify-derived/Build/Products/Debug-iphonesimulator/Voxboard\ Keyboard.appex/es.lproj/Localizable.strings /tmp/voxboard-notelet-verify-derived/Build/Intermediates.noindex/Voxboard.build/Debug-iphonesimulator/Voxboard\ Keyboard.build/es.lproj/Localizable.strings (in target 'Voxboard Keyboard' from project 'Voxboard')
    cd /Users/codybontecou/projects/Voxboard
    builtin-copyStrings --validate --outputencoding binary --outfilename Localizable.strings --outdir /tmp/voxboard-notelet-verify-derived/Build/Products/Debug-iphonesimulator/Voxboard\ Keyboard.appex/es.lproj -- /tmp/voxboard-notelet-verify-derived/Build/Intermediates.noindex/Voxboard.build/Debug-iphonesimulator/Voxboard\ Keyboard.build/es.lproj/Localizable.strings
/tmp/voxboard-notelet-verify-derived/Build/Intermediates.noindex/Voxboard.build/Debug-iphonesimulator/Voxboard Keyboard.build/es.lproj/Localizable.strings:1:1: note: detected encoding of input file as Unicode (UTF-8) (in target 'Voxboard Keyboard' from project 'Voxboard')

CopyStringsFile /tmp/voxboard-notelet-verify-derived/Build/Products/Debug-iphonesimulator/Voxboard\ Keyboard.appex/en.lproj/Localizable.strings /tmp/voxboard-notelet-verify-derived/Build/Intermediates.noindex/Voxboard.build/Debug-iphonesimulator/Voxboard\ Keyboard.build/en.lproj/Localizable.strings (in target 'Voxboard Keyboard' from project 'Voxboard')
    cd /Users/codybontecou/projects/Voxboard
    builtin-copyStrings --validate --outputencoding binary --outfilename Localizable.strings --outdir /tmp/voxboard-notelet-verify-derived/Build/Products/Debug-iphonesimulator/Voxboard\ Keyboard.appex/en.lproj -- /tmp/voxboard-notelet-verify-derived/Build/Intermediates.noindex/Voxboard.build/Debug-iphonesimulator/Voxboard\ Keyboard.build/en.lproj/Localizable.strings
/tmp/voxboard-notelet-verify-derived/Build/Intermediates.noindex/Voxboard.build/Debug-iphonesimulator/Voxboard Keyboard.build/en.lproj/Localizable.strings:1:1: note: detected encoding of input file as Unicode (UTF-8) (in target 'Voxboard Keyboard' from project 'Voxboard')

CopyStringsFile /tmp/voxboard-notelet-verify-derived/Build/Products/Debug-iphonesimulator/Voxboard\ Keyboard.appex/de.lproj/Localizable.strings /tmp/voxboard-notelet-verify-derived/Build/Intermediates.noindex/Voxboard.build/Debug-iphonesimulator/Voxboard\ Keyboard.build/de.lproj/Localizable.strings (in target 'Voxboard Keyboard' from project 'Voxboard')
    cd /Users/codybontecou/projects/Voxboard
    builtin-copyStrings --validate --outputencoding binary --outfilename Localizable.strings --outdir /tmp/voxboard-notelet-verify-derived/Build/Products/Debug-iphonesimulator/Voxboard\ Keyboard.appex/de.lproj -- /tmp/voxboard-notelet-verify-derived/Build/Intermediates.noindex/Voxboard.build/Debug-iphonesimulator/Voxboard\ Keyboard.build/de.lproj/Localizable.strings
/tmp/voxboard-notelet-verify-derived/Build/Intermediates.noindex/Voxboard.build/Debug-iphonesimulator/Voxboard Keyboard.build/de.lproj/Localizable.strings:1:1: note: detected encoding of input file as Unicode (UTF-8) (in target 'Voxboard Keyboard' from project 'Voxboard')

CopyStringsFile /tmp/voxboard-notelet-verify-derived/Build/Products/Debug-iphonesimulator/Voxboard\ Keyboard.appex/bn.lproj/Localizable.strings /tmp/voxboard-notelet-verify-derived/Build/Intermediates.noindex/Voxboard.build/Debug-iphonesimulator/Voxboard\ Keyboard.build/bn.lproj/Localizable.strings (in target 'Voxboard Keyboard' from project 'Voxboard')
    cd /Users/codybontecou/projects/Voxboard
    builtin-copyStrings --validate --outputencoding binary --outfilename Localizable.strings --outdir /tmp/voxboard-notelet-verify-derived/Build/Products/Debug-iphonesimulator/Voxboard\ Keyboard.appex/bn.lproj -- /tmp/voxboard-notelet-verify-derived/Build/Intermediates.noindex/Voxboard.build/Debug-iphonesimulator/Voxboard\ Keyboard.build/bn.lproj/Localizable.strings
/tmp/voxboard-notelet-verify-derived/Build/Intermediates.noindex/Voxboard.build/Debug-iphonesimulator/Voxboard Keyboard.build/bn.lproj/Localizable.strings:1:1: note: detected encoding of input file as Unicode (UTF-8) (in target 'Voxboard Keyboard' from project 'Voxboard')

CopyStringsFile /tmp/voxboard-notelet-verify-derived/Build/Products/Debug-iphonesimulator/Voxboard\ Keyboard.appex/ar.lproj/Localizable.strings /tmp/voxboard-notelet-verify-derived/Build/Intermediates.noindex/Voxboard.build/Debug-iphonesimulator/Voxboard\ Keyboard.build/ar.lproj/Localizable.strings (in target 'Voxboard Keyboard' from project 'Voxboard')
    cd /Users/codybontecou/projects/Voxboard
    builtin-copyStrings --validate --outputencoding binary --outfilename Localizable.strings --outdir /tmp/voxboard-notelet-verify-derived/Build/Products/Debug-iphonesimulator/Voxboard\ Keyboard.appex/ar.lproj -- /tmp/voxboard-notelet-verify-derived/Build/Intermediates.noindex/Voxboard.build/Debug-iphonesimulator/Voxboard\ Keyboard.build/ar.lproj/Localizable.strings
/tmp/voxboard-notelet-verify-derived/Build/Intermediates.noindex/Voxboard.build/Debug-iphonesimulator/Voxboard Keyboard.build/ar.lproj/Localizable.strings:1:1: note: detected encoding of input file as Unicode (UTF-8) (in target 'Voxboard Keyboard' from project 'Voxboard')

RegisterExecutionPolicyException /tmp/voxboard-notelet-verify-derived/Build/Products/Debug-iphonesimulator/FluidAudio.o (in target 'FluidAudio' from project 'FluidAudio')
    cd /tmp/voxboard-notelet-verify-derived/SourcePackages/checkouts/FluidAudio
    builtin-RegisterExecutionPolicyException /tmp/voxboard-notelet-verify-derived/Build/Products/Debug-iphonesimulator/FluidAudio.o

SwiftDriverJobDiscovery normal arm64 Compiling AudioRecorder.swift, CircularAudioBuffer.swift, KeyboardDebugLog.swift (in target 'VoxboardShared' from project 'VoxboardShared')

SwiftDriverJobDiscovery normal arm64 Compiling TranscriptFileExporter.swift, TranscriptFlowFormatter.swift, TranscriptStore.swift (in target 'VoxboardShared' from project 'VoxboardShared')

SwiftDriver\ Compilation VoxboardShared normal arm64 com.apple.xcode.tools.swift.compiler (in target 'VoxboardShared' from project 'VoxboardShared')
    cd /Users/codybontecou/projects/Voxboard/Voxboard.xcodeproj
    builtin-Swift-Compilation -- /Applications/Xcode.app/Contents/Developer/Toolchains/XcodeDefault.xctoolchain/usr/bin/swiftc -module-name VoxboardShared -Onone @/tmp/voxboard-notelet-verify-derived/Build/Intermediates.noindex/VoxboardShared.build/Debug-iphonesimulator/VoxboardShared.build/Objects-normal/arm64/VoxboardShared.SwiftFileList -DSWIFT_PACKAGE -DDEBUG -DSWIFT_MODULE_RESOURCE_BUNDLE_UNAVAILABLE -DXcode -plugin-path /Applications/Xcode.app/Contents/Developer/Toolchains/XcodeDefault.xctoolchain/usr/lib/swift/host/plugins/testing -enable-experimental-feature DebugDescriptionMacro -sdk /Applications/Xcode.app/Contents/Developer/Platforms/iPhoneSimulator.platform/Developer/SDKs/iPhoneSimulator26.5.sdk -target arm64-apple-ios17.0-simulator -g -module-cache-path /tmp/voxboard-notelet-verify-derived/ModuleCache.noindex -Xfrontend -serialize-debugging-options -enable-testing -suppress-warnings -index-store-path /tmp/voxboard-notelet-verify-derived/Index.noindex/DataStore -Xcc -D_LIBCPP_HARDENING_MODE\=_LIBCPP_HARDENING_MODE_DEBUG -swift-version 5 -I /tmp/voxboard-notelet-verify-derived/Build/Products/Debug-iphonesimulator -Isystem /Applications/Xcode.app/Contents/Developer/Platforms/iPhoneSimulator.platform/Developer/usr/lib -F /tmp/voxboard-notelet-verify-derived/Build/Products/Debug-iphonesimulator/PackageFrameworks -F /tmp/voxboard-notelet-verify-derived/Build/Products/Debug-iphonesimulator/PackageFrameworks -F /tmp/voxboard-notelet-verify-derived/Build/Products/Debug-iphonesimulator/PackageFrameworks -F /tmp/voxboard-notelet-verify-derived/Build/Products/Debug-iphonesimulator/PackageFrameworks -F /tmp/voxboard-notelet-verify-derived/Build/Products/Debug-iphonesimulator -F /Applications/Xcode.app/Contents/Developer/Platforms/iPhoneSimulator.platform/Developer/Library/Frameworks -F /Applications/Xcode.app/Contents/Developer/Platforms/iPhoneSimulator.platform/Developer/SDKs/iPhoneSimulator26.5.sdk/Developer/Library/Frameworks -c -j10 -enable-batch-mode -incremental -Xcc -ivfsstatcache -Xcc /tmp/voxboard-notelet-verify-derived/SDKStatCaches.noindex/iphonesimulator26.5-23F73-6cfe768891a92b912361537c460fe42b.sdkstatcache -output-file-map /tmp/voxboard-notelet-verify-derived/Build/Intermediates.noindex/VoxboardShared.build/Debug-iphonesimulator/VoxboardShared.build/Objects-normal/arm64/VoxboardShared-OutputFileMap.json -use-frontend-parseable-output -save-temps -no-color-diagnostics -explicit-module-build -module-cache-path /tmp/voxboard-notelet-verify-derived/Build/Intermediates.noindex/SwiftExplicitPrecompiledModules -clang-scanner-module-cache-path /tmp/voxboard-notelet-verify-derived/ModuleCache.noindex -sdk-module-cache-path /tmp/voxboard-notelet-verify-derived/ModuleCache.noindex -serialize-diagnostics -emit-dependencies -emit-module -emit-module-path /tmp/voxboard-notelet-verify-derived/Build/Intermediates.noindex/VoxboardShared.build/Debug-iphonesimulator/VoxboardShared.build/Objects-normal/arm64/VoxboardShared.swiftmodule -validate-clang-modules-once -clang-build-session-file /tmp/voxboard-notelet-verify-derived/ModuleCache.noindex/Session.modulevalidation -package-name voxboardshared -Xcc -I/tmp/voxboard-notelet-verify-derived/Build/Intermediates.noindex/VoxboardShared.build/Debug-iphonesimulator/VoxboardShared.build/swift-overrides.hmap -emit-const-values -Xfrontend -const-gather-protocols-file -Xfrontend /tmp/voxboard-notelet-verify-derived/Build/Intermediates.noindex/VoxboardShared.build/Debug-iphonesimulator/VoxboardShared.build/Objects-normal/arm64/VoxboardShared_const_extract_protocols.json -Xcc -I/tmp/voxboard-notelet-verify-derived/SourcePackages/checkouts/FluidAudio/Sources/MachTaskSelfWrapper/include -Xcc -I/tmp/voxboard-notelet-verify-derived/SourcePackages/checkouts/FluidAudio/Sources/FastClusterWrapper/include -Xcc -I/tmp/voxboard-notelet-verify-derived/Build/Products/Debug-iphonesimulator/include -Xcc -I/tmp/voxboard-notelet-verify-derived/Build/Intermediates.noindex/VoxboardShared.build/Debug-iphonesimulator/VoxboardShared.build/DerivedSources-normal/arm64 -Xcc -I/tmp/voxboard-notelet-verify-derived/Build/Intermediates.noindex/VoxboardShared.build/Debug-iphonesimulator/VoxboardShared.build/DerivedSources/arm64 -Xcc -I/tmp/voxboard-notelet-verify-derived/Build/Intermediates.noindex/VoxboardShared.build/Debug-iphonesimulator/VoxboardShared.build/DerivedSources -Xcc -DSWIFT_PACKAGE -Xcc -DDEBUG\=1 -emit-objc-header -emit-objc-header-path /tmp/voxboard-notelet-verify-derived/Build/Intermediates.noindex/VoxboardShared.build/Debug-iphonesimulator/VoxboardShared.build/Objects-normal/arm64/VoxboardShared-Swift.h -working-directory /Users/codybontecou/projects/Voxboard/Voxboard.xcodeproj -experimental-emit-module-separately -disable-cmo

Ld /tmp/voxboard-notelet-verify-derived/Build/Products/Debug-iphonesimulator/VoxboardShared.o normal (in target 'VoxboardShared' from project 'VoxboardShared')
    cd /Users/codybontecou/projects/Voxboard/Packages/VoxboardShared
    /Applications/Xcode.app/Contents/Developer/Toolchains/XcodeDefault.xctoolchain/usr/bin/clang -Xlinker -reproducible -target arm64-apple-ios17.0-simulator -r -isysroot /Applications/Xcode.app/Contents/Developer/Platforms/iPhoneSimulator.platform/Developer/SDKs/iPhoneSimulator26.5.sdk -O0 -w -F/tmp/voxboard-notelet-verify-derived/Build/Intermediates.noindex/EagerLinkingTBDs/Debug-iphonesimulator -F/tmp/voxboard-notelet-verify-derived/Build/Products/Debug-iphonesimulator/PackageFrameworks -F/tmp/voxboard-notelet-verify-derived/Build/Products/Debug-iphonesimulator/PackageFrameworks -F/tmp/voxboard-notelet-verify-derived/Build/Products/Debug-iphonesimulator/PackageFrameworks -F/tmp/voxboard-notelet-verify-derived/Build/Products/Debug-iphonesimulator/PackageFrameworks -F/tmp/voxboard-notelet-verify-derived/Build/Products/Debug-iphonesimulator -iframework /Applications/Xcode.app/Contents/Developer/Platforms/iPhoneSimulator.platform/Developer/Library/Frameworks -iframework /Applications/Xcode.app/Contents/Developer/Platforms/iPhoneSimulator.platform/Developer/SDKs/iPhoneSimulator26.5.sdk/Developer/Library/Frameworks -filelist /tmp/voxboard-notelet-verify-derived/Build/Intermediates.noindex/VoxboardShared.build/Debug-iphonesimulator/VoxboardShared.build/Objects-normal/arm64/VoxboardShared.LinkFileList -nostdlib -Xlinker -object_path_lto -Xlinker /tmp/voxboard-notelet-verify-derived/Build/Intermediates.noindex/VoxboardShared.build/Debug-iphonesimulator/VoxboardShared.build/Objects-normal/arm64/VoxboardShared_lto.o -Xlinker -no_deduplicate -Xlinker -objc_abi_version -Xlinker 2 -Xlinker -dependency_info -Xlinker /tmp/voxboard-notelet-verify-derived/Build/Intermediates.noindex/VoxboardShared.build/Debug-iphonesimulator/VoxboardShared.build/Objects-normal/arm64/VoxboardShared_dependency_info.dat -fobjc-link-runtime -L/Applications/Xcode.app/Contents/Developer/Toolchains/XcodeDefault.xctoolchain/usr/lib/swift/iphonesimulator -L/usr/lib/swift -Xlinker -add_ast_path -Xlinker /tmp/voxboard-notelet-verify-derived/Build/Intermediates.noindex/VoxboardShared.build/Debug-iphonesimulator/VoxboardShared.build/Objects-normal/arm64/VoxboardShared.swiftmodule @/tmp/voxboard-notelet-verify-derived/Build/Intermediates.noindex/VoxboardShared.build/Debug-iphonesimulator/VoxboardShared.build/Objects-normal/arm64/VoxboardShared-linker-args.resp -o /tmp/voxboard-notelet-verify-derived/Build/Products/Debug-iphonesimulator/VoxboardShared.o

ExtractAppIntentsMetadata (in target 'VoxboardShared' from project 'VoxboardShared')
    cd /Users/codybontecou/projects/Voxboard/Packages/VoxboardShared
    /Applications/Xcode.app/Contents/Developer/Toolchains/XcodeDefault.xctoolchain/usr/bin/appintentsmetadataprocessor --toolchain-dir /Applications/Xcode.app/Contents/Developer/Toolchains/XcodeDefault.xctoolchain --module-name VoxboardShared --sdk-root /Applications/Xcode.app/Contents/Developer/Platforms/iPhoneSimulator.platform/Developer/SDKs/iPhoneSimulator26.5.sdk --xcode-version 17F42 --platform-family iOS --deployment-target 17.0 --bundle-identifier voxboardshared.VoxboardShared --output /tmp/voxboard-notelet-verify-derived/Build/Products/Debug-iphonesimulator/VoxboardShared.appintents --target-triple arm64-apple-ios17.0-simulator --binary-file /tmp/voxboard-notelet-verify-derived/Build/Products/Debug-iphonesimulator/VoxboardShared.o --dependency-file /tmp/voxboard-notelet-verify-derived/Build/Intermediates.noindex/VoxboardShared.build/Debug-iphonesimulator/VoxboardShared.build/Objects-normal/arm64/VoxboardShared_dependency_info.dat --stringsdata-file /tmp/voxboard-notelet-verify-derived/Build/Intermediates.noindex/VoxboardShared.build/Debug-iphonesimulator/VoxboardShared.build/Objects-normal/arm64/ExtractedAppShortcutsMetadata.stringsdata --source-file-list /tmp/voxboard-notelet-verify-derived/Build/Intermediates.noindex/VoxboardShared.build/Debug-iphonesimulator/VoxboardShared.build/Objects-normal/arm64/VoxboardShared.SwiftFileList --metadata-file-list /tmp/voxboard-notelet-verify-derived/Build/Intermediates.noindex/VoxboardShared.build/Debug-iphonesimulator/VoxboardShared.build/VoxboardShared.DependencyMetadataFileList --static-metadata-file-list /tmp/voxboard-notelet-verify-derived/Build/Intermediates.noindex/VoxboardShared.build/Debug-iphonesimulator/VoxboardShared.build/VoxboardShared.DependencyStaticMetadataFileList --swift-const-vals-list /tmp/voxboard-notelet-verify-derived/Build/Intermediates.noindex/VoxboardShared.build/Debug-iphonesimulator/VoxboardShared.build/Objects-normal/arm64/VoxboardShared.SwiftConstValuesFileList --force --compile-time-extraction --deployment-aware-processing --validate-assistant-intents --no-app-shortcuts-localization
2026-06-20 11:44:05.586 appintentsmetadataprocessor[96166:3727937] Starting appintentsmetadataprocessor export
2026-06-20 11:44:05.602 appintentsmetadataprocessor[96166:3727937] Extracted no relevant App Intents symbols, skipping writing output

RegisterExecutionPolicyException /tmp/voxboard-notelet-verify-derived/Build/Products/Debug-iphonesimulator/VoxboardShared.o (in target 'VoxboardShared' from project 'VoxboardShared')
    cd /Users/codybontecou/projects/Voxboard/Packages/VoxboardShared
    builtin-RegisterExecutionPolicyException /tmp/voxboard-notelet-verify-derived/Build/Products/Debug-iphonesimulator/VoxboardShared.o

ProcessInfoPlistFile /tmp/voxboard-notelet-verify-derived/Build/Products/Debug-iphonesimulator/Voxboard\ WidgetExtension.appex/Info.plist /Users/codybontecou/projects/Voxboard/Voxboard\ Widget/Info.plist (in target 'Voxboard WidgetExtension' from project 'Voxboard')
    cd /Users/codybontecou/projects/Voxboard
    builtin-infoPlistUtility /Users/codybontecou/projects/Voxboard/Voxboard\ Widget/Info.plist -producttype com.apple.product-type.app-extension -expandbuildsettings -format binary -platform iphonesimulator -additionalcontentfile /tmp/voxboard-notelet-verify-derived/Build/Intermediates.noindex/Voxboard.build/Debug-iphonesimulator/Voxboard\ WidgetExtension.build/assetcatalog_generated_info.plist -o /tmp/voxboard-notelet-verify-derived/Build/Products/Debug-iphonesimulator/Voxboard\ WidgetExtension.appex/Info.plist

Ld /tmp/voxboard-notelet-verify-derived/Build/Products/Debug-iphonesimulator/Voxboard\ WidgetExtension.appex/__preview.dylib normal (in target 'Voxboard WidgetExtension' from project 'Voxboard')
    cd /Users/codybontecou/projects/Voxboard
    /Applications/Xcode.app/Contents/Developer/Toolchains/XcodeDefault.xctoolchain/usr/bin/clang -Xlinker -reproducible -target arm64-apple-ios26.2-simulator -dynamiclib -isysroot /Applications/Xcode.app/Contents/Developer/Platforms/iPhoneSimulator.platform/Developer/SDKs/iPhoneSimulator26.5.sdk -O0 -L/tmp/voxboard-notelet-verify-derived/Build/Products/Debug-iphonesimulator -F/tmp/voxboard-notelet-verify-derived/Build/Products/Debug-iphonesimulator/PackageFrameworks -F/tmp/voxboard-notelet-verify-derived/Build/Products/Debug-iphonesimulator/PackageFrameworks -F/tmp/voxboard-notelet-verify-derived/Build/Products/Debug-iphonesimulator/PackageFrameworks -F/tmp/voxboard-notelet-verify-derived/Build/Products/Debug-iphonesimulator/PackageFrameworks -F/tmp/voxboard-notelet-verify-derived/Build/Products/Debug-iphonesimulator/PackageFrameworks -F/tmp/voxboard-notelet-verify-derived/Build/Products/Debug-iphonesimulator -install_name @rpath/Voxboard\ WidgetExtension.debug.dylib -Xlinker -dead_strip -rdynamic -Xlinker -no_deduplicate -Xlinker -objc_abi_version -Xlinker 2 -Xlinker -dependency_info -Xlinker /tmp/voxboard-notelet-verify-derived/Build/Intermediates.noindex/Voxboard.build/Debug-iphonesimulator/Voxboard\ WidgetExtension.build/Objects-normal/arm64/Voxboard\ WidgetExtension_dependency_info.dat -Xlinker -sectcreate -Xlinker __TEXT -Xlinker __entitlements -Xlinker /tmp/voxboard-notelet-verify-derived/Build/Intermediates.noindex/Voxboard.build/Debug-iphonesimulator/Voxboard\ WidgetExtension.build/Voxboard\ WidgetExtension.appex-Simulated.xcent -Xlinker -sectcreate -Xlinker __TEXT -Xlinker __ents_der -Xlinker /tmp/voxboard-notelet-verify-derived/Build/Intermediates.noindex/Voxboard.build/Debug-iphonesimulator/Voxboard\ WidgetExtension.build/Voxboard\ WidgetExtension.appex-Simulated.xcent.der -Xlinker -no_adhoc_codesign -o /tmp/voxboard-notelet-verify-derived/Build/Products/Debug-iphonesimulator/Voxboard\ WidgetExtension.appex/__preview.dylib

ProcessInfoPlistFile /tmp/voxboard-notelet-verify-derived/Build/Products/Debug-iphonesimulator/Voxboard\ Keyboard.appex/Info.plist /Users/codybontecou/projects/Voxboard/Voxboard\ Keyboard/Info.plist (in target 'Voxboard Keyboard' from project 'Voxboard')
    cd /Users/codybontecou/projects/Voxboard
    builtin-infoPlistUtility /Users/codybontecou/projects/Voxboard/Voxboard\ Keyboard/Info.plist -producttype com.apple.product-type.app-extension -expandbuildsettings -format binary -platform iphonesimulator -o /tmp/voxboard-notelet-verify-derived/Build/Products/Debug-iphonesimulator/Voxboard\ Keyboard.appex/Info.plist

Ld /tmp/voxboard-notelet-verify-derived/Build/Products/Debug-iphonesimulator/Voxboard\ Keyboard.appex/__preview.dylib normal (in target 'Voxboard Keyboard' from project 'Voxboard')
    cd /Users/codybontecou/projects/Voxboard
    /Applications/Xcode.app/Contents/Developer/Toolchains/XcodeDefault.xctoolchain/usr/bin/clang -Xlinker -reproducible -target arm64-apple-ios17.6-simulator -dynamiclib -isysroot /Applications/Xcode.app/Contents/Developer/Platforms/iPhoneSimulator.platform/Developer/SDKs/iPhoneSimulator26.5.sdk -O0 -L/tmp/voxboard-notelet-verify-derived/Build/Products/Debug-iphonesimulator -F/tmp/voxboard-notelet-verify-derived/Build/Products/Debug-iphonesimulator/PackageFrameworks -F/tmp/voxboard-notelet-verify-derived/Build/Products/Debug-iphonesimulator/PackageFrameworks -F/tmp/voxboard-notelet-verify-derived/Build/Products/Debug-iphonesimulator/PackageFrameworks -F/tmp/voxboard-notelet-verify-derived/Build/Products/Debug-iphonesimulator/PackageFrameworks -F/tmp/voxboard-notelet-verify-derived/Build/Products/Debug-iphonesimulator/PackageFrameworks -F/tmp/voxboard-notelet-verify-derived/Build/Products/Debug-iphonesimulator -install_name @rpath/Voxboard\ Keyboard.debug.dylib -Xlinker -dead_strip -rdynamic -Xlinker -no_deduplicate -Xlinker -objc_abi_version -Xlinker 2 -Xlinker -dependency_info -Xlinker /tmp/voxboard-notelet-verify-derived/Build/Intermediates.noindex/Voxboard.build/Debug-iphonesimulator/Voxboard\ Keyboard.build/Objects-normal/arm64/Voxboard\ Keyboard_dependency_info.dat -Xlinker -sectcreate -Xlinker __TEXT -Xlinker __entitlements -Xlinker /tmp/voxboard-notelet-verify-derived/Build/Intermediates.noindex/Voxboard.build/Debug-iphonesimulator/Voxboard\ Keyboard.build/Voxboard\ Keyboard.appex-Simulated.xcent -Xlinker -sectcreate -Xlinker __TEXT -Xlinker __ents_der -Xlinker /tmp/voxboard-notelet-verify-derived/Build/Intermediates.noindex/Voxboard.build/Debug-iphonesimulator/Voxboard\ Keyboard.build/Voxboard\ Keyboard.appex-Simulated.xcent.der -Xlinker -no_adhoc_codesign -o /tmp/voxboard-notelet-verify-derived/Build/Products/Debug-iphonesimulator/Voxboard\ Keyboard.appex/__preview.dylib

SwiftExplicitDependencyGeneratePcm x86_64 /tmp/voxboard-notelet-verify-derived/ModuleCache.noindex/MapKit-1GX99P8WWIBY5CHEHXZ9LN3D5.pcm

SwiftExplicitDependencyGeneratePcm x86_64 /tmp/voxboard-notelet-verify-derived/ModuleCache.noindex/HomeKit-1YBAOEE6JKP7JZP4KA2XOM1AO.pcm

SwiftExplicitDependencyGeneratePcm arm64 /tmp/voxboard-notelet-verify-derived/ModuleCache.noindex/DeveloperToolsSupport-85FXJ4Y1P6OGUAHY9CIZIG92T.pcm

SwiftExplicitDependencyGeneratePcm arm64 /tmp/voxboard-notelet-verify-derived/ModuleCache.noindex/ptrcheck-72UIY6WPLVWAECY7I78YQOW35.pcm

SwiftExplicitDependencyGeneratePcm arm64 /tmp/voxboard-notelet-verify-derived/ModuleCache.noindex/SwiftShims-9NBB89XV0IKQAXGTK2MCDIT2.pcm

SwiftExplicitDependencyGeneratePcm arm64 /tmp/voxboard-notelet-verify-derived/ModuleCache.noindex/_Builtin_float-XWC5WXP2ZY26L7UT9MCPAL01.pcm

SwiftExplicitDependencyGeneratePcm arm64 /tmp/voxboard-notelet-verify-derived/ModuleCache.noindex/ActivityKit-CLSENB9QPSQ156YHBB8AW9HR6.pcm

SwiftExplicitDependencyGeneratePcm arm64 /tmp/voxboard-notelet-verify-derived/ModuleCache.noindex/ptrauth-DT60RRXZ1NSXKC0EI7FQHGE4Q.pcm

SwiftExplicitDependencyGeneratePcm arm64 /tmp/voxboard-notelet-verify-derived/ModuleCache.noindex/_SwiftConcurrencyShims-DLR1NSXLW628A4QHSWC5N6WY4.pcm

SwiftExplicitDependencyGeneratePcm arm64 /tmp/voxboard-notelet-verify-derived/ModuleCache.noindex/_Builtin_stdbool-DJWGVAAXKM22KHHFBWWGNV3HT.pcm

SwiftExplicitDependencyGeneratePcm arm64 /tmp/voxboard-notelet-verify-derived/ModuleCache.noindex/_AvailabilityInternal-74URAYSZUGJB84J27LL95YQ9O.pcm

SwiftExplicitDependencyGeneratePcm x86_64 /tmp/voxboard-notelet-verify-derived/ModuleCache.noindex/WatchKit-7LX6GZWBVWUGHJEN4OCCFA3G.pcm

SwiftExplicitDependencyGeneratePcm arm64 /tmp/voxboard-notelet-verify-derived/ModuleCache.noindex/HomeKit-KOQOBB16TORD8QN0B2UA7N4C.pcm

SwiftExplicitDependencyGeneratePcm arm64 /tmp/voxboard-notelet-verify-derived/ModuleCache.noindex/_Builtin_stdarg-9C3XRJHFDE7GAA3J41W7QYZC7.pcm

SwiftExplicitDependencyGeneratePcm arm64 /tmp/voxboard-notelet-verify-derived/ModuleCache.noindex/MapKit-D7YYVR990JIB04UXQLQ6GO6ZS.pcm

SwiftExplicitDependencyGeneratePcm arm64 /tmp/voxboard-notelet-verify-derived/ModuleCache.noindex/_Builtin_stddef-8JHFHVRSTKKP15JEYO1SKT0DE.pcm

SwiftExplicitDependencyGeneratePcm arm64 /tmp/voxboard-notelet-verify-derived/ModuleCache.noindex/_DarwinFoundation1-7VNCC4KQOGK1OZFGOZLHD410H.pcm

SwiftExplicitDependencyGeneratePcm arm64 /tmp/voxboard-notelet-verify-derived/Build/Intermediates.noindex/SwiftExplicitPrecompiledModules/FastClusterWrapper-6U1AMUIPYW9958C0QASKF9DHB.pcm

SwiftExplicitDependencyGeneratePcm arm64 /tmp/voxboard-notelet-verify-derived/ModuleCache.noindex/ExtensionFoundation-622QGNF0F6OZFAG99KRJKXCSE.pcm

SwiftExplicitDependencyGeneratePcm arm64 /tmp/voxboard-notelet-verify-derived/ModuleCache.noindex/_DarwinFoundation2-KV9AGZBN711LEICH6XGG8TEG.pcm

SwiftExplicitDependencyGeneratePcm arm64 /tmp/voxboard-notelet-verify-derived/ModuleCache.noindex/_Builtin_limits-1I6I6HTJTH83PCTP2M2ALZZ4Q.pcm

SwiftExplicitDependencyGeneratePcm x86_64 /tmp/voxboard-notelet-verify-derived/ModuleCache.noindex/SwiftUI-6XOX281FRQMJIAXH1PZR6WLRB.pcm

SwiftExplicitDependencyGeneratePcm arm64 /tmp/voxboard-notelet-verify-derived/ModuleCache.noindex/WatchKit-2XBNUN857UHA0INHQBY3HFOKK.pcm

SwiftEmitModule normal x86_64 Emitting\ module\ for\ Voxboard_Watch (in target 'Voxboard Watch' from project 'Voxboard')
EmitSwiftModule normal x86_64 (in target 'Voxboard Watch' from project 'Voxboard')
    cd /Users/codybontecou/projects/Voxboard


SwiftCompile normal x86_64 Compiling\ WatchLocalRecorder.swift /Users/codybontecou/projects/Voxboard/Voxboard\ Watch/WatchLocalRecorder.swift (in target 'Voxboard Watch' from project 'Voxboard')
SwiftCompile normal x86_64 /Users/codybontecou/projects/Voxboard/Voxboard\ Watch/WatchLocalRecorder.swift (in target 'Voxboard Watch' from project 'Voxboard')
    cd /Users/codybontecou/projects/Voxboard


SwiftCompile normal x86_64 Compiling\ WatchPhoneBridge.swift /Users/codybontecou/projects/Voxboard/Voxboard\ Watch\ Shared/WatchPhoneBridge.swift (in target 'Voxboard Watch' from project 'Voxboard')

SwiftCompile normal x86_64 /Users/codybontecou/projects/Voxboard/Voxboard\ Watch\ Shared/WatchPhoneBridge.swift (in target 'Voxboard Watch' from project 'Voxboard')
    cd /Users/codybontecou/projects/Voxboard


SwiftCompile normal x86_64 Compiling\ WatchRecorderView.swift /Users/codybontecou/projects/Voxboard/Voxboard\ Watch/WatchRecorderView.swift (in target 'Voxboard Watch' from project 'Voxboard')

SwiftCompile normal x86_64 /Users/codybontecou/projects/Voxboard/Voxboard\ Watch/WatchRecorderView.swift (in target 'Voxboard Watch' from project 'Voxboard')
    cd /Users/codybontecou/projects/Voxboard


SwiftCompile normal x86_64 Compiling\ VoxboardWatchApp.swift /Users/codybontecou/projects/Voxboard/Voxboard\ Watch/VoxboardWatchApp.swift (in target 'Voxboard Watch' from project 'Voxboard')

SwiftCompile normal x86_64 /Users/codybontecou/projects/Voxboard/Voxboard\ Watch/VoxboardWatchApp.swift (in target 'Voxboard Watch' from project 'Voxboard')
    cd /Users/codybontecou/projects/Voxboard


SwiftCompile normal x86_64 Compiling\ GeneratedAssetSymbols.swift /tmp/voxboard-notelet-verify-derived/Build/Intermediates.noindex/Voxboard.build/Debug-watchsimulator/Voxboard\ Watch.build/DerivedSources/GeneratedAssetSymbols.swift (in target 'Voxboard Watch' from project 'Voxboard')

SwiftCompile normal x86_64 /tmp/voxboard-notelet-verify-derived/Build/Intermediates.noindex/Voxboard.build/Debug-watchsimulator/Voxboard\ Watch.build/DerivedSources/GeneratedAssetSymbols.swift (in target 'Voxboard Watch' from project 'Voxboard')
    cd /Users/codybontecou/projects/Voxboard


SwiftExplicitDependencyGeneratePcm arm64 /tmp/voxboard-notelet-verify-derived/ModuleCache.noindex/sys_types-AOZY9F1TR6N09UMZNIDKYIY13.pcm

SwiftExplicitDependencyGeneratePcm arm64 /tmp/voxboard-notelet-verify-derived/ModuleCache.noindex/_Builtin_stdint-5WFFX2VK5D23HGUN500FUFXL2.pcm

SwiftExplicitDependencyGeneratePcm arm64 /tmp/voxboard-notelet-verify-derived/ModuleCache.noindex/_Builtin_tgmath-88PNW268LJZZH20VNV3R8FCS6.pcm

SwiftExplicitDependencyGeneratePcm arm64 /tmp/voxboard-notelet-verify-derived/ModuleCache.noindex/_Builtin_intrinsics-9B3WMHSIBYYHJE80R0G0VI8PS.pcm

SwiftExplicitDependencyGeneratePcm arm64 /tmp/voxboard-notelet-verify-derived/ModuleCache.noindex/_Builtin_stdatomic-EHHV9BDR5OE1P67U8I9YQEVJU.pcm

SwiftExplicitDependencyGeneratePcm arm64 /tmp/voxboard-notelet-verify-derived/Build/Intermediates.noindex/SwiftExplicitPrecompiledModules/whisper-2UB5OO592QOR1ZH86DFIRO8A9.pcm

SwiftExplicitDependencyGeneratePcm arm64 /tmp/voxboard-notelet-verify-derived/ModuleCache.noindex/_DarwinFoundation3-9SU8C7FHEE0JVP04MYO69PKN.pcm

SwiftExplicitDependencyGeneratePcm arm64 /tmp/voxboard-notelet-verify-derived/ModuleCache.noindex/SwiftUI-DVEQVNW5C0H5SFIOZPREOX8VM.pcm

SwiftExplicitDependencyGeneratePcm arm64 /tmp/voxboard-notelet-verify-derived/ModuleCache.noindex/_Builtin_inttypes-6S38C56VHK9RSVTRT55VM4M27.pcm

SwiftEmitModule normal arm64 Emitting\ module\ for\ Voxboard_Watch (in target 'Voxboard Watch' from project 'Voxboard')

EmitSwiftModule normal arm64 (in target 'Voxboard Watch' from project 'Voxboard')
    cd /Users/codybontecou/projects/Voxboard


SwiftCompile normal arm64 Compiling\ WatchPhoneBridge.swift /Users/codybontecou/projects/Voxboard/Voxboard\ Watch\ Shared/WatchPhoneBridge.swift (in target 'Voxboard Watch' from project 'Voxboard')

SwiftCompile normal arm64 /Users/codybontecou/projects/Voxboard/Voxboard\ Watch\ Shared/WatchPhoneBridge.swift (in target 'Voxboard Watch' from project 'Voxboard')
    cd /Users/codybontecou/projects/Voxboard


SwiftCompile normal arm64 Compiling\ WatchRecorderView.swift /Users/codybontecou/projects/Voxboard/Voxboard\ Watch/WatchRecorderView.swift (in target 'Voxboard Watch' from project 'Voxboard')

SwiftCompile normal arm64 /Users/codybontecou/projects/Voxboard/Voxboard\ Watch/WatchRecorderView.swift (in target 'Voxboard Watch' from project 'Voxboard')
    cd /Users/codybontecou/projects/Voxboard


SwiftDriverJobDiscovery normal x86_64 Compiling GeneratedAssetSymbols.swift (in target 'Voxboard Watch' from project 'Voxboard')

SwiftCompile normal arm64 Compiling\ VoxboardWatchApp.swift /Users/codybontecou/projects/Voxboard/Voxboard\ Watch/VoxboardWatchApp.swift (in target 'Voxboard Watch' from project 'Voxboard')

SwiftCompile normal arm64 /Users/codybontecou/projects/Voxboard/Voxboard\ Watch/VoxboardWatchApp.swift (in target 'Voxboard Watch' from project 'Voxboard')
    cd /Users/codybontecou/projects/Voxboard


SwiftExplicitDependencyGeneratePcm arm64 /tmp/voxboard-notelet-verify-derived/ModuleCache.noindex/Darwin-AZ6K9COSG90PGM26FR5D7U2MR.pcm

SwiftExplicitDependencyGeneratePcm arm64 /tmp/voxboard-notelet-verify-derived/ModuleCache.noindex/simd-B3ZJ8E9N801UVM02J92T6E9OX.pcm

SwiftDriverJobDiscovery normal x86_64 Compiling VoxboardWatchApp.swift (in target 'Voxboard Watch' from project 'Voxboard')

SwiftCompile normal arm64 Compiling\ GeneratedAssetSymbols.swift /tmp/voxboard-notelet-verify-derived/Build/Intermediates.noindex/Voxboard.build/Debug-watchsimulator/Voxboard\ Watch.build/DerivedSources/GeneratedAssetSymbols.swift (in target 'Voxboard Watch' from project 'Voxboard')

SwiftCompile normal arm64 /tmp/voxboard-notelet-verify-derived/Build/Intermediates.noindex/Voxboard.build/Debug-watchsimulator/Voxboard\ Watch.build/DerivedSources/GeneratedAssetSymbols.swift (in target 'Voxboard Watch' from project 'Voxboard')
    cd /Users/codybontecou/projects/Voxboard


SwiftDriverJobDiscovery normal x86_64 Emitting module for Voxboard_Watch (in target 'Voxboard Watch' from project 'Voxboard')

SwiftDriver\ Compilation\ Requirements Voxboard\ Watch normal x86_64 com.apple.xcode.tools.swift.compiler (in target 'Voxboard Watch' from project 'Voxboard')
    cd /Users/codybontecou/projects/Voxboard
    builtin-Swift-Compilation-Requirements -- /Applications/Xcode.app/Contents/Developer/Toolchains/XcodeDefault.xctoolchain/usr/bin/swiftc -module-name Voxboard_Watch -Onone @/tmp/voxboard-notelet-verify-derived/Build/Intermediates.noindex/Voxboard.build/Debug-watchsimulator/Voxboard\ Watch.build/Objects-normal/x86_64/Voxboard\ Watch.SwiftFileList -DDEBUG -enable-bare-slash-regex -enable-experimental-feature DebugDescriptionMacro -sdk /Applications/Xcode.app/Contents/Developer/Platforms/WatchSimulator.platform/Developer/SDKs/WatchSimulator26.5.sdk -target x86_64-apple-watchos10.0-simulator -g -module-cache-path /tmp/voxboard-notelet-verify-derived/ModuleCache.noindex -Xfrontend -serialize-debugging-options -enable-testing -index-store-path /tmp/voxboard-notelet-verify-derived/Index.noindex/DataStore -Xcc -D_LIBCPP_HARDENING_MODE\=_LIBCPP_HARDENING_MODE_DEBUG -swift-version 5 -I /tmp/voxboard-notelet-verify-derived/Build/Products/Debug-watchsimulator -F /tmp/voxboard-notelet-verify-derived/Build/Products/Debug-watchsimulator -emit-localized-strings -emit-localized-strings-path /tmp/voxboard-notelet-verify-derived/Build/Intermediates.noindex/Voxboard.build/Debug-watchsimulator/Voxboard\ Watch.build/Objects-normal/x86_64 -c -j10 -enable-batch-mode -incremental -Xcc -ivfsstatcache -Xcc /tmp/voxboard-notelet-verify-derived/SDKStatCaches.noindex/watchsimulator26.5-23T570-1651579a441f1322ae888f0ed545cb80.sdkstatcache -output-file-map /tmp/voxboard-notelet-verify-derived/Build/Intermediates.noindex/Voxboard.build/Debug-watchsimulator/Voxboard\ Watch.build/Objects-normal/x86_64/Voxboard\ Watch-OutputFileMap.json -use-frontend-parseable-output -save-temps -no-color-diagnostics -explicit-module-build -module-cache-path /tmp/voxboard-notelet-verify-derived/Build/Intermediates.noindex/SwiftExplicitPrecompiledModules -clang-scanner-module-cache-path /tmp/voxboard-notelet-verify-derived/ModuleCache.noindex -sdk-module-cache-path /tmp/voxboard-notelet-verify-derived/ModuleCache.noindex -serialize-diagnostics -emit-dependencies -emit-module -emit-module-path /tmp/voxboard-notelet-verify-derived/Build/Intermediates.noindex/Voxboard.build/Debug-watchsimulator/Voxboard\ Watch.build/Objects-normal/x86_64/Voxboard_Watch.swiftmodule -validate-clang-modules-once -clang-build-session-file /tmp/voxboard-notelet-verify-derived/ModuleCache.noindex/Session.modulevalidation -Xcc -I/tmp/voxboard-notelet-verify-derived/Build/Intermediates.noindex/Voxboard.build/Debug-watchsimulator/Voxboard\ Watch.build/swift-overrides.hmap -emit-const-values -Xfrontend -const-gather-protocols-file -Xfrontend /tmp/voxboard-notelet-verify-derived/Build/Intermediates.noindex/Voxboard.build/Debug-watchsimulator/Voxboard\ Watch.build/Objects-normal/x86_64/Voxboard\ Watch_const_extract_protocols.json -Xcc -iquote -Xcc /tmp/voxboard-notelet-verify-derived/Build/Intermediates.noindex/Voxboard.build/Debug-watchsimulator/Voxboard\ Watch.build/Voxboard\ Watch-generated-files.hmap -Xcc -I/tmp/voxboard-notelet-verify-derived/Build/Intermediates.noindex/Voxboard.build/Debug-watchsimulator/Voxboard\ Watch.build/Voxboard\ Watch-own-target-headers.hmap -Xcc -I/tmp/voxboard-notelet-verify-derived/Build/Intermediates.noindex/Voxboard.build/Debug-watchsimulator/Voxboard\ Watch.build/Voxboard\ Watch-all-non-framework-target-headers.hmap -Xcc -ivfsoverlay -Xcc /tmp/voxboard-notelet-verify-derived/Build/Intermediates.noindex/Voxboard.build/Debug-watchsimulator/Voxboard-8d6c3ba71b53f8320d7c577fe4b80237-VFS-watchsimulator/all-product-headers.yaml -Xcc -iquote -Xcc /tmp/voxboard-notelet-verify-derived/Build/Intermediates.noindex/Voxboard.build/Debug-watchsimulator/Voxboard\ Watch.build/Voxboard\ Watch-project-headers.hmap -Xcc -I/tmp/voxboard-notelet-verify-derived/Build/Products/Debug-watchsimulator/include -Xcc -I/tmp/voxboard-notelet-verify-derived/Build/Intermediates.noindex/Voxboard.build/Debug-watchsimulator/Voxboard\ Watch.build/DerivedSources-normal/x86_64 -Xcc -I/tmp/voxboard-notelet-verify-derived/Build/Intermediates.noindex/Voxboard.build/Debug-watchsimulator/Voxboard\ Watch.build/DerivedSources/x86_64 -Xcc -I/tmp/voxboard-notelet-verify-derived/Build/Intermediates.noindex/Voxboard.build/Debug-watchsimulator/Voxboard\ Watch.build/DerivedSources -Xcc -DDEBUG\=1 -emit-objc-header -emit-objc-header-path /tmp/voxboard-notelet-verify-derived/Build/Intermediates.noindex/Voxboard.build/Debug-watchsimulator/Voxboard\ Watch.build/Objects-normal/x86_64/Voxboard_Watch-Swift.h -working-directory /Users/codybontecou/projects/Voxboard -experimental-emit-module-separately -disable-cmo

SwiftDriverJobDiscovery normal arm64 Compiling VoxboardWatchApp.swift (in target 'Voxboard Watch' from project 'Voxboard')

SwiftCompile normal arm64 Compiling\ WatchLocalRecorder.swift /Users/codybontecou/projects/Voxboard/Voxboard\ Watch/WatchLocalRecorder.swift (in target 'Voxboard Watch' from project 'Voxboard')
SwiftCompile normal arm64 /Users/codybontecou/projects/Voxboard/Voxboard\ Watch/WatchLocalRecorder.swift (in target 'Voxboard Watch' from project 'Voxboard')
    cd /Users/codybontecou/projects/Voxboard


SwiftDriverJobDiscovery normal arm64 Compiling GeneratedAssetSymbols.swift (in target 'Voxboard Watch' from project 'Voxboard')

Copy /tmp/voxboard-notelet-verify-derived/Build/Products/Debug-watchsimulator/Voxboard_Watch.swiftmodule/x86_64-apple-watchos-simulator.swiftmodule /tmp/voxboard-notelet-verify-derived/Build/Intermediates.noindex/Voxboard.build/Debug-watchsimulator/Voxboard\ Watch.build/Objects-normal/x86_64/Voxboard_Watch.swiftmodule (in target 'Voxboard Watch' from project 'Voxboard')
    cd /Users/codybontecou/projects/Voxboard
    builtin-copy -exclude .DS_Store -exclude CVS -exclude .svn -exclude .git -exclude .hg -resolve-src-symlinks -rename /tmp/voxboard-notelet-verify-derived/Build/Intermediates.noindex/Voxboard.build/Debug-watchsimulator/Voxboard\ Watch.build/Objects-normal/x86_64/Voxboard_Watch.swiftmodule /tmp/voxboard-notelet-verify-derived/Build/Products/Debug-watchsimulator/Voxboard_Watch.swiftmodule/x86_64-apple-watchos-simulator.swiftmodule

Copy /tmp/voxboard-notelet-verify-derived/Build/Products/Debug-watchsimulator/Voxboard_Watch.swiftmodule/x86_64-apple-watchos-simulator.swiftdoc /tmp/voxboard-notelet-verify-derived/Build/Intermediates.noindex/Voxboard.build/Debug-watchsimulator/Voxboard\ Watch.build/Objects-normal/x86_64/Voxboard_Watch.swiftdoc (in target 'Voxboard Watch' from project 'Voxboard')
    cd /Users/codybontecou/projects/Voxboard
    builtin-copy -exclude .DS_Store -exclude CVS -exclude .svn -exclude .git -exclude .hg -resolve-src-symlinks -rename /tmp/voxboard-notelet-verify-derived/Build/Intermediates.noindex/Voxboard.build/Debug-watchsimulator/Voxboard\ Watch.build/Objects-normal/x86_64/Voxboard_Watch.swiftdoc /tmp/voxboard-notelet-verify-derived/Build/Products/Debug-watchsimulator/Voxboard_Watch.swiftmodule/x86_64-apple-watchos-simulator.swiftdoc

Copy /tmp/voxboard-notelet-verify-derived/Build/Products/Debug-watchsimulator/Voxboard_Watch.swiftmodule/x86_64-apple-watchos-simulator.abi.json /tmp/voxboard-notelet-verify-derived/Build/Intermediates.noindex/Voxboard.build/Debug-watchsimulator/Voxboard\ Watch.build/Objects-normal/x86_64/Voxboard_Watch.abi.json (in target 'Voxboard Watch' from project 'Voxboard')
    cd /Users/codybontecou/projects/Voxboard
    builtin-copy -exclude .DS_Store -exclude CVS -exclude .svn -exclude .git -exclude .hg -resolve-src-symlinks -rename /tmp/voxboard-notelet-verify-derived/Build/Intermediates.noindex/Voxboard.build/Debug-watchsimulator/Voxboard\ Watch.build/Objects-normal/x86_64/Voxboard_Watch.abi.json /tmp/voxboard-notelet-verify-derived/Build/Products/Debug-watchsimulator/Voxboard_Watch.swiftmodule/x86_64-apple-watchos-simulator.abi.json

Copy /tmp/voxboard-notelet-verify-derived/Build/Products/Debug-watchsimulator/Voxboard_Watch.swiftmodule/Project/x86_64-apple-watchos-simulator.swiftsourceinfo /tmp/voxboard-notelet-verify-derived/Build/Intermediates.noindex/Voxboard.build/Debug-watchsimulator/Voxboard\ Watch.build/Objects-normal/x86_64/Voxboard_Watch.swiftsourceinfo (in target 'Voxboard Watch' from project 'Voxboard')
    cd /Users/codybontecou/projects/Voxboard
    builtin-copy -exclude .DS_Store -exclude CVS -exclude .svn -exclude .git -exclude .hg -resolve-src-symlinks -rename /tmp/voxboard-notelet-verify-derived/Build/Intermediates.noindex/Voxboard.build/Debug-watchsimulator/Voxboard\ Watch.build/Objects-normal/x86_64/Voxboard_Watch.swiftsourceinfo /tmp/voxboard-notelet-verify-derived/Build/Products/Debug-watchsimulator/Voxboard_Watch.swiftmodule/Project/x86_64-apple-watchos-simulator.swiftsourceinfo

SwiftDriverJobDiscovery normal arm64 Emitting module for Voxboard_Watch (in target 'Voxboard Watch' from project 'Voxboard')

SwiftDriver\ Compilation\ Requirements Voxboard\ Watch normal arm64 com.apple.xcode.tools.swift.compiler (in target 'Voxboard Watch' from project 'Voxboard')
    cd /Users/codybontecou/projects/Voxboard
    builtin-Swift-Compilation-Requirements -- /Applications/Xcode.app/Contents/Developer/Toolchains/XcodeDefault.xctoolchain/usr/bin/swiftc -module-name Voxboard_Watch -Onone @/tmp/voxboard-notelet-verify-derived/Build/Intermediates.noindex/Voxboard.build/Debug-watchsimulator/Voxboard\ Watch.build/Objects-normal/arm64/Voxboard\ Watch.SwiftFileList -DDEBUG -enable-bare-slash-regex -enable-experimental-feature DebugDescriptionMacro -sdk /Applications/Xcode.app/Contents/Developer/Platforms/WatchSimulator.platform/Developer/SDKs/WatchSimulator26.5.sdk -target arm64-apple-watchos10.0-simulator -g -module-cache-path /tmp/voxboard-notelet-verify-derived/ModuleCache.noindex -Xfrontend -serialize-debugging-options -enable-testing -index-store-path /tmp/voxboard-notelet-verify-derived/Index.noindex/DataStore -Xcc -D_LIBCPP_HARDENING_MODE\=_LIBCPP_HARDENING_MODE_DEBUG -swift-version 5 -I /tmp/voxboard-notelet-verify-derived/Build/Products/Debug-watchsimulator -F /tmp/voxboard-notelet-verify-derived/Build/Products/Debug-watchsimulator -emit-localized-strings -emit-localized-strings-path /tmp/voxboard-notelet-verify-derived/Build/Intermediates.noindex/Voxboard.build/Debug-watchsimulator/Voxboard\ Watch.build/Objects-normal/arm64 -c -j10 -enable-batch-mode -incremental -Xcc -ivfsstatcache -Xcc /tmp/voxboard-notelet-verify-derived/SDKStatCaches.noindex/watchsimulator26.5-23T570-1651579a441f1322ae888f0ed545cb80.sdkstatcache -output-file-map /tmp/voxboard-notelet-verify-derived/Build/Intermediates.noindex/Voxboard.build/Debug-watchsimulator/Voxboard\ Watch.build/Objects-normal/arm64/Voxboard\ Watch-OutputFileMap.json -use-frontend-parseable-output -save-temps -no-color-diagnostics -explicit-module-build -module-cache-path /tmp/voxboard-notelet-verify-derived/Build/Intermediates.noindex/SwiftExplicitPrecompiledModules -clang-scanner-module-cache-path /tmp/voxboard-notelet-verify-derived/ModuleCache.noindex -sdk-module-cache-path /tmp/voxboard-notelet-verify-derived/ModuleCache.noindex -serialize-diagnostics -emit-dependencies -emit-module -emit-module-path /tmp/voxboard-notelet-verify-derived/Build/Intermediates.noindex/Voxboard.build/Debug-watchsimulator/Voxboard\ Watch.build/Objects-normal/arm64/Voxboard_Watch.swiftmodule -validate-clang-modules-once -clang-build-session-file /tmp/voxboard-notelet-verify-derived/ModuleCache.noindex/Session.modulevalidation -Xcc -I/tmp/voxboard-notelet-verify-derived/Build/Intermediates.noindex/Voxboard.build/Debug-watchsimulator/Voxboard\ Watch.build/swift-overrides.hmap -emit-const-values -Xfrontend -const-gather-protocols-file -Xfrontend /tmp/voxboard-notelet-verify-derived/Build/Intermediates.noindex/Voxboard.build/Debug-watchsimulator/Voxboard\ Watch.build/Objects-normal/arm64/Voxboard\ Watch_const_extract_protocols.json -Xcc -iquote -Xcc /tmp/voxboard-notelet-verify-derived/Build/Intermediates.noindex/Voxboard.build/Debug-watchsimulator/Voxboard\ Watch.build/Voxboard\ Watch-generated-files.hmap -Xcc -I/tmp/voxboard-notelet-verify-derived/Build/Intermediates.noindex/Voxboard.build/Debug-watchsimulator/Voxboard\ Watch.build/Voxboard\ Watch-own-target-headers.hmap -Xcc -I/tmp/voxboard-notelet-verify-derived/Build/Intermediates.noindex/Voxboard.build/Debug-watchsimulator/Voxboard\ Watch.build/Voxboard\ Watch-all-non-framework-target-headers.hmap -Xcc -ivfsoverlay -Xcc /tmp/voxboard-notelet-verify-derived/Build/Intermediates.noindex/Voxboard.build/Debug-watchsimulator/Voxboard-8d6c3ba71b53f8320d7c577fe4b80237-VFS-watchsimulator/all-product-headers.yaml -Xcc -iquote -Xcc /tmp/voxboard-notelet-verify-derived/Build/Intermediates.noindex/Voxboard.build/Debug-watchsimulator/Voxboard\ Watch.build/Voxboard\ Watch-project-headers.hmap -Xcc -I/tmp/voxboard-notelet-verify-derived/Build/Products/Debug-watchsimulator/include -Xcc -I/tmp/voxboard-notelet-verify-derived/Build/Intermediates.noindex/Voxboard.build/Debug-watchsimulator/Voxboard\ Watch.build/DerivedSources-normal/arm64 -Xcc -I/tmp/voxboard-notelet-verify-derived/Build/Intermediates.noindex/Voxboard.build/Debug-watchsimulator/Voxboard\ Watch.build/DerivedSources/arm64 -Xcc -I/tmp/voxboard-notelet-verify-derived/Build/Intermediates.noindex/Voxboard.build/Debug-watchsimulator/Voxboard\ Watch.build/DerivedSources -Xcc -DDEBUG\=1 -emit-objc-header -emit-objc-header-path /tmp/voxboard-notelet-verify-derived/Build/Intermediates.noindex/Voxboard.build/Debug-watchsimulator/Voxboard\ Watch.build/Objects-normal/arm64/Voxboard_Watch-Swift.h -working-directory /Users/codybontecou/projects/Voxboard -experimental-emit-module-separately -disable-cmo

SwiftMergeGeneratedHeaders /tmp/voxboard-notelet-verify-derived/Build/Intermediates.noindex/Voxboard.build/Debug-watchsimulator/Voxboard\ Watch.build/DerivedSources/Voxboard_Watch-Swift.h /tmp/voxboard-notelet-verify-derived/Build/Intermediates.noindex/Voxboard.build/Debug-watchsimulator/Voxboard\ Watch.build/Objects-normal/arm64/Voxboard_Watch-Swift.h /tmp/voxboard-notelet-verify-derived/Build/Intermediates.noindex/Voxboard.build/Debug-watchsimulator/Voxboard\ Watch.build/Objects-normal/x86_64/Voxboard_Watch-Swift.h (in target 'Voxboard Watch' from project 'Voxboard')
    cd /Users/codybontecou/projects/Voxboard
    builtin-swiftHeaderTool -arch arm64 /tmp/voxboard-notelet-verify-derived/Build/Intermediates.noindex/Voxboard.build/Debug-watchsimulator/Voxboard\ Watch.build/Objects-normal/arm64/Voxboard_Watch-Swift.h -arch x86_64 /tmp/voxboard-notelet-verify-derived/Build/Intermediates.noindex/Voxboard.build/Debug-watchsimulator/Voxboard\ Watch.build/Objects-normal/x86_64/Voxboard_Watch-Swift.h -o /tmp/voxboard-notelet-verify-derived/Build/Intermediates.noindex/Voxboard.build/Debug-watchsimulator/Voxboard\ Watch.build/DerivedSources/Voxboard_Watch-Swift.h

Copy /tmp/voxboard-notelet-verify-derived/Build/Products/Debug-watchsimulator/Voxboard_Watch.swiftmodule/arm64-apple-watchos-simulator.swiftmodule /tmp/voxboard-notelet-verify-derived/Build/Intermediates.noindex/Voxboard.build/Debug-watchsimulator/Voxboard\ Watch.build/Objects-normal/arm64/Voxboard_Watch.swiftmodule (in target 'Voxboard Watch' from project 'Voxboard')
    cd /Users/codybontecou/projects/Voxboard
    builtin-copy -exclude .DS_Store -exclude CVS -exclude .svn -exclude .git -exclude .hg -resolve-src-symlinks -rename /tmp/voxboard-notelet-verify-derived/Build/Intermediates.noindex/Voxboard.build/Debug-watchsimulator/Voxboard\ Watch.build/Objects-normal/arm64/Voxboard_Watch.swiftmodule /tmp/voxboard-notelet-verify-derived/Build/Products/Debug-watchsimulator/Voxboard_Watch.swiftmodule/arm64-apple-watchos-simulator.swiftmodule

Copy /tmp/voxboard-notelet-verify-derived/Build/Products/Debug-watchsimulator/Voxboard_Watch.swiftmodule/arm64-apple-watchos-simulator.swiftdoc /tmp/voxboard-notelet-verify-derived/Build/Intermediates.noindex/Voxboard.build/Debug-watchsimulator/Voxboard\ Watch.build/Objects-normal/arm64/Voxboard_Watch.swiftdoc (in target 'Voxboard Watch' from project 'Voxboard')
    cd /Users/codybontecou/projects/Voxboard
    builtin-copy -exclude .DS_Store -exclude CVS -exclude .svn -exclude .git -exclude .hg -resolve-src-symlinks -rename /tmp/voxboard-notelet-verify-derived/Build/Intermediates.noindex/Voxboard.build/Debug-watchsimulator/Voxboard\ Watch.build/Objects-normal/arm64/Voxboard_Watch.swiftdoc /tmp/voxboard-notelet-verify-derived/Build/Products/Debug-watchsimulator/Voxboard_Watch.swiftmodule/arm64-apple-watchos-simulator.swiftdoc

Copy /tmp/voxboard-notelet-verify-derived/Build/Products/Debug-watchsimulator/Voxboard_Watch.swiftmodule/arm64-apple-watchos-simulator.abi.json /tmp/voxboard-notelet-verify-derived/Build/Intermediates.noindex/Voxboard.build/Debug-watchsimulator/Voxboard\ Watch.build/Objects-normal/arm64/Voxboard_Watch.abi.json (in target 'Voxboard Watch' from project 'Voxboard')
    cd /Users/codybontecou/projects/Voxboard
    builtin-copy -exclude .DS_Store -exclude CVS -exclude .svn -exclude .git -exclude .hg -resolve-src-symlinks -rename /tmp/voxboard-notelet-verify-derived/Build/Intermediates.noindex/Voxboard.build/Debug-watchsimulator/Voxboard\ Watch.build/Objects-normal/arm64/Voxboard_Watch.abi.json /tmp/voxboard-notelet-verify-derived/Build/Products/Debug-watchsimulator/Voxboard_Watch.swiftmodule/arm64-apple-watchos-simulator.abi.json

Copy /tmp/voxboard-notelet-verify-derived/Build/Products/Debug-watchsimulator/Voxboard_Watch.swiftmodule/Project/arm64-apple-watchos-simulator.swiftsourceinfo /tmp/voxboard-notelet-verify-derived/Build/Intermediates.noindex/Voxboard.build/Debug-watchsimulator/Voxboard\ Watch.build/Objects-normal/arm64/Voxboard_Watch.swiftsourceinfo (in target 'Voxboard Watch' from project 'Voxboard')
    cd /Users/codybontecou/projects/Voxboard
    builtin-copy -exclude .DS_Store -exclude CVS -exclude .svn -exclude .git -exclude .hg -resolve-src-symlinks -rename /tmp/voxboard-notelet-verify-derived/Build/Intermediates.noindex/Voxboard.build/Debug-watchsimulator/Voxboard\ Watch.build/Objects-normal/arm64/Voxboard_Watch.swiftsourceinfo /tmp/voxboard-notelet-verify-derived/Build/Products/Debug-watchsimulator/Voxboard_Watch.swiftmodule/Project/arm64-apple-watchos-simulator.swiftsourceinfo

SwiftExplicitDependencyGeneratePcm arm64 /tmp/voxboard-notelet-verify-derived/ModuleCache.noindex/ObjectiveC-698EDNC91200AP3XG2LO9SPQL.pcm

SwiftExplicitDependencyGeneratePcm arm64 /tmp/voxboard-notelet-verify-derived/Build/Intermediates.noindex/SwiftExplicitPrecompiledModules/MachTaskSelfWrapper-5BSQ74UI55HWDHAN8303QEWZC.pcm

SwiftExplicitDependencyGeneratePcm arm64 /tmp/voxboard-notelet-verify-derived/ModuleCache.noindex/MachO-9T03YZIPXG9ZEWSW7XOYZRB4F.pcm

SwiftExplicitDependencyGeneratePcm arm64 /tmp/voxboard-notelet-verify-derived/ModuleCache.noindex/os_object-9IAWFZPAO3AZDWG53SAGBBQ8U.pcm

SwiftDriverJobDiscovery normal x86_64 Compiling WatchPhoneBridge.swift (in target 'Voxboard Watch' from project 'Voxboard')

SwiftExplicitDependencyGeneratePcm arm64 /tmp/voxboard-notelet-verify-derived/ModuleCache.noindex/os_workgroup-3PUD3DWJY6R3R5G4L5PQUA802.pcm

SwiftExplicitDependencyGeneratePcm arm64 /tmp/voxboard-notelet-verify-derived/ModuleCache.noindex/Spatial-849ZKJA7Z7BWN2HI9OYLDL537.pcm

SwiftExplicitDependencyGeneratePcm arm64 /tmp/voxboard-notelet-verify-derived/ModuleCache.noindex/Dispatch-CQJHDBRBEVUH99MWKH0J8XLGV.pcm

SwiftExplicitDependencyGeneratePcm arm64 /tmp/voxboard-notelet-verify-derived/ModuleCache.noindex/CoreFoundation-44H73WJZZY4MVISXIDJ6SUC42.pcm

SwiftExplicitDependencyGeneratePcm arm64 /tmp/voxboard-notelet-verify-derived/ModuleCache.noindex/dnssd-4SFNVSZZBHBQPP6OQYOOD5JXC.pcm

SwiftExplicitDependencyGeneratePcm arm64 /tmp/voxboard-notelet-verify-derived/ModuleCache.noindex/XPC-6JTINKAPLWVDTHK08KKG4MJQJ.pcm

SwiftExplicitDependencyGeneratePcm arm64 /tmp/voxboard-notelet-verify-derived/ModuleCache.noindex/os-DJ86AIJ42VGUUSH3KHX5RJU80.pcm

SwiftDriverJobDiscovery normal x86_64 Compiling WatchRecorderView.swift (in target 'Voxboard Watch' from project 'Voxboard')

SwiftExplicitDependencyGeneratePcm arm64 /tmp/voxboard-notelet-verify-derived/ModuleCache.noindex/Security-8378BVJS591CDA8W0IXDNWY0C.pcm

SwiftExplicitDependencyGeneratePcm arm64 /tmp/voxboard-notelet-verify-derived/ModuleCache.noindex/CoreGraphics-6O03YG8JPLYKGL6WT0HTG80FA.pcm

SwiftExplicitDependencyGeneratePcm arm64 /tmp/voxboard-notelet-verify-derived/ModuleCache.noindex/CoreServices-BAI9A9A8F1314H0R6S3GOMLWM.pcm

SwiftExplicitDependencyGeneratePcm arm64 /tmp/voxboard-notelet-verify-derived/ModuleCache.noindex/CoreAudioTypes-66IZW7UFJJ4RPJWOK26OK3QNH.pcm

SwiftExplicitDependencyGeneratePcm arm64 /tmp/voxboard-notelet-verify-derived/ModuleCache.noindex/CFNetwork-C4SUZ7HGOD5I86777NFGEO4KK.pcm

SwiftDriverJobDiscovery normal arm64 Compiling WatchPhoneBridge.swift (in target 'Voxboard Watch' from project 'Voxboard')

SwiftExplicitDependencyGeneratePcm arm64 /tmp/voxboard-notelet-verify-derived/ModuleCache.noindex/CoreAudio-4B65BHMMDIB81I8GU24FQFDK1.pcm

SwiftExplicitDependencyGeneratePcm arm64 /tmp/voxboard-notelet-verify-derived/ModuleCache.noindex/Foundation-E21DMFJAKNW4S58N2BU1P4YBQ.pcm

SwiftExplicitDependencyGeneratePcm arm64 /tmp/voxboard-notelet-verify-derived/ModuleCache.noindex/CoreText-ER1OLJCGXWQBIUNRV103J32J5.pcm

SwiftExplicitDependencyGeneratePcm arm64 /tmp/voxboard-notelet-verify-derived/ModuleCache.noindex/ImageIO-31WVAI7OXE03ZY9BRV1LQ9EG7.pcm

SwiftDriverJobDiscovery normal arm64 Compiling WatchRecorderView.swift (in target 'Voxboard Watch' from project 'Voxboard')

SwiftExplicitDependencyGeneratePcm arm64 /tmp/voxboard-notelet-verify-derived/ModuleCache.noindex/ModelIO-40923D8DONOQBMEDLT737U5MZ.pcm

SwiftExplicitDependencyGeneratePcm arm64 /tmp/voxboard-notelet-verify-derived/ModuleCache.noindex/UIUtilities-46JRCZNRP5OSFNEK3UESHAOJG.pcm

SwiftExplicitDependencyGeneratePcm arm64 /tmp/voxboard-notelet-verify-derived/ModuleCache.noindex/CoreMIDI-E2P9RYQR7TKFJX7EAOTWPOYQE.pcm

SwiftExplicitDependencyGeneratePcm arm64 /tmp/voxboard-notelet-verify-derived/ModuleCache.noindex/AppIntents-1ZI9GYVP7KSQ9AI8ICT9DYTJJ.pcm

SwiftExplicitDependencyGeneratePcm arm64 /tmp/voxboard-notelet-verify-derived/ModuleCache.noindex/IOSurface-APZK73XT8JT1HKCP4A0LK0ZUN.pcm

SwiftExplicitDependencyGeneratePcm arm64 /tmp/voxboard-notelet-verify-derived/ModuleCache.noindex/Symbols-70I2DBMC29S9L13BYI2I8JN4J.pcm

SwiftExplicitDependencyGeneratePcm arm64 /tmp/voxboard-notelet-verify-derived/ModuleCache.noindex/Network-8I4F9UIVKOK8V4UXK1XWPBKSW.pcm

SwiftExplicitDependencyGeneratePcm arm64 /tmp/voxboard-notelet-verify-derived/ModuleCache.noindex/Accessibility-CF3GGC5N0G7VKBZJWJXK1YUE8.pcm

SwiftExplicitDependencyGeneratePcm arm64 /tmp/voxboard-notelet-verify-derived/ModuleCache.noindex/WidgetKit-2TU2I23KGJFBL3QE8JO485H64.pcm

SwiftExplicitDependencyGeneratePcm arm64 /tmp/voxboard-notelet-verify-derived/ModuleCache.noindex/CoreTransferable-5ULWVI1R2IZ1H9RTQ1K4398KV.pcm

SwiftExplicitDependencyGeneratePcm arm64 /tmp/voxboard-notelet-verify-derived/ModuleCache.noindex/UniformTypeIdentifiers-70Y8OP3WIH0Y0IY72DS0A5EC.pcm

SwiftExplicitDependencyGeneratePcm arm64 /tmp/voxboard-notelet-verify-derived/ModuleCache.noindex/FileProvider-9LIQSUVQ692UFCJHRDK4V6416.pcm

SwiftExplicitDependencyGeneratePcm arm64 /tmp/voxboard-notelet-verify-derived/ModuleCache.noindex/DataDetection-1NT9EFNR0S7N9R0F1GRS28LYE.pcm

SwiftExplicitDependencyGeneratePcm arm64 /tmp/voxboard-notelet-verify-derived/Build/Intermediates.noindex/SwiftExplicitPrecompiledModules/LicenseKit-92WJUYCYUQ7YE4B6OC1AUV3MX.pcm

SwiftExplicitDependencyGeneratePcm arm64 /tmp/voxboard-notelet-verify-derived/ModuleCache.noindex/UserNotifications-31KJVH8UJF9Q6AD1HSM46JWOK.pcm

SwiftExplicitDependencyGeneratePcm arm64 /tmp/voxboard-notelet-verify-derived/ModuleCache.noindex/AudioToolbox-85E9RDM6ZBXW3JJJ3IHKGG182.pcm

SwiftDriverJobDiscovery normal x86_64 Compiling WatchLocalRecorder.swift (in target 'Voxboard Watch' from project 'Voxboard')

SwiftExplicitDependencyGeneratePcm arm64 /tmp/voxboard-notelet-verify-derived/ModuleCache.noindex/RelevanceKit-5QRHVA3M6RLHRZ31KL8J2WYDJ.pcm

SwiftExplicitDependencyGeneratePcm arm64 /tmp/voxboard-notelet-verify-derived/ModuleCache.noindex/AVRouting-9S5Q4TY1QD4C7DJA9R3EWAR2W.pcm

SwiftExplicitDependencyGeneratePcm arm64 /tmp/voxboard-notelet-verify-derived/ModuleCache.noindex/Metal-908VOODP7WHH725JVC4OP2DC5.pcm

SwiftExplicitDependencyGeneratePcm arm64 /tmp/voxboard-notelet-verify-derived/ModuleCache.noindex/_LocationEssentials-9VC7RJCFZS7LK4RK755J6CXQP.pcm

SwiftExplicitDependencyGeneratePcm arm64 /tmp/voxboard-notelet-verify-derived/ModuleCache.noindex/CoreSpotlight-664OH8CR2FT35CYR1ZM041U71.pcm

SwiftExplicitDependencyGeneratePcm arm64 /tmp/voxboard-notelet-verify-derived/ModuleCache.noindex/LocalAuthentication-69E7VIPSI8F1JYAXH49QDX8RD.pcm

SwiftExplicitDependencyGeneratePcm arm64 /tmp/voxboard-notelet-verify-derived/ModuleCache.noindex/OpenGLES-2MLDAWZ2MB1YXEAXSA6O2TXE8.pcm

SwiftExplicitDependencyGeneratePcm arm64 /tmp/voxboard-notelet-verify-derived/ModuleCache.noindex/CoreData-3COC9XDU7A8RDAEJO7ETBNYW.pcm

SwiftExplicitDependencyGeneratePcm arm64 /tmp/voxboard-notelet-verify-derived/ModuleCache.noindex/NaturalLanguage-AXXR9XKFPPXDW9V8AXVA0OPJ7.pcm

SwiftExplicitDependencyGeneratePcm arm64 /tmp/voxboard-notelet-verify-derived/ModuleCache.noindex/Contacts-D2DU3VHCZL9T54JHZ7TDQCGTJ.pcm

SwiftExplicitDependencyGeneratePcm arm64 /tmp/voxboard-notelet-verify-derived/ModuleCache.noindex/OSLog-1741ENERW7KUMMKT4V9MM6G2Z.pcm

SwiftExplicitDependencyGeneratePcm arm64 /tmp/voxboard-notelet-verify-derived/ModuleCache.noindex/CoreLocation-4G0D5TK0P8M9Q8QTTA63GXMBY.pcm

SwiftDriver\ Compilation Voxboard\ Watch normal x86_64 com.apple.xcode.tools.swift.compiler (in target 'Voxboard Watch' from project 'Voxboard')
    cd /Users/codybontecou/projects/Voxboard
    builtin-Swift-Compilation -- /Applications/Xcode.app/Contents/Developer/Toolchains/XcodeDefault.xctoolchain/usr/bin/swiftc -module-name Voxboard_Watch -Onone @/tmp/voxboard-notelet-verify-derived/Build/Intermediates.noindex/Voxboard.build/Debug-watchsimulator/Voxboard\ Watch.build/Objects-normal/x86_64/Voxboard\ Watch.SwiftFileList -DDEBUG -enable-bare-slash-regex -enable-experimental-feature DebugDescriptionMacro -sdk /Applications/Xcode.app/Contents/Developer/Platforms/WatchSimulator.platform/Developer/SDKs/WatchSimulator26.5.sdk -target x86_64-apple-watchos10.0-simulator -g -module-cache-path /tmp/voxboard-notelet-verify-derived/ModuleCache.noindex -Xfrontend -serialize-debugging-options -enable-testing -index-store-path /tmp/voxboard-notelet-verify-derived/Index.noindex/DataStore -Xcc -D_LIBCPP_HARDENING_MODE\=_LIBCPP_HARDENING_MODE_DEBUG -swift-version 5 -I /tmp/voxboard-notelet-verify-derived/Build/Products/Debug-watchsimulator -F /tmp/voxboard-notelet-verify-derived/Build/Products/Debug-watchsimulator -emit-localized-strings -emit-localized-strings-path /tmp/voxboard-notelet-verify-derived/Build/Intermediates.noindex/Voxboard.build/Debug-watchsimulator/Voxboard\ Watch.build/Objects-normal/x86_64 -c -j10 -enable-batch-mode -incremental -Xcc -ivfsstatcache -Xcc /tmp/voxboard-notelet-verify-derived/SDKStatCaches.noindex/watchsimulator26.5-23T570-1651579a441f1322ae888f0ed545cb80.sdkstatcache -output-file-map /tmp/voxboard-notelet-verify-derived/Build/Intermediates.noindex/Voxboard.build/Debug-watchsimulator/Voxboard\ Watch.build/Objects-normal/x86_64/Voxboard\ Watch-OutputFileMap.json -use-frontend-parseable-output -save-temps -no-color-diagnostics -explicit-module-build -module-cache-path /tmp/voxboard-notelet-verify-derived/Build/Intermediates.noindex/SwiftExplicitPrecompiledModules -clang-scanner-module-cache-path /tmp/voxboard-notelet-verify-derived/ModuleCache.noindex -sdk-module-cache-path /tmp/voxboard-notelet-verify-derived/ModuleCache.noindex -serialize-diagnostics -emit-dependencies -emit-module -emit-module-path /tmp/voxboard-notelet-verify-derived/Build/Intermediates.noindex/Voxboard.build/Debug-watchsimulator/Voxboard\ Watch.build/Objects-normal/x86_64/Voxboard_Watch.swiftmodule -validate-clang-modules-once -clang-build-session-file /tmp/voxboard-notelet-verify-derived/ModuleCache.noindex/Session.modulevalidation -Xcc -I/tmp/voxboard-notelet-verify-derived/Build/Intermediates.noindex/Voxboard.build/Debug-watchsimulator/Voxboard\ Watch.build/swift-overrides.hmap -emit-const-values -Xfrontend -const-gather-protocols-file -Xfrontend /tmp/voxboard-notelet-verify-derived/Build/Intermediates.noindex/Voxboard.build/Debug-watchsimulator/Voxboard\ Watch.build/Objects-normal/x86_64/Voxboard\ Watch_const_extract_protocols.json -Xcc -iquote -Xcc /tmp/voxboard-notelet-verify-derived/Build/Intermediates.noindex/Voxboard.build/Debug-watchsimulator/Voxboard\ Watch.build/Voxboard\ Watch-generated-files.hmap -Xcc -I/tmp/voxboard-notelet-verify-derived/Build/Intermediates.noindex/Voxboard.build/Debug-watchsimulator/Voxboard\ Watch.build/Voxboard\ Watch-own-target-headers.hmap -Xcc -I/tmp/voxboard-notelet-verify-derived/Build/Intermediates.noindex/Voxboard.build/Debug-watchsimulator/Voxboard\ Watch.build/Voxboard\ Watch-all-non-framework-target-headers.hmap -Xcc -ivfsoverlay -Xcc /tmp/voxboard-notelet-verify-derived/Build/Intermediates.noindex/Voxboard.build/Debug-watchsimulator/Voxboard-8d6c3ba71b53f8320d7c577fe4b80237-VFS-watchsimulator/all-product-headers.yaml -Xcc -iquote -Xcc /tmp/voxboard-notelet-verify-derived/Build/Intermediates.noindex/Voxboard.build/Debug-watchsimulator/Voxboard\ Watch.build/Voxboard\ Watch-project-headers.hmap -Xcc -I/tmp/voxboard-notelet-verify-derived/Build/Products/Debug-watchsimulator/include -Xcc -I/tmp/voxboard-notelet-verify-derived/Build/Intermediates.noindex/Voxboard.build/Debug-watchsimulator/Voxboard\ Watch.build/DerivedSources-normal/x86_64 -Xcc -I/tmp/voxboard-notelet-verify-derived/Build/Intermediates.noindex/Voxboard.build/Debug-watchsimulator/Voxboard\ Watch.build/DerivedSources/x86_64 -Xcc -I/tmp/voxboard-notelet-verify-derived/Build/Intermediates.noindex/Voxboard.build/Debug-watchsimulator/Voxboard\ Watch.build/DerivedSources -Xcc -DDEBUG\=1 -emit-objc-header -emit-objc-header-path /tmp/voxboard-notelet-verify-derived/Build/Intermediates.noindex/Voxboard.build/Debug-watchsimulator/Voxboard\ Watch.build/Objects-normal/x86_64/Voxboard_Watch-Swift.h -working-directory /Users/codybontecou/projects/Voxboard -experimental-emit-module-separately -disable-cmo

Ld /tmp/voxboard-notelet-verify-derived/Build/Intermediates.noindex/Voxboard.build/Debug-watchsimulator/Voxboard\ Watch.build/Objects-normal/x86_64/Binary/Voxboard\ Watch.debug.dylib normal x86_64 (in target 'Voxboard Watch' from project 'Voxboard')
    cd /Users/codybontecou/projects/Voxboard
    /Applications/Xcode.app/Contents/Developer/Toolchains/XcodeDefault.xctoolchain/usr/bin/clang -Xlinker -reproducible -target x86_64-apple-watchos10.0-simulator -dynamiclib -isysroot /Applications/Xcode.app/Contents/Developer/Platforms/WatchSimulator.platform/Developer/SDKs/WatchSimulator26.5.sdk -O0 -L/tmp/voxboard-notelet-verify-derived/Build/Intermediates.noindex/EagerLinkingTBDs/Debug-watchsimulator -L/tmp/voxboard-notelet-verify-derived/Build/Products/Debug-watchsimulator -F/tmp/voxboard-notelet-verify-derived/Build/Intermediates.noindex/EagerLinkingTBDs/Debug-watchsimulator -F/tmp/voxboard-notelet-verify-derived/Build/Products/Debug-watchsimulator -filelist /tmp/voxboard-notelet-verify-derived/Build/Intermediates.noindex/Voxboard.build/Debug-watchsimulator/Voxboard\ Watch.build/Objects-normal/x86_64/Voxboard\ Watch.LinkFileList -install_name @rpath/Voxboard\ Watch.debug.dylib -Xlinker -rpath -Xlinker /usr/lib/swift -Xlinker -rpath -Xlinker @executable_path/Frameworks -Xlinker -dead_strip -Xlinker -object_path_lto -Xlinker /tmp/voxboard-notelet-verify-derived/Build/Intermediates.noindex/Voxboard.build/Debug-watchsimulator/Voxboard\ Watch.build/Objects-normal/x86_64/Voxboard\ Watch_lto.o -rdynamic -Xlinker -no_deduplicate -Xlinker -objc_abi_version -Xlinker 2 -Xlinker -dependency_info -Xlinker /tmp/voxboard-notelet-verify-derived/Build/Intermediates.noindex/Voxboard.build/Debug-watchsimulator/Voxboard\ Watch.build/Objects-normal/x86_64/Voxboard\ Watch_dependency_info.dat -fobjc-link-runtime -L/Applications/Xcode.app/Contents/Developer/Toolchains/XcodeDefault.xctoolchain/usr/lib/swift/watchsimulator -L/usr/lib/swift -Xlinker -add_ast_path -Xlinker /tmp/voxboard-notelet-verify-derived/Build/Intermediates.noindex/Voxboard.build/Debug-watchsimulator/Voxboard\ Watch.build/Objects-normal/x86_64/Voxboard_Watch.swiftmodule @/tmp/voxboard-notelet-verify-derived/Build/Intermediates.noindex/Voxboard.build/Debug-watchsimulator/Voxboard\ Watch.build/Objects-normal/x86_64/Voxboard_Watch-linker-args.resp -Xlinker -alias -Xlinker _main -Xlinker ___debug_main_executable_dylib_entry_point -framework SwiftUI -framework WatchConnectivity -framework AppIntents -framework AVFoundation -Xlinker -no_adhoc_codesign -o /tmp/voxboard-notelet-verify-derived/Build/Intermediates.noindex/Voxboard.build/Debug-watchsimulator/Voxboard\ Watch.build/Objects-normal/x86_64/Binary/Voxboard\ Watch.debug.dylib

SwiftExplicitDependencyGeneratePcm arm64 /tmp/voxboard-notelet-verify-derived/ModuleCache.noindex/CoreVideo-EB1IO28EU7EC0ICY52RYJVMHI.pcm

SwiftExplicitDependencyGeneratePcm arm64 /tmp/voxboard-notelet-verify-derived/ModuleCache.noindex/Intents-D0QSWB9J6OE2A19AHRZYEZJY8.pcm

SwiftExplicitDependencyGeneratePcm arm64 /tmp/voxboard-notelet-verify-derived/ModuleCache.noindex/Accelerate-2B7Y13TD57SFJGJZSN723V3H2.pcm

SwiftExplicitDependencyGeneratePcm arm64 /tmp/voxboard-notelet-verify-derived/ModuleCache.noindex/CoreML-F2AX456LTX5L6OH61LTQPH1CH.pcm

SwiftExplicitDependencyGeneratePcm arm64 /tmp/voxboard-notelet-verify-derived/ModuleCache.noindex/QuartzCore-8U5T6J44PTOJU0PM2YEIWSH1V.pcm

SwiftExplicitDependencyGeneratePcm arm64 /tmp/voxboard-notelet-verify-derived/ModuleCache.noindex/CoreImage-1797H7WS2W9V6IL81JZT0UM8M.pcm

SwiftExplicitDependencyGeneratePcm arm64 /tmp/voxboard-notelet-verify-derived/ModuleCache.noindex/CoreMedia-4U6273BS3A6QVVVECJE1L9JRQ.pcm

SwiftDriverJobDiscovery normal arm64 Compiling WatchLocalRecorder.swift (in target 'Voxboard Watch' from project 'Voxboard')

SwiftDriver\ Compilation Voxboard\ Watch normal arm64 com.apple.xcode.tools.swift.compiler (in target 'Voxboard Watch' from project 'Voxboard')
    cd /Users/codybontecou/projects/Voxboard
    builtin-Swift-Compilation -- /Applications/Xcode.app/Contents/Developer/Toolchains/XcodeDefault.xctoolchain/usr/bin/swiftc -module-name Voxboard_Watch -Onone @/tmp/voxboard-notelet-verify-derived/Build/Intermediates.noindex/Voxboard.build/Debug-watchsimulator/Voxboard\ Watch.build/Objects-normal/arm64/Voxboard\ Watch.SwiftFileList -DDEBUG -enable-bare-slash-regex -enable-experimental-feature DebugDescriptionMacro -sdk /Applications/Xcode.app/Contents/Developer/Platforms/WatchSimulator.platform/Developer/SDKs/WatchSimulator26.5.sdk -target arm64-apple-watchos10.0-simulator -g -module-cache-path /tmp/voxboard-notelet-verify-derived/ModuleCache.noindex -Xfrontend -serialize-debugging-options -enable-testing -index-store-path /tmp/voxboard-notelet-verify-derived/Index.noindex/DataStore -Xcc -D_LIBCPP_HARDENING_MODE\=_LIBCPP_HARDENING_MODE_DEBUG -swift-version 5 -I /tmp/voxboard-notelet-verify-derived/Build/Products/Debug-watchsimulator -F /tmp/voxboard-notelet-verify-derived/Build/Products/Debug-watchsimulator -emit-localized-strings -emit-localized-strings-path /tmp/voxboard-notelet-verify-derived/Build/Intermediates.noindex/Voxboard.build/Debug-watchsimulator/Voxboard\ Watch.build/Objects-normal/arm64 -c -j10 -enable-batch-mode -incremental -Xcc -ivfsstatcache -Xcc /tmp/voxboard-notelet-verify-derived/SDKStatCaches.noindex/watchsimulator26.5-23T570-1651579a441f1322ae888f0ed545cb80.sdkstatcache -output-file-map /tmp/voxboard-notelet-verify-derived/Build/Intermediates.noindex/Voxboard.build/Debug-watchsimulator/Voxboard\ Watch.build/Objects-normal/arm64/Voxboard\ Watch-OutputFileMap.json -use-frontend-parseable-output -save-temps -no-color-diagnostics -explicit-module-build -module-cache-path /tmp/voxboard-notelet-verify-derived/Build/Intermediates.noindex/SwiftExplicitPrecompiledModules -clang-scanner-module-cache-path /tmp/voxboard-notelet-verify-derived/ModuleCache.noindex -sdk-module-cache-path /tmp/voxboard-notelet-verify-derived/ModuleCache.noindex -serialize-diagnostics -emit-dependencies -emit-module -emit-module-path /tmp/voxboard-notelet-verify-derived/Build/Intermediates.noindex/Voxboard.build/Debug-watchsimulator/Voxboard\ Watch.build/Objects-normal/arm64/Voxboard_Watch.swiftmodule -validate-clang-modules-once -clang-build-session-file /tmp/voxboard-notelet-verify-derived/ModuleCache.noindex/Session.modulevalidation -Xcc -I/tmp/voxboard-notelet-verify-derived/Build/Intermediates.noindex/Voxboard.build/Debug-watchsimulator/Voxboard\ Watch.build/swift-overrides.hmap -emit-const-values -Xfrontend -const-gather-protocols-file -Xfrontend /tmp/voxboard-notelet-verify-derived/Build/Intermediates.noindex/Voxboard.build/Debug-watchsimulator/Voxboard\ Watch.build/Objects-normal/arm64/Voxboard\ Watch_const_extract_protocols.json -Xcc -iquote -Xcc /tmp/voxboard-notelet-verify-derived/Build/Intermediates.noindex/Voxboard.build/Debug-watchsimulator/Voxboard\ Watch.build/Voxboard\ Watch-generated-files.hmap -Xcc -I/tmp/voxboard-notelet-verify-derived/Build/Intermediates.noindex/Voxboard.build/Debug-watchsimulator/Voxboard\ Watch.build/Voxboard\ Watch-own-target-headers.hmap -Xcc -I/tmp/voxboard-notelet-verify-derived/Build/Intermediates.noindex/Voxboard.build/Debug-watchsimulator/Voxboard\ Watch.build/Voxboard\ Watch-all-non-framework-target-headers.hmap -Xcc -ivfsoverlay -Xcc /tmp/voxboard-notelet-verify-derived/Build/Intermediates.noindex/Voxboard.build/Debug-watchsimulator/Voxboard-8d6c3ba71b53f8320d7c577fe4b80237-VFS-watchsimulator/all-product-headers.yaml -Xcc -iquote -Xcc /tmp/voxboard-notelet-verify-derived/Build/Intermediates.noindex/Voxboard.build/Debug-watchsimulator/Voxboard\ Watch.build/Voxboard\ Watch-project-headers.hmap -Xcc -I/tmp/voxboard-notelet-verify-derived/Build/Products/Debug-watchsimulator/include -Xcc -I/tmp/voxboard-notelet-verify-derived/Build/Intermediates.noindex/Voxboard.build/Debug-watchsimulator/Voxboard\ Watch.build/DerivedSources-normal/arm64 -Xcc -I/tmp/voxboard-notelet-verify-derived/Build/Intermediates.noindex/Voxboard.build/Debug-watchsimulator/Voxboard\ Watch.build/DerivedSources/arm64 -Xcc -I/tmp/voxboard-notelet-verify-derived/Build/Intermediates.noindex/Voxboard.build/Debug-watchsimulator/Voxboard\ Watch.build/DerivedSources -Xcc -DDEBUG\=1 -emit-objc-header -emit-objc-header-path /tmp/voxboard-notelet-verify-derived/Build/Intermediates.noindex/Voxboard.build/Debug-watchsimulator/Voxboard\ Watch.build/Objects-normal/arm64/Voxboard_Watch-Swift.h -working-directory /Users/codybontecou/projects/Voxboard -experimental-emit-module-separately -disable-cmo

Ld /tmp/voxboard-notelet-verify-derived/Build/Intermediates.noindex/Voxboard.build/Debug-watchsimulator/Voxboard\ Watch.build/Objects-normal/arm64/Binary/Voxboard\ Watch.debug.dylib normal arm64 (in target 'Voxboard Watch' from project 'Voxboard')
    cd /Users/codybontecou/projects/Voxboard
    /Applications/Xcode.app/Contents/Developer/Toolchains/XcodeDefault.xctoolchain/usr/bin/clang -Xlinker -reproducible -target arm64-apple-watchos10.0-simulator -dynamiclib -isysroot /Applications/Xcode.app/Contents/Developer/Platforms/WatchSimulator.platform/Developer/SDKs/WatchSimulator26.5.sdk -O0 -L/tmp/voxboard-notelet-verify-derived/Build/Intermediates.noindex/EagerLinkingTBDs/Debug-watchsimulator -L/tmp/voxboard-notelet-verify-derived/Build/Products/Debug-watchsimulator -F/tmp/voxboard-notelet-verify-derived/Build/Intermediates.noindex/EagerLinkingTBDs/Debug-watchsimulator -F/tmp/voxboard-notelet-verify-derived/Build/Products/Debug-watchsimulator -filelist /tmp/voxboard-notelet-verify-derived/Build/Intermediates.noindex/Voxboard.build/Debug-watchsimulator/Voxboard\ Watch.build/Objects-normal/arm64/Voxboard\ Watch.LinkFileList -install_name @rpath/Voxboard\ Watch.debug.dylib -Xlinker -rpath -Xlinker /usr/lib/swift -Xlinker -rpath -Xlinker @executable_path/Frameworks -Xlinker -dead_strip -Xlinker -object_path_lto -Xlinker /tmp/voxboard-notelet-verify-derived/Build/Intermediates.noindex/Voxboard.build/Debug-watchsimulator/Voxboard\ Watch.build/Objects-normal/arm64/Voxboard\ Watch_lto.o -rdynamic -Xlinker -no_deduplicate -Xlinker -objc_abi_version -Xlinker 2 -Xlinker -dependency_info -Xlinker /tmp/voxboard-notelet-verify-derived/Build/Intermediates.noindex/Voxboard.build/Debug-watchsimulator/Voxboard\ Watch.build/Objects-normal/arm64/Voxboard\ Watch_dependency_info.dat -fobjc-link-runtime -L/Applications/Xcode.app/Contents/Developer/Toolchains/XcodeDefault.xctoolchain/usr/lib/swift/watchsimulator -L/usr/lib/swift -Xlinker -add_ast_path -Xlinker /tmp/voxboard-notelet-verify-derived/Build/Intermediates.noindex/Voxboard.build/Debug-watchsimulator/Voxboard\ Watch.build/Objects-normal/arm64/Voxboard_Watch.swiftmodule @/tmp/voxboard-notelet-verify-derived/Build/Intermediates.noindex/Voxboard.build/Debug-watchsimulator/Voxboard\ Watch.build/Objects-normal/arm64/Voxboard_Watch-linker-args.resp -Xlinker -alias -Xlinker _main -Xlinker ___debug_main_executable_dylib_entry_point -framework SwiftUI -framework WatchConnectivity -framework AppIntents -framework AVFoundation -Xlinker -no_adhoc_codesign -o /tmp/voxboard-notelet-verify-derived/Build/Intermediates.noindex/Voxboard.build/Debug-watchsimulator/Voxboard\ Watch.build/Objects-normal/arm64/Binary/Voxboard\ Watch.debug.dylib

SwiftExplicitDependencyGeneratePcm arm64 /tmp/voxboard-notelet-verify-derived/ModuleCache.noindex/SwiftUICore-6U3SLK6SGFA0O4NEQXBX06ZQP.pcm

SwiftExplicitDependencyGeneratePcm arm64 /tmp/voxboard-notelet-verify-derived/ModuleCache.noindex/MediaToolbox-48VUOLITI776G8REGXVAEF7OP.pcm

SwiftExplicitDependencyGeneratePcm arm64 /tmp/voxboard-notelet-verify-derived/ModuleCache.noindex/AVFAudio-1PVT9J3ANSRLANY42GSVYT4DW.pcm

SwiftExplicitDependencyGeneratePcm arm64 /tmp/voxboard-notelet-verify-derived/ModuleCache.noindex/UIKit-4RW4OFDBOLFI02XTV2G4QC67P.pcm

ConstructStubExecutorLinkFileList /tmp/voxboard-notelet-verify-derived/Build/Intermediates.noindex/Voxboard.build/Debug-watchsimulator/Voxboard\ Watch.build/Voxboard\ Watch-ExecutorLinkFileList-normal-x86_64.txt (in target 'Voxboard Watch' from project 'Voxboard')
    cd /Users/codybontecou/projects/Voxboard
    construct-stub-executor-link-file-list /tmp/voxboard-notelet-verify-derived/Build/Intermediates.noindex/Voxboard.build/Debug-watchsimulator/Voxboard\ Watch.build/Objects-normal/x86_64/Binary/Voxboard\ Watch.debug.dylib /Applications/Xcode.app/Contents/Developer/Platforms/WatchSimulator.platform/Developer/usr/lib/libPreviewsJITStubExecutor_no_swift_entry_point.a /Applications/Xcode.app/Contents/Developer/Platforms/WatchSimulator.platform/Developer/usr/lib/libPreviewsJITStubExecutor.a --output /tmp/voxboard-notelet-verify-derived/Build/Intermediates.noindex/Voxboard.build/Debug-watchsimulator/Voxboard\ Watch.build/Voxboard\ Watch-ExecutorLinkFileList-normal-x86_64.txt
note: Using stub executor library with Swift entry point. (in target 'Voxboard Watch' from project 'Voxboard')

Ld /tmp/voxboard-notelet-verify-derived/Build/Intermediates.noindex/Voxboard.build/Debug-watchsimulator/Voxboard\ Watch.build/Objects-normal/x86_64/Binary/Voxboard\ Watch normal x86_64 (in target 'Voxboard Watch' from project 'Voxboard')
    cd /Users/codybontecou/projects/Voxboard
    /Applications/Xcode.app/Contents/Developer/Toolchains/XcodeDefault.xctoolchain/usr/bin/clang -Xlinker -reproducible -target x86_64-apple-watchos10.0-simulator -isysroot /Applications/Xcode.app/Contents/Developer/Platforms/WatchSimulator.platform/Developer/SDKs/WatchSimulator26.5.sdk -O0 -L/tmp/voxboard-notelet-verify-derived/Build/Products/Debug-watchsimulator -F/tmp/voxboard-notelet-verify-derived/Build/Products/Debug-watchsimulator -Xlinker -rpath -Xlinker @executable_path -Xlinker -rpath -Xlinker @executable_path/Frameworks -rdynamic -Xlinker -no_deduplicate -Xlinker -objc_abi_version -Xlinker 2 -e ___debug_blank_executor_main -Xlinker -sectcreate -Xlinker __TEXT -Xlinker __debug_dylib -Xlinker /tmp/voxboard-notelet-verify-derived/Build/Intermediates.noindex/Voxboard.build/Debug-watchsimulator/Voxboard\ Watch.build/Voxboard\ Watch-DebugDylibPath-normal-x86_64.txt -Xlinker -sectcreate -Xlinker __TEXT -Xlinker __debug_instlnm -Xlinker /tmp/voxboard-notelet-verify-derived/Build/Intermediates.noindex/Voxboard.build/Debug-watchsimulator/Voxboard\ Watch.build/Voxboard\ Watch-DebugDylibInstallName-normal-x86_64.txt -Xlinker -filelist -Xlinker /tmp/voxboard-notelet-verify-derived/Build/Intermediates.noindex/Voxboard.build/Debug-watchsimulator/Voxboard\ Watch.build/Voxboard\ Watch-ExecutorLinkFileList-normal-x86_64.txt -Xlinker -sectcreate -Xlinker __TEXT -Xlinker __entitlements -Xlinker /tmp/voxboard-notelet-verify-derived/Build/Intermediates.noindex/Voxboard.build/Debug-watchsimulator/Voxboard\ Watch.build/Voxboard\ Watch.app-Simulated.xcent -Xlinker -sectcreate -Xlinker __TEXT -Xlinker __ents_der -Xlinker /tmp/voxboard-notelet-verify-derived/Build/Intermediates.noindex/Voxboard.build/Debug-watchsimulator/Voxboard\ Watch.build/Voxboard\ Watch.app-Simulated.xcent.der /tmp/voxboard-notelet-verify-derived/Build/Intermediates.noindex/Voxboard.build/Debug-watchsimulator/Voxboard\ Watch.build/Objects-normal/x86_64/Binary/Voxboard\ Watch.debug.dylib -Xlinker -no_adhoc_codesign -o /tmp/voxboard-notelet-verify-derived/Build/Intermediates.noindex/Voxboard.build/Debug-watchsimulator/Voxboard\ Watch.build/Objects-normal/x86_64/Binary/Voxboard\ Watch

SwiftExplicitDependencyGeneratePcm arm64 /tmp/voxboard-notelet-verify-derived/ModuleCache.noindex/AVFoundation-20EPFNE7OLICBMP4V29AFO16P.pcm

CreateUniversalBinary /tmp/voxboard-notelet-verify-derived/Build/Products/Debug-watchsimulator/Voxboard\ Watch.app/Voxboard\ Watch.debug.dylib normal arm64\ x86_64 (in target 'Voxboard Watch' from project 'Voxboard')
    cd /Users/codybontecou/projects/Voxboard
    /Applications/Xcode.app/Contents/Developer/Toolchains/XcodeDefault.xctoolchain/usr/bin/lipo -create /tmp/voxboard-notelet-verify-derived/Build/Intermediates.noindex/Voxboard.build/Debug-watchsimulator/Voxboard\ Watch.build/Objects-normal/arm64/Binary/Voxboard\ Watch.debug.dylib /tmp/voxboard-notelet-verify-derived/Build/Intermediates.noindex/Voxboard.build/Debug-watchsimulator/Voxboard\ Watch.build/Objects-normal/x86_64/Binary/Voxboard\ Watch.debug.dylib -output /tmp/voxboard-notelet-verify-derived/Build/Products/Debug-watchsimulator/Voxboard\ Watch.app/Voxboard\ Watch.debug.dylib

ConstructStubExecutorLinkFileList /tmp/voxboard-notelet-verify-derived/Build/Intermediates.noindex/Voxboard.build/Debug-watchsimulator/Voxboard\ Watch.build/Voxboard\ Watch-ExecutorLinkFileList-normal-arm64.txt (in target 'Voxboard Watch' from project 'Voxboard')
    cd /Users/codybontecou/projects/Voxboard
    construct-stub-executor-link-file-list /tmp/voxboard-notelet-verify-derived/Build/Intermediates.noindex/Voxboard.build/Debug-watchsimulator/Voxboard\ Watch.build/Objects-normal/arm64/Binary/Voxboard\ Watch.debug.dylib /Applications/Xcode.app/Contents/Developer/Platforms/WatchSimulator.platform/Developer/usr/lib/libPreviewsJITStubExecutor_no_swift_entry_point.a /Applications/Xcode.app/Contents/Developer/Platforms/WatchSimulator.platform/Developer/usr/lib/libPreviewsJITStubExecutor.a --output /tmp/voxboard-notelet-verify-derived/Build/Intermediates.noindex/Voxboard.build/Debug-watchsimulator/Voxboard\ Watch.build/Voxboard\ Watch-ExecutorLinkFileList-normal-arm64.txt
note: Using stub executor library with Swift entry point. (in target 'Voxboard Watch' from project 'Voxboard')

Ld /tmp/voxboard-notelet-verify-derived/Build/Intermediates.noindex/Voxboard.build/Debug-watchsimulator/Voxboard\ Watch.build/Objects-normal/arm64/Binary/Voxboard\ Watch normal arm64 (in target 'Voxboard Watch' from project 'Voxboard')
    cd /Users/codybontecou/projects/Voxboard
    /Applications/Xcode.app/Contents/Developer/Toolchains/XcodeDefault.xctoolchain/usr/bin/clang -Xlinker -reproducible -target arm64-apple-watchos10.0-simulator -isysroot /Applications/Xcode.app/Contents/Developer/Platforms/WatchSimulator.platform/Developer/SDKs/WatchSimulator26.5.sdk -O0 -L/tmp/voxboard-notelet-verify-derived/Build/Products/Debug-watchsimulator -F/tmp/voxboard-notelet-verify-derived/Build/Products/Debug-watchsimulator -Xlinker -rpath -Xlinker @executable_path -Xlinker -rpath -Xlinker @executable_path/Frameworks -rdynamic -Xlinker -no_deduplicate -Xlinker -objc_abi_version -Xlinker 2 -e ___debug_blank_executor_main -Xlinker -sectcreate -Xlinker __TEXT -Xlinker __debug_dylib -Xlinker /tmp/voxboard-notelet-verify-derived/Build/Intermediates.noindex/Voxboard.build/Debug-watchsimulator/Voxboard\ Watch.build/Voxboard\ Watch-DebugDylibPath-normal-arm64.txt -Xlinker -sectcreate -Xlinker __TEXT -Xlinker __debug_instlnm -Xlinker /tmp/voxboard-notelet-verify-derived/Build/Intermediates.noindex/Voxboard.build/Debug-watchsimulator/Voxboard\ Watch.build/Voxboard\ Watch-DebugDylibInstallName-normal-arm64.txt -Xlinker -filelist -Xlinker /tmp/voxboard-notelet-verify-derived/Build/Intermediates.noindex/Voxboard.build/Debug-watchsimulator/Voxboard\ Watch.build/Voxboard\ Watch-ExecutorLinkFileList-normal-arm64.txt -Xlinker -sectcreate -Xlinker __TEXT -Xlinker __entitlements -Xlinker /tmp/voxboard-notelet-verify-derived/Build/Intermediates.noindex/Voxboard.build/Debug-watchsimulator/Voxboard\ Watch.build/Voxboard\ Watch.app-Simulated.xcent -Xlinker -sectcreate -Xlinker __TEXT -Xlinker __ents_der -Xlinker /tmp/voxboard-notelet-verify-derived/Build/Intermediates.noindex/Voxboard.build/Debug-watchsimulator/Voxboard\ Watch.build/Voxboard\ Watch.app-Simulated.xcent.der /tmp/voxboard-notelet-verify-derived/Build/Intermediates.noindex/Voxboard.build/Debug-watchsimulator/Voxboard\ Watch.build/Objects-normal/arm64/Binary/Voxboard\ Watch.debug.dylib -Xlinker -no_adhoc_codesign -o /tmp/voxboard-notelet-verify-derived/Build/Intermediates.noindex/Voxboard.build/Debug-watchsimulator/Voxboard\ Watch.build/Objects-normal/arm64/Binary/Voxboard\ Watch

CreateUniversalBinary /tmp/voxboard-notelet-verify-derived/Build/Products/Debug-watchsimulator/Voxboard\ Watch.app/Voxboard\ Watch normal arm64\ x86_64 (in target 'Voxboard Watch' from project 'Voxboard')
    cd /Users/codybontecou/projects/Voxboard
    /Applications/Xcode.app/Contents/Developer/Toolchains/XcodeDefault.xctoolchain/usr/bin/lipo -create /tmp/voxboard-notelet-verify-derived/Build/Intermediates.noindex/Voxboard.build/Debug-watchsimulator/Voxboard\ Watch.build/Objects-normal/arm64/Binary/Voxboard\ Watch /tmp/voxboard-notelet-verify-derived/Build/Intermediates.noindex/Voxboard.build/Debug-watchsimulator/Voxboard\ Watch.build/Objects-normal/x86_64/Binary/Voxboard\ Watch -output /tmp/voxboard-notelet-verify-derived/Build/Products/Debug-watchsimulator/Voxboard\ Watch.app/Voxboard\ Watch

Copy /tmp/voxboard-notelet-verify-derived/Build/Products/Debug-watchsimulator/Voxboard\ Watch.app/PlugIns/Voxboard\ Watch\ WidgetExtension.appex /tmp/voxboard-notelet-verify-derived/Build/Products/Debug-watchsimulator/Voxboard\ Watch\ WidgetExtension.appex (in target 'Voxboard Watch' from project 'Voxboard')
    cd /Users/codybontecou/projects/Voxboard
    builtin-copy -exclude .DS_Store -exclude CVS -exclude .svn -exclude .git -exclude .hg -exclude Headers -exclude PrivateHeaders -exclude Modules -exclude \*.tbd -resolve-src-symlinks -remove-static-executable /tmp/voxboard-notelet-verify-derived/Build/Products/Debug-watchsimulator/Voxboard\ Watch\ WidgetExtension.appex /tmp/voxboard-notelet-verify-derived/Build/Products/Debug-watchsimulator/Voxboard\ Watch.app/PlugIns

ProcessInfoPlistFile /tmp/voxboard-notelet-verify-derived/Build/Products/Debug-watchsimulator/Voxboard\ Watch.app/Info.plist /Users/codybontecou/projects/Voxboard/Voxboard\ Watch/Info.plist (in target 'Voxboard Watch' from project 'Voxboard')
    cd /Users/codybontecou/projects/Voxboard
    builtin-infoPlistUtility /Users/codybontecou/projects/Voxboard/Voxboard\ Watch/Info.plist -producttype com.apple.product-type.application -genpkginfo /tmp/voxboard-notelet-verify-derived/Build/Products/Debug-watchsimulator/Voxboard\ Watch.app/PkgInfo -expandbuildsettings -format binary -platform watchsimulator -additionalcontentfile /tmp/voxboard-notelet-verify-derived/Build/Intermediates.noindex/Voxboard.build/Debug-watchsimulator/Voxboard\ Watch.build/assetcatalog_generated_info.plist -scanforprivacyfile /tmp/voxboard-notelet-verify-derived/Build/Products/Debug-watchsimulator/Voxboard\ Watch.app/PlugIns/Voxboard\ Watch\ WidgetExtension.appex -o /tmp/voxboard-notelet-verify-derived/Build/Products/Debug-watchsimulator/Voxboard\ Watch.app/Info.plist

CopySwiftLibs /tmp/voxboard-notelet-verify-derived/Build/Products/Debug-watchsimulator/Voxboard\ Watch.app (in target 'Voxboard Watch' from project 'Voxboard')
    cd /Users/codybontecou/projects/Voxboard
    builtin-swiftStdLibTool --copy --verbose --sign - --scan-executable /tmp/voxboard-notelet-verify-derived/Build/Products/Debug-watchsimulator/Voxboard\ Watch.app/Voxboard\ Watch.debug.dylib --scan-folder /tmp/voxboard-notelet-verify-derived/Build/Products/Debug-watchsimulator/Voxboard\ Watch.app/Frameworks --scan-folder /tmp/voxboard-notelet-verify-derived/Build/Products/Debug-watchsimulator/Voxboard\ Watch.app/PlugIns --scan-folder /tmp/voxboard-notelet-verify-derived/Build/Products/Debug-watchsimulator/Voxboard\ Watch.app/SystemExtensions --scan-folder /tmp/voxboard-notelet-verify-derived/Build/Products/Debug-watchsimulator/Voxboard\ Watch.app/Extensions --scan-folder /Applications/Xcode.app/Contents/Developer/Platforms/WatchSimulator.platform/Developer/SDKs/WatchSimulator26.5.sdk/System/Library/Frameworks/SwiftUI.framework --scan-folder /Applications/Xcode.app/Contents/Developer/Platforms/WatchSimulator.platform/Developer/SDKs/WatchSimulator26.5.sdk/System/Library/Frameworks/WatchConnectivity.framework --scan-folder /Applications/Xcode.app/Contents/Developer/Platforms/WatchSimulator.platform/Developer/SDKs/WatchSimulator26.5.sdk/System/Library/Frameworks/AppIntents.framework --scan-folder /Applications/Xcode.app/Contents/Developer/Platforms/WatchSimulator.platform/Developer/SDKs/WatchSimulator26.5.sdk/System/Library/Frameworks/AVFoundation.framework --platform watchsimulator --toolchain /Applications/Xcode.app/Contents/Developer/Toolchains/XcodeDefault.xctoolchain --destination /tmp/voxboard-notelet-verify-derived/Build/Products/Debug-watchsimulator/Voxboard\ Watch.app/Frameworks --strip-bitcode --strip-bitcode-tool /Applications/Xcode.app/Contents/Developer/Toolchains/XcodeDefault.xctoolchain/usr/bin/bitcode_strip --emit-dependency-info /tmp/voxboard-notelet-verify-derived/Build/Intermediates.noindex/Voxboard.build/Debug-watchsimulator/Voxboard\ Watch.build/SwiftStdLibToolInputDependencies.dep --filter-for-swift-os --back-deploy-swift-span

ExtractAppIntentsMetadata (in target 'Voxboard Watch' from project 'Voxboard')
    cd /Users/codybontecou/projects/Voxboard
    /Applications/Xcode.app/Contents/Developer/Toolchains/XcodeDefault.xctoolchain/usr/bin/appintentsmetadataprocessor --toolchain-dir /Applications/Xcode.app/Contents/Developer/Toolchains/XcodeDefault.xctoolchain --module-name Voxboard_Watch --sdk-root /Applications/Xcode.app/Contents/Developer/Platforms/WatchSimulator.platform/Developer/SDKs/WatchSimulator26.5.sdk --xcode-version 17F42 --platform-family watchOS --deployment-target 10.0 --bundle-identifier bontecou.Voxboard.watchkitapp --output /tmp/voxboard-notelet-verify-derived/Build/Products/Debug-watchsimulator/Voxboard\ Watch.app --target-triple arm64-apple-watchos10.0-simulator --target-triple x86_64-apple-watchos10.0-simulator --binary-file /tmp/voxboard-notelet-verify-derived/Build/Products/Debug-watchsimulator/Voxboard\ Watch.app/Voxboard\ Watch --dependency-file /tmp/voxboard-notelet-verify-derived/Build/Intermediates.noindex/Voxboard.build/Debug-watchsimulator/Voxboard\ Watch.build/Objects-normal/arm64/Voxboard\ Watch_dependency_info.dat --dependency-file /tmp/voxboard-notelet-verify-derived/Build/Intermediates.noindex/Voxboard.build/Debug-watchsimulator/Voxboard\ Watch.build/Objects-normal/x86_64/Voxboard\ Watch_dependency_info.dat --stringsdata-file /tmp/voxboard-notelet-verify-derived/Build/Intermediates.noindex/Voxboard.build/Debug-watchsimulator/Voxboard\ Watch.build/Objects-normal/arm64/ExtractedAppShortcutsMetadata.stringsdata --stringsdata-file /tmp/voxboard-notelet-verify-derived/Build/Intermediates.noindex/Voxboard.build/Debug-watchsimulator/Voxboard\ Watch.build/Objects-normal/x86_64/ExtractedAppShortcutsMetadata.stringsdata --source-file-list /tmp/voxboard-notelet-verify-derived/Build/Intermediates.noindex/Voxboard.build/Debug-watchsimulator/Voxboard\ Watch.build/Objects-normal/arm64/Voxboard\ Watch.SwiftFileList --source-file-list /tmp/voxboard-notelet-verify-derived/Build/Intermediates.noindex/Voxboard.build/Debug-watchsimulator/Voxboard\ Watch.build/Objects-normal/x86_64/Voxboard\ Watch.SwiftFileList --metadata-file-list /tmp/voxboard-notelet-verify-derived/Build/Intermediates.noindex/Voxboard.build/Debug-watchsimulator/Voxboard\ Watch.build/Voxboard\ Watch.DependencyMetadataFileList --static-metadata-file-list /tmp/voxboard-notelet-verify-derived/Build/Intermediates.noindex/Voxboard.build/Debug-watchsimulator/Voxboard\ Watch.build/Voxboard\ Watch.DependencyStaticMetadataFileList --swift-const-vals-list /tmp/voxboard-notelet-verify-derived/Build/Intermediates.noindex/Voxboard.build/Debug-watchsimulator/Voxboard\ Watch.build/Objects-normal/arm64/Voxboard\ Watch.SwiftConstValuesFileList --swift-const-vals-list /tmp/voxboard-notelet-verify-derived/Build/Intermediates.noindex/Voxboard.build/Debug-watchsimulator/Voxboard\ Watch.build/Objects-normal/x86_64/Voxboard\ Watch.SwiftConstValuesFileList --compile-time-extraction --deployment-aware-processing --validate-assistant-intents --no-app-shortcuts-localization
2026-06-20 11:44:08.412 appintentsmetadataprocessor[96393:3728556] Starting appintentsmetadataprocessor export
2026-06-20 11:44:08.423 appintentsmetadataprocessor[96393:3728556] Extracted no relevant App Intents symbols, skipping writing output

CodeSign /tmp/voxboard-notelet-verify-derived/Build/Products/Debug-watchsimulator/Voxboard\ Watch.app/Voxboard\ Watch.debug.dylib (in target 'Voxboard Watch' from project 'Voxboard')
    cd /Users/codybontecou/projects/Voxboard

    Signing Identity:     "Sign to Run Locally"

    /usr/bin/codesign --force --sign - --timestamp\=none --generate-entitlement-der /tmp/voxboard-notelet-verify-derived/Build/Products/Debug-watchsimulator/Voxboard\ Watch.app/Voxboard\ Watch.debug.dylib

CodeSign /tmp/voxboard-notelet-verify-derived/Build/Products/Debug-watchsimulator/Voxboard\ Watch.app/__preview.dylib (in target 'Voxboard Watch' from project 'Voxboard')
    cd /Users/codybontecou/projects/Voxboard

    Signing Identity:     "Sign to Run Locally"

    /usr/bin/codesign --force --sign - --timestamp\=none --generate-entitlement-der /tmp/voxboard-notelet-verify-derived/Build/Products/Debug-watchsimulator/Voxboard\ Watch.app/__preview.dylib

CodeSign /tmp/voxboard-notelet-verify-derived/Build/Products/Debug-watchsimulator/Voxboard\ Watch.app (in target 'Voxboard Watch' from project 'Voxboard')
    cd /Users/codybontecou/projects/Voxboard

    Signing Identity:     "Sign to Run Locally"

    /usr/bin/codesign --force --sign - --entitlements /tmp/voxboard-notelet-verify-derived/Build/Intermediates.noindex/Voxboard.build/Debug-watchsimulator/Voxboard\ Watch.build/Voxboard\ Watch.app.xcent --timestamp\=none --generate-entitlement-der /tmp/voxboard-notelet-verify-derived/Build/Products/Debug-watchsimulator/Voxboard\ Watch.app

ValidateEmbeddedBinary /tmp/voxboard-notelet-verify-derived/Build/Products/Debug-watchsimulator/Voxboard\ Watch.app/PlugIns/Voxboard\ Watch\ WidgetExtension.appex (in target 'Voxboard Watch' from project 'Voxboard')
    cd /Users/codybontecou/projects/Voxboard
    /Applications/Xcode.app/Contents/Developer/usr/bin/embeddedBinaryValidationUtility /tmp/voxboard-notelet-verify-derived/Build/Products/Debug-watchsimulator/Voxboard\ Watch.app/PlugIns/Voxboard\ Watch\ WidgetExtension.appex -signing-cert - -info-plist-path /tmp/voxboard-notelet-verify-derived/Build/Products/Debug-watchsimulator/Voxboard\ Watch.app/Info.plist

RegisterExecutionPolicyException /tmp/voxboard-notelet-verify-derived/Build/Products/Debug-watchsimulator/Voxboard\ Watch.app (in target 'Voxboard Watch' from project 'Voxboard')
    cd /Users/codybontecou/projects/Voxboard
    builtin-RegisterExecutionPolicyException /tmp/voxboard-notelet-verify-derived/Build/Products/Debug-watchsimulator/Voxboard\ Watch.app

Validate /tmp/voxboard-notelet-verify-derived/Build/Products/Debug-watchsimulator/Voxboard\ Watch.app (in target 'Voxboard Watch' from project 'Voxboard')
    cd /Users/codybontecou/projects/Voxboard
    builtin-validationUtility /tmp/voxboard-notelet-verify-derived/Build/Products/Debug-watchsimulator/Voxboard\ Watch.app -shallow-bundle -infoplist-subpath Info.plist

Touch /tmp/voxboard-notelet-verify-derived/Build/Products/Debug-watchsimulator/Voxboard\ Watch.app (in target 'Voxboard Watch' from project 'Voxboard')
    cd /Users/codybontecou/projects/Voxboard
    /usr/bin/touch -c /tmp/voxboard-notelet-verify-derived/Build/Products/Debug-watchsimulator/Voxboard\ Watch.app

SwiftExplicitDependencyGeneratePcm arm64 /tmp/voxboard-notelet-verify-derived/ModuleCache.noindex/Speech-19A4EM5R4GVHMLKBR3V7L1AHO.pcm

SwiftExplicitDependencyGeneratePcm arm64 /tmp/voxboard-notelet-verify-derived/ModuleCache.noindex/GLKit-88TAWCIJOZA6OYYDG9EE517HI.pcm

SwiftExplicitDependencyGeneratePcm arm64 /tmp/voxboard-notelet-verify-derived/ModuleCache.noindex/ReplayKit-8BAUTXK6ASW09OM56PKIQJ1Y5.pcm

SwiftExplicitDependencyGeneratePcm arm64 /tmp/voxboard-notelet-verify-derived/ModuleCache.noindex/SwiftUI-2O2XG6JD18RQKPGNN4OI00BNH.pcm

SwiftExplicitDependencyGeneratePcm arm64 /tmp/voxboard-notelet-verify-derived/Build/Intermediates.noindex/SwiftExplicitPrecompiledModules/KeyboardKit-9KH8I3OPMP3EN8R9PZGRZFCBO.pcm

SwiftExplicitDependencyGeneratePcm arm64 /tmp/voxboard-notelet-verify-derived/ModuleCache.noindex/GameController-1TD645EGCWYH06OR4BRX9Q3M0.pcm

SwiftEmitModule normal arm64 Emitting\ module\ for\ Voxboard_WidgetExtension (in target 'Voxboard WidgetExtension' from project 'Voxboard')

EmitSwiftModule normal arm64 (in target 'Voxboard WidgetExtension' from project 'Voxboard')
    cd /Users/codybontecou/projects/Voxboard


SwiftExplicitDependencyCompileModuleFromInterface arm64 /tmp/voxboard-notelet-verify-derived/Build/Intermediates.noindex/SwiftExplicitPrecompiledModules/LicenseKit-2WCI9I7E7FRRC.swiftmodule

SwiftCompile normal arm64 Compiling\ VoxboardLiveActivity.swift /Users/codybontecou/projects/Voxboard/Voxboard\ Widget/VoxboardLiveActivity.swift (in target 'Voxboard WidgetExtension' from project 'Voxboard')
SwiftCompile normal arm64 /Users/codybontecou/projects/Voxboard/Voxboard\ Widget/VoxboardLiveActivity.swift (in target 'Voxboard WidgetExtension' from project 'Voxboard')
    cd /Users/codybontecou/projects/Voxboard


SwiftCompile normal arm64 Compiling\ OpenVoxboardRecordIntent.swift /Users/codybontecou/projects/Voxboard/Voxboard/OpenVoxboardRecordIntent.swift (in target 'Voxboard WidgetExtension' from project 'Voxboard')

SwiftCompile normal arm64 /Users/codybontecou/projects/Voxboard/Voxboard/OpenVoxboardRecordIntent.swift (in target 'Voxboard WidgetExtension' from project 'Voxboard')
    cd /Users/codybontecou/projects/Voxboard


SwiftCompile normal arm64 Compiling\ GeneratedAssetSymbols.swift /tmp/voxboard-notelet-verify-derived/Build/Intermediates.noindex/Voxboard.build/Debug-iphonesimulator/Voxboard\ WidgetExtension.build/DerivedSources/GeneratedAssetSymbols.swift (in target 'Voxboard WidgetExtension' from project 'Voxboard')

SwiftCompile normal arm64 /tmp/voxboard-notelet-verify-derived/Build/Intermediates.noindex/Voxboard.build/Debug-iphonesimulator/Voxboard\ WidgetExtension.build/DerivedSources/GeneratedAssetSymbols.swift (in target 'Voxboard WidgetExtension' from project 'Voxboard')
    cd /Users/codybontecou/projects/Voxboard


SwiftCompile normal arm64 Compiling\ VoxboardWidgetBundle.swift /Users/codybontecou/projects/Voxboard/Voxboard\ Widget/VoxboardWidgetBundle.swift (in target 'Voxboard WidgetExtension' from project 'Voxboard')

SwiftCompile normal arm64 /Users/codybontecou/projects/Voxboard/Voxboard\ Widget/VoxboardWidgetBundle.swift (in target 'Voxboard WidgetExtension' from project 'Voxboard')
    cd /Users/codybontecou/projects/Voxboard


SwiftCompile normal arm64 Compiling\ LiveActivityRecordingIntents.swift /Users/codybontecou/projects/Voxboard/Voxboard/LiveActivityRecordingIntents.swift (in target 'Voxboard WidgetExtension' from project 'Voxboard')

SwiftCompile normal arm64 /Users/codybontecou/projects/Voxboard/Voxboard/LiveActivityRecordingIntents.swift (in target 'Voxboard WidgetExtension' from project 'Voxboard')
    cd /Users/codybontecou/projects/Voxboard


SwiftCompile normal arm64 Compiling\ VoxboardRecordControl.swift /Users/codybontecou/projects/Voxboard/Voxboard\ Widget/VoxboardRecordControl.swift (in target 'Voxboard WidgetExtension' from project 'Voxboard')

SwiftCompile normal arm64 /Users/codybontecou/projects/Voxboard/Voxboard\ Widget/VoxboardRecordControl.swift (in target 'Voxboard WidgetExtension' from project 'Voxboard')
    cd /Users/codybontecou/projects/Voxboard


SwiftCompile normal arm64 Compiling\ VoxboardRecordWidget.swift /Users/codybontecou/projects/Voxboard/Voxboard\ Widget/VoxboardRecordWidget.swift (in target 'Voxboard WidgetExtension' from project 'Voxboard')

SwiftCompile normal arm64 /Users/codybontecou/projects/Voxboard/Voxboard\ Widget/VoxboardRecordWidget.swift (in target 'Voxboard WidgetExtension' from project 'Voxboard')
    cd /Users/codybontecou/projects/Voxboard


SwiftExplicitDependencyGeneratePcm arm64 /tmp/voxboard-notelet-verify-derived/ModuleCache.noindex/SceneKit-D7DJ5Y9IF7GQO56F4FAFQ7CQM.pcm

SwiftExplicitDependencyGeneratePcm arm64 /tmp/voxboard-notelet-verify-derived/ModuleCache.noindex/SpriteKit-4I9V5P2WYEFWZJ82PI6ZPZA2A.pcm

SwiftDriverJobDiscovery normal arm64 Compiling GeneratedAssetSymbols.swift (in target 'Voxboard WidgetExtension' from project 'Voxboard')

SwiftCompile normal arm64 Compiling\ WidgetViews.swift /Users/codybontecou/projects/Voxboard/Voxboard\ Widget/WidgetViews.swift (in target 'Voxboard WidgetExtension' from project 'Voxboard')

SwiftCompile normal arm64 /Users/codybontecou/projects/Voxboard/Voxboard\ Widget/WidgetViews.swift (in target 'Voxboard WidgetExtension' from project 'Voxboard')
    cd /Users/codybontecou/projects/Voxboard


SwiftDriverJobDiscovery normal arm64 Emitting module for Voxboard_WidgetExtension (in target 'Voxboard WidgetExtension' from project 'Voxboard')

SwiftDriver\ Compilation\ Requirements Voxboard\ WidgetExtension normal arm64 com.apple.xcode.tools.swift.compiler (in target 'Voxboard WidgetExtension' from project 'Voxboard')
    cd /Users/codybontecou/projects/Voxboard
    builtin-Swift-Compilation-Requirements -- /Applications/Xcode.app/Contents/Developer/Toolchains/XcodeDefault.xctoolchain/usr/bin/swiftc -module-name Voxboard_WidgetExtension -Onone @/tmp/voxboard-notelet-verify-derived/Build/Intermediates.noindex/Voxboard.build/Debug-iphonesimulator/Voxboard\ WidgetExtension.build/Objects-normal/arm64/Voxboard\ WidgetExtension.SwiftFileList -DDEBUG -enable-bare-slash-regex -enable-upcoming-feature DisableOutwardActorInference -enable-upcoming-feature InferSendableFromCaptures -enable-upcoming-feature GlobalActorIsolatedTypesUsability -enable-upcoming-feature MemberImportVisibility -enable-upcoming-feature InferIsolatedConformances -enable-upcoming-feature NonisolatedNonsendingByDefault -enable-experimental-feature DebugDescriptionMacro -sdk /Applications/Xcode.app/Contents/Developer/Platforms/iPhoneSimulator.platform/Developer/SDKs/iPhoneSimulator26.5.sdk -target arm64-apple-ios26.2-simulator -g -module-cache-path /tmp/voxboard-notelet-verify-derived/ModuleCache.noindex -Xfrontend -serialize-debugging-options -application-extension -enable-testing -index-store-path /tmp/voxboard-notelet-verify-derived/Index.noindex/DataStore -Xcc -D_LIBCPP_HARDENING_MODE\=_LIBCPP_HARDENING_MODE_DEBUG -swift-version 5 -I /tmp/voxboard-notelet-verify-derived/Build/Products/Debug-iphonesimulator -F /tmp/voxboard-notelet-verify-derived/Build/Products/Debug-iphonesimulator/PackageFrameworks -F /tmp/voxboard-notelet-verify-derived/Build/Products/Debug-iphonesimulator/PackageFrameworks -F /tmp/voxboard-notelet-verify-derived/Build/Products/Debug-iphonesimulator/PackageFrameworks -F /tmp/voxboard-notelet-verify-derived/Build/Products/Debug-iphonesimulator/PackageFrameworks -F /tmp/voxboard-notelet-verify-derived/Build/Products/Debug-iphonesimulator/PackageFrameworks -F /tmp/voxboard-notelet-verify-derived/Build/Products/Debug-iphonesimulator -emit-localized-strings -emit-localized-strings-path /tmp/voxboard-notelet-verify-derived/Build/Intermediates.noindex/Voxboard.build/Debug-iphonesimulator/Voxboard\ WidgetExtension.build/Objects-normal/arm64 -c -j10 -enable-batch-mode -incremental -Xcc -ivfsstatcache -Xcc /tmp/voxboard-notelet-verify-derived/SDKStatCaches.noindex/iphonesimulator26.5-23F73-6cfe768891a92b912361537c460fe42b.sdkstatcache -output-file-map /tmp/voxboard-notelet-verify-derived/Build/Intermediates.noindex/Voxboard.build/Debug-iphonesimulator/Voxboard\ WidgetExtension.build/Objects-normal/arm64/Voxboard\ WidgetExtension-OutputFileMap.json -use-frontend-parseable-output -save-temps -no-color-diagnostics -explicit-module-build -module-cache-path /tmp/voxboard-notelet-verify-derived/Build/Intermediates.noindex/SwiftExplicitPrecompiledModules -clang-scanner-module-cache-path /tmp/voxboard-notelet-verify-derived/ModuleCache.noindex -sdk-module-cache-path /tmp/voxboard-notelet-verify-derived/ModuleCache.noindex -serialize-diagnostics -emit-dependencies -emit-module -emit-module-path /tmp/voxboard-notelet-verify-derived/Build/Intermediates.noindex/Voxboard.build/Debug-iphonesimulator/Voxboard\ WidgetExtension.build/Objects-normal/arm64/Voxboard_WidgetExtension.swiftmodule -validate-clang-modules-once -clang-build-session-file /tmp/voxboard-notelet-verify-derived/ModuleCache.noindex/Session.modulevalidation -Xcc -I/tmp/voxboard-notelet-verify-derived/Build/Intermediates.noindex/Voxboard.build/Debug-iphonesimulator/Voxboard\ WidgetExtension.build/swift-overrides.hmap -emit-const-values -Xfrontend -const-gather-protocols-file -Xfrontend /tmp/voxboard-notelet-verify-derived/Build/Intermediates.noindex/Voxboard.build/Debug-iphonesimulator/Voxboard\ WidgetExtension.build/Objects-normal/arm64/Voxboard\ WidgetExtension_const_extract_protocols.json -Xcc -iquote -Xcc /tmp/voxboard-notelet-verify-derived/Build/Intermediates.noindex/Voxboard.build/Debug-iphonesimulator/Voxboard\ WidgetExtension.build/Voxboard\ WidgetExtension-generated-files.hmap -Xcc -I/tmp/voxboard-notelet-verify-derived/Build/Intermediates.noindex/Voxboard.build/Debug-iphonesimulator/Voxboard\ WidgetExtension.build/Voxboard\ WidgetExtension-own-target-headers.hmap -Xcc -I/tmp/voxboard-notelet-verify-derived/Build/Intermediates.noindex/Voxboard.build/Debug-iphonesimulator/Voxboard\ WidgetExtension.build/Voxboard\ WidgetExtension-all-non-framework-target-headers.hmap -Xcc -ivfsoverlay -Xcc /tmp/voxboard-notelet-verify-derived/Build/Intermediates.noindex/Voxboard.build/Debug-iphonesimulator/Voxboard-8d6c3ba71b53f8320d7c577fe4b80237-VFS-iphonesimulator/all-product-headers.yaml -Xcc -iquote -Xcc /tmp/voxboard-notelet-verify-derived/Build/Intermediates.noindex/Voxboard.build/Debug-iphonesimulator/Voxboard\ WidgetExtension.build/Voxboard\ WidgetExtension-project-headers.hmap -Xcc -I/tmp/voxboard-notelet-verify-derived/SourcePackages/checkouts/FluidAudio/Sources/MachTaskSelfWrapper/include -Xcc -I/tmp/voxboard-notelet-verify-derived/SourcePackages/checkouts/FluidAudio/Sources/FastClusterWrapper/include -Xcc -I/tmp/voxboard-notelet-verify-derived/Build/Products/Debug-iphonesimulator/include -Xcc -I/tmp/voxboard-notelet-verify-derived/Build/Intermediates.noindex/Voxboard.build/Debug-iphonesimulator/Voxboard\ WidgetExtension.build/DerivedSources-normal/arm64 -Xcc -I/tmp/voxboard-notelet-verify-derived/Build/Intermediates.noindex/Voxboard.build/Debug-iphonesimulator/Voxboard\ WidgetExtension.build/DerivedSources/arm64 -Xcc -I/tmp/voxboard-notelet-verify-derived/Build/Intermediates.noindex/Voxboard.build/Debug-iphonesimulator/Voxboard\ WidgetExtension.build/DerivedSources -Xcc -DDEBUG\=1 -emit-objc-header -emit-objc-header-path /tmp/voxboard-notelet-verify-derived/Build/Intermediates.noindex/Voxboard.build/Debug-iphonesimulator/Voxboard\ WidgetExtension.build/Objects-normal/arm64/Voxboard_WidgetExtension-Swift.h -working-directory /Users/codybontecou/projects/Voxboard -experimental-emit-module-separately -disable-cmo

SwiftExplicitDependencyGeneratePcm arm64 /tmp/voxboard-notelet-verify-derived/ModuleCache.noindex/GameplayKit-5Y2EKF04XEF2IFULVD3Q64XQG.pcm

SwiftMergeGeneratedHeaders /tmp/voxboard-notelet-verify-derived/Build/Intermediates.noindex/Voxboard.build/Debug-iphonesimulator/Voxboard\ WidgetExtension.build/DerivedSources/Voxboard_WidgetExtension-Swift.h /tmp/voxboard-notelet-verify-derived/Build/Intermediates.noindex/Voxboard.build/Debug-iphonesimulator/Voxboard\ WidgetExtension.build/Objects-normal/arm64/Voxboard_WidgetExtension-Swift.h (in target 'Voxboard WidgetExtension' from project 'Voxboard')
    cd /Users/codybontecou/projects/Voxboard
    builtin-swiftHeaderTool -arch arm64 /tmp/voxboard-notelet-verify-derived/Build/Intermediates.noindex/Voxboard.build/Debug-iphonesimulator/Voxboard\ WidgetExtension.build/Objects-normal/arm64/Voxboard_WidgetExtension-Swift.h -o /tmp/voxboard-notelet-verify-derived/Build/Intermediates.noindex/Voxboard.build/Debug-iphonesimulator/Voxboard\ WidgetExtension.build/DerivedSources/Voxboard_WidgetExtension-Swift.h

Copy /tmp/voxboard-notelet-verify-derived/Build/Products/Debug-iphonesimulator/Voxboard_WidgetExtension.swiftmodule/arm64-apple-ios-simulator.swiftmodule /tmp/voxboard-notelet-verify-derived/Build/Intermediates.noindex/Voxboard.build/Debug-iphonesimulator/Voxboard\ WidgetExtension.build/Objects-normal/arm64/Voxboard_WidgetExtension.swiftmodule (in target 'Voxboard WidgetExtension' from project 'Voxboard')
    cd /Users/codybontecou/projects/Voxboard
    builtin-copy -exclude .DS_Store -exclude CVS -exclude .svn -exclude .git -exclude .hg -resolve-src-symlinks -rename /tmp/voxboard-notelet-verify-derived/Build/Intermediates.noindex/Voxboard.build/Debug-iphonesimulator/Voxboard\ WidgetExtension.build/Objects-normal/arm64/Voxboard_WidgetExtension.swiftmodule /tmp/voxboard-notelet-verify-derived/Build/Products/Debug-iphonesimulator/Voxboard_WidgetExtension.swiftmodule/arm64-apple-ios-simulator.swiftmodule

Copy /tmp/voxboard-notelet-verify-derived/Build/Products/Debug-iphonesimulator/Voxboard_WidgetExtension.swiftmodule/arm64-apple-ios-simulator.swiftdoc /tmp/voxboard-notelet-verify-derived/Build/Intermediates.noindex/Voxboard.build/Debug-iphonesimulator/Voxboard\ WidgetExtension.build/Objects-normal/arm64/Voxboard_WidgetExtension.swiftdoc (in target 'Voxboard WidgetExtension' from project 'Voxboard')
    cd /Users/codybontecou/projects/Voxboard
    builtin-copy -exclude .DS_Store -exclude CVS -exclude .svn -exclude .git -exclude .hg -resolve-src-symlinks -rename /tmp/voxboard-notelet-verify-derived/Build/Intermediates.noindex/Voxboard.build/Debug-iphonesimulator/Voxboard\ WidgetExtension.build/Objects-normal/arm64/Voxboard_WidgetExtension.swiftdoc /tmp/voxboard-notelet-verify-derived/Build/Products/Debug-iphonesimulator/Voxboard_WidgetExtension.swiftmodule/arm64-apple-ios-simulator.swiftdoc

Copy /tmp/voxboard-notelet-verify-derived/Build/Products/Debug-iphonesimulator/Voxboard_WidgetExtension.swiftmodule/arm64-apple-ios-simulator.abi.json /tmp/voxboard-notelet-verify-derived/Build/Intermediates.noindex/Voxboard.build/Debug-iphonesimulator/Voxboard\ WidgetExtension.build/Objects-normal/arm64/Voxboard_WidgetExtension.abi.json (in target 'Voxboard WidgetExtension' from project 'Voxboard')
    cd /Users/codybontecou/projects/Voxboard
    builtin-copy -exclude .DS_Store -exclude CVS -exclude .svn -exclude .git -exclude .hg -resolve-src-symlinks -rename /tmp/voxboard-notelet-verify-derived/Build/Intermediates.noindex/Voxboard.build/Debug-iphonesimulator/Voxboard\ WidgetExtension.build/Objects-normal/arm64/Voxboard_WidgetExtension.abi.json /tmp/voxboard-notelet-verify-derived/Build/Products/Debug-iphonesimulator/Voxboard_WidgetExtension.swiftmodule/arm64-apple-ios-simulator.abi.json

Copy /tmp/voxboard-notelet-verify-derived/Build/Products/Debug-iphonesimulator/Voxboard_WidgetExtension.swiftmodule/Project/arm64-apple-ios-simulator.swiftsourceinfo /tmp/voxboard-notelet-verify-derived/Build/Intermediates.noindex/Voxboard.build/Debug-iphonesimulator/Voxboard\ WidgetExtension.build/Objects-normal/arm64/Voxboard_WidgetExtension.swiftsourceinfo (in target 'Voxboard WidgetExtension' from project 'Voxboard')
    cd /Users/codybontecou/projects/Voxboard
    builtin-copy -exclude .DS_Store -exclude CVS -exclude .svn -exclude .git -exclude .hg -resolve-src-symlinks -rename /tmp/voxboard-notelet-verify-derived/Build/Intermediates.noindex/Voxboard.build/Debug-iphonesimulator/Voxboard\ WidgetExtension.build/Objects-normal/arm64/Voxboard_WidgetExtension.swiftsourceinfo /tmp/voxboard-notelet-verify-derived/Build/Products/Debug-iphonesimulator/Voxboard_WidgetExtension.swiftmodule/Project/arm64-apple-ios-simulator.swiftsourceinfo

SwiftExplicitDependencyGeneratePcm arm64 /tmp/voxboard-notelet-verify-derived/ModuleCache.noindex/GameKit-7HYGP0S9R0Q0MJ4A9Z5YIHIQT.pcm

SwiftExplicitDependencyCompileModuleFromInterface arm64 /tmp/voxboard-notelet-verify-derived/Build/Intermediates.noindex/SwiftExplicitPrecompiledModules/KeyboardKit-1PBX35KWM5Z6C.swiftmodule

SwiftDriverJobDiscovery normal arm64 Compiling LiveActivityRecordingIntents.swift (in target 'Voxboard WidgetExtension' from project 'Voxboard')

SwiftDriverJobDiscovery normal arm64 Compiling OpenVoxboardRecordIntent.swift (in target 'Voxboard WidgetExtension' from project 'Voxboard')

SwiftDriverJobDiscovery normal arm64 Compiling VoxboardWidgetBundle.swift (in target 'Voxboard WidgetExtension' from project 'Voxboard')

SwiftDriverJobDiscovery normal arm64 Compiling VoxboardRecordControl.swift (in target 'Voxboard WidgetExtension' from project 'Voxboard')

SwiftDriverJobDiscovery normal arm64 Compiling VoxboardRecordWidget.swift (in target 'Voxboard WidgetExtension' from project 'Voxboard')

SwiftDriverJobDiscovery normal arm64 Compiling WidgetViews.swift (in target 'Voxboard WidgetExtension' from project 'Voxboard')

SwiftDriverJobDiscovery normal arm64 Compiling VoxboardLiveActivity.swift (in target 'Voxboard WidgetExtension' from project 'Voxboard')

SwiftDriver\ Compilation Voxboard\ WidgetExtension normal arm64 com.apple.xcode.tools.swift.compiler (in target 'Voxboard WidgetExtension' from project 'Voxboard')
    cd /Users/codybontecou/projects/Voxboard
    builtin-Swift-Compilation -- /Applications/Xcode.app/Contents/Developer/Toolchains/XcodeDefault.xctoolchain/usr/bin/swiftc -module-name Voxboard_WidgetExtension -Onone @/tmp/voxboard-notelet-verify-derived/Build/Intermediates.noindex/Voxboard.build/Debug-iphonesimulator/Voxboard\ WidgetExtension.build/Objects-normal/arm64/Voxboard\ WidgetExtension.SwiftFileList -DDEBUG -enable-bare-slash-regex -enable-upcoming-feature DisableOutwardActorInference -enable-upcoming-feature InferSendableFromCaptures -enable-upcoming-feature GlobalActorIsolatedTypesUsability -enable-upcoming-feature MemberImportVisibility -enable-upcoming-feature InferIsolatedConformances -enable-upcoming-feature NonisolatedNonsendingByDefault -enable-experimental-feature DebugDescriptionMacro -sdk /Applications/Xcode.app/Contents/Developer/Platforms/iPhoneSimulator.platform/Developer/SDKs/iPhoneSimulator26.5.sdk -target arm64-apple-ios26.2-simulator -g -module-cache-path /tmp/voxboard-notelet-verify-derived/ModuleCache.noindex -Xfrontend -serialize-debugging-options -application-extension -enable-testing -index-store-path /tmp/voxboard-notelet-verify-derived/Index.noindex/DataStore -Xcc -D_LIBCPP_HARDENING_MODE\=_LIBCPP_HARDENING_MODE_DEBUG -swift-version 5 -I /tmp/voxboard-notelet-verify-derived/Build/Products/Debug-iphonesimulator -F /tmp/voxboard-notelet-verify-derived/Build/Products/Debug-iphonesimulator/PackageFrameworks -F /tmp/voxboard-notelet-verify-derived/Build/Products/Debug-iphonesimulator/PackageFrameworks -F /tmp/voxboard-notelet-verify-derived/Build/Products/Debug-iphonesimulator/PackageFrameworks -F /tmp/voxboard-notelet-verify-derived/Build/Products/Debug-iphonesimulator/PackageFrameworks -F /tmp/voxboard-notelet-verify-derived/Build/Products/Debug-iphonesimulator/PackageFrameworks -F /tmp/voxboard-notelet-verify-derived/Build/Products/Debug-iphonesimulator -emit-localized-strings -emit-localized-strings-path /tmp/voxboard-notelet-verify-derived/Build/Intermediates.noindex/Voxboard.build/Debug-iphonesimulator/Voxboard\ WidgetExtension.build/Objects-normal/arm64 -c -j10 -enable-batch-mode -incremental -Xcc -ivfsstatcache -Xcc /tmp/voxboard-notelet-verify-derived/SDKStatCaches.noindex/iphonesimulator26.5-23F73-6cfe768891a92b912361537c460fe42b.sdkstatcache -output-file-map /tmp/voxboard-notelet-verify-derived/Build/Intermediates.noindex/Voxboard.build/Debug-iphonesimulator/Voxboard\ WidgetExtension.build/Objects-normal/arm64/Voxboard\ WidgetExtension-OutputFileMap.json -use-frontend-parseable-output -save-temps -no-color-diagnostics -explicit-module-build -module-cache-path /tmp/voxboard-notelet-verify-derived/Build/Intermediates.noindex/SwiftExplicitPrecompiledModules -clang-scanner-module-cache-path /tmp/voxboard-notelet-verify-derived/ModuleCache.noindex -sdk-module-cache-path /tmp/voxboard-notelet-verify-derived/ModuleCache.noindex -serialize-diagnostics -emit-dependencies -emit-module -emit-module-path /tmp/voxboard-notelet-verify-derived/Build/Intermediates.noindex/Voxboard.build/Debug-iphonesimulator/Voxboard\ WidgetExtension.build/Objects-normal/arm64/Voxboard_WidgetExtension.swiftmodule -validate-clang-modules-once -clang-build-session-file /tmp/voxboard-notelet-verify-derived/ModuleCache.noindex/Session.modulevalidation -Xcc -I/tmp/voxboard-notelet-verify-derived/Build/Intermediates.noindex/Voxboard.build/Debug-iphonesimulator/Voxboard\ WidgetExtension.build/swift-overrides.hmap -emit-const-values -Xfrontend -const-gather-protocols-file -Xfrontend /tmp/voxboard-notelet-verify-derived/Build/Intermediates.noindex/Voxboard.build/Debug-iphonesimulator/Voxboard\ WidgetExtension.build/Objects-normal/arm64/Voxboard\ WidgetExtension_const_extract_protocols.json -Xcc -iquote -Xcc /tmp/voxboard-notelet-verify-derived/Build/Intermediates.noindex/Voxboard.build/Debug-iphonesimulator/Voxboard\ WidgetExtension.build/Voxboard\ WidgetExtension-generated-files.hmap -Xcc -I/tmp/voxboard-notelet-verify-derived/Build/Intermediates.noindex/Voxboard.build/Debug-iphonesimulator/Voxboard\ WidgetExtension.build/Voxboard\ WidgetExtension-own-target-headers.hmap -Xcc -I/tmp/voxboard-notelet-verify-derived/Build/Intermediates.noindex/Voxboard.build/Debug-iphonesimulator/Voxboard\ WidgetExtension.build/Voxboard\ WidgetExtension-all-non-framework-target-headers.hmap -Xcc -ivfsoverlay -Xcc /tmp/voxboard-notelet-verify-derived/Build/Intermediates.noindex/Voxboard.build/Debug-iphonesimulator/Voxboard-8d6c3ba71b53f8320d7c577fe4b80237-VFS-iphonesimulator/all-product-headers.yaml -Xcc -iquote -Xcc /tmp/voxboard-notelet-verify-derived/Build/Intermediates.noindex/Voxboard.build/Debug-iphonesimulator/Voxboard\ WidgetExtension.build/Voxboard\ WidgetExtension-project-headers.hmap -Xcc -I/tmp/voxboard-notelet-verify-derived/SourcePackages/checkouts/FluidAudio/Sources/MachTaskSelfWrapper/include -Xcc -I/tmp/voxboard-notelet-verify-derived/SourcePackages/checkouts/FluidAudio/Sources/FastClusterWrapper/include -Xcc -I/tmp/voxboard-notelet-verify-derived/Build/Products/Debug-iphonesimulator/include -Xcc -I/tmp/voxboard-notelet-verify-derived/Build/Intermediates.noindex/Voxboard.build/Debug-iphonesimulator/Voxboard\ WidgetExtension.build/DerivedSources-normal/arm64 -Xcc -I/tmp/voxboard-notelet-verify-derived/Build/Intermediates.noindex/Voxboard.build/Debug-iphonesimulator/Voxboard\ WidgetExtension.build/DerivedSources/arm64 -Xcc -I/tmp/voxboard-notelet-verify-derived/Build/Intermediates.noindex/Voxboard.build/Debug-iphonesimulator/Voxboard\ WidgetExtension.build/DerivedSources -Xcc -DDEBUG\=1 -emit-objc-header -emit-objc-header-path /tmp/voxboard-notelet-verify-derived/Build/Intermediates.noindex/Voxboard.build/Debug-iphonesimulator/Voxboard\ WidgetExtension.build/Objects-normal/arm64/Voxboard_WidgetExtension-Swift.h -working-directory /Users/codybontecou/projects/Voxboard -experimental-emit-module-separately -disable-cmo

Ld /tmp/voxboard-notelet-verify-derived/Build/Products/Debug-iphonesimulator/Voxboard\ WidgetExtension.appex/Voxboard\ WidgetExtension.debug.dylib normal (in target 'Voxboard WidgetExtension' from project 'Voxboard')
    cd /Users/codybontecou/projects/Voxboard
    /Applications/Xcode.app/Contents/Developer/Toolchains/XcodeDefault.xctoolchain/usr/bin/clang -Xlinker -reproducible -target arm64-apple-ios26.2-simulator -dynamiclib -isysroot /Applications/Xcode.app/Contents/Developer/Platforms/iPhoneSimulator.platform/Developer/SDKs/iPhoneSimulator26.5.sdk -O0 -L/tmp/voxboard-notelet-verify-derived/Build/Intermediates.noindex/EagerLinkingTBDs/Debug-iphonesimulator -L/tmp/voxboard-notelet-verify-derived/Build/Products/Debug-iphonesimulator -F/tmp/voxboard-notelet-verify-derived/Build/Intermediates.noindex/EagerLinkingTBDs/Debug-iphonesimulator -F/tmp/voxboard-notelet-verify-derived/Build/Products/Debug-iphonesimulator/PackageFrameworks -F/tmp/voxboard-notelet-verify-derived/Build/Products/Debug-iphonesimulator/PackageFrameworks -F/tmp/voxboard-notelet-verify-derived/Build/Products/Debug-iphonesimulator/PackageFrameworks -F/tmp/voxboard-notelet-verify-derived/Build/Products/Debug-iphonesimulator/PackageFrameworks -F/tmp/voxboard-notelet-verify-derived/Build/Products/Debug-iphonesimulator/PackageFrameworks -F/tmp/voxboard-notelet-verify-derived/Build/Products/Debug-iphonesimulator -filelist /tmp/voxboard-notelet-verify-derived/Build/Intermediates.noindex/Voxboard.build/Debug-iphonesimulator/Voxboard\ WidgetExtension.build/Objects-normal/arm64/Voxboard\ WidgetExtension.LinkFileList -install_name @rpath/Voxboard\ WidgetExtension.debug.dylib -Xlinker -rpath -Xlinker /tmp/voxboard-notelet-verify-derived/Build/Products/Debug-iphonesimulator/PackageFrameworks -Xlinker -rpath -Xlinker @executable_path/Frameworks -Xlinker -rpath -Xlinker @executable_path/../../Frameworks -Xlinker -dead_strip -Xlinker -object_path_lto -Xlinker /tmp/voxboard-notelet-verify-derived/Build/Intermediates.noindex/Voxboard.build/Debug-iphonesimulator/Voxboard\ WidgetExtension.build/Objects-normal/arm64/Voxboard\ WidgetExtension_lto.o -rdynamic -Xlinker -no_deduplicate -Xlinker -objc_abi_version -Xlinker 2 -Xlinker -dependency_info -Xlinker /tmp/voxboard-notelet-verify-derived/Build/Intermediates.noindex/Voxboard.build/Debug-iphonesimulator/Voxboard\ WidgetExtension.build/Objects-normal/arm64/Voxboard\ WidgetExtension_dependency_info.dat -fapplication-extension -fobjc-link-runtime -L/Applications/Xcode.app/Contents/Developer/Toolchains/XcodeDefault.xctoolchain/usr/lib/swift/iphonesimulator -L/usr/lib/swift -Xlinker -add_ast_path -Xlinker /tmp/voxboard-notelet-verify-derived/Build/Intermediates.noindex/Voxboard.build/Debug-iphonesimulator/Voxboard\ WidgetExtension.build/Objects-normal/arm64/Voxboard_WidgetExtension.swiftmodule @/tmp/voxboard-notelet-verify-derived/Build/Intermediates.noindex/Voxboard.build/Debug-iphonesimulator/Voxboard\ WidgetExtension.build/Objects-normal/arm64/Voxboard_WidgetExtension-linker-args.resp -Wl,-no_warn_duplicate_libraries -lc++ -Wl,-no_warn_duplicate_libraries -Wl,-no_warn_duplicate_libraries -Wl,-no_warn_duplicate_libraries -Wl,-no_warn_duplicate_libraries -framework Accelerate -framework Metal -framework Foundation -framework CoreML -Xlinker -alias -Xlinker _NSExtensionMain -Xlinker ___debug_main_executable_dylib_entry_point -framework SwiftUI -framework WidgetKit -framework whisper -framework AppIntents -Xlinker -no_adhoc_codesign -o /tmp/voxboard-notelet-verify-derived/Build/Products/Debug-iphonesimulator/Voxboard\ WidgetExtension.appex/Voxboard\ WidgetExtension.debug.dylib -Xlinker -add_ast_path -Xlinker /tmp/voxboard-notelet-verify-derived/Build/Intermediates.noindex/VoxboardShared.build/Debug-iphonesimulator/VoxboardShared.build/Objects-normal/arm64/VoxboardShared.swiftmodule @/tmp/voxboard-notelet-verify-derived/Build/Intermediates.noindex/VoxboardShared.build/Debug-iphonesimulator/VoxboardShared.build/Objects-normal/arm64/VoxboardShared-linker-args.resp -Xlinker -add_ast_path -Xlinker /tmp/voxboard-notelet-verify-derived/Build/Intermediates.noindex/FluidAudio.build/Debug-iphonesimulator/FluidAudio.build/Objects-normal/arm64/FluidAudio.swiftmodule @/tmp/voxboard-notelet-verify-derived/Build/Intermediates.noindex/FluidAudio.build/Debug-iphonesimulator/FluidAudio.build/Objects-normal/arm64/FluidAudio-linker-args.resp -Xlinker -add_ast_path -Xlinker /tmp/voxboard-notelet-verify-derived/Build/Intermediates.noindex/ExportKit.build/Debug-iphonesimulator/ExportKit.build/Objects-normal/arm64/ExportKit.swiftmodule @/tmp/voxboard-notelet-verify-derived/Build/Intermediates.noindex/ExportKit.build/Debug-iphonesimulator/ExportKit.build/Objects-normal/arm64/ExportKit-linker-args.resp

ConstructStubExecutorLinkFileList /tmp/voxboard-notelet-verify-derived/Build/Intermediates.noindex/Voxboard.build/Debug-iphonesimulator/Voxboard\ WidgetExtension.build/Voxboard\ WidgetExtension-ExecutorLinkFileList-normal-arm64.txt (in target 'Voxboard WidgetExtension' from project 'Voxboard')
    cd /Users/codybontecou/projects/Voxboard
    construct-stub-executor-link-file-list /tmp/voxboard-notelet-verify-derived/Build/Products/Debug-iphonesimulator/Voxboard\ WidgetExtension.appex/Voxboard\ WidgetExtension.debug.dylib /Applications/Xcode.app/Contents/Developer/Platforms/iPhoneSimulator.platform/Developer/usr/lib/libPreviewsJITStubExecutor_no_swift_entry_point.a /Applications/Xcode.app/Contents/Developer/Platforms/iPhoneSimulator.platform/Developer/usr/lib/libPreviewsJITStubExecutor.a --output /tmp/voxboard-notelet-verify-derived/Build/Intermediates.noindex/Voxboard.build/Debug-iphonesimulator/Voxboard\ WidgetExtension.build/Voxboard\ WidgetExtension-ExecutorLinkFileList-normal-arm64.txt
note: Using stub executor library with Swift entry point. (in target 'Voxboard WidgetExtension' from project 'Voxboard')

Ld /tmp/voxboard-notelet-verify-derived/Build/Products/Debug-iphonesimulator/Voxboard\ WidgetExtension.appex/Voxboard\ WidgetExtension normal (in target 'Voxboard WidgetExtension' from project 'Voxboard')
    cd /Users/codybontecou/projects/Voxboard
    /Applications/Xcode.app/Contents/Developer/Toolchains/XcodeDefault.xctoolchain/usr/bin/clang -Xlinker -reproducible -target arm64-apple-ios26.2-simulator -isysroot /Applications/Xcode.app/Contents/Developer/Platforms/iPhoneSimulator.platform/Developer/SDKs/iPhoneSimulator26.5.sdk -O0 -L/tmp/voxboard-notelet-verify-derived/Build/Products/Debug-iphonesimulator -F/tmp/voxboard-notelet-verify-derived/Build/Products/Debug-iphonesimulator/PackageFrameworks -F/tmp/voxboard-notelet-verify-derived/Build/Products/Debug-iphonesimulator/PackageFrameworks -F/tmp/voxboard-notelet-verify-derived/Build/Products/Debug-iphonesimulator/PackageFrameworks -F/tmp/voxboard-notelet-verify-derived/Build/Products/Debug-iphonesimulator/PackageFrameworks -F/tmp/voxboard-notelet-verify-derived/Build/Products/Debug-iphonesimulator/PackageFrameworks -F/tmp/voxboard-notelet-verify-derived/Build/Products/Debug-iphonesimulator -Xlinker -rpath -Xlinker @executable_path -Xlinker -rpath -Xlinker /tmp/voxboard-notelet-verify-derived/Build/Products/Debug-iphonesimulator/PackageFrameworks -Xlinker -rpath -Xlinker @executable_path/Frameworks -Xlinker -rpath -Xlinker @executable_path/../../Frameworks -rdynamic -Xlinker -no_deduplicate -Xlinker -objc_abi_version -Xlinker 2 -e ___debug_blank_executor_main -Xlinker -sectcreate -Xlinker __TEXT -Xlinker __debug_dylib -Xlinker /tmp/voxboard-notelet-verify-derived/Build/Intermediates.noindex/Voxboard.build/Debug-iphonesimulator/Voxboard\ WidgetExtension.build/Voxboard\ WidgetExtension-DebugDylibPath-normal-arm64.txt -Xlinker -sectcreate -Xlinker __TEXT -Xlinker __debug_entry -Xlinker /tmp/voxboard-notelet-verify-derived/Build/Intermediates.noindex/Voxboard.build/Debug-iphonesimulator/Voxboard\ WidgetExtension.build/Voxboard\ WidgetExtension-DebugEntryPoint-normal-arm64.txt -Xlinker -sectcreate -Xlinker __TEXT -Xlinker __debug_instlnm -Xlinker /tmp/voxboard-notelet-verify-derived/Build/Intermediates.noindex/Voxboard.build/Debug-iphonesimulator/Voxboard\ WidgetExtension.build/Voxboard\ WidgetExtension-DebugDylibInstallName-normal-arm64.txt -Xlinker -filelist -Xlinker /tmp/voxboard-notelet-verify-derived/Build/Intermediates.noindex/Voxboard.build/Debug-iphonesimulator/Voxboard\ WidgetExtension.build/Voxboard\ WidgetExtension-ExecutorLinkFileList-normal-arm64.txt -Xlinker -sectcreate -Xlinker __TEXT -Xlinker __entitlements -Xlinker /tmp/voxboard-notelet-verify-derived/Build/Intermediates.noindex/Voxboard.build/Debug-iphonesimulator/Voxboard\ WidgetExtension.build/Voxboard\ WidgetExtension.appex-Simulated.xcent -Xlinker -sectcreate -Xlinker __TEXT -Xlinker __ents_der -Xlinker /tmp/voxboard-notelet-verify-derived/Build/Intermediates.noindex/Voxboard.build/Debug-iphonesimulator/Voxboard\ WidgetExtension.build/Voxboard\ WidgetExtension.appex-Simulated.xcent.der /tmp/voxboard-notelet-verify-derived/Build/Products/Debug-iphonesimulator/Voxboard\ WidgetExtension.appex/Voxboard\ WidgetExtension.debug.dylib -Xlinker -no_adhoc_codesign -o /tmp/voxboard-notelet-verify-derived/Build/Products/Debug-iphonesimulator/Voxboard\ WidgetExtension.appex/Voxboard\ WidgetExtension

ExtractAppIntentsMetadata (in target 'Voxboard WidgetExtension' from project 'Voxboard')
    cd /Users/codybontecou/projects/Voxboard
    /Applications/Xcode.app/Contents/Developer/Toolchains/XcodeDefault.xctoolchain/usr/bin/appintentsmetadataprocessor --toolchain-dir /Applications/Xcode.app/Contents/Developer/Toolchains/XcodeDefault.xctoolchain --module-name Voxboard_WidgetExtension --sdk-root /Applications/Xcode.app/Contents/Developer/Platforms/iPhoneSimulator.platform/Developer/SDKs/iPhoneSimulator26.5.sdk --xcode-version 17F42 --platform-family iOS --deployment-target 26.2 --bundle-identifier bontecou.Voxboard.Voxboard-Widget --output /tmp/voxboard-notelet-verify-derived/Build/Products/Debug-iphonesimulator/Voxboard\ WidgetExtension.appex --target-triple arm64-apple-ios26.2-simulator --binary-file /tmp/voxboard-notelet-verify-derived/Build/Products/Debug-iphonesimulator/Voxboard\ WidgetExtension.appex/Voxboard\ WidgetExtension --dependency-file /tmp/voxboard-notelet-verify-derived/Build/Intermediates.noindex/Voxboard.build/Debug-iphonesimulator/Voxboard\ WidgetExtension.build/Objects-normal/arm64/Voxboard\ WidgetExtension_dependency_info.dat --stringsdata-file /tmp/voxboard-notelet-verify-derived/Build/Intermediates.noindex/Voxboard.build/Debug-iphonesimulator/Voxboard\ WidgetExtension.build/Objects-normal/arm64/ExtractedAppShortcutsMetadata.stringsdata --source-file-list /tmp/voxboard-notelet-verify-derived/Build/Intermediates.noindex/Voxboard.build/Debug-iphonesimulator/Voxboard\ WidgetExtension.build/Objects-normal/arm64/Voxboard\ WidgetExtension.SwiftFileList --metadata-file-list /tmp/voxboard-notelet-verify-derived/Build/Intermediates.noindex/Voxboard.build/Debug-iphonesimulator/Voxboard\ WidgetExtension.build/Voxboard\ WidgetExtension.DependencyMetadataFileList --static-metadata-file-list /tmp/voxboard-notelet-verify-derived/Build/Intermediates.noindex/Voxboard.build/Debug-iphonesimulator/Voxboard\ WidgetExtension.build/Voxboard\ WidgetExtension.DependencyStaticMetadataFileList --swift-const-vals-list /tmp/voxboard-notelet-verify-derived/Build/Intermediates.noindex/Voxboard.build/Debug-iphonesimulator/Voxboard\ WidgetExtension.build/Objects-normal/arm64/Voxboard\ WidgetExtension.SwiftConstValuesFileList --compile-time-extraction --deployment-aware-processing --validate-assistant-intents --no-app-shortcuts-localization
2026-06-20 11:44:10.066 appintentsmetadataprocessor[96430:3728703] Starting appintentsmetadataprocessor export
2026-06-20 11:44:10.079 appintentsmetadataprocessor[96430:3728703] Writing Metadata.appintents
2026-06-20 11:44:10.080 appintentsmetadataprocessor[96430:3728703] Metadata root: /tmp/voxboard-notelet-verify-derived/Build/Products/Debug-iphonesimulator/Voxboard WidgetExtension.appex/Metadata.appintents

AppIntentsSSUTraining (in target 'Voxboard WidgetExtension' from project 'Voxboard')
    cd /Users/codybontecou/projects/Voxboard
    /Applications/Xcode.app/Contents/Developer/Toolchains/XcodeDefault.xctoolchain/usr/bin/appintentsnltrainingprocessor --infoplist-path /tmp/voxboard-notelet-verify-derived/Build/Products/Debug-iphonesimulator/Voxboard\ WidgetExtension.appex/Info.plist --temp-dir-path /tmp/voxboard-notelet-verify-derived/Build/Intermediates.noindex/Voxboard.build/Debug-iphonesimulator/Voxboard\ WidgetExtension.build/ssu --bundle-id bontecou.Voxboard.Voxboard-Widget --product-path /tmp/voxboard-notelet-verify-derived/Build/Products/Debug-iphonesimulator/Voxboard\ WidgetExtension.appex --extracted-metadata-path /tmp/voxboard-notelet-verify-derived/Build/Products/Debug-iphonesimulator/Voxboard\ WidgetExtension.appex/Metadata.appintents --metadata-file-list /tmp/voxboard-notelet-verify-derived/Build/Intermediates.noindex/Voxboard.build/Debug-iphonesimulator/Voxboard\ WidgetExtension.build/Voxboard\ WidgetExtension.DependencyMetadataFileList --source-file /tmp/voxboard-notelet-verify-derived/Build/Products/Debug-iphonesimulator/Voxboard\ WidgetExtension.appex/Info.plist --archive-ssu-assets
2026-06-20 11:44:10.103 appintentsnltrainingprocessor[96431:3728707] Parsing options for appintentsnltrainingprocessor
2026-06-20 11:44:10.103 appintentsnltrainingprocessor[96431:3728707] Starting AppIntents SSU YAML Generation
2026-06-20 11:44:10.113 appintentsnltrainingprocessor[96431:3728707] No AppShortcuts found - Skipping.

CodeSign /tmp/voxboard-notelet-verify-derived/Build/Products/Debug-iphonesimulator/Voxboard\ WidgetExtension.appex/Voxboard\ WidgetExtension.debug.dylib (in target 'Voxboard WidgetExtension' from project 'Voxboard')
    cd /Users/codybontecou/projects/Voxboard

    Signing Identity:     "Sign to Run Locally"

    /usr/bin/codesign --force --sign - --timestamp\=none --generate-entitlement-der /tmp/voxboard-notelet-verify-derived/Build/Products/Debug-iphonesimulator/Voxboard\ WidgetExtension.appex/Voxboard\ WidgetExtension.debug.dylib

CodeSign /tmp/voxboard-notelet-verify-derived/Build/Products/Debug-iphonesimulator/Voxboard\ WidgetExtension.appex/__preview.dylib (in target 'Voxboard WidgetExtension' from project 'Voxboard')
    cd /Users/codybontecou/projects/Voxboard

    Signing Identity:     "Sign to Run Locally"

    /usr/bin/codesign --force --sign - --timestamp\=none --generate-entitlement-der /tmp/voxboard-notelet-verify-derived/Build/Products/Debug-iphonesimulator/Voxboard\ WidgetExtension.appex/__preview.dylib

CodeSign /tmp/voxboard-notelet-verify-derived/Build/Products/Debug-iphonesimulator/Voxboard\ WidgetExtension.appex (in target 'Voxboard WidgetExtension' from project 'Voxboard')
    cd /Users/codybontecou/projects/Voxboard

    Signing Identity:     "Sign to Run Locally"

    /usr/bin/codesign --force --sign - --entitlements /tmp/voxboard-notelet-verify-derived/Build/Intermediates.noindex/Voxboard.build/Debug-iphonesimulator/Voxboard\ WidgetExtension.build/Voxboard\ WidgetExtension.appex.xcent --timestamp\=none --generate-entitlement-der /tmp/voxboard-notelet-verify-derived/Build/Products/Debug-iphonesimulator/Voxboard\ WidgetExtension.appex

RegisterExecutionPolicyException /tmp/voxboard-notelet-verify-derived/Build/Products/Debug-iphonesimulator/Voxboard\ WidgetExtension.appex (in target 'Voxboard WidgetExtension' from project 'Voxboard')
    cd /Users/codybontecou/projects/Voxboard
    builtin-RegisterExecutionPolicyException /tmp/voxboard-notelet-verify-derived/Build/Products/Debug-iphonesimulator/Voxboard\ WidgetExtension.appex

Touch /tmp/voxboard-notelet-verify-derived/Build/Products/Debug-iphonesimulator/Voxboard\ WidgetExtension.appex (in target 'Voxboard WidgetExtension' from project 'Voxboard')
    cd /Users/codybontecou/projects/Voxboard
    /usr/bin/touch -c /tmp/voxboard-notelet-verify-derived/Build/Products/Debug-iphonesimulator/Voxboard\ WidgetExtension.appex

SwiftCompile normal arm64 Compiling\ KeyboardViewController.swift /Users/codybontecou/projects/Voxboard/Voxboard\ Keyboard/KeyboardViewController.swift (in target 'Voxboard Keyboard' from project 'Voxboard')

SwiftCompile normal arm64 /Users/codybontecou/projects/Voxboard/Voxboard\ Keyboard/KeyboardViewController.swift (in target 'Voxboard Keyboard' from project 'Voxboard')
    cd /Users/codybontecou/projects/Voxboard


SwiftCompile normal arm64 Compiling\ VoiceKeyboardState.swift /Users/codybontecou/projects/Voxboard/Voxboard\ Keyboard/VoiceKeyboardState.swift (in target 'Voxboard Keyboard' from project 'Voxboard')
SwiftCompile normal arm64 /Users/codybontecou/projects/Voxboard/Voxboard\ Keyboard/VoiceKeyboardState.swift (in target 'Voxboard Keyboard' from project 'Voxboard')
    cd /Users/codybontecou/projects/Voxboard

/Users/codybontecou/projects/Voxboard/Voxboard Keyboard/VoiceKeyboardState.swift:634:27: warning: reference to captured var 'self' in concurrently-executing code; this is an error in the Swift 6 language mode
                guard let self, let startedAt = self.recordingStartedAt else { return }
                          ^

SwiftEmitModule normal arm64 Emitting\ module\ for\ Voxboard_Keyboard (in target 'Voxboard Keyboard' from project 'Voxboard')

EmitSwiftModule normal arm64 (in target 'Voxboard Keyboard' from project 'Voxboard')
    cd /Users/codybontecou/projects/Voxboard


SwiftCompile normal arm64 Compiling\ SoundWaveView.swift /Users/codybontecou/projects/Voxboard/Voxboard\ Keyboard/SoundWaveView.swift (in target 'Voxboard Keyboard' from project 'Voxboard')

SwiftCompile normal arm64 /Users/codybontecou/projects/Voxboard/Voxboard\ Keyboard/SoundWaveView.swift (in target 'Voxboard Keyboard' from project 'Voxboard')
    cd /Users/codybontecou/projects/Voxboard


SwiftCompile normal arm64 Compiling\ VoiceToolbarView.swift /Users/codybontecou/projects/Voxboard/Voxboard\ Keyboard/VoiceToolbarView.swift (in target 'Voxboard Keyboard' from project 'Voxboard')

SwiftCompile normal arm64 /Users/codybontecou/projects/Voxboard/Voxboard\ Keyboard/VoiceToolbarView.swift (in target 'Voxboard Keyboard' from project 'Voxboard')
    cd /Users/codybontecou/projects/Voxboard


SwiftCompile normal arm64 Compiling\ CalloutActionsProvider.swift /Users/codybontecou/projects/Voxboard/Voxboard\ Keyboard/CalloutActionsProvider.swift (in target 'Voxboard Keyboard' from project 'Voxboard')

SwiftCompile normal arm64 /Users/codybontecou/projects/Voxboard/Voxboard\ Keyboard/CalloutActionsProvider.swift (in target 'Voxboard Keyboard' from project 'Voxboard')
    cd /Users/codybontecou/projects/Voxboard


SwiftCompile normal arm64 Compiling\ GeneratedStringSymbols_Localizable.swift /tmp/voxboard-notelet-verify-derived/Build/Intermediates.noindex/Voxboard.build/Debug-iphonesimulator/Voxboard\ Keyboard.build/DerivedSources/GeneratedStringSymbols_Localizable.swift (in target 'Voxboard Keyboard' from project 'Voxboard')

SwiftCompile normal arm64 /tmp/voxboard-notelet-verify-derived/Build/Intermediates.noindex/Voxboard.build/Debug-iphonesimulator/Voxboard\ Keyboard.build/DerivedSources/GeneratedStringSymbols_Localizable.swift (in target 'Voxboard Keyboard' from project 'Voxboard')
    cd /Users/codybontecou/projects/Voxboard


SwiftDriverJobDiscovery normal arm64 Compiling GeneratedStringSymbols_Localizable.swift (in target 'Voxboard Keyboard' from project 'Voxboard')

SwiftDriverJobDiscovery normal arm64 Compiling SoundWaveView.swift (in target 'Voxboard Keyboard' from project 'Voxboard')

SwiftDriverJobDiscovery normal arm64 Compiling CalloutActionsProvider.swift (in target 'Voxboard Keyboard' from project 'Voxboard')

SwiftDriverJobDiscovery normal arm64 Emitting module for Voxboard_Keyboard (in target 'Voxboard Keyboard' from project 'Voxboard')

SwiftDriver\ Compilation\ Requirements Voxboard\ Keyboard normal arm64 com.apple.xcode.tools.swift.compiler (in target 'Voxboard Keyboard' from project 'Voxboard')
    cd /Users/codybontecou/projects/Voxboard
    builtin-Swift-Compilation-Requirements -- /Applications/Xcode.app/Contents/Developer/Toolchains/XcodeDefault.xctoolchain/usr/bin/swiftc -module-name Voxboard_Keyboard -Onone @/tmp/voxboard-notelet-verify-derived/Build/Intermediates.noindex/Voxboard.build/Debug-iphonesimulator/Voxboard\ Keyboard.build/Objects-normal/arm64/Voxboard\ Keyboard.SwiftFileList -DDEBUG -enable-bare-slash-regex -enable-upcoming-feature DisableOutwardActorInference -enable-upcoming-feature InferSendableFromCaptures -enable-upcoming-feature GlobalActorIsolatedTypesUsability -enable-upcoming-feature MemberImportVisibility -enable-upcoming-feature InferIsolatedConformances -enable-upcoming-feature NonisolatedNonsendingByDefault -enable-experimental-feature DebugDescriptionMacro -sdk /Applications/Xcode.app/Contents/Developer/Platforms/iPhoneSimulator.platform/Developer/SDKs/iPhoneSimulator26.5.sdk -target arm64-apple-ios17.6-simulator -g -module-cache-path /tmp/voxboard-notelet-verify-derived/ModuleCache.noindex -Xfrontend -serialize-debugging-options -application-extension -enable-testing -index-store-path /tmp/voxboard-notelet-verify-derived/Index.noindex/DataStore -Xcc -D_LIBCPP_HARDENING_MODE\=_LIBCPP_HARDENING_MODE_DEBUG -swift-version 5 -I /tmp/voxboard-notelet-verify-derived/Build/Products/Debug-iphonesimulator -F /tmp/voxboard-notelet-verify-derived/Build/Products/Debug-iphonesimulator/PackageFrameworks -F /tmp/voxboard-notelet-verify-derived/Build/Products/Debug-iphonesimulator/PackageFrameworks -F /tmp/voxboard-notelet-verify-derived/Build/Products/Debug-iphonesimulator/PackageFrameworks -F /tmp/voxboard-notelet-verify-derived/Build/Products/Debug-iphonesimulator/PackageFrameworks -F /tmp/voxboard-notelet-verify-derived/Build/Products/Debug-iphonesimulator/PackageFrameworks -F /tmp/voxboard-notelet-verify-derived/Build/Products/Debug-iphonesimulator -emit-localized-strings -emit-localized-strings-path /tmp/voxboard-notelet-verify-derived/Build/Intermediates.noindex/Voxboard.build/Debug-iphonesimulator/Voxboard\ Keyboard.build/Objects-normal/arm64 -c -j10 -enable-batch-mode -incremental -Xcc -ivfsstatcache -Xcc /tmp/voxboard-notelet-verify-derived/SDKStatCaches.noindex/iphonesimulator26.5-23F73-6cfe768891a92b912361537c460fe42b.sdkstatcache -output-file-map /tmp/voxboard-notelet-verify-derived/Build/Intermediates.noindex/Voxboard.build/Debug-iphonesimulator/Voxboard\ Keyboard.build/Objects-normal/arm64/Voxboard\ Keyboard-OutputFileMap.json -use-frontend-parseable-output -save-temps -no-color-diagnostics -explicit-module-build -module-cache-path /tmp/voxboard-notelet-verify-derived/Build/Intermediates.noindex/SwiftExplicitPrecompiledModules -clang-scanner-module-cache-path /tmp/voxboard-notelet-verify-derived/ModuleCache.noindex -sdk-module-cache-path /tmp/voxboard-notelet-verify-derived/ModuleCache.noindex -serialize-diagnostics -emit-dependencies -emit-module -emit-module-path /tmp/voxboard-notelet-verify-derived/Build/Intermediates.noindex/Voxboard.build/Debug-iphonesimulator/Voxboard\ Keyboard.build/Objects-normal/arm64/Voxboard_Keyboard.swiftmodule -validate-clang-modules-once -clang-build-session-file /tmp/voxboard-notelet-verify-derived/ModuleCache.noindex/Session.modulevalidation -Xcc -I/tmp/voxboard-notelet-verify-derived/Build/Intermediates.noindex/Voxboard.build/Debug-iphonesimulator/Voxboard\ Keyboard.build/swift-overrides.hmap -emit-const-values -Xfrontend -const-gather-protocols-file -Xfrontend /tmp/voxboard-notelet-verify-derived/Build/Intermediates.noindex/Voxboard.build/Debug-iphonesimulator/Voxboard\ Keyboard.build/Objects-normal/arm64/Voxboard\ Keyboard_const_extract_protocols.json -Xcc -iquote -Xcc /tmp/voxboard-notelet-verify-derived/Build/Intermediates.noindex/Voxboard.build/Debug-iphonesimulator/Voxboard\ Keyboard.build/Voxboard\ Keyboard-generated-files.hmap -Xcc -I/tmp/voxboard-notelet-verify-derived/Build/Intermediates.noindex/Voxboard.build/Debug-iphonesimulator/Voxboard\ Keyboard.build/Voxboard\ Keyboard-own-target-headers.hmap -Xcc -I/tmp/voxboard-notelet-verify-derived/Build/Intermediates.noindex/Voxboard.build/Debug-iphonesimulator/Voxboard\ Keyboard.build/Voxboard\ Keyboard-all-non-framework-target-headers.hmap -Xcc -ivfsoverlay -Xcc /tmp/voxboard-notelet-verify-derived/Build/Intermediates.noindex/Voxboard.build/Debug-iphonesimulator/Voxboard-8d6c3ba71b53f8320d7c577fe4b80237-VFS-iphonesimulator/all-product-headers.yaml -Xcc -iquote -Xcc /tmp/voxboard-notelet-verify-derived/Build/Intermediates.noindex/Voxboard.build/Debug-iphonesimulator/Voxboard\ Keyboard.build/Voxboard\ Keyboard-project-headers.hmap -Xcc -I/tmp/voxboard-notelet-verify-derived/SourcePackages/checkouts/FluidAudio/Sources/MachTaskSelfWrapper/include -Xcc -I/tmp/voxboard-notelet-verify-derived/SourcePackages/checkouts/FluidAudio/Sources/FastClusterWrapper/include -Xcc -I/tmp/voxboard-notelet-verify-derived/Build/Products/Debug-iphonesimulator/include -Xcc -I/tmp/voxboard-notelet-verify-derived/Build/Intermediates.noindex/Voxboard.build/Debug-iphonesimulator/Voxboard\ Keyboard.build/DerivedSources-normal/arm64 -Xcc -I/tmp/voxboard-notelet-verify-derived/Build/Intermediates.noindex/Voxboard.build/Debug-iphonesimulator/Voxboard\ Keyboard.build/DerivedSources/arm64 -Xcc -I/tmp/voxboard-notelet-verify-derived/Build/Intermediates.noindex/Voxboard.build/Debug-iphonesimulator/Voxboard\ Keyboard.build/DerivedSources -Xcc -DDEBUG\=1 -emit-objc-header -emit-objc-header-path /tmp/voxboard-notelet-verify-derived/Build/Intermediates.noindex/Voxboard.build/Debug-iphonesimulator/Voxboard\ Keyboard.build/Objects-normal/arm64/Voxboard_Keyboard-Swift.h -working-directory /Users/codybontecou/projects/Voxboard -experimental-emit-module-separately -disable-cmo

SwiftMergeGeneratedHeaders /tmp/voxboard-notelet-verify-derived/Build/Intermediates.noindex/Voxboard.build/Debug-iphonesimulator/Voxboard\ Keyboard.build/DerivedSources/Voxboard_Keyboard-Swift.h /tmp/voxboard-notelet-verify-derived/Build/Intermediates.noindex/Voxboard.build/Debug-iphonesimulator/Voxboard\ Keyboard.build/Objects-normal/arm64/Voxboard_Keyboard-Swift.h (in target 'Voxboard Keyboard' from project 'Voxboard')
    cd /Users/codybontecou/projects/Voxboard
    builtin-swiftHeaderTool -arch arm64 /tmp/voxboard-notelet-verify-derived/Build/Intermediates.noindex/Voxboard.build/Debug-iphonesimulator/Voxboard\ Keyboard.build/Objects-normal/arm64/Voxboard_Keyboard-Swift.h -o /tmp/voxboard-notelet-verify-derived/Build/Intermediates.noindex/Voxboard.build/Debug-iphonesimulator/Voxboard\ Keyboard.build/DerivedSources/Voxboard_Keyboard-Swift.h

Copy /tmp/voxboard-notelet-verify-derived/Build/Products/Debug-iphonesimulator/Voxboard_Keyboard.swiftmodule/arm64-apple-ios-simulator.swiftmodule /tmp/voxboard-notelet-verify-derived/Build/Intermediates.noindex/Voxboard.build/Debug-iphonesimulator/Voxboard\ Keyboard.build/Objects-normal/arm64/Voxboard_Keyboard.swiftmodule (in target 'Voxboard Keyboard' from project 'Voxboard')
    cd /Users/codybontecou/projects/Voxboard
    builtin-copy -exclude .DS_Store -exclude CVS -exclude .svn -exclude .git -exclude .hg -resolve-src-symlinks -rename /tmp/voxboard-notelet-verify-derived/Build/Intermediates.noindex/Voxboard.build/Debug-iphonesimulator/Voxboard\ Keyboard.build/Objects-normal/arm64/Voxboard_Keyboard.swiftmodule /tmp/voxboard-notelet-verify-derived/Build/Products/Debug-iphonesimulator/Voxboard_Keyboard.swiftmodule/arm64-apple-ios-simulator.swiftmodule

Copy /tmp/voxboard-notelet-verify-derived/Build/Products/Debug-iphonesimulator/Voxboard_Keyboard.swiftmodule/arm64-apple-ios-simulator.abi.json /tmp/voxboard-notelet-verify-derived/Build/Intermediates.noindex/Voxboard.build/Debug-iphonesimulator/Voxboard\ Keyboard.build/Objects-normal/arm64/Voxboard_Keyboard.abi.json (in target 'Voxboard Keyboard' from project 'Voxboard')
    cd /Users/codybontecou/projects/Voxboard
    builtin-copy -exclude .DS_Store -exclude CVS -exclude .svn -exclude .git -exclude .hg -resolve-src-symlinks -rename /tmp/voxboard-notelet-verify-derived/Build/Intermediates.noindex/Voxboard.build/Debug-iphonesimulator/Voxboard\ Keyboard.build/Objects-normal/arm64/Voxboard_Keyboard.abi.json /tmp/voxboard-notelet-verify-derived/Build/Products/Debug-iphonesimulator/Voxboard_Keyboard.swiftmodule/arm64-apple-ios-simulator.abi.json

Copy /tmp/voxboard-notelet-verify-derived/Build/Products/Debug-iphonesimulator/Voxboard_Keyboard.swiftmodule/arm64-apple-ios-simulator.swiftdoc /tmp/voxboard-notelet-verify-derived/Build/Intermediates.noindex/Voxboard.build/Debug-iphonesimulator/Voxboard\ Keyboard.build/Objects-normal/arm64/Voxboard_Keyboard.swiftdoc (in target 'Voxboard Keyboard' from project 'Voxboard')
    cd /Users/codybontecou/projects/Voxboard
    builtin-copy -exclude .DS_Store -exclude CVS -exclude .svn -exclude .git -exclude .hg -resolve-src-symlinks -rename /tmp/voxboard-notelet-verify-derived/Build/Intermediates.noindex/Voxboard.build/Debug-iphonesimulator/Voxboard\ Keyboard.build/Objects-normal/arm64/Voxboard_Keyboard.swiftdoc /tmp/voxboard-notelet-verify-derived/Build/Products/Debug-iphonesimulator/Voxboard_Keyboard.swiftmodule/arm64-apple-ios-simulator.swiftdoc

Copy /tmp/voxboard-notelet-verify-derived/Build/Products/Debug-iphonesimulator/Voxboard_Keyboard.swiftmodule/Project/arm64-apple-ios-simulator.swiftsourceinfo /tmp/voxboard-notelet-verify-derived/Build/Intermediates.noindex/Voxboard.build/Debug-iphonesimulator/Voxboard\ Keyboard.build/Objects-normal/arm64/Voxboard_Keyboard.swiftsourceinfo (in target 'Voxboard Keyboard' from project 'Voxboard')
    cd /Users/codybontecou/projects/Voxboard
    builtin-copy -exclude .DS_Store -exclude CVS -exclude .svn -exclude .git -exclude .hg -resolve-src-symlinks -rename /tmp/voxboard-notelet-verify-derived/Build/Intermediates.noindex/Voxboard.build/Debug-iphonesimulator/Voxboard\ Keyboard.build/Objects-normal/arm64/Voxboard_Keyboard.swiftsourceinfo /tmp/voxboard-notelet-verify-derived/Build/Products/Debug-iphonesimulator/Voxboard_Keyboard.swiftmodule/Project/arm64-apple-ios-simulator.swiftsourceinfo

ProcessProductPackaging /Users/codybontecou/projects/Voxboard/Voxboard/Voxboard.entitlements /tmp/voxboard-notelet-verify-derived/Build/Intermediates.noindex/Voxboard.build/Debug-iphonesimulator/Voxboard.build/Voxboard.app.xcent (in target 'Voxboard' from project 'Voxboard')
    cd /Users/codybontecou/projects/Voxboard

    Entitlements:

    {
}

    builtin-productPackagingUtility /Users/codybontecou/projects/Voxboard/Voxboard/Voxboard.entitlements -entitlements -format xml -o /tmp/voxboard-notelet-verify-derived/Build/Intermediates.noindex/Voxboard.build/Debug-iphonesimulator/Voxboard.build/Voxboard.app.xcent

ProcessProductPackaging /Users/codybontecou/projects/Voxboard/Voxboard/Voxboard.entitlements /tmp/voxboard-notelet-verify-derived/Build/Intermediates.noindex/Voxboard.build/Debug-iphonesimulator/Voxboard.build/Voxboard.app-Simulated.xcent (in target 'Voxboard' from project 'Voxboard')
    cd /Users/codybontecou/projects/Voxboard

    Entitlements:

    {
    "application-identifier" = "67KC823C9A.bontecou.Voxboard";
    "com.apple.security.application-groups" =     (
        "group.bontecou.Voxboard"
    );
}

    builtin-productPackagingUtility /Users/codybontecou/projects/Voxboard/Voxboard/Voxboard.entitlements -entitlements -format xml -o /tmp/voxboard-notelet-verify-derived/Build/Intermediates.noindex/Voxboard.build/Debug-iphonesimulator/Voxboard.build/Voxboard.app-Simulated.xcent

ProcessProductPackagingDER /tmp/voxboard-notelet-verify-derived/Build/Intermediates.noindex/Voxboard.build/Debug-iphonesimulator/Voxboard.build/Voxboard.app.xcent /tmp/voxboard-notelet-verify-derived/Build/Intermediates.noindex/Voxboard.build/Debug-iphonesimulator/Voxboard.build/Voxboard.app.xcent.der (in target 'Voxboard' from project 'Voxboard')
    cd /Users/codybontecou/projects/Voxboard
    /usr/bin/derq query -f xml -i /tmp/voxboard-notelet-verify-derived/Build/Intermediates.noindex/Voxboard.build/Debug-iphonesimulator/Voxboard.build/Voxboard.app.xcent -o /tmp/voxboard-notelet-verify-derived/Build/Intermediates.noindex/Voxboard.build/Debug-iphonesimulator/Voxboard.build/Voxboard.app.xcent.der --raw

ProcessProductPackagingDER /tmp/voxboard-notelet-verify-derived/Build/Intermediates.noindex/Voxboard.build/Debug-iphonesimulator/Voxboard.build/Voxboard.app-Simulated.xcent /tmp/voxboard-notelet-verify-derived/Build/Intermediates.noindex/Voxboard.build/Debug-iphonesimulator/Voxboard.build/Voxboard.app-Simulated.xcent.der (in target 'Voxboard' from project 'Voxboard')
    cd /Users/codybontecou/projects/Voxboard
    /usr/bin/derq query -f xml -i /tmp/voxboard-notelet-verify-derived/Build/Intermediates.noindex/Voxboard.build/Debug-iphonesimulator/Voxboard.build/Voxboard.app-Simulated.xcent -o /tmp/voxboard-notelet-verify-derived/Build/Intermediates.noindex/Voxboard.build/Debug-iphonesimulator/Voxboard.build/Voxboard.app-Simulated.xcent.der --raw

GenerateStringSymbols /tmp/voxboard-notelet-verify-derived/Build/Intermediates.noindex/Voxboard.build/Debug-iphonesimulator/Voxboard.build/DerivedSources/GeneratedStringSymbols_Localizable.swift /Users/codybontecou/projects/Voxboard/Voxboard/Localizable.xcstrings (in target 'Voxboard' from project 'Voxboard')
    cd /Users/codybontecou/projects/Voxboard
    /Applications/Xcode.app/Contents/Developer/usr/bin/xcstringstool generate-symbols --language swift --output-directory /tmp/voxboard-notelet-verify-derived/Build/Intermediates.noindex/Voxboard.build/Debug-iphonesimulator/Voxboard.build/DerivedSources /Users/codybontecou/projects/Voxboard/Voxboard/Localizable.xcstrings

GenerateAssetSymbols /Users/codybontecou/projects/Voxboard/Voxboard/Assets.xcassets (in target 'Voxboard' from project 'Voxboard')
    cd /Users/codybontecou/projects/Voxboard
    /Applications/Xcode.app/Contents/Developer/usr/bin/actool /Users/codybontecou/projects/Voxboard/Voxboard/Assets.xcassets --compile /tmp/voxboard-notelet-verify-derived/Build/Products/Debug-iphonesimulator/Voxboard.app --output-format human-readable-text --notices --warnings --export-dependency-info /tmp/voxboard-notelet-verify-derived/Build/Intermediates.noindex/Voxboard.build/Debug-iphonesimulator/Voxboard.build/assetcatalog_dependencies --output-partial-info-plist /tmp/voxboard-notelet-verify-derived/Build/Intermediates.noindex/Voxboard.build/Debug-iphonesimulator/Voxboard.build/assetcatalog_generated_info.plist --app-icon AppIcon --accent-color AccentColor --compress-pngs --enable-on-demand-resources YES --development-region en --target-device iphone --target-device ipad --minimum-deployment-target 17.6 --platform iphonesimulator --bundle-identifier bontecou.Voxboard --generate-swift-asset-symbols /tmp/voxboard-notelet-verify-derived/Build/Intermediates.noindex/Voxboard.build/Debug-iphonesimulator/Voxboard.build/DerivedSources/GeneratedAssetSymbols.swift --generate-objc-asset-symbols /tmp/voxboard-notelet-verify-derived/Build/Intermediates.noindex/Voxboard.build/Debug-iphonesimulator/Voxboard.build/DerivedSources/GeneratedAssetSymbols.h --generate-asset-symbol-index /tmp/voxboard-notelet-verify-derived/Build/Intermediates.noindex/Voxboard.build/Debug-iphonesimulator/Voxboard.build/DerivedSources/GeneratedAssetSymbols-Index.plist
/* com.apple.actool.document.warnings */
/Users/codybontecou/projects/Voxboard/Voxboard/Assets.xcassets:./AppIcon.appiconset/(null)[2d][AppIcon-1024-backup.png]: warning: The app icon set "AppIcon" has an unassigned child.
/Users/codybontecou/projects/Voxboard/Voxboard/Assets.xcassets:./AppIcon.appiconset/(null)[2d][AppIcon-1024-backup.png]: warning: The app icon set "AppIcon" has an unassigned child.
/* com.apple.actool.compilation-results */
/tmp/voxboard-notelet-verify-derived/Build/Intermediates.noindex/Voxboard.build/Debug-iphonesimulator/Voxboard.build/DerivedSources/GeneratedAssetSymbols-Index.plist
/tmp/voxboard-notelet-verify-derived/Build/Intermediates.noindex/Voxboard.build/Debug-iphonesimulator/Voxboard.build/DerivedSources/GeneratedAssetSymbols.h
/tmp/voxboard-notelet-verify-derived/Build/Intermediates.noindex/Voxboard.build/Debug-iphonesimulator/Voxboard.build/DerivedSources/GeneratedAssetSymbols.swift


MkDir /tmp/voxboard-notelet-verify-derived/Build/Intermediates.noindex/Voxboard.build/Debug-iphonesimulator/Voxboard.build/assetcatalog_output/thinned (in target 'Voxboard' from project 'Voxboard')
    cd /Users/codybontecou/projects/Voxboard
    /bin/mkdir -p /tmp/voxboard-notelet-verify-derived/Build/Intermediates.noindex/Voxboard.build/Debug-iphonesimulator/Voxboard.build/assetcatalog_output/thinned

MkDir /tmp/voxboard-notelet-verify-derived/Build/Intermediates.noindex/Voxboard.build/Debug-iphonesimulator/Voxboard.build/assetcatalog_output/unthinned (in target 'Voxboard' from project 'Voxboard')
    cd /Users/codybontecou/projects/Voxboard
    /bin/mkdir -p /tmp/voxboard-notelet-verify-derived/Build/Intermediates.noindex/Voxboard.build/Debug-iphonesimulator/Voxboard.build/assetcatalog_output/unthinned

CompileAssetCatalogVariant thinned /tmp/voxboard-notelet-verify-derived/Build/Products/Debug-iphonesimulator/Voxboard.app /Users/codybontecou/projects/Voxboard/Voxboard/Assets.xcassets (in target 'Voxboard' from project 'Voxboard')
    cd /Users/codybontecou/projects/Voxboard
    /Applications/Xcode.app/Contents/Developer/usr/bin/actool /Users/codybontecou/projects/Voxboard/Voxboard/Assets.xcassets --compile /tmp/voxboard-notelet-verify-derived/Build/Intermediates.noindex/Voxboard.build/Debug-iphonesimulator/Voxboard.build/assetcatalog_output/thinned --output-format human-readable-text --notices --warnings --export-dependency-info /tmp/voxboard-notelet-verify-derived/Build/Intermediates.noindex/Voxboard.build/Debug-iphonesimulator/Voxboard.build/assetcatalog_dependencies_thinned --output-partial-info-plist /tmp/voxboard-notelet-verify-derived/Build/Intermediates.noindex/Voxboard.build/Debug-iphonesimulator/Voxboard.build/assetcatalog_generated_info.plist_thinned --app-icon AppIcon --accent-color AccentColor --compress-pngs --enable-on-demand-resources YES --filter-for-thinning-device-configuration iPhone18,3 --filter-for-device-os-version 26.5 --development-region en --target-device iphone --target-device ipad --minimum-deployment-target 17.6 --platform iphonesimulator
/* com.apple.actool.document.warnings */
/Users/codybontecou/projects/Voxboard/Voxboard/Assets.xcassets:./AppIcon.appiconset/(null)[2d][AppIcon-1024-backup.png]: warning: The app icon set "AppIcon" has an unassigned child.
/Users/codybontecou/projects/Voxboard/Voxboard/Assets.xcassets:./AppIcon.appiconset/(null)[2d][AppIcon-1024-backup.png]: warning: The app icon set "AppIcon" has an unassigned child.
/Users/codybontecou/projects/Voxboard/Voxboard/Assets.xcassets:./AppIcon.appiconset/(null)[2d][AppIcon-1024-backup.png]: warning: The app icon set "AppIcon" has an unassigned child.
/* com.apple.actool.compilation-results */
/tmp/voxboard-notelet-verify-derived/Build/Intermediates.noindex/Voxboard.build/Debug-iphonesimulator/Voxboard.build/assetcatalog_generated_info.plist_thinned
/tmp/voxboard-notelet-verify-derived/Build/Intermediates.noindex/Voxboard.build/Debug-iphonesimulator/Voxboard.build/assetcatalog_output/thinned/AppIcon60x60@2x.png
/tmp/voxboard-notelet-verify-derived/Build/Intermediates.noindex/Voxboard.build/Debug-iphonesimulator/Voxboard.build/assetcatalog_output/thinned/AppIcon76x76@2x~ipad.png
/tmp/voxboard-notelet-verify-derived/Build/Intermediates.noindex/Voxboard.build/Debug-iphonesimulator/Voxboard.build/assetcatalog_output/thinned/Assets.car


CompileXCStrings /tmp/voxboard-notelet-verify-derived/Build/Intermediates.noindex/Voxboard.build/Debug-iphonesimulator/Voxboard.build/ /Users/codybontecou/projects/Voxboard/Voxboard/Localizable.xcstrings (in target 'Voxboard' from project 'Voxboard')
    cd /Users/codybontecou/projects/Voxboard
    /Applications/Xcode.app/Contents/Developer/usr/bin/xcstringstool compile --output-directory /tmp/voxboard-notelet-verify-derived/Build/Intermediates.noindex/Voxboard.build/Debug-iphonesimulator/Voxboard.build /Users/codybontecou/projects/Voxboard/Voxboard/Localizable.xcstrings

SwiftDriverJobDiscovery normal arm64 Compiling KeyboardViewController.swift (in target 'Voxboard Keyboard' from project 'Voxboard')

CopyStringsFile /tmp/voxboard-notelet-verify-derived/Build/Products/Debug-iphonesimulator/Voxboard.app/tr.lproj/Localizable.strings /tmp/voxboard-notelet-verify-derived/Build/Intermediates.noindex/Voxboard.build/Debug-iphonesimulator/Voxboard.build/tr.lproj/Localizable.strings (in target 'Voxboard' from project 'Voxboard')
    cd /Users/codybontecou/projects/Voxboard
    builtin-copyStrings --validate --outputencoding binary --outfilename Localizable.strings --outdir /tmp/voxboard-notelet-verify-derived/Build/Products/Debug-iphonesimulator/Voxboard.app/tr.lproj -- /tmp/voxboard-notelet-verify-derived/Build/Intermediates.noindex/Voxboard.build/Debug-iphonesimulator/Voxboard.build/tr.lproj/Localizable.strings
/tmp/voxboard-notelet-verify-derived/Build/Intermediates.noindex/Voxboard.build/Debug-iphonesimulator/Voxboard.build/tr.lproj/Localizable.strings:1:1: note: detected encoding of input file as Unicode (UTF-8) (in target 'Voxboard' from project 'Voxboard')

CopyStringsFile /tmp/voxboard-notelet-verify-derived/Build/Products/Debug-iphonesimulator/Voxboard.app/ur.lproj/Localizable.strings /tmp/voxboard-notelet-verify-derived/Build/Intermediates.noindex/Voxboard.build/Debug-iphonesimulator/Voxboard.build/ur.lproj/Localizable.strings (in target 'Voxboard' from project 'Voxboard')
    cd /Users/codybontecou/projects/Voxboard
    builtin-copyStrings --validate --outputencoding binary --outfilename Localizable.strings --outdir /tmp/voxboard-notelet-verify-derived/Build/Products/Debug-iphonesimulator/Voxboard.app/ur.lproj -- /tmp/voxboard-notelet-verify-derived/Build/Intermediates.noindex/Voxboard.build/Debug-iphonesimulator/Voxboard.build/ur.lproj/Localizable.strings
/tmp/voxboard-notelet-verify-derived/Build/Intermediates.noindex/Voxboard.build/Debug-iphonesimulator/Voxboard.build/ur.lproj/Localizable.strings:1:1: note: detected encoding of input file as Unicode (UTF-8) (in target 'Voxboard' from project 'Voxboard')

CopyStringsFile /tmp/voxboard-notelet-verify-derived/Build/Products/Debug-iphonesimulator/Voxboard.app/zh-Hant.lproj/Localizable.strings /tmp/voxboard-notelet-verify-derived/Build/Intermediates.noindex/Voxboard.build/Debug-iphonesimulator/Voxboard.build/zh-Hant.lproj/Localizable.strings (in target 'Voxboard' from project 'Voxboard')
    cd /Users/codybontecou/projects/Voxboard
    builtin-copyStrings --validate --outputencoding binary --outfilename Localizable.strings --outdir /tmp/voxboard-notelet-verify-derived/Build/Products/Debug-iphonesimulator/Voxboard.app/zh-Hant.lproj -- /tmp/voxboard-notelet-verify-derived/Build/Intermediates.noindex/Voxboard.build/Debug-iphonesimulator/Voxboard.build/zh-Hant.lproj/Localizable.strings
/tmp/voxboard-notelet-verify-derived/Build/Intermediates.noindex/Voxboard.build/Debug-iphonesimulator/Voxboard.build/zh-Hant.lproj/Localizable.strings:1:1: note: detected encoding of input file as Unicode (UTF-8) (in target 'Voxboard' from project 'Voxboard')

CopyStringsFile /tmp/voxboard-notelet-verify-derived/Build/Products/Debug-iphonesimulator/Voxboard.app/th.lproj/Localizable.strings /tmp/voxboard-notelet-verify-derived/Build/Intermediates.noindex/Voxboard.build/Debug-iphonesimulator/Voxboard.build/th.lproj/Localizable.strings (in target 'Voxboard' from project 'Voxboard')
    cd /Users/codybontecou/projects/Voxboard
    builtin-copyStrings --validate --outputencoding binary --outfilename Localizable.strings --outdir /tmp/voxboard-notelet-verify-derived/Build/Products/Debug-iphonesimulator/Voxboard.app/th.lproj -- /tmp/voxboard-notelet-verify-derived/Build/Intermediates.noindex/Voxboard.build/Debug-iphonesimulator/Voxboard.build/th.lproj/Localizable.strings
/tmp/voxboard-notelet-verify-derived/Build/Intermediates.noindex/Voxboard.build/Debug-iphonesimulator/Voxboard.build/th.lproj/Localizable.strings:1:1: note: detected encoding of input file as Unicode (UTF-8) (in target 'Voxboard' from project 'Voxboard')

CopyStringsFile /tmp/voxboard-notelet-verify-derived/Build/Products/Debug-iphonesimulator/Voxboard.app/vi.lproj/Localizable.strings /tmp/voxboard-notelet-verify-derived/Build/Intermediates.noindex/Voxboard.build/Debug-iphonesimulator/Voxboard.build/vi.lproj/Localizable.strings (in target 'Voxboard' from project 'Voxboard')
    cd /Users/codybontecou/projects/Voxboard
    builtin-copyStrings --validate --outputencoding binary --outfilename Localizable.strings --outdir /tmp/voxboard-notelet-verify-derived/Build/Products/Debug-iphonesimulator/Voxboard.app/vi.lproj -- /tmp/voxboard-notelet-verify-derived/Build/Intermediates.noindex/Voxboard.build/Debug-iphonesimulator/Voxboard.build/vi.lproj/Localizable.strings
/tmp/voxboard-notelet-verify-derived/Build/Intermediates.noindex/Voxboard.build/Debug-iphonesimulator/Voxboard.build/vi.lproj/Localizable.strings:1:1: note: detected encoding of input file as Unicode (UTF-8) (in target 'Voxboard' from project 'Voxboard')

CopyStringsFile /tmp/voxboard-notelet-verify-derived/Build/Products/Debug-iphonesimulator/Voxboard.app/zh-Hans.lproj/Localizable.strings /tmp/voxboard-notelet-verify-derived/Build/Intermediates.noindex/Voxboard.build/Debug-iphonesimulator/Voxboard.build/zh-Hans.lproj/Localizable.strings (in target 'Voxboard' from project 'Voxboard')
    cd /Users/codybontecou/projects/Voxboard
    builtin-copyStrings --validate --outputencoding binary --outfilename Localizable.strings --outdir /tmp/voxboard-notelet-verify-derived/Build/Products/Debug-iphonesimulator/Voxboard.app/zh-Hans.lproj -- /tmp/voxboard-notelet-verify-derived/Build/Intermediates.noindex/Voxboard.build/Debug-iphonesimulator/Voxboard.build/zh-Hans.lproj/Localizable.strings
/tmp/voxboard-notelet-verify-derived/Build/Intermediates.noindex/Voxboard.build/Debug-iphonesimulator/Voxboard.build/zh-Hans.lproj/Localizable.strings:1:1: note: detected encoding of input file as Unicode (UTF-8) (in target 'Voxboard' from project 'Voxboard')

CopyStringsFile /tmp/voxboard-notelet-verify-derived/Build/Products/Debug-iphonesimulator/Voxboard.app/uk.lproj/Localizable.strings /tmp/voxboard-notelet-verify-derived/Build/Intermediates.noindex/Voxboard.build/Debug-iphonesimulator/Voxboard.build/uk.lproj/Localizable.strings (in target 'Voxboard' from project 'Voxboard')
    cd /Users/codybontecou/projects/Voxboard
    builtin-copyStrings --validate --outputencoding binary --outfilename Localizable.strings --outdir /tmp/voxboard-notelet-verify-derived/Build/Products/Debug-iphonesimulator/Voxboard.app/uk.lproj -- /tmp/voxboard-notelet-verify-derived/Build/Intermediates.noindex/Voxboard.build/Debug-iphonesimulator/Voxboard.build/uk.lproj/Localizable.strings
/tmp/voxboard-notelet-verify-derived/Build/Intermediates.noindex/Voxboard.build/Debug-iphonesimulator/Voxboard.build/uk.lproj/Localizable.strings:1:1: note: detected encoding of input file as Unicode (UTF-8) (in target 'Voxboard' from project 'Voxboard')

CopyStringsFile /tmp/voxboard-notelet-verify-derived/Build/Products/Debug-iphonesimulator/Voxboard.app/ta.lproj/Localizable.strings /tmp/voxboard-notelet-verify-derived/Build/Intermediates.noindex/Voxboard.build/Debug-iphonesimulator/Voxboard.build/ta.lproj/Localizable.strings (in target 'Voxboard' from project 'Voxboard')
    cd /Users/codybontecou/projects/Voxboard
    builtin-copyStrings --validate --outputencoding binary --outfilename Localizable.strings --outdir /tmp/voxboard-notelet-verify-derived/Build/Products/Debug-iphonesimulator/Voxboard.app/ta.lproj -- /tmp/voxboard-notelet-verify-derived/Build/Intermediates.noindex/Voxboard.build/Debug-iphonesimulator/Voxboard.build/ta.lproj/Localizable.strings
/tmp/voxboard-notelet-verify-derived/Build/Intermediates.noindex/Voxboard.build/Debug-iphonesimulator/Voxboard.build/ta.lproj/Localizable.strings:1:1: note: detected encoding of input file as Unicode (UTF-8) (in target 'Voxboard' from project 'Voxboard')

CopyStringsFile /tmp/voxboard-notelet-verify-derived/Build/Products/Debug-iphonesimulator/Voxboard.app/ru.lproj/Localizable.strings /tmp/voxboard-notelet-verify-derived/Build/Intermediates.noindex/Voxboard.build/Debug-iphonesimulator/Voxboard.build/ru.lproj/Localizable.strings (in target 'Voxboard' from project 'Voxboard')
    cd /Users/codybontecou/projects/Voxboard
    builtin-copyStrings --validate --outputencoding binary --outfilename Localizable.strings --outdir /tmp/voxboard-notelet-verify-derived/Build/Products/Debug-iphonesimulator/Voxboard.app/ru.lproj -- /tmp/voxboard-notelet-verify-derived/Build/Intermediates.noindex/Voxboard.build/Debug-iphonesimulator/Voxboard.build/ru.lproj/Localizable.strings
/tmp/voxboard-notelet-verify-derived/Build/Intermediates.noindex/Voxboard.build/Debug-iphonesimulator/Voxboard.build/ru.lproj/Localizable.strings:1:1: note: detected encoding of input file as Unicode (UTF-8) (in target 'Voxboard' from project 'Voxboard')

CopyStringsFile /tmp/voxboard-notelet-verify-derived/Build/Products/Debug-iphonesimulator/Voxboard.app/pt-BR.lproj/Localizable.strings /tmp/voxboard-notelet-verify-derived/Build/Intermediates.noindex/Voxboard.build/Debug-iphonesimulator/Voxboard.build/pt-BR.lproj/Localizable.strings (in target 'Voxboard' from project 'Voxboard')
    cd /Users/codybontecou/projects/Voxboard
    builtin-copyStrings --validate --outputencoding binary --outfilename Localizable.strings --outdir /tmp/voxboard-notelet-verify-derived/Build/Products/Debug-iphonesimulator/Voxboard.app/pt-BR.lproj -- /tmp/voxboard-notelet-verify-derived/Build/Intermediates.noindex/Voxboard.build/Debug-iphonesimulator/Voxboard.build/pt-BR.lproj/Localizable.strings
/tmp/voxboard-notelet-verify-derived/Build/Intermediates.noindex/Voxboard.build/Debug-iphonesimulator/Voxboard.build/pt-BR.lproj/Localizable.strings:1:1: note: detected encoding of input file as Unicode (UTF-8) (in target 'Voxboard' from project 'Voxboard')

CopyStringsFile /tmp/voxboard-notelet-verify-derived/Build/Products/Debug-iphonesimulator/Voxboard.app/pl.lproj/Localizable.strings /tmp/voxboard-notelet-verify-derived/Build/Intermediates.noindex/Voxboard.build/Debug-iphonesimulator/Voxboard.build/pl.lproj/Localizable.strings (in target 'Voxboard' from project 'Voxboard')
    cd /Users/codybontecou/projects/Voxboard
    builtin-copyStrings --validate --outputencoding binary --outfilename Localizable.strings --outdir /tmp/voxboard-notelet-verify-derived/Build/Products/Debug-iphonesimulator/Voxboard.app/pl.lproj -- /tmp/voxboard-notelet-verify-derived/Build/Intermediates.noindex/Voxboard.build/Debug-iphonesimulator/Voxboard.build/pl.lproj/Localizable.strings
/tmp/voxboard-notelet-verify-derived/Build/Intermediates.noindex/Voxboard.build/Debug-iphonesimulator/Voxboard.build/pl.lproj/Localizable.strings:1:1: note: detected encoding of input file as Unicode (UTF-8) (in target 'Voxboard' from project 'Voxboard')

CopyStringsFile /tmp/voxboard-notelet-verify-derived/Build/Products/Debug-iphonesimulator/Voxboard.app/nl.lproj/Localizable.strings /tmp/voxboard-notelet-verify-derived/Build/Intermediates.noindex/Voxboard.build/Debug-iphonesimulator/Voxboard.build/nl.lproj/Localizable.strings (in target 'Voxboard' from project 'Voxboard')
    cd /Users/codybontecou/projects/Voxboard
    builtin-copyStrings --validate --outputencoding binary --outfilename Localizable.strings --outdir /tmp/voxboard-notelet-verify-derived/Build/Products/Debug-iphonesimulator/Voxboard.app/nl.lproj -- /tmp/voxboard-notelet-verify-derived/Build/Intermediates.noindex/Voxboard.build/Debug-iphonesimulator/Voxboard.build/nl.lproj/Localizable.strings
/tmp/voxboard-notelet-verify-derived/Build/Intermediates.noindex/Voxboard.build/Debug-iphonesimulator/Voxboard.build/nl.lproj/Localizable.strings:1:1: note: detected encoding of input file as Unicode (UTF-8) (in target 'Voxboard' from project 'Voxboard')

CopyStringsFile /tmp/voxboard-notelet-verify-derived/Build/Products/Debug-iphonesimulator/Voxboard.app/ko.lproj/Localizable.strings /tmp/voxboard-notelet-verify-derived/Build/Intermediates.noindex/Voxboard.build/Debug-iphonesimulator/Voxboard.build/ko.lproj/Localizable.strings (in target 'Voxboard' from project 'Voxboard')
    cd /Users/codybontecou/projects/Voxboard
    builtin-copyStrings --validate --outputencoding binary --outfilename Localizable.strings --outdir /tmp/voxboard-notelet-verify-derived/Build/Products/Debug-iphonesimulator/Voxboard.app/ko.lproj -- /tmp/voxboard-notelet-verify-derived/Build/Intermediates.noindex/Voxboard.build/Debug-iphonesimulator/Voxboard.build/ko.lproj/Localizable.strings
/tmp/voxboard-notelet-verify-derived/Build/Intermediates.noindex/Voxboard.build/Debug-iphonesimulator/Voxboard.build/ko.lproj/Localizable.strings:1:1: note: detected encoding of input file as Unicode (UTF-8) (in target 'Voxboard' from project 'Voxboard')

CopyStringsFile /tmp/voxboard-notelet-verify-derived/Build/Products/Debug-iphonesimulator/Voxboard.app/ja.lproj/Localizable.strings /tmp/voxboard-notelet-verify-derived/Build/Intermediates.noindex/Voxboard.build/Debug-iphonesimulator/Voxboard.build/ja.lproj/Localizable.strings (in target 'Voxboard' from project 'Voxboard')
    cd /Users/codybontecou/projects/Voxboard
    builtin-copyStrings --validate --outputencoding binary --outfilename Localizable.strings --outdir /tmp/voxboard-notelet-verify-derived/Build/Products/Debug-iphonesimulator/Voxboard.app/ja.lproj -- /tmp/voxboard-notelet-verify-derived/Build/Intermediates.noindex/Voxboard.build/Debug-iphonesimulator/Voxboard.build/ja.lproj/Localizable.strings
/tmp/voxboard-notelet-verify-derived/Build/Intermediates.noindex/Voxboard.build/Debug-iphonesimulator/Voxboard.build/ja.lproj/Localizable.strings:1:1: note: detected encoding of input file as Unicode (UTF-8) (in target 'Voxboard' from project 'Voxboard')

CopyStringsFile /tmp/voxboard-notelet-verify-derived/Build/Products/Debug-iphonesimulator/Voxboard.app/it.lproj/Localizable.strings /tmp/voxboard-notelet-verify-derived/Build/Intermediates.noindex/Voxboard.build/Debug-iphonesimulator/Voxboard.build/it.lproj/Localizable.strings (in target 'Voxboard' from project 'Voxboard')
    cd /Users/codybontecou/projects/Voxboard
    builtin-copyStrings --validate --outputencoding binary --outfilename Localizable.strings --outdir /tmp/voxboard-notelet-verify-derived/Build/Products/Debug-iphonesimulator/Voxboard.app/it.lproj -- /tmp/voxboard-notelet-verify-derived/Build/Intermediates.noindex/Voxboard.build/Debug-iphonesimulator/Voxboard.build/it.lproj/Localizable.strings
/tmp/voxboard-notelet-verify-derived/Build/Intermediates.noindex/Voxboard.build/Debug-iphonesimulator/Voxboard.build/it.lproj/Localizable.strings:1:1: note: detected encoding of input file as Unicode (UTF-8) (in target 'Voxboard' from project 'Voxboard')

CopyStringsFile /tmp/voxboard-notelet-verify-derived/Build/Products/Debug-iphonesimulator/Voxboard.app/id.lproj/Localizable.strings /tmp/voxboard-notelet-verify-derived/Build/Intermediates.noindex/Voxboard.build/Debug-iphonesimulator/Voxboard.build/id.lproj/Localizable.strings (in target 'Voxboard' from project 'Voxboard')
    cd /Users/codybontecou/projects/Voxboard
    builtin-copyStrings --validate --outputencoding binary --outfilename Localizable.strings --outdir /tmp/voxboard-notelet-verify-derived/Build/Products/Debug-iphonesimulator/Voxboard.app/id.lproj -- /tmp/voxboard-notelet-verify-derived/Build/Intermediates.noindex/Voxboard.build/Debug-iphonesimulator/Voxboard.build/id.lproj/Localizable.strings
/tmp/voxboard-notelet-verify-derived/Build/Intermediates.noindex/Voxboard.build/Debug-iphonesimulator/Voxboard.build/id.lproj/Localizable.strings:1:1: note: detected encoding of input file as Unicode (UTF-8) (in target 'Voxboard' from project 'Voxboard')

CopyStringsFile /tmp/voxboard-notelet-verify-derived/Build/Products/Debug-iphonesimulator/Voxboard.app/hi.lproj/Localizable.strings /tmp/voxboard-notelet-verify-derived/Build/Intermediates.noindex/Voxboard.build/Debug-iphonesimulator/Voxboard.build/hi.lproj/Localizable.strings (in target 'Voxboard' from project 'Voxboard')
    cd /Users/codybontecou/projects/Voxboard
    builtin-copyStrings --validate --outputencoding binary --outfilename Localizable.strings --outdir /tmp/voxboard-notelet-verify-derived/Build/Products/Debug-iphonesimulator/Voxboard.app/hi.lproj -- /tmp/voxboard-notelet-verify-derived/Build/Intermediates.noindex/Voxboard.build/Debug-iphonesimulator/Voxboard.build/hi.lproj/Localizable.strings
/tmp/voxboard-notelet-verify-derived/Build/Intermediates.noindex/Voxboard.build/Debug-iphonesimulator/Voxboard.build/hi.lproj/Localizable.strings:1:1: note: detected encoding of input file as Unicode (UTF-8) (in target 'Voxboard' from project 'Voxboard')

CopyStringsFile /tmp/voxboard-notelet-verify-derived/Build/Products/Debug-iphonesimulator/Voxboard.app/fr.lproj/Localizable.strings /tmp/voxboard-notelet-verify-derived/Build/Intermediates.noindex/Voxboard.build/Debug-iphonesimulator/Voxboard.build/fr.lproj/Localizable.strings (in target 'Voxboard' from project 'Voxboard')
    cd /Users/codybontecou/projects/Voxboard
    builtin-copyStrings --validate --outputencoding binary --outfilename Localizable.strings --outdir /tmp/voxboard-notelet-verify-derived/Build/Products/Debug-iphonesimulator/Voxboard.app/fr.lproj -- /tmp/voxboard-notelet-verify-derived/Build/Intermediates.noindex/Voxboard.build/Debug-iphonesimulator/Voxboard.build/fr.lproj/Localizable.strings
/tmp/voxboard-notelet-verify-derived/Build/Intermediates.noindex/Voxboard.build/Debug-iphonesimulator/Voxboard.build/fr.lproj/Localizable.strings:1:1: note: detected encoding of input file as Unicode (UTF-8) (in target 'Voxboard' from project 'Voxboard')

CopyStringsFile /tmp/voxboard-notelet-verify-derived/Build/Products/Debug-iphonesimulator/Voxboard.app/es.lproj/Localizable.strings /tmp/voxboard-notelet-verify-derived/Build/Intermediates.noindex/Voxboard.build/Debug-iphonesimulator/Voxboard.build/es.lproj/Localizable.strings (in target 'Voxboard' from project 'Voxboard')
    cd /Users/codybontecou/projects/Voxboard
    builtin-copyStrings --validate --outputencoding binary --outfilename Localizable.strings --outdir /tmp/voxboard-notelet-verify-derived/Build/Products/Debug-iphonesimulator/Voxboard.app/es.lproj -- /tmp/voxboard-notelet-verify-derived/Build/Intermediates.noindex/Voxboard.build/Debug-iphonesimulator/Voxboard.build/es.lproj/Localizable.strings
/tmp/voxboard-notelet-verify-derived/Build/Intermediates.noindex/Voxboard.build/Debug-iphonesimulator/Voxboard.build/es.lproj/Localizable.strings:1:1: note: detected encoding of input file as Unicode (UTF-8) (in target 'Voxboard' from project 'Voxboard')

CopyStringsFile /tmp/voxboard-notelet-verify-derived/Build/Products/Debug-iphonesimulator/Voxboard.app/en.lproj/Localizable.strings /tmp/voxboard-notelet-verify-derived/Build/Intermediates.noindex/Voxboard.build/Debug-iphonesimulator/Voxboard.build/en.lproj/Localizable.strings (in target 'Voxboard' from project 'Voxboard')
    cd /Users/codybontecou/projects/Voxboard
    builtin-copyStrings --validate --outputencoding binary --outfilename Localizable.strings --outdir /tmp/voxboard-notelet-verify-derived/Build/Products/Debug-iphonesimulator/Voxboard.app/en.lproj -- /tmp/voxboard-notelet-verify-derived/Build/Intermediates.noindex/Voxboard.build/Debug-iphonesimulator/Voxboard.build/en.lproj/Localizable.strings
/tmp/voxboard-notelet-verify-derived/Build/Intermediates.noindex/Voxboard.build/Debug-iphonesimulator/Voxboard.build/en.lproj/Localizable.strings:1:1: note: detected encoding of input file as Unicode (UTF-8) (in target 'Voxboard' from project 'Voxboard')

CopyStringsFile /tmp/voxboard-notelet-verify-derived/Build/Products/Debug-iphonesimulator/Voxboard.app/de.lproj/Localizable.strings /tmp/voxboard-notelet-verify-derived/Build/Intermediates.noindex/Voxboard.build/Debug-iphonesimulator/Voxboard.build/de.lproj/Localizable.strings (in target 'Voxboard' from project 'Voxboard')
    cd /Users/codybontecou/projects/Voxboard
    builtin-copyStrings --validate --outputencoding binary --outfilename Localizable.strings --outdir /tmp/voxboard-notelet-verify-derived/Build/Products/Debug-iphonesimulator/Voxboard.app/de.lproj -- /tmp/voxboard-notelet-verify-derived/Build/Intermediates.noindex/Voxboard.build/Debug-iphonesimulator/Voxboard.build/de.lproj/Localizable.strings
/tmp/voxboard-notelet-verify-derived/Build/Intermediates.noindex/Voxboard.build/Debug-iphonesimulator/Voxboard.build/de.lproj/Localizable.strings:1:1: note: detected encoding of input file as Unicode (UTF-8) (in target 'Voxboard' from project 'Voxboard')

CopyStringsFile /tmp/voxboard-notelet-verify-derived/Build/Products/Debug-iphonesimulator/Voxboard.app/bn.lproj/Localizable.strings /tmp/voxboard-notelet-verify-derived/Build/Intermediates.noindex/Voxboard.build/Debug-iphonesimulator/Voxboard.build/bn.lproj/Localizable.strings (in target 'Voxboard' from project 'Voxboard')
    cd /Users/codybontecou/projects/Voxboard
    builtin-copyStrings --validate --outputencoding binary --outfilename Localizable.strings --outdir /tmp/voxboard-notelet-verify-derived/Build/Products/Debug-iphonesimulator/Voxboard.app/bn.lproj -- /tmp/voxboard-notelet-verify-derived/Build/Intermediates.noindex/Voxboard.build/Debug-iphonesimulator/Voxboard.build/bn.lproj/Localizable.strings
/tmp/voxboard-notelet-verify-derived/Build/Intermediates.noindex/Voxboard.build/Debug-iphonesimulator/Voxboard.build/bn.lproj/Localizable.strings:1:1: note: detected encoding of input file as Unicode (UTF-8) (in target 'Voxboard' from project 'Voxboard')

CopyStringsFile /tmp/voxboard-notelet-verify-derived/Build/Products/Debug-iphonesimulator/Voxboard.app/ar.lproj/Localizable.strings /tmp/voxboard-notelet-verify-derived/Build/Intermediates.noindex/Voxboard.build/Debug-iphonesimulator/Voxboard.build/ar.lproj/Localizable.strings (in target 'Voxboard' from project 'Voxboard')
    cd /Users/codybontecou/projects/Voxboard
    builtin-copyStrings --validate --outputencoding binary --outfilename Localizable.strings --outdir /tmp/voxboard-notelet-verify-derived/Build/Products/Debug-iphonesimulator/Voxboard.app/ar.lproj -- /tmp/voxboard-notelet-verify-derived/Build/Intermediates.noindex/Voxboard.build/Debug-iphonesimulator/Voxboard.build/ar.lproj/Localizable.strings
/tmp/voxboard-notelet-verify-derived/Build/Intermediates.noindex/Voxboard.build/Debug-iphonesimulator/Voxboard.build/ar.lproj/Localizable.strings:1:1: note: detected encoding of input file as Unicode (UTF-8) (in target 'Voxboard' from project 'Voxboard')

SwiftDriver Voxboard normal arm64 com.apple.xcode.tools.swift.compiler (in target 'Voxboard' from project 'Voxboard')
    cd /Users/codybontecou/projects/Voxboard
    builtin-SwiftDriver -- /Applications/Xcode.app/Contents/Developer/Toolchains/XcodeDefault.xctoolchain/usr/bin/swiftc -module-name Voxboard -Onone @/tmp/voxboard-notelet-verify-derived/Build/Intermediates.noindex/Voxboard.build/Debug-iphonesimulator/Voxboard.build/Objects-normal/arm64/Voxboard.SwiftFileList -DDEBUG -default-isolation\=MainActor -enable-bare-slash-regex -enable-upcoming-feature DisableOutwardActorInference -enable-upcoming-feature InferSendableFromCaptures -enable-upcoming-feature GlobalActorIsolatedTypesUsability -enable-upcoming-feature MemberImportVisibility -enable-upcoming-feature InferIsolatedConformances -enable-upcoming-feature NonisolatedNonsendingByDefault -enable-experimental-feature DebugDescriptionMacro -sdk /Applications/Xcode.app/Contents/Developer/Platforms/iPhoneSimulator.platform/Developer/SDKs/iPhoneSimulator26.5.sdk -target arm64-apple-ios17.6-simulator -g -module-cache-path /tmp/voxboard-notelet-verify-derived/ModuleCache.noindex -Xfrontend -serialize-debugging-options -enable-testing -index-store-path /tmp/voxboard-notelet-verify-derived/Index.noindex/DataStore -Xcc -D_LIBCPP_HARDENING_MODE\=_LIBCPP_HARDENING_MODE_DEBUG -swift-version 5 -I /tmp/voxboard-notelet-verify-derived/Build/Products/Debug-iphonesimulator -F /tmp/voxboard-notelet-verify-derived/Build/Products/Debug-iphonesimulator/PackageFrameworks -F /tmp/voxboard-notelet-verify-derived/Build/Products/Debug-iphonesimulator/PackageFrameworks -F /tmp/voxboard-notelet-verify-derived/Build/Products/Debug-iphonesimulator/PackageFrameworks -F /tmp/voxboard-notelet-verify-derived/Build/Products/Debug-iphonesimulator/PackageFrameworks -F /tmp/voxboard-notelet-verify-derived/Build/Products/Debug-iphonesimulator/PackageFrameworks -F /tmp/voxboard-notelet-verify-derived/Build/Products/Debug-iphonesimulator/PackageFrameworks -F /tmp/voxboard-notelet-verify-derived/Build/Products/Debug-iphonesimulator/PackageFrameworks -F /tmp/voxboard-notelet-verify-derived/Build/Products/Debug-iphonesimulator -emit-localized-strings -emit-localized-strings-path /tmp/voxboard-notelet-verify-derived/Build/Intermediates.noindex/Voxboard.build/Debug-iphonesimulator/Voxboard.build/Objects-normal/arm64 -c -j10 -enable-batch-mode -incremental -Xcc -ivfsstatcache -Xcc /tmp/voxboard-notelet-verify-derived/SDKStatCaches.noindex/iphonesimulator26.5-23F73-6cfe768891a92b912361537c460fe42b.sdkstatcache -output-file-map /tmp/voxboard-notelet-verify-derived/Build/Intermediates.noindex/Voxboard.build/Debug-iphonesimulator/Voxboard.build/Objects-normal/arm64/Voxboard-OutputFileMap.json -use-frontend-parseable-output -save-temps -no-color-diagnostics -explicit-module-build -module-cache-path /tmp/voxboard-notelet-verify-derived/Build/Intermediates.noindex/SwiftExplicitPrecompiledModules -clang-scanner-module-cache-path /tmp/voxboard-notelet-verify-derived/ModuleCache.noindex -sdk-module-cache-path /tmp/voxboard-notelet-verify-derived/ModuleCache.noindex -serialize-diagnostics -emit-dependencies -emit-module -emit-module-path /tmp/voxboard-notelet-verify-derived/Build/Intermediates.noindex/Voxboard.build/Debug-iphonesimulator/Voxboard.build/Objects-normal/arm64/Voxboard.swiftmodule -validate-clang-modules-once -clang-build-session-file /tmp/voxboard-notelet-verify-derived/ModuleCache.noindex/Session.modulevalidation -Xcc -I/tmp/voxboard-notelet-verify-derived/Build/Intermediates.noindex/Voxboard.build/Debug-iphonesimulator/Voxboard.build/swift-overrides.hmap -emit-const-values -Xfrontend -const-gather-protocols-file -Xfrontend /tmp/voxboard-notelet-verify-derived/Build/Intermediates.noindex/Voxboard.build/Debug-iphonesimulator/Voxboard.build/Objects-normal/arm64/Voxboard_const_extract_protocols.json -Xcc -iquote -Xcc /tmp/voxboard-notelet-verify-derived/Build/Intermediates.noindex/Voxboard.build/Debug-iphonesimulator/Voxboard.build/Voxboard-generated-files.hmap -Xcc -I/tmp/voxboard-notelet-verify-derived/Build/Intermediates.noindex/Voxboard.build/Debug-iphonesimulator/Voxboard.build/Voxboard-own-target-headers.hmap -Xcc -I/tmp/voxboard-notelet-verify-derived/Build/Intermediates.noindex/Voxboard.build/Debug-iphonesimulator/Voxboard.build/Voxboard-all-non-framework-target-headers.hmap -Xcc -ivfsoverlay -Xcc /tmp/voxboard-notelet-verify-derived/Build/Intermediates.noindex/Voxboard.build/Debug-iphonesimulator/Voxboard-8d6c3ba71b53f8320d7c577fe4b80237-VFS-iphonesimulator/all-product-headers.yaml -Xcc -iquote -Xcc /tmp/voxboard-notelet-verify-derived/Build/Intermediates.noindex/Voxboard.build/Debug-iphonesimulator/Voxboard.build/Voxboard-project-headers.hmap -Xcc -I/tmp/voxboard-notelet-verify-derived/SourcePackages/checkouts/FluidAudio/Sources/MachTaskSelfWrapper/include -Xcc -I/tmp/voxboard-notelet-verify-derived/SourcePackages/checkouts/FluidAudio/Sources/FastClusterWrapper/include -Xcc -I/tmp/voxboard-notelet-verify-derived/Build/Products/Debug-iphonesimulator/include -Xcc -I/tmp/voxboard-notelet-verify-derived/Build/Intermediates.noindex/Voxboard.build/Debug-iphonesimulator/Voxboard.build/DerivedSources-normal/arm64 -Xcc -I/tmp/voxboard-notelet-verify-derived/Build/Intermediates.noindex/Voxboard.build/Debug-iphonesimulator/Voxboard.build/DerivedSources/arm64 -Xcc -I/tmp/voxboard-notelet-verify-derived/Build/Intermediates.noindex/Voxboard.build/Debug-iphonesimulator/Voxboard.build/DerivedSources -Xcc -DDEBUG\=1 -emit-objc-header -emit-objc-header-path /tmp/voxboard-notelet-verify-derived/Build/Intermediates.noindex/Voxboard.build/Debug-iphonesimulator/Voxboard.build/Objects-normal/arm64/Voxboard-Swift.h -working-directory /Users/codybontecou/projects/Voxboard -experimental-emit-module-separately -disable-cmo

SwiftDriverJobDiscovery normal arm64 Compiling VoiceToolbarView.swift (in target 'Voxboard Keyboard' from project 'Voxboard')

SwiftDriverJobDiscovery normal arm64 Compiling VoiceKeyboardState.swift (in target 'Voxboard Keyboard' from project 'Voxboard')

SwiftDriver\ Compilation Voxboard\ Keyboard normal arm64 com.apple.xcode.tools.swift.compiler (in target 'Voxboard Keyboard' from project 'Voxboard')
    cd /Users/codybontecou/projects/Voxboard
    builtin-Swift-Compilation -- /Applications/Xcode.app/Contents/Developer/Toolchains/XcodeDefault.xctoolchain/usr/bin/swiftc -module-name Voxboard_Keyboard -Onone @/tmp/voxboard-notelet-verify-derived/Build/Intermediates.noindex/Voxboard.build/Debug-iphonesimulator/Voxboard\ Keyboard.build/Objects-normal/arm64/Voxboard\ Keyboard.SwiftFileList -DDEBUG -enable-bare-slash-regex -enable-upcoming-feature DisableOutwardActorInference -enable-upcoming-feature InferSendableFromCaptures -enable-upcoming-feature GlobalActorIsolatedTypesUsability -enable-upcoming-feature MemberImportVisibility -enable-upcoming-feature InferIsolatedConformances -enable-upcoming-feature NonisolatedNonsendingByDefault -enable-experimental-feature DebugDescriptionMacro -sdk /Applications/Xcode.app/Contents/Developer/Platforms/iPhoneSimulator.platform/Developer/SDKs/iPhoneSimulator26.5.sdk -target arm64-apple-ios17.6-simulator -g -module-cache-path /tmp/voxboard-notelet-verify-derived/ModuleCache.noindex -Xfrontend -serialize-debugging-options -application-extension -enable-testing -index-store-path /tmp/voxboard-notelet-verify-derived/Index.noindex/DataStore -Xcc -D_LIBCPP_HARDENING_MODE\=_LIBCPP_HARDENING_MODE_DEBUG -swift-version 5 -I /tmp/voxboard-notelet-verify-derived/Build/Products/Debug-iphonesimulator -F /tmp/voxboard-notelet-verify-derived/Build/Products/Debug-iphonesimulator/PackageFrameworks -F /tmp/voxboard-notelet-verify-derived/Build/Products/Debug-iphonesimulator/PackageFrameworks -F /tmp/voxboard-notelet-verify-derived/Build/Products/Debug-iphonesimulator/PackageFrameworks -F /tmp/voxboard-notelet-verify-derived/Build/Products/Debug-iphonesimulator/PackageFrameworks -F /tmp/voxboard-notelet-verify-derived/Build/Products/Debug-iphonesimulator/PackageFrameworks -F /tmp/voxboard-notelet-verify-derived/Build/Products/Debug-iphonesimulator -emit-localized-strings -emit-localized-strings-path /tmp/voxboard-notelet-verify-derived/Build/Intermediates.noindex/Voxboard.build/Debug-iphonesimulator/Voxboard\ Keyboard.build/Objects-normal/arm64 -c -j10 -enable-batch-mode -incremental -Xcc -ivfsstatcache -Xcc /tmp/voxboard-notelet-verify-derived/SDKStatCaches.noindex/iphonesimulator26.5-23F73-6cfe768891a92b912361537c460fe42b.sdkstatcache -output-file-map /tmp/voxboard-notelet-verify-derived/Build/Intermediates.noindex/Voxboard.build/Debug-iphonesimulator/Voxboard\ Keyboard.build/Objects-normal/arm64/Voxboard\ Keyboard-OutputFileMap.json -use-frontend-parseable-output -save-temps -no-color-diagnostics -explicit-module-build -module-cache-path /tmp/voxboard-notelet-verify-derived/Build/Intermediates.noindex/SwiftExplicitPrecompiledModules -clang-scanner-module-cache-path /tmp/voxboard-notelet-verify-derived/ModuleCache.noindex -sdk-module-cache-path /tmp/voxboard-notelet-verify-derived/ModuleCache.noindex -serialize-diagnostics -emit-dependencies -emit-module -emit-module-path /tmp/voxboard-notelet-verify-derived/Build/Intermediates.noindex/Voxboard.build/Debug-iphonesimulator/Voxboard\ Keyboard.build/Objects-normal/arm64/Voxboard_Keyboard.swiftmodule -validate-clang-modules-once -clang-build-session-file /tmp/voxboard-notelet-verify-derived/ModuleCache.noindex/Session.modulevalidation -Xcc -I/tmp/voxboard-notelet-verify-derived/Build/Intermediates.noindex/Voxboard.build/Debug-iphonesimulator/Voxboard\ Keyboard.build/swift-overrides.hmap -emit-const-values -Xfrontend -const-gather-protocols-file -Xfrontend /tmp/voxboard-notelet-verify-derived/Build/Intermediates.noindex/Voxboard.build/Debug-iphonesimulator/Voxboard\ Keyboard.build/Objects-normal/arm64/Voxboard\ Keyboard_const_extract_protocols.json -Xcc -iquote -Xcc /tmp/voxboard-notelet-verify-derived/Build/Intermediates.noindex/Voxboard.build/Debug-iphonesimulator/Voxboard\ Keyboard.build/Voxboard\ Keyboard-generated-files.hmap -Xcc -I/tmp/voxboard-notelet-verify-derived/Build/Intermediates.noindex/Voxboard.build/Debug-iphonesimulator/Voxboard\ Keyboard.build/Voxboard\ Keyboard-own-target-headers.hmap -Xcc -I/tmp/voxboard-notelet-verify-derived/Build/Intermediates.noindex/Voxboard.build/Debug-iphonesimulator/Voxboard\ Keyboard.build/Voxboard\ Keyboard-all-non-framework-target-headers.hmap -Xcc -ivfsoverlay -Xcc /tmp/voxboard-notelet-verify-derived/Build/Intermediates.noindex/Voxboard.build/Debug-iphonesimulator/Voxboard-8d6c3ba71b53f8320d7c577fe4b80237-VFS-iphonesimulator/all-product-headers.yaml -Xcc -iquote -Xcc /tmp/voxboard-notelet-verify-derived/Build/Intermediates.noindex/Voxboard.build/Debug-iphonesimulator/Voxboard\ Keyboard.build/Voxboard\ Keyboard-project-headers.hmap -Xcc -I/tmp/voxboard-notelet-verify-derived/SourcePackages/checkouts/FluidAudio/Sources/MachTaskSelfWrapper/include -Xcc -I/tmp/voxboard-notelet-verify-derived/SourcePackages/checkouts/FluidAudio/Sources/FastClusterWrapper/include -Xcc -I/tmp/voxboard-notelet-verify-derived/Build/Products/Debug-iphonesimulator/include -Xcc -I/tmp/voxboard-notelet-verify-derived/Build/Intermediates.noindex/Voxboard.build/Debug-iphonesimulator/Voxboard\ Keyboard.build/DerivedSources-normal/arm64 -Xcc -I/tmp/voxboard-notelet-verify-derived/Build/Intermediates.noindex/Voxboard.build/Debug-iphonesimulator/Voxboard\ Keyboard.build/DerivedSources/arm64 -Xcc -I/tmp/voxboard-notelet-verify-derived/Build/Intermediates.noindex/Voxboard.build/Debug-iphonesimulator/Voxboard\ Keyboard.build/DerivedSources -Xcc -DDEBUG\=1 -emit-objc-header -emit-objc-header-path /tmp/voxboard-notelet-verify-derived/Build/Intermediates.noindex/Voxboard.build/Debug-iphonesimulator/Voxboard\ Keyboard.build/Objects-normal/arm64/Voxboard_Keyboard-Swift.h -working-directory /Users/codybontecou/projects/Voxboard -experimental-emit-module-separately -disable-cmo

Ld /tmp/voxboard-notelet-verify-derived/Build/Products/Debug-iphonesimulator/Voxboard\ Keyboard.appex/Voxboard\ Keyboard.debug.dylib normal (in target 'Voxboard Keyboard' from project 'Voxboard')
    cd /Users/codybontecou/projects/Voxboard
    /Applications/Xcode.app/Contents/Developer/Toolchains/XcodeDefault.xctoolchain/usr/bin/clang -Xlinker -reproducible -target arm64-apple-ios17.6-simulator -dynamiclib -isysroot /Applications/Xcode.app/Contents/Developer/Platforms/iPhoneSimulator.platform/Developer/SDKs/iPhoneSimulator26.5.sdk -O0 -L/tmp/voxboard-notelet-verify-derived/Build/Intermediates.noindex/EagerLinkingTBDs/Debug-iphonesimulator -L/tmp/voxboard-notelet-verify-derived/Build/Products/Debug-iphonesimulator -F/tmp/voxboard-notelet-verify-derived/Build/Intermediates.noindex/EagerLinkingTBDs/Debug-iphonesimulator -F/tmp/voxboard-notelet-verify-derived/Build/Products/Debug-iphonesimulator/PackageFrameworks -F/tmp/voxboard-notelet-verify-derived/Build/Products/Debug-iphonesimulator/PackageFrameworks -F/tmp/voxboard-notelet-verify-derived/Build/Products/Debug-iphonesimulator/PackageFrameworks -F/tmp/voxboard-notelet-verify-derived/Build/Products/Debug-iphonesimulator/PackageFrameworks -F/tmp/voxboard-notelet-verify-derived/Build/Products/Debug-iphonesimulator/PackageFrameworks -F/tmp/voxboard-notelet-verify-derived/Build/Products/Debug-iphonesimulator -filelist /tmp/voxboard-notelet-verify-derived/Build/Intermediates.noindex/Voxboard.build/Debug-iphonesimulator/Voxboard\ Keyboard.build/Objects-normal/arm64/Voxboard\ Keyboard.LinkFileList -install_name @rpath/Voxboard\ Keyboard.debug.dylib -Xlinker -rpath -Xlinker /usr/lib/swift -Xlinker -rpath -Xlinker /tmp/voxboard-notelet-verify-derived/Build/Products/Debug-iphonesimulator/PackageFrameworks -Xlinker -rpath -Xlinker @executable_path/Frameworks -Xlinker -rpath -Xlinker @executable_path/../../Frameworks -Xlinker -dead_strip -Xlinker -object_path_lto -Xlinker /tmp/voxboard-notelet-verify-derived/Build/Intermediates.noindex/Voxboard.build/Debug-iphonesimulator/Voxboard\ Keyboard.build/Objects-normal/arm64/Voxboard\ Keyboard_lto.o -rdynamic -Xlinker -no_deduplicate -Xlinker -objc_abi_version -Xlinker 2 -Xlinker -dependency_info -Xlinker /tmp/voxboard-notelet-verify-derived/Build/Intermediates.noindex/Voxboard.build/Debug-iphonesimulator/Voxboard\ Keyboard.build/Objects-normal/arm64/Voxboard\ Keyboard_dependency_info.dat -fapplication-extension -fobjc-link-runtime -L/Applications/Xcode.app/Contents/Developer/Toolchains/XcodeDefault.xctoolchain/usr/lib/swift/iphonesimulator -L/usr/lib/swift -Xlinker -add_ast_path -Xlinker /tmp/voxboard-notelet-verify-derived/Build/Intermediates.noindex/Voxboard.build/Debug-iphonesimulator/Voxboard\ Keyboard.build/Objects-normal/arm64/Voxboard_Keyboard.swiftmodule @/tmp/voxboard-notelet-verify-derived/Build/Intermediates.noindex/Voxboard.build/Debug-iphonesimulator/Voxboard\ Keyboard.build/Objects-normal/arm64/Voxboard_Keyboard-linker-args.resp -Wl,-no_warn_duplicate_libraries -lc++ -Wl,-no_warn_duplicate_libraries -Wl,-no_warn_duplicate_libraries -Wl,-no_warn_duplicate_libraries -Wl,-no_warn_duplicate_libraries -framework Accelerate -framework Metal -framework Foundation -framework CoreML -Xlinker -alias -Xlinker _NSExtensionMain -Xlinker ___debug_main_executable_dylib_entry_point -framework whisper -Xlinker -no_adhoc_codesign -o /tmp/voxboard-notelet-verify-derived/Build/Products/Debug-iphonesimulator/Voxboard\ Keyboard.appex/Voxboard\ Keyboard.debug.dylib -Xlinker -add_ast_path -Xlinker /tmp/voxboard-notelet-verify-derived/Build/Intermediates.noindex/VoxboardShared.build/Debug-iphonesimulator/VoxboardShared.build/Objects-normal/arm64/VoxboardShared.swiftmodule @/tmp/voxboard-notelet-verify-derived/Build/Intermediates.noindex/VoxboardShared.build/Debug-iphonesimulator/VoxboardShared.build/Objects-normal/arm64/VoxboardShared-linker-args.resp -Xlinker -add_ast_path -Xlinker /tmp/voxboard-notelet-verify-derived/Build/Intermediates.noindex/FluidAudio.build/Debug-iphonesimulator/FluidAudio.build/Objects-normal/arm64/FluidAudio.swiftmodule @/tmp/voxboard-notelet-verify-derived/Build/Intermediates.noindex/FluidAudio.build/Debug-iphonesimulator/FluidAudio.build/Objects-normal/arm64/FluidAudio-linker-args.resp -Xlinker -add_ast_path -Xlinker /tmp/voxboard-notelet-verify-derived/Build/Intermediates.noindex/ExportKit.build/Debug-iphonesimulator/ExportKit.build/Objects-normal/arm64/ExportKit.swiftmodule @/tmp/voxboard-notelet-verify-derived/Build/Intermediates.noindex/ExportKit.build/Debug-iphonesimulator/ExportKit.build/Objects-normal/arm64/ExportKit-linker-args.resp

SwiftExplicitDependencyGeneratePcm arm64 /tmp/voxboard-notelet-verify-derived/ModuleCache.noindex/ActivityKit-BJ8F5TO8PC791RYU5D6IL7R9D.pcm

SwiftExplicitDependencyGeneratePcm arm64 /tmp/voxboard-notelet-verify-derived/ModuleCache.noindex/ptrauth-DE6GUR74ITRJXJELEXCSLM5GK.pcm

SwiftExplicitDependencyGeneratePcm arm64 /tmp/voxboard-notelet-verify-derived/ModuleCache.noindex/_Builtin_stddef-A5U0ELFTJZBIP73BIXMTMGKP5.pcm

SwiftExplicitDependencyGeneratePcm arm64 /tmp/voxboard-notelet-verify-derived/ModuleCache.noindex/_Builtin_stdbool-ABJQNKY1WDJDZ469ORTB6U38C.pcm

SwiftExplicitDependencyGeneratePcm arm64 /tmp/voxboard-notelet-verify-derived/ModuleCache.noindex/_AvailabilityInternal-4XO9VO1H0TABPZ1E4I47TFDK0.pcm

SwiftExplicitDependencyGeneratePcm arm64 /tmp/voxboard-notelet-verify-derived/ModuleCache.noindex/ptrcheck-7AC3EKN2L3B3LFPTOOIDWREPQ.pcm

SwiftExplicitDependencyGeneratePcm arm64 /tmp/voxboard-notelet-verify-derived/ModuleCache.noindex/_Builtin_float-8IE45WG8HFYUIB7JVRSUKM8EC.pcm

SwiftExplicitDependencyGeneratePcm arm64 /tmp/voxboard-notelet-verify-derived/ModuleCache.noindex/DeveloperToolsSupport-3QIU2JT2AAX0606DGF22XUEY5.pcm

SwiftExplicitDependencyGeneratePcm arm64 /tmp/voxboard-notelet-verify-derived/ModuleCache.noindex/_SwiftConcurrencyShims-ENCMIZYYP1LKKGTPLNOBI3Z3T.pcm

ConstructStubExecutorLinkFileList /tmp/voxboard-notelet-verify-derived/Build/Intermediates.noindex/Voxboard.build/Debug-iphonesimulator/Voxboard\ Keyboard.build/Voxboard\ Keyboard-ExecutorLinkFileList-normal-arm64.txt (in target 'Voxboard Keyboard' from project 'Voxboard')
    cd /Users/codybontecou/projects/Voxboard
    construct-stub-executor-link-file-list /tmp/voxboard-notelet-verify-derived/Build/Products/Debug-iphonesimulator/Voxboard\ Keyboard.appex/Voxboard\ Keyboard.debug.dylib /Applications/Xcode.app/Contents/Developer/Platforms/iPhoneSimulator.platform/Developer/usr/lib/libPreviewsJITStubExecutor_no_swift_entry_point.a /Applications/Xcode.app/Contents/Developer/Platforms/iPhoneSimulator.platform/Developer/usr/lib/libPreviewsJITStubExecutor.a --output /tmp/voxboard-notelet-verify-derived/Build/Intermediates.noindex/Voxboard.build/Debug-iphonesimulator/Voxboard\ Keyboard.build/Voxboard\ Keyboard-ExecutorLinkFileList-normal-arm64.txt
note: Using stub executor library without Swift entry point. (in target 'Voxboard Keyboard' from project 'Voxboard')

SwiftExplicitDependencyGeneratePcm arm64 /tmp/voxboard-notelet-verify-derived/ModuleCache.noindex/SwiftShims-1NGQ7EEC5FOVIL3MG2E57S8W5.pcm

SwiftExplicitDependencyGeneratePcm arm64 /tmp/voxboard-notelet-verify-derived/ModuleCache.noindex/_Builtin_stdarg-85S8QOH3WW8MQ743G0L41JOT.pcm

SwiftExplicitDependencyGeneratePcm arm64 /tmp/voxboard-notelet-verify-derived/Build/Intermediates.noindex/SwiftExplicitPrecompiledModules/FastClusterWrapper-3V60HRP1EXCY30FNNNK0Y67C5.pcm

Ld /tmp/voxboard-notelet-verify-derived/Build/Products/Debug-iphonesimulator/Voxboard\ Keyboard.appex/Voxboard\ Keyboard normal (in target 'Voxboard Keyboard' from project 'Voxboard')
    cd /Users/codybontecou/projects/Voxboard
    /Applications/Xcode.app/Contents/Developer/Toolchains/XcodeDefault.xctoolchain/usr/bin/clang -Xlinker -reproducible -target arm64-apple-ios17.6-simulator -isysroot /Applications/Xcode.app/Contents/Developer/Platforms/iPhoneSimulator.platform/Developer/SDKs/iPhoneSimulator26.5.sdk -O0 -L/tmp/voxboard-notelet-verify-derived/Build/Products/Debug-iphonesimulator -F/tmp/voxboard-notelet-verify-derived/Build/Products/Debug-iphonesimulator/PackageFrameworks -F/tmp/voxboard-notelet-verify-derived/Build/Products/Debug-iphonesimulator/PackageFrameworks -F/tmp/voxboard-notelet-verify-derived/Build/Products/Debug-iphonesimulator/PackageFrameworks -F/tmp/voxboard-notelet-verify-derived/Build/Products/Debug-iphonesimulator/PackageFrameworks -F/tmp/voxboard-notelet-verify-derived/Build/Products/Debug-iphonesimulator/PackageFrameworks -F/tmp/voxboard-notelet-verify-derived/Build/Products/Debug-iphonesimulator -Xlinker -rpath -Xlinker @executable_path -Xlinker -rpath -Xlinker /tmp/voxboard-notelet-verify-derived/Build/Products/Debug-iphonesimulator/PackageFrameworks -Xlinker -rpath -Xlinker @executable_path/Frameworks -Xlinker -rpath -Xlinker @executable_path/../../Frameworks -rdynamic -Xlinker -no_deduplicate -Xlinker -objc_abi_version -Xlinker 2 -e ___debug_blank_executor_main -Xlinker -sectcreate -Xlinker __TEXT -Xlinker __debug_dylib -Xlinker /tmp/voxboard-notelet-verify-derived/Build/Intermediates.noindex/Voxboard.build/Debug-iphonesimulator/Voxboard\ Keyboard.build/Voxboard\ Keyboard-DebugDylibPath-normal-arm64.txt -Xlinker -sectcreate -Xlinker __TEXT -Xlinker __debug_entry -Xlinker /tmp/voxboard-notelet-verify-derived/Build/Intermediates.noindex/Voxboard.build/Debug-iphonesimulator/Voxboard\ Keyboard.build/Voxboard\ Keyboard-DebugEntryPoint-normal-arm64.txt -Xlinker -sectcreate -Xlinker __TEXT -Xlinker __debug_instlnm -Xlinker /tmp/voxboard-notelet-verify-derived/Build/Intermediates.noindex/Voxboard.build/Debug-iphonesimulator/Voxboard\ Keyboard.build/Voxboard\ Keyboard-DebugDylibInstallName-normal-arm64.txt -Xlinker -filelist -Xlinker /tmp/voxboard-notelet-verify-derived/Build/Intermediates.noindex/Voxboard.build/Debug-iphonesimulator/Voxboard\ Keyboard.build/Voxboard\ Keyboard-ExecutorLinkFileList-normal-arm64.txt -Xlinker -sectcreate -Xlinker __TEXT -Xlinker __entitlements -Xlinker /tmp/voxboard-notelet-verify-derived/Build/Intermediates.noindex/Voxboard.build/Debug-iphonesimulator/Voxboard\ Keyboard.build/Voxboard\ Keyboard.appex-Simulated.xcent -Xlinker -sectcreate -Xlinker __TEXT -Xlinker __ents_der -Xlinker /tmp/voxboard-notelet-verify-derived/Build/Intermediates.noindex/Voxboard.build/Debug-iphonesimulator/Voxboard\ Keyboard.build/Voxboard\ Keyboard.appex-Simulated.xcent.der /tmp/voxboard-notelet-verify-derived/Build/Products/Debug-iphonesimulator/Voxboard\ Keyboard.appex/Voxboard\ Keyboard.debug.dylib -Xlinker -no_adhoc_codesign -o /tmp/voxboard-notelet-verify-derived/Build/Products/Debug-iphonesimulator/Voxboard\ Keyboard.appex/Voxboard\ Keyboard

SwiftExplicitDependencyGeneratePcm arm64 /tmp/voxboard-notelet-verify-derived/ModuleCache.noindex/_DarwinFoundation1-9EHCA5IBYZLOTJPN1T6XWS0J0.pcm

ExtractAppIntentsMetadata (in target 'Voxboard Keyboard' from project 'Voxboard')
    cd /Users/codybontecou/projects/Voxboard
    /Applications/Xcode.app/Contents/Developer/Toolchains/XcodeDefault.xctoolchain/usr/bin/appintentsmetadataprocessor --toolchain-dir /Applications/Xcode.app/Contents/Developer/Toolchains/XcodeDefault.xctoolchain --module-name Voxboard_Keyboard --sdk-root /Applications/Xcode.app/Contents/Developer/Platforms/iPhoneSimulator.platform/Developer/SDKs/iPhoneSimulator26.5.sdk --xcode-version 17F42 --platform-family iOS --deployment-target 17.6 --bundle-identifier bontecou.Voxboard.Voxboard-Keyboard --output /tmp/voxboard-notelet-verify-derived/Build/Products/Debug-iphonesimulator/Voxboard\ Keyboard.appex --target-triple arm64-apple-ios17.6-simulator --binary-file /tmp/voxboard-notelet-verify-derived/Build/Products/Debug-iphonesimulator/Voxboard\ Keyboard.appex/Voxboard\ Keyboard --dependency-file /tmp/voxboard-notelet-verify-derived/Build/Intermediates.noindex/Voxboard.build/Debug-iphonesimulator/Voxboard\ Keyboard.build/Objects-normal/arm64/Voxboard\ Keyboard_dependency_info.dat --stringsdata-file /tmp/voxboard-notelet-verify-derived/Build/Intermediates.noindex/Voxboard.build/Debug-iphonesimulator/Voxboard\ Keyboard.build/Objects-normal/arm64/ExtractedAppShortcutsMetadata.stringsdata --source-file-list /tmp/voxboard-notelet-verify-derived/Build/Intermediates.noindex/Voxboard.build/Debug-iphonesimulator/Voxboard\ Keyboard.build/Objects-normal/arm64/Voxboard\ Keyboard.SwiftFileList --metadata-file-list /tmp/voxboard-notelet-verify-derived/Build/Intermediates.noindex/Voxboard.build/Debug-iphonesimulator/Voxboard\ Keyboard.build/Voxboard\ Keyboard.DependencyMetadataFileList --static-metadata-file-list /tmp/voxboard-notelet-verify-derived/Build/Intermediates.noindex/Voxboard.build/Debug-iphonesimulator/Voxboard\ Keyboard.build/Voxboard\ Keyboard.DependencyStaticMetadataFileList --swift-const-vals-list /tmp/voxboard-notelet-verify-derived/Build/Intermediates.noindex/Voxboard.build/Debug-iphonesimulator/Voxboard\ Keyboard.build/Objects-normal/arm64/Voxboard\ Keyboard.SwiftConstValuesFileList --compile-time-extraction --deployment-aware-processing --validate-assistant-intents --no-app-shortcuts-localization
2026-06-20 11:44:11.931 appintentsmetadataprocessor[96472:3728943] Starting appintentsmetadataprocessor export
2026-06-20 11:44:11.932 appintentsmetadataprocessor[96472:3728943] warning: Metadata extraction skipped. No AppIntents.framework dependency found.

AppIntentsSSUTraining (in target 'Voxboard Keyboard' from project 'Voxboard')
    cd /Users/codybontecou/projects/Voxboard
    /Applications/Xcode.app/Contents/Developer/Toolchains/XcodeDefault.xctoolchain/usr/bin/appintentsnltrainingprocessor --infoplist-path /tmp/voxboard-notelet-verify-derived/Build/Products/Debug-iphonesimulator/Voxboard\ Keyboard.appex/Info.plist --temp-dir-path /tmp/voxboard-notelet-verify-derived/Build/Intermediates.noindex/Voxboard.build/Debug-iphonesimulator/Voxboard\ Keyboard.build/ssu --bundle-id bontecou.Voxboard.Voxboard-Keyboard --product-path /tmp/voxboard-notelet-verify-derived/Build/Products/Debug-iphonesimulator/Voxboard\ Keyboard.appex --extracted-metadata-path /tmp/voxboard-notelet-verify-derived/Build/Products/Debug-iphonesimulator/Voxboard\ Keyboard.appex/Metadata.appintents --metadata-file-list /tmp/voxboard-notelet-verify-derived/Build/Intermediates.noindex/Voxboard.build/Debug-iphonesimulator/Voxboard\ Keyboard.build/Voxboard\ Keyboard.DependencyMetadataFileList --source-file /tmp/voxboard-notelet-verify-derived/Build/Products/Debug-iphonesimulator/Voxboard\ Keyboard.appex/Info.plist --archive-ssu-assets
2026-06-20 11:44:11.951 appintentsnltrainingprocessor[96473:3728945] Parsing options for appintentsnltrainingprocessor
2026-06-20 11:44:11.951 appintentsnltrainingprocessor[96473:3728945] Starting AppIntents SSU YAML Generation
2026-06-20 11:44:11.951 appintentsnltrainingprocessor[96473:3728945] No AppShortcuts found - Skipping.

CodeSign /tmp/voxboard-notelet-verify-derived/Build/Products/Debug-iphonesimulator/Voxboard\ Keyboard.appex/Voxboard\ Keyboard.debug.dylib (in target 'Voxboard Keyboard' from project 'Voxboard')
    cd /Users/codybontecou/projects/Voxboard

    Signing Identity:     "Sign to Run Locally"

    /usr/bin/codesign --force --sign - --timestamp\=none --generate-entitlement-der /tmp/voxboard-notelet-verify-derived/Build/Products/Debug-iphonesimulator/Voxboard\ Keyboard.appex/Voxboard\ Keyboard.debug.dylib

SwiftExplicitDependencyGeneratePcm arm64 /tmp/voxboard-notelet-verify-derived/ModuleCache.noindex/_Builtin_limits-B4MC24L92HXZDYC6E31BV899C.pcm

SwiftExplicitDependencyGeneratePcm arm64 /tmp/voxboard-notelet-verify-derived/ModuleCache.noindex/_DarwinFoundation2-ELZXA1PIFL7HV6N30FVF8SU3M.pcm

SwiftExplicitDependencyGeneratePcm arm64 /tmp/voxboard-notelet-verify-derived/ModuleCache.noindex/ExtensionFoundation-KLFWK6OAEE6AXPR5HZJYDH4D.pcm

CodeSign /tmp/voxboard-notelet-verify-derived/Build/Products/Debug-iphonesimulator/Voxboard\ Keyboard.appex/__preview.dylib (in target 'Voxboard Keyboard' from project 'Voxboard')
    cd /Users/codybontecou/projects/Voxboard

    Signing Identity:     "Sign to Run Locally"

    /usr/bin/codesign --force --sign - --timestamp\=none --generate-entitlement-der /tmp/voxboard-notelet-verify-derived/Build/Products/Debug-iphonesimulator/Voxboard\ Keyboard.appex/__preview.dylib

CodeSign /tmp/voxboard-notelet-verify-derived/Build/Products/Debug-iphonesimulator/Voxboard\ Keyboard.appex (in target 'Voxboard Keyboard' from project 'Voxboard')
    cd /Users/codybontecou/projects/Voxboard

    Signing Identity:     "Sign to Run Locally"

    /usr/bin/codesign --force --sign - --entitlements /tmp/voxboard-notelet-verify-derived/Build/Intermediates.noindex/Voxboard.build/Debug-iphonesimulator/Voxboard\ Keyboard.build/Voxboard\ Keyboard.appex.xcent --timestamp\=none --generate-entitlement-der /tmp/voxboard-notelet-verify-derived/Build/Products/Debug-iphonesimulator/Voxboard\ Keyboard.appex

SwiftExplicitDependencyGeneratePcm arm64 /tmp/voxboard-notelet-verify-derived/ModuleCache.noindex/_Builtin_tgmath-E5W516NTZAEVKFA08ZJHUOXX4.pcm

SwiftExplicitDependencyGeneratePcm arm64 /tmp/voxboard-notelet-verify-derived/ModuleCache.noindex/_Builtin_stdint-ACHXMOGP3Y7QQIIZAI7LQJS2H.pcm

SwiftExplicitDependencyGeneratePcm arm64 /tmp/voxboard-notelet-verify-derived/ModuleCache.noindex/sys_types-3X6IR546YIB86JPZEOTJWQL74.pcm

RegisterExecutionPolicyException /tmp/voxboard-notelet-verify-derived/Build/Products/Debug-iphonesimulator/Voxboard\ Keyboard.appex (in target 'Voxboard Keyboard' from project 'Voxboard')
    cd /Users/codybontecou/projects/Voxboard
    builtin-RegisterExecutionPolicyException /tmp/voxboard-notelet-verify-derived/Build/Products/Debug-iphonesimulator/Voxboard\ Keyboard.appex

Touch /tmp/voxboard-notelet-verify-derived/Build/Products/Debug-iphonesimulator/Voxboard\ Keyboard.appex (in target 'Voxboard Keyboard' from project 'Voxboard')
    cd /Users/codybontecou/projects/Voxboard
    /usr/bin/touch -c /tmp/voxboard-notelet-verify-derived/Build/Products/Debug-iphonesimulator/Voxboard\ Keyboard.appex

CpResource /tmp/voxboard-notelet-verify-derived/Build/Products/Debug-iphonesimulator/Voxboard.app/ggml-base.bin /Users/codybontecou/projects/Voxboard/Voxboard/ggml-base.bin (in target 'Voxboard' from project 'Voxboard')
    cd /Users/codybontecou/projects/Voxboard
    builtin-copy -exclude .DS_Store -exclude CVS -exclude .svn -exclude .git -exclude .hg -resolve-src-symlinks /Users/codybontecou/projects/Voxboard/Voxboard/ggml-base.bin /tmp/voxboard-notelet-verify-derived/Build/Products/Debug-iphonesimulator/Voxboard.app

Ld /tmp/voxboard-notelet-verify-derived/Build/Products/Debug-iphonesimulator/Voxboard.app/__preview.dylib normal (in target 'Voxboard' from project 'Voxboard')
    cd /Users/codybontecou/projects/Voxboard
    /Applications/Xcode.app/Contents/Developer/Toolchains/XcodeDefault.xctoolchain/usr/bin/clang -Xlinker -reproducible -target arm64-apple-ios17.6-simulator -dynamiclib -isysroot /Applications/Xcode.app/Contents/Developer/Platforms/iPhoneSimulator.platform/Developer/SDKs/iPhoneSimulator26.5.sdk -O0 -L/tmp/voxboard-notelet-verify-derived/Build/Products/Debug-iphonesimulator -F/tmp/voxboard-notelet-verify-derived/Build/Products/Debug-iphonesimulator/PackageFrameworks -F/tmp/voxboard-notelet-verify-derived/Build/Products/Debug-iphonesimulator/PackageFrameworks -F/tmp/voxboard-notelet-verify-derived/Build/Products/Debug-iphonesimulator/PackageFrameworks -F/tmp/voxboard-notelet-verify-derived/Build/Products/Debug-iphonesimulator/PackageFrameworks -F/tmp/voxboard-notelet-verify-derived/Build/Products/Debug-iphonesimulator/PackageFrameworks -F/tmp/voxboard-notelet-verify-derived/Build/Products/Debug-iphonesimulator/PackageFrameworks -F/tmp/voxboard-notelet-verify-derived/Build/Products/Debug-iphonesimulator/PackageFrameworks -F/tmp/voxboard-notelet-verify-derived/Build/Products/Debug-iphonesimulator -install_name @rpath/Voxboard.debug.dylib -Xlinker -dead_strip -rdynamic -Xlinker -no_deduplicate -Xlinker -objc_abi_version -Xlinker 2 -Xlinker -dependency_info -Xlinker /tmp/voxboard-notelet-verify-derived/Build/Intermediates.noindex/Voxboard.build/Debug-iphonesimulator/Voxboard.build/Objects-normal/arm64/Voxboard_dependency_info.dat -Xlinker -sectcreate -Xlinker __TEXT -Xlinker __entitlements -Xlinker /tmp/voxboard-notelet-verify-derived/Build/Intermediates.noindex/Voxboard.build/Debug-iphonesimulator/Voxboard.build/Voxboard.app-Simulated.xcent -Xlinker -sectcreate -Xlinker __TEXT -Xlinker __ents_der -Xlinker /tmp/voxboard-notelet-verify-derived/Build/Intermediates.noindex/Voxboard.build/Debug-iphonesimulator/Voxboard.build/Voxboard.app-Simulated.xcent.der -Xlinker -no_adhoc_codesign -o /tmp/voxboard-notelet-verify-derived/Build/Products/Debug-iphonesimulator/Voxboard.app/__preview.dylib

CpResource /tmp/voxboard-notelet-verify-derived/Build/Products/Debug-iphonesimulator/Voxboard.app/Voxboard.storekit /Users/codybontecou/projects/Voxboard/Voxboard/Voxboard.storekit (in target 'Voxboard' from project 'Voxboard')
    cd /Users/codybontecou/projects/Voxboard
    builtin-copy -exclude .DS_Store -exclude CVS -exclude .svn -exclude .git -exclude .hg -resolve-src-symlinks /Users/codybontecou/projects/Voxboard/Voxboard/Voxboard.storekit /tmp/voxboard-notelet-verify-derived/Build/Products/Debug-iphonesimulator/Voxboard.app

CpResource /tmp/voxboard-notelet-verify-derived/Build/Products/Debug-iphonesimulator/Voxboard.app/voxboard-watch-notelet-square-mobile.mp4 /Users/codybontecou/projects/Voxboard/Voxboard/ReleaseNotes/voxboard-watch-notelet-square-mobile.mp4 (in target 'Voxboard' from project 'Voxboard')
    cd /Users/codybontecou/projects/Voxboard
    builtin-copy -exclude .DS_Store -exclude CVS -exclude .svn -exclude .git -exclude .hg -resolve-src-symlinks /Users/codybontecou/projects/Voxboard/Voxboard/ReleaseNotes/voxboard-watch-notelet-square-mobile.mp4 /tmp/voxboard-notelet-verify-derived/Build/Products/Debug-iphonesimulator/Voxboard.app

Copy /tmp/voxboard-notelet-verify-derived/Build/Products/Debug-iphonesimulator/Voxboard.app/Frameworks/LicenseKit.framework /tmp/voxboard-notelet-verify-derived/SourcePackages/artifacts/licensekit/LicenseKit/LicenseKit.xcframework/ios-arm64_x86_64-simulator/LicenseKit.framework (in target 'Voxboard' from project 'Voxboard')
    cd /Users/codybontecou/projects/Voxboard
    builtin-copy -exclude .DS_Store -exclude CVS -exclude .svn -exclude .git -exclude .hg -exclude Headers -exclude PrivateHeaders -exclude Modules -exclude \*.tbd -resolve-src-symlinks -remove-static-executable /tmp/voxboard-notelet-verify-derived/SourcePackages/artifacts/licensekit/LicenseKit/LicenseKit.xcframework/ios-arm64_x86_64-simulator/LicenseKit.framework /tmp/voxboard-notelet-verify-derived/Build/Products/Debug-iphonesimulator/Voxboard.app/Frameworks

Copy /tmp/voxboard-notelet-verify-derived/Build/Products/Debug-iphonesimulator/Voxboard.app/Frameworks/whisper.framework /Users/codybontecou/projects/Voxboard/whisper.xcframework/ios-arm64_x86_64-simulator/whisper.framework (in target 'Voxboard' from project 'Voxboard')
    cd /Users/codybontecou/projects/Voxboard
    builtin-copy -exclude .DS_Store -exclude CVS -exclude .svn -exclude .git -exclude .hg -exclude Headers -exclude PrivateHeaders -exclude Modules -exclude \*.tbd -resolve-src-symlinks -remove-static-executable /Users/codybontecou/projects/Voxboard/whisper.xcframework/ios-arm64_x86_64-simulator/whisper.framework /tmp/voxboard-notelet-verify-derived/Build/Products/Debug-iphonesimulator/Voxboard.app/Frameworks
note: Injecting stub binary into codeless framework (in target 'Voxboard' from project 'Voxboard')
    /Applications/Xcode.app/Contents/Developer/Toolchains/XcodeDefault.xctoolchain/usr/bin/clang -isysroot /Applications/Xcode.app/Contents/Developer/Platforms/iPhoneSimulator.platform/Developer/SDKs/iPhoneSimulator26.5.sdk -x c -c /dev/null -target arm64-apple-ios17.6-simulator -o /private/var/folders/dj/3srkns7n7qxb2kp1vxb_4xjm0000gn/T/swbuild.tmp.IjG7oXAr/Data.noindex/arm64-apple.o
    /Applications/Xcode.app/Contents/Developer/Toolchains/XcodeDefault.xctoolchain/usr/bin/clang -isysroot /Applications/Xcode.app/Contents/Developer/Platforms/iPhoneSimulator.platform/Developer/SDKs/iPhoneSimulator26.5.sdk -dynamiclib -Xlinker -adhoc_codesign -target arm64-apple-ios17.6-simulator -o /private/var/folders/dj/3srkns7n7qxb2kp1vxb_4xjm0000gn/T/swbuild.tmp.IjG7oXAr/Data.noindex/arm64-apple /private/var/folders/dj/3srkns7n7qxb2kp1vxb_4xjm0000gn/T/swbuild.tmp.IjG7oXAr/Data.noindex/arm64-apple.o
    /Applications/Xcode.app/Contents/Developer/Toolchains/XcodeDefault.xctoolchain/usr/bin/lipo -create -output /tmp/voxboard-notelet-verify-derived/Build/Products/Debug-iphonesimulator/Voxboard.app/Frameworks/whisper.framework/whisper /private/var/folders/dj/3srkns7n7qxb2kp1vxb_4xjm0000gn/T/swbuild.tmp.IjG7oXAr/Data.noindex/arm64-apple

Copy /tmp/voxboard-notelet-verify-derived/Build/Products/Debug-iphonesimulator/Voxboard.app/Frameworks/KeyboardKit.framework /tmp/voxboard-notelet-verify-derived/SourcePackages/artifacts/keyboardkit/KeyboardKit/KeyboardKit.xcframework/ios-arm64_x86_64-simulator/KeyboardKit.framework (in target 'Voxboard' from project 'Voxboard')
    cd /Users/codybontecou/projects/Voxboard
    builtin-copy -exclude .DS_Store -exclude CVS -exclude .svn -exclude .git -exclude .hg -exclude Headers -exclude PrivateHeaders -exclude Modules -exclude \*.tbd -resolve-src-symlinks -remove-static-executable /tmp/voxboard-notelet-verify-derived/SourcePackages/artifacts/keyboardkit/KeyboardKit/KeyboardKit.xcframework/ios-arm64_x86_64-simulator/KeyboardKit.framework /tmp/voxboard-notelet-verify-derived/Build/Products/Debug-iphonesimulator/Voxboard.app/Frameworks

SwiftExplicitDependencyGeneratePcm arm64 /tmp/voxboard-notelet-verify-derived/ModuleCache.noindex/_Builtin_stdatomic-AWBQI7Q5QTNC1BKXLHFSBUD4R.pcm

SwiftExplicitDependencyGeneratePcm arm64 /tmp/voxboard-notelet-verify-derived/Build/Intermediates.noindex/SwiftExplicitPrecompiledModules/whisper-1GL4XYJ7DPKR9OBEUTMTFMHO3.pcm

SwiftExplicitDependencyGeneratePcm arm64 /tmp/voxboard-notelet-verify-derived/ModuleCache.noindex/_Builtin_intrinsics-1PWT8I30A9KMQTC1PEUDBRPRM.pcm

SwiftExplicitDependencyGeneratePcm arm64 /tmp/voxboard-notelet-verify-derived/ModuleCache.noindex/_DarwinFoundation3-6IF0BXQ9I3MC4VO1JZ1IV992B.pcm

CodeSign /tmp/voxboard-notelet-verify-derived/Build/Products/Debug-iphonesimulator/Voxboard.app/Frameworks/LicenseKit.framework (in target 'Voxboard' from project 'Voxboard')
    cd /Users/codybontecou/projects/Voxboard

    Signing Identity:     "Sign to Run Locally"

    /usr/bin/codesign --force --sign - --timestamp\=none --preserve-metadata\=identifier,entitlements,flags --generate-entitlement-der /tmp/voxboard-notelet-verify-derived/Build/Products/Debug-iphonesimulator/Voxboard.app/Frameworks/LicenseKit.framework
/tmp/voxboard-notelet-verify-derived/Build/Products/Debug-iphonesimulator/Voxboard.app/Frameworks/LicenseKit.framework: replacing existing signature

CodeSign /tmp/voxboard-notelet-verify-derived/Build/Products/Debug-iphonesimulator/Voxboard.app/Frameworks/whisper.framework (in target 'Voxboard' from project 'Voxboard')
    cd /Users/codybontecou/projects/Voxboard

    Signing Identity:     "Sign to Run Locally"

    /usr/bin/codesign --force --sign - --timestamp\=none --preserve-metadata\=identifier,entitlements,flags --generate-entitlement-der /tmp/voxboard-notelet-verify-derived/Build/Products/Debug-iphonesimulator/Voxboard.app/Frameworks/whisper.framework
/tmp/voxboard-notelet-verify-derived/Build/Products/Debug-iphonesimulator/Voxboard.app/Frameworks/whisper.framework: replacing existing signature

SwiftExplicitDependencyGeneratePcm arm64 /tmp/voxboard-notelet-verify-derived/ModuleCache.noindex/_Builtin_inttypes-E0GHM19VTNOL44OGP7AOL8KR3.pcm

CodeSign /tmp/voxboard-notelet-verify-derived/Build/Products/Debug-iphonesimulator/Voxboard.app/Frameworks/KeyboardKit.framework (in target 'Voxboard' from project 'Voxboard')
    cd /Users/codybontecou/projects/Voxboard

    Signing Identity:     "Sign to Run Locally"

    /usr/bin/codesign --force --sign - --timestamp\=none --preserve-metadata\=identifier,entitlements,flags --generate-entitlement-der /tmp/voxboard-notelet-verify-derived/Build/Products/Debug-iphonesimulator/Voxboard.app/Frameworks/KeyboardKit.framework
/tmp/voxboard-notelet-verify-derived/Build/Products/Debug-iphonesimulator/Voxboard.app/Frameworks/KeyboardKit.framework: replacing existing signature

SwiftExplicitDependencyGeneratePcm arm64 /tmp/voxboard-notelet-verify-derived/ModuleCache.noindex/Darwin-86BNEYMLGFW7R18LV6QOGEIHY.pcm

SwiftExplicitDependencyGeneratePcm arm64 /tmp/voxboard-notelet-verify-derived/ModuleCache.noindex/simd-EJ5R0YJBGWFL9Q86HKHD1HLDT.pcm

SwiftExplicitDependencyGeneratePcm arm64 /tmp/voxboard-notelet-verify-derived/ModuleCache.noindex/MachO-2EGC83JI0Y9Q32SZL0ELGMPZM.pcm

SwiftExplicitDependencyGeneratePcm arm64 /tmp/voxboard-notelet-verify-derived/ModuleCache.noindex/ObjectiveC-DRW2EJEKM0XNA1S4V1E79I2XB.pcm

SwiftExplicitDependencyGeneratePcm arm64 /tmp/voxboard-notelet-verify-derived/Build/Intermediates.noindex/SwiftExplicitPrecompiledModules/MachTaskSelfWrapper-DW23LNIXKZ2XCX6T8E7M1NNIA.pcm

SwiftExplicitDependencyGeneratePcm arm64 /tmp/voxboard-notelet-verify-derived/ModuleCache.noindex/os_object-DMQZ7OX5GOQD3FM2NRMFV63T.pcm

SwiftExplicitDependencyGeneratePcm arm64 /tmp/voxboard-notelet-verify-derived/ModuleCache.noindex/os_workgroup-BAR1K280H6V7JXQM73I24RO7K.pcm

SwiftExplicitDependencyGeneratePcm arm64 /tmp/voxboard-notelet-verify-derived/ModuleCache.noindex/Spatial-BZ8CMJZ63PCMSLYFC29MR9IEA.pcm

SwiftExplicitDependencyGeneratePcm arm64 /tmp/voxboard-notelet-verify-derived/ModuleCache.noindex/Dispatch-F48VLWKNUM7VK2NC3DUDUPUZY.pcm

SwiftExplicitDependencyGeneratePcm arm64 /tmp/voxboard-notelet-verify-derived/ModuleCache.noindex/XPC-51B37LG6NILDGDL09JV1K4YGM.pcm

SwiftExplicitDependencyGeneratePcm arm64 /tmp/voxboard-notelet-verify-derived/ModuleCache.noindex/CoreFoundation-3FB6V7BFTN2LGOVR50FBTBT1W.pcm

SwiftExplicitDependencyGeneratePcm arm64 /tmp/voxboard-notelet-verify-derived/ModuleCache.noindex/dnssd-2RIIVPETTOY570Z3SDHA713RC.pcm

SwiftExplicitDependencyGeneratePcm arm64 /tmp/voxboard-notelet-verify-derived/ModuleCache.noindex/os-B89YDE4Q7CUDBEG8SNV9IWCCK.pcm

SwiftExplicitDependencyGeneratePcm arm64 /tmp/voxboard-notelet-verify-derived/ModuleCache.noindex/CoreAudioTypes-95H161Q0QU273IS5Z4YF27W5X.pcm

SwiftExplicitDependencyGeneratePcm arm64 /tmp/voxboard-notelet-verify-derived/ModuleCache.noindex/CoreGraphics-9W129RECR7XUA9G0NCQGJSRMC.pcm

SwiftExplicitDependencyGeneratePcm arm64 /tmp/voxboard-notelet-verify-derived/ModuleCache.noindex/Security-2WXSFN0XHPBLN4S04BBGNNMOB.pcm

SwiftExplicitDependencyGeneratePcm arm64 /tmp/voxboard-notelet-verify-derived/ModuleCache.noindex/CFNetwork-4BXOP370I01VAQ9SJOHXZZNRG.pcm

SwiftExplicitDependencyGeneratePcm arm64 /tmp/voxboard-notelet-verify-derived/ModuleCache.noindex/CoreAudio-9L5U5I07NWN5OCS2CM0DK4DCS.pcm

SwiftExplicitDependencyGeneratePcm arm64 /tmp/voxboard-notelet-verify-derived/ModuleCache.noindex/Foundation-4S64UXAKWZH0ZFAOKR8X8JFV5.pcm

SwiftExplicitDependencyGeneratePcm arm64 /tmp/voxboard-notelet-verify-derived/ModuleCache.noindex/ImageIO-CBRE3Y17GB030NNG7GG6E1JP6.pcm

SwiftExplicitDependencyGeneratePcm arm64 /tmp/voxboard-notelet-verify-derived/ModuleCache.noindex/CoreText-DDW43LL3NKI7198Q5VN7Z595P.pcm

SwiftExplicitDependencyGeneratePcm arm64 /tmp/voxboard-notelet-verify-derived/ModuleCache.noindex/CoreData-5ZDJT4A93DAKTXIT2F78HN84Q.pcm

SwiftExplicitDependencyGeneratePcm arm64 /tmp/voxboard-notelet-verify-derived/ModuleCache.noindex/UIUtilities-B9L1YARV0H509QGJKOC1DPDW3.pcm

SwiftExplicitDependencyGeneratePcm arm64 /tmp/voxboard-notelet-verify-derived/ModuleCache.noindex/Accessibility-3ZNP3TJHSCIRETS9KUIPZVC57.pcm

SwiftExplicitDependencyGeneratePcm arm64 /tmp/voxboard-notelet-verify-derived/ModuleCache.noindex/AppIntents-1IHQS1Q9S63HMN2B6N1Q3BE93.pcm

SwiftExplicitDependencyGeneratePcm arm64 /tmp/voxboard-notelet-verify-derived/ModuleCache.noindex/CoreTransferable-AU13AH5KOFADX7ZSKW36M8V9N.pcm

SwiftExplicitDependencyGeneratePcm arm64 /tmp/voxboard-notelet-verify-derived/ModuleCache.noindex/Symbols-3KV24IFI1FSBZ926BXF1O49QW.pcm

SwiftExplicitDependencyGeneratePcm arm64 /tmp/voxboard-notelet-verify-derived/ModuleCache.noindex/UniformTypeIdentifiers-AFCKS7UGSUSVOKUGCUSQWMP9O.pcm

SwiftExplicitDependencyGeneratePcm arm64 /tmp/voxboard-notelet-verify-derived/ModuleCache.noindex/Network-2F8OD9X4XKFUSJKDF5DCZU678.pcm

SwiftExplicitDependencyGeneratePcm arm64 /tmp/voxboard-notelet-verify-derived/ModuleCache.noindex/OpenGLES-EYHBJU03F5JCE1908QYK0SU6T.pcm

SwiftExplicitDependencyGeneratePcm arm64 /tmp/voxboard-notelet-verify-derived/ModuleCache.noindex/UserNotifications-BIL602AQNRNP6505QJY2QIG3G.pcm

SwiftExplicitDependencyGeneratePcm arm64 /tmp/voxboard-notelet-verify-derived/ModuleCache.noindex/DataDetection-7SQTCPP2K69GVCU25CBWMSBD.pcm

SwiftExplicitDependencyGeneratePcm arm64 /tmp/voxboard-notelet-verify-derived/ModuleCache.noindex/BackgroundAssets-6S59CBECZ4LH1JJDVLU8RTKVC.pcm

SwiftExplicitDependencyGeneratePcm arm64 /tmp/voxboard-notelet-verify-derived/ModuleCache.noindex/WidgetKit-3NET61CO0XRLBZGJ4W44R33LG.pcm

SwiftExplicitDependencyGeneratePcm arm64 /tmp/voxboard-notelet-verify-derived/ModuleCache.noindex/CoreSpotlight-5SIHIIYTPIGSFXHX8TWF6AT38.pcm

SwiftExplicitDependencyGeneratePcm arm64 /tmp/voxboard-notelet-verify-derived/ModuleCache.noindex/RelevanceKit-C9DPG5G0X71UMAOMP84QGQB7I.pcm

SwiftExplicitDependencyGeneratePcm arm64 /tmp/voxboard-notelet-verify-derived/ModuleCache.noindex/IOSurface-8OCNFY83OEDYM883IZN15QST0.pcm

SwiftExplicitDependencyGeneratePcm arm64 /tmp/voxboard-notelet-verify-derived/ModuleCache.noindex/LocalAuthentication-8DIBDDYSQUPOLRGR5SJAEPB9W.pcm

SwiftExplicitDependencyGeneratePcm arm64 /tmp/voxboard-notelet-verify-derived/ModuleCache.noindex/WatchConnectivity-AX9XZFKJLLMS477C56KXORMLC.pcm

SwiftExplicitDependencyGeneratePcm arm64 /tmp/voxboard-notelet-verify-derived/ModuleCache.noindex/AVRouting-323MSF7PQNM4KBVMC23CY0FVS.pcm

SwiftExplicitDependencyGeneratePcm arm64 /tmp/voxboard-notelet-verify-derived/ModuleCache.noindex/NaturalLanguage-WXLH2UI0EZ55M1FS1CUZHV2R.pcm

SwiftExplicitDependencyGeneratePcm arm64 /tmp/voxboard-notelet-verify-derived/ModuleCache.noindex/OSLog-8KTC4RKEZT49DW1XORSVRUR80.pcm

SwiftExplicitDependencyGeneratePcm arm64 /tmp/voxboard-notelet-verify-derived/ModuleCache.noindex/FileProvider-2YOR7SBC19M202DOFOT1O24TI.pcm

SwiftExplicitDependencyGeneratePcm arm64 /tmp/voxboard-notelet-verify-derived/ModuleCache.noindex/_LocationEssentials-7KVYFXB97RZUHCIA58SR46RT3.pcm

SwiftExplicitDependencyGeneratePcm arm64 /tmp/voxboard-notelet-verify-derived/ModuleCache.noindex/CoreMIDI-7P5SGVCT8ADUDGDOSFUWVN8C9.pcm

SwiftExplicitDependencyGeneratePcm arm64 /tmp/voxboard-notelet-verify-derived/ModuleCache.noindex/MediaAccessibility-QWT5H4WMJMQ0NLR7TCUBD8BF.pcm

SwiftExplicitDependencyGeneratePcm arm64 /tmp/voxboard-notelet-verify-derived/ModuleCache.noindex/Metal-A7W7THO29K5PRIZBQ3GK90SPT.pcm

SwiftExplicitDependencyGeneratePcm arm64 /tmp/voxboard-notelet-verify-derived/ModuleCache.noindex/CoreLocation-5MIUBY96XX4XLO1YI6X1JNEVI.pcm

SwiftExplicitDependencyGeneratePcm arm64 /tmp/voxboard-notelet-verify-derived/ModuleCache.noindex/AudioToolbox-AKLVBBT51E1ULTY6QK386RIQO.pcm

SwiftExplicitDependencyGeneratePcm arm64 /tmp/voxboard-notelet-verify-derived/ModuleCache.noindex/Intents-AI63YNJKRCKGMBCIFOI32D7MZ.pcm

SwiftExplicitDependencyGeneratePcm arm64 /tmp/voxboard-notelet-verify-derived/ModuleCache.noindex/CoreVideo-9UY9A92K97KOCSATB8JPUSTEX.pcm

SwiftExplicitDependencyGeneratePcm arm64 /tmp/voxboard-notelet-verify-derived/ModuleCache.noindex/Accelerate-3ZR813EZI99SFSB1E99P48IIX.pcm

SwiftExplicitDependencyGeneratePcm arm64 /tmp/voxboard-notelet-verify-derived/ModuleCache.noindex/CoreMedia-5QHHYAFJJ11UTF43RS0LAYTWT.pcm

SwiftExplicitDependencyGeneratePcm arm64 /tmp/voxboard-notelet-verify-derived/ModuleCache.noindex/CoreImage-5TCFRYQ7GTBLYQOMEL2CPI0XD.pcm

SwiftExplicitDependencyGeneratePcm arm64 /tmp/voxboard-notelet-verify-derived/ModuleCache.noindex/QuartzCore-8N9L7XOGTT5N701PL5BV9SKF8.pcm

SwiftExplicitDependencyGeneratePcm arm64 /tmp/voxboard-notelet-verify-derived/ModuleCache.noindex/CoreML-CQQ65IQ0SNG2FSQBB7D81BMED.pcm

SwiftExplicitDependencyGeneratePcm arm64 /tmp/voxboard-notelet-verify-derived/ModuleCache.noindex/SwiftUICore-CK7IBR2RJP3ORJ29GCSK0QB1L.pcm

SwiftExplicitDependencyGeneratePcm arm64 /tmp/voxboard-notelet-verify-derived/ModuleCache.noindex/MediaToolbox-9OLLN4OSJHLDLLJ9NYPTIIX6E.pcm

SwiftExplicitDependencyGeneratePcm arm64 /tmp/voxboard-notelet-verify-derived/ModuleCache.noindex/UIKit-59A7AU77WW7JBNG865MQF6MT7.pcm

SwiftExplicitDependencyGeneratePcm arm64 /tmp/voxboard-notelet-verify-derived/ModuleCache.noindex/AVFAudio-BCKPN95VMGIRIYRORPXVU1GSI.pcm

SwiftExplicitDependencyGeneratePcm arm64 /tmp/voxboard-notelet-verify-derived/ModuleCache.noindex/AVFoundation-2PBOBCK2I3PVGD2BGGP6TOOCT.pcm

SwiftExplicitDependencyGeneratePcm arm64 /tmp/voxboard-notelet-verify-derived/ModuleCache.noindex/SwiftUI-9S2PV3YF365C0B019ID11Z8M5.pcm

SwiftExplicitDependencyGeneratePcm arm64 /tmp/voxboard-notelet-verify-derived/ModuleCache.noindex/AVKit-D976XML9CDZZ8KX0C9RZLMKFO.pcm

SwiftExplicitDependencyGeneratePcm arm64 /tmp/voxboard-notelet-verify-derived/ModuleCache.noindex/StoreKit-DFYGWKCPQTL14AG5YPM5FDP3E.pcm

SwiftExplicitDependencyGeneratePcm arm64 /tmp/voxboard-notelet-verify-derived/ModuleCache.noindex/MessageUI-8FOJLXY7Z2PECLVWOY7BBP737.pcm

SwiftEmitModule normal arm64 Emitting\ module\ for\ Voxboard (in target 'Voxboard' from project 'Voxboard')
EmitSwiftModule normal arm64 (in target 'Voxboard' from project 'Voxboard')
    cd /Users/codybontecou/projects/Voxboard

/Users/codybontecou/projects/Voxboard/Voxboard/StoreManager.swift:31:5: warning: 'nonisolated(unsafe)' has no effect on property 'transactionListenerTask', consider using 'nonisolated'
    nonisolated(unsafe) private var transactionListenerTask: Task<Void, Never>?
    ^~~~~~~~~~~
    nonisolated

SwiftCompile normal arm64 Compiling\ GeneratedAssetSymbols.swift,\ GeneratedStringSymbols_Localizable.swift /tmp/voxboard-notelet-verify-derived/Build/Intermediates.noindex/Voxboard.build/Debug-iphonesimulator/Voxboard.build/DerivedSources/GeneratedAssetSymbols.swift /tmp/voxboard-notelet-verify-derived/Build/Intermediates.noindex/Voxboard.build/Debug-iphonesimulator/Voxboard.build/DerivedSources/GeneratedStringSymbols_Localizable.swift (in target 'Voxboard' from project 'Voxboard')

SwiftCompile normal arm64 /tmp/voxboard-notelet-verify-derived/Build/Intermediates.noindex/Voxboard.build/Debug-iphonesimulator/Voxboard.build/DerivedSources/GeneratedAssetSymbols.swift (in target 'Voxboard' from project 'Voxboard')
    cd /Users/codybontecou/projects/Voxboard


SwiftCompile normal arm64 /tmp/voxboard-notelet-verify-derived/Build/Intermediates.noindex/Voxboard.build/Debug-iphonesimulator/Voxboard.build/DerivedSources/GeneratedStringSymbols_Localizable.swift (in target 'Voxboard' from project 'Voxboard')
    cd /Users/codybontecou/projects/Voxboard


SwiftCompile normal arm64 Compiling\ FeedbackHelper.swift,\ FoundationModelsBackend.swift,\ LiveActivityController.swift /Users/codybontecou/projects/Voxboard/Voxboard/FeedbackHelper.swift /Users/codybontecou/projects/Voxboard/Voxboard/FoundationModelsBackend.swift /Users/codybontecou/projects/Voxboard/Voxboard/LiveActivityController.swift (in target 'Voxboard' from project 'Voxboard')

SwiftCompile normal arm64 /Users/codybontecou/projects/Voxboard/Voxboard/FeedbackHelper.swift (in target 'Voxboard' from project 'Voxboard')
    cd /Users/codybontecou/projects/Voxboard


SwiftCompile normal arm64 /Users/codybontecou/projects/Voxboard/Voxboard/FoundationModelsBackend.swift (in target 'Voxboard' from project 'Voxboard')
    cd /Users/codybontecou/projects/Voxboard


SwiftCompile normal arm64 /Users/codybontecou/projects/Voxboard/Voxboard/LiveActivityController.swift (in target 'Voxboard' from project 'Voxboard')
    cd /Users/codybontecou/projects/Voxboard


SwiftCompile normal arm64 Compiling\ WatchRecordingController.swift,\ WatchRecordingInbox.swift /Users/codybontecou/projects/Voxboard/Voxboard/WatchRecordingController.swift /Users/codybontecou/projects/Voxboard/Voxboard/WatchRecordingInbox.swift (in target 'Voxboard' from project 'Voxboard')

SwiftCompile normal arm64 /Users/codybontecou/projects/Voxboard/Voxboard/WatchRecordingController.swift (in target 'Voxboard' from project 'Voxboard')
    cd /Users/codybontecou/projects/Voxboard


SwiftCompile normal arm64 /Users/codybontecou/projects/Voxboard/Voxboard/WatchRecordingInbox.swift (in target 'Voxboard' from project 'Voxboard')
    cd /Users/codybontecou/projects/Voxboard


SwiftCompile normal arm64 Compiling\ StoreManager.swift,\ TranscriptionServer.swift /Users/codybontecou/projects/Voxboard/Voxboard/StoreManager.swift /Users/codybontecou/projects/Voxboard/Voxboard/TranscriptionServer.swift (in target 'Voxboard' from project 'Voxboard')

SwiftCompile normal arm64 /Users/codybontecou/projects/Voxboard/Voxboard/StoreManager.swift (in target 'Voxboard' from project 'Voxboard')
    cd /Users/codybontecou/projects/Voxboard

/Users/codybontecou/projects/Voxboard/Voxboard/StoreManager.swift:31:5: warning: 'nonisolated(unsafe)' has no effect on property 'transactionListenerTask', consider using 'nonisolated'
    nonisolated(unsafe) private var transactionListenerTask: Task<Void, Never>?
    ^~~~~~~~~~~
    nonisolated

SwiftCompile normal arm64 /Users/codybontecou/projects/Voxboard/Voxboard/TranscriptionServer.swift (in target 'Voxboard' from project 'Voxboard')
    cd /Users/codybontecou/projects/Voxboard

/Users/codybontecou/projects/Voxboard/Voxboard/TranscriptionServer.swift:92:17: warning: reference to captured var 'self' in concurrently-executing code; this is an error in the Swift 6 language mode
                self?.isProcessing = false
                ^

SwiftCompile normal arm64 Compiling\ RecordingFlowView.swift,\ RootView.swift,\ BrutalTheme.swift /Users/codybontecou/projects/Voxboard/Voxboard/Views/RecordingFlowView.swift /Users/codybontecou/projects/Voxboard/Voxboard/Views/RootView.swift /Users/codybontecou/projects/Voxboard/Voxboard/BrutalTheme.swift (in target 'Voxboard' from project 'Voxboard')
SwiftCompile normal arm64 /Users/codybontecou/projects/Voxboard/Voxboard/Views/RecordingFlowView.swift (in target 'Voxboard' from project 'Voxboard')
    cd /Users/codybontecou/projects/Voxboard


SwiftCompile normal arm64 /Users/codybontecou/projects/Voxboard/Voxboard/Views/RootView.swift (in target 'Voxboard' from project 'Voxboard')
    cd /Users/codybontecou/projects/Voxboard


SwiftCompile normal arm64 /Users/codybontecou/projects/Voxboard/Voxboard/BrutalTheme.swift (in target 'Voxboard' from project 'Voxboard')
    cd /Users/codybontecou/projects/Voxboard


SwiftCompile normal arm64 Compiling\ FlowSettingsView.swift,\ HistoryView.swift,\ HomeView.swift /Users/codybontecou/projects/Voxboard/Voxboard/Views/FlowSettingsView.swift /Users/codybontecou/projects/Voxboard/Voxboard/Views/HistoryView.swift /Users/codybontecou/projects/Voxboard/Voxboard/Views/HomeView.swift (in target 'Voxboard' from project 'Voxboard')
SwiftCompile normal arm64 /Users/codybontecou/projects/Voxboard/Voxboard/Views/FlowSettingsView.swift (in target 'Voxboard' from project 'Voxboard')
    cd /Users/codybontecou/projects/Voxboard


SwiftCompile normal arm64 /Users/codybontecou/projects/Voxboard/Voxboard/Views/HistoryView.swift (in target 'Voxboard' from project 'Voxboard')
    cd /Users/codybontecou/projects/Voxboard


SwiftCompile normal arm64 /Users/codybontecou/projects/Voxboard/Voxboard/Views/HomeView.swift (in target 'Voxboard' from project 'Voxboard')
    cd /Users/codybontecou/projects/Voxboard


SwiftCompile normal arm64 Compiling\ LiveActivityRecordingIntents.swift,\ OpenVoxboardRecordIntent.swift,\ PersistentRecorder.swift /Users/codybontecou/projects/Voxboard/Voxboard/LiveActivityRecordingIntents.swift /Users/codybontecou/projects/Voxboard/Voxboard/OpenVoxboardRecordIntent.swift /Users/codybontecou/projects/Voxboard/Voxboard/PersistentRecorder.swift (in target 'Voxboard' from project 'Voxboard')

SwiftCompile normal arm64 /Users/codybontecou/projects/Voxboard/Voxboard/LiveActivityRecordingIntents.swift (in target 'Voxboard' from project 'Voxboard')
    cd /Users/codybontecou/projects/Voxboard


SwiftCompile normal arm64 /Users/codybontecou/projects/Voxboard/Voxboard/OpenVoxboardRecordIntent.swift (in target 'Voxboard' from project 'Voxboard')
    cd /Users/codybontecou/projects/Voxboard


SwiftCompile normal arm64 /Users/codybontecou/projects/Voxboard/Voxboard/PersistentRecorder.swift (in target 'Voxboard' from project 'Voxboard')
    cd /Users/codybontecou/projects/Voxboard

/Users/codybontecou/projects/Voxboard/Voxboard/PersistentRecorder.swift:165:28: warning: 'recordPermission' was deprecated in iOS 17.0: Please use AVAudioApplication recordPermission
        let perm = session.recordPermission
                           ^
/Users/codybontecou/projects/Voxboard/Voxboard/PersistentRecorder.swift:166:80: warning: 'granted' was deprecated in iOS 17.0: renamed to 'AVAudioApplication.recordPermission.granted'
        log.log("[PersistentRecorder] startListening — permission=\(perm == .granted ? "granted" : "other"), inputAvailable=\(session.isInputAvailable)")
/Users/codybontecou/projects/Voxboard/Voxboard/PersistentRecorder.swift:166:80: note: use 'AVAudioApplication.recordPermission.granted' instead
        log.log("[PersistentRecorder] startListening — permission=\(perm == .granted ? "granted" : "other"), inputAvailable=\(session.isInputAvailable)")
/Users/codybontecou/projects/Voxboard/Voxboard/PersistentRecorder.swift:168:24: warning: 'granted' was deprecated in iOS 17.0: renamed to 'AVAudioApplication.recordPermission.granted'
        guard perm == .granted else {
                       ^
/Users/codybontecou/projects/Voxboard/Voxboard/PersistentRecorder.swift:168:24: note: use 'AVAudioApplication.recordPermission.granted' instead
        guard perm == .granted else {
                       ^~~~~~~
                       AVAudioApplication.recordPermission.granted
/Users/codybontecou/projects/Voxboard/Voxboard/PersistentRecorder.swift:175:99: warning: 'allowBluetooth' was deprecated in iOS 8.0: renamed to 'AVAudioSession.CategoryOptions.allowBluetoothHFP'
            try session.setCategory(.playAndRecord, mode: .default, options: [.defaultToSpeaker, .allowBluetooth, .mixWithOthers])
                                                                                                  ^
/Users/codybontecou/projects/Voxboard/Voxboard/PersistentRecorder.swift:175:99: note: use 'AVAudioSession.CategoryOptions.allowBluetoothHFP' instead
            try session.setCategory(.playAndRecord, mode: .default, options: [.defaultToSpeaker, .allowBluetooth, .mixWithOthers])
                                                                                                  ^~~~~~~~~~~~~~
                                                                                                  AVAudioSession.CategoryOptions.allowBluetoothHFP
/Users/codybontecou/projects/Voxboard/Voxboard/PersistentRecorder.swift:344:39: warning: reference to captured var 'self' in concurrently-executing code; this is an error in the Swift 6 language mode
                await MainActor.run { self?.isPreloadingModel = false }
                                      ^
/Users/codybontecou/projects/Voxboard/Voxboard/PersistentRecorder.swift:350:43: warning: reference to captured var 'self' in concurrently-executing code; this is an error in the Swift 6 language mode
                    await MainActor.run { self?.isPreloadingModel = false }
                                          ^
/Users/codybontecou/projects/Voxboard/Voxboard/PersistentRecorder.swift:355:21: warning: reference to captured var 'self' in concurrently-executing code; this is an error in the Swift 6 language mode
                    self?.isPreloadingModel = false
                    ^
/Users/codybontecou/projects/Voxboard/Voxboard/PersistentRecorder.swift:357:25: warning: reference to captured var 'self' in concurrently-executing code; this is an error in the Swift 6 language mode
                        self?.cachedParakeetContext = ctx
                        ^
/Users/codybontecou/projects/Voxboard/Voxboard/PersistentRecorder.swift:358:25: warning: reference to captured var 'self' in concurrently-executing code; this is an error in the Swift 6 language mode
                        self?.cachedWhisperContext = nil
                        ^
/Users/codybontecou/projects/Voxboard/Voxboard/PersistentRecorder.swift:359:25: warning: reference to captured var 'self' in concurrently-executing code; this is an error in the Swift 6 language mode
                        self?.cachedModelId = modelId
                        ^
/Users/codybontecou/projects/Voxboard/Voxboard/PersistentRecorder.swift:368:21: warning: reference to captured var 'self' in concurrently-executing code; this is an error in the Swift 6 language mode
                    self?.isPreloadingModel = false
                    ^
/Users/codybontecou/projects/Voxboard/Voxboard/PersistentRecorder.swift:370:25: warning: reference to captured var 'self' in concurrently-executing code; this is an error in the Swift 6 language mode
                        self?.cachedWhisperContext = ctx
                        ^
/Users/codybontecou/projects/Voxboard/Voxboard/PersistentRecorder.swift:371:25: warning: reference to captured var 'self' in concurrently-executing code; this is an error in the Swift 6 language mode
                        self?.cachedParakeetContext = nil
                        ^
/Users/codybontecou/projects/Voxboard/Voxboard/PersistentRecorder.swift:372:25: warning: reference to captured var 'self' in concurrently-executing code; this is an error in the Swift 6 language mode
                        self?.cachedModelId = modelId
                        ^
/Users/codybontecou/projects/Voxboard/Voxboard/PersistentRecorder.swift:343:17: warning: main actor-isolated let 'log' cannot be accessed from outside of the actor; this is an error in the Swift 6 language mode
                log.log("[PersistentRecorder] ⚠️ Pre-load skipped — model not found: \(modelId)")
/Users/codybontecou/projects/Voxboard/Voxboard/PersistentRecorder.swift:694:25: warning: reference to captured var 'self' in concurrently-executing code; this is an error in the Swift 6 language mode
                        self?.lastError = "Could not import audio: \(error.localizedDescription)"
                        ^
/Users/codybontecou/projects/Voxboard/Voxboard/PersistentRecorder.swift:695:25: warning: reference to captured var 'self' in concurrently-executing code; this is an error in the Swift 6 language mode
                        self?.lastTranscriptionResult = nil
                        ^
/Users/codybontecou/projects/Voxboard/Voxboard/PersistentRecorder.swift:700:39: warning: reference to captured var 'self' in concurrently-executing code; this is an error in the Swift 6 language mode
                await MainActor.run { self?.isTranscribing = false }
                                      ^
/Users/codybontecou/projects/Voxboard/Voxboard/PersistentRecorder.swift:809:99: warning: 'allowBluetooth' was deprecated in iOS 8.0: renamed to 'AVAudioSession.CategoryOptions.allowBluetoothHFP'
            try session.setCategory(.playAndRecord, mode: .default, options: [.defaultToSpeaker, .allowBluetooth, .mixWithOthers])
                                                                                                  ^
/Users/codybontecou/projects/Voxboard/Voxboard/PersistentRecorder.swift:809:99: note: use 'AVAudioSession.CategoryOptions.allowBluetoothHFP' instead
            try session.setCategory(.playAndRecord, mode: .default, options: [.defaultToSpeaker, .allowBluetooth, .mixWithOthers])
                                                                                                  ^~~~~~~~~~~~~~
                                                                                                  AVAudioSession.CategoryOptions.allowBluetoothHFP
/Users/codybontecou/projects/Voxboard/Voxboard/PersistentRecorder.swift:964:17: warning: reference to captured var 'self' in concurrently-executing code; this is an error in the Swift 6 language mode
                self?.isTranscribing = false
                ^
/Users/codybontecou/projects/Voxboard/Voxboard/PersistentRecorder.swift:965:17: warning: reference to captured var 'self' in concurrently-executing code; this is an error in the Swift 6 language mode
                self?.finishLiveActivityAfterTranscription()
                ^
/Users/codybontecou/projects/Voxboard/Voxboard/PersistentRecorder.swift:1194:43: warning: reference to captured var 'self' in concurrently-executing code; this is an error in the Swift 6 language mode
                    await MainActor.run { self?.lastFileExportEvent = FileExportEvent(url: url) }
                                          ^
/Users/codybontecou/projects/Voxboard/Voxboard/PersistentRecorder.swift:1189:29: warning: main actor-isolated let 'log' cannot be accessed from outside of the actor; this is an error in the Swift 6 language mode
                            log.log("[PersistentRecorder] ⚠️ Audio export failed: \(error)")
/Users/codybontecou/projects/Voxboard/Voxboard/PersistentRecorder.swift:1499:27: warning: reference to captured var 'self' in concurrently-executing code; this is an error in the Swift 6 language mode
                guard let self, let startedAt = Optional(self.segmentStartedAt), self.isSegmentActive else { return }
                          ^

SwiftCompile normal arm64 Compiling\ ReleaseNotes.swift,\ ReviewPromptManager.swift /Users/codybontecou/projects/Voxboard/Voxboard/ReleaseNotes.swift /Users/codybontecou/projects/Voxboard/Voxboard/ReviewPromptManager.swift (in target 'Voxboard' from project 'Voxboard')

SwiftCompile normal arm64 /Users/codybontecou/projects/Voxboard/Voxboard/ReleaseNotes.swift (in target 'Voxboard' from project 'Voxboard')
    cd /Users/codybontecou/projects/Voxboard


SwiftCompile normal arm64 /Users/codybontecou/projects/Voxboard/Voxboard/ReviewPromptManager.swift (in target 'Voxboard' from project 'Voxboard')
    cd /Users/codybontecou/projects/Voxboard


SwiftCompile normal arm64 Compiling\ VoxboardApp.swift,\ VoxboardShortcutsProvider.swift /Users/codybontecou/projects/Voxboard/Voxboard/VoxboardApp.swift /Users/codybontecou/projects/Voxboard/Voxboard/VoxboardShortcutsProvider.swift (in target 'Voxboard' from project 'Voxboard')

SwiftCompile normal arm64 /Users/codybontecou/projects/Voxboard/Voxboard/VoxboardApp.swift (in target 'Voxboard' from project 'Voxboard')
    cd /Users/codybontecou/projects/Voxboard


SwiftCompile normal arm64 /Users/codybontecou/projects/Voxboard/Voxboard/VoxboardShortcutsProvider.swift (in target 'Voxboard' from project 'Voxboard')
    cd /Users/codybontecou/projects/Voxboard


SwiftDriverJobDiscovery normal arm64 Compiling GeneratedAssetSymbols.swift, GeneratedStringSymbols_Localizable.swift (in target 'Voxboard' from project 'Voxboard')

SwiftCompile normal arm64 Compiling\ MetaSettingsView.swift,\ ModelTabView.swift,\ PaywallView.swift /Users/codybontecou/projects/Voxboard/Voxboard/Views/MetaSettingsView.swift /Users/codybontecou/projects/Voxboard/Voxboard/Views/ModelTabView.swift /Users/codybontecou/projects/Voxboard/Voxboard/Views/PaywallView.swift (in target 'Voxboard' from project 'Voxboard')

SwiftCompile normal arm64 /Users/codybontecou/projects/Voxboard/Voxboard/Views/MetaSettingsView.swift (in target 'Voxboard' from project 'Voxboard')
    cd /Users/codybontecou/projects/Voxboard


SwiftCompile normal arm64 /Users/codybontecou/projects/Voxboard/Voxboard/Views/ModelTabView.swift (in target 'Voxboard' from project 'Voxboard')
    cd /Users/codybontecou/projects/Voxboard


SwiftCompile normal arm64 /Users/codybontecou/projects/Voxboard/Voxboard/Views/PaywallView.swift (in target 'Voxboard' from project 'Voxboard')
    cd /Users/codybontecou/projects/Voxboard


LinkAssetCatalog /Users/codybontecou/projects/Voxboard/Voxboard/Assets.xcassets (in target 'Voxboard' from project 'Voxboard')
    cd /Users/codybontecou/projects/Voxboard
    builtin-linkAssetCatalog --thinned /tmp/voxboard-notelet-verify-derived/Build/Intermediates.noindex/Voxboard.build/Debug-iphonesimulator/Voxboard.build/assetcatalog_output/thinned --thinned-dependencies /tmp/voxboard-notelet-verify-derived/Build/Intermediates.noindex/Voxboard.build/Debug-iphonesimulator/Voxboard.build/assetcatalog_dependencies_thinned --thinned-info-plist-content /tmp/voxboard-notelet-verify-derived/Build/Intermediates.noindex/Voxboard.build/Debug-iphonesimulator/Voxboard.build/assetcatalog_generated_info.plist_thinned --unthinned /tmp/voxboard-notelet-verify-derived/Build/Intermediates.noindex/Voxboard.build/Debug-iphonesimulator/Voxboard.build/assetcatalog_output/unthinned --unthinned-dependencies /tmp/voxboard-notelet-verify-derived/Build/Intermediates.noindex/Voxboard.build/Debug-iphonesimulator/Voxboard.build/assetcatalog_dependencies_unthinned --unthinned-info-plist-content /tmp/voxboard-notelet-verify-derived/Build/Intermediates.noindex/Voxboard.build/Debug-iphonesimulator/Voxboard.build/assetcatalog_generated_info.plist_unthinned --output /tmp/voxboard-notelet-verify-derived/Build/Products/Debug-iphonesimulator/Voxboard.app --plist-output /tmp/voxboard-notelet-verify-derived/Build/Intermediates.noindex/Voxboard.build/Debug-iphonesimulator/Voxboard.build/assetcatalog_generated_info.plist
note: Emplaced /tmp/voxboard-notelet-verify-derived/Build/Products/Debug-iphonesimulator/Voxboard.app/AppIcon76x76@2x~ipad.png (in target 'Voxboard' from project 'Voxboard')
note: Emplaced /tmp/voxboard-notelet-verify-derived/Build/Products/Debug-iphonesimulator/Voxboard.app/Assets.car (in target 'Voxboard' from project 'Voxboard')
note: Emplaced /tmp/voxboard-notelet-verify-derived/Build/Products/Debug-iphonesimulator/Voxboard.app/AppIcon60x60@2x.png (in target 'Voxboard' from project 'Voxboard')

SwiftDriverJobDiscovery normal arm64 Compiling ReleaseNotes.swift, ReviewPromptManager.swift (in target 'Voxboard' from project 'Voxboard')

SwiftDriverJobDiscovery normal arm64 Compiling StoreManager.swift, TranscriptionServer.swift (in target 'Voxboard' from project 'Voxboard')

SwiftDriverJobDiscovery normal arm64 Compiling WatchRecordingController.swift, WatchRecordingInbox.swift (in target 'Voxboard' from project 'Voxboard')

SwiftDriverJobDiscovery normal arm64 Compiling FeedbackHelper.swift, FoundationModelsBackend.swift, LiveActivityController.swift (in target 'Voxboard' from project 'Voxboard')

SwiftDriverJobDiscovery normal arm64 Emitting module for Voxboard (in target 'Voxboard' from project 'Voxboard')

SwiftDriver\ Compilation\ Requirements Voxboard normal arm64 com.apple.xcode.tools.swift.compiler (in target 'Voxboard' from project 'Voxboard')
    cd /Users/codybontecou/projects/Voxboard
    builtin-Swift-Compilation-Requirements -- /Applications/Xcode.app/Contents/Developer/Toolchains/XcodeDefault.xctoolchain/usr/bin/swiftc -module-name Voxboard -Onone @/tmp/voxboard-notelet-verify-derived/Build/Intermediates.noindex/Voxboard.build/Debug-iphonesimulator/Voxboard.build/Objects-normal/arm64/Voxboard.SwiftFileList -DDEBUG -default-isolation\=MainActor -enable-bare-slash-regex -enable-upcoming-feature DisableOutwardActorInference -enable-upcoming-feature InferSendableFromCaptures -enable-upcoming-feature GlobalActorIsolatedTypesUsability -enable-upcoming-feature MemberImportVisibility -enable-upcoming-feature InferIsolatedConformances -enable-upcoming-feature NonisolatedNonsendingByDefault -enable-experimental-feature DebugDescriptionMacro -sdk /Applications/Xcode.app/Contents/Developer/Platforms/iPhoneSimulator.platform/Developer/SDKs/iPhoneSimulator26.5.sdk -target arm64-apple-ios17.6-simulator -g -module-cache-path /tmp/voxboard-notelet-verify-derived/ModuleCache.noindex -Xfrontend -serialize-debugging-options -enable-testing -index-store-path /tmp/voxboard-notelet-verify-derived/Index.noindex/DataStore -Xcc -D_LIBCPP_HARDENING_MODE\=_LIBCPP_HARDENING_MODE_DEBUG -swift-version 5 -I /tmp/voxboard-notelet-verify-derived/Build/Products/Debug-iphonesimulator -F /tmp/voxboard-notelet-verify-derived/Build/Products/Debug-iphonesimulator/PackageFrameworks -F /tmp/voxboard-notelet-verify-derived/Build/Products/Debug-iphonesimulator/PackageFrameworks -F /tmp/voxboard-notelet-verify-derived/Build/Products/Debug-iphonesimulator/PackageFrameworks -F /tmp/voxboard-notelet-verify-derived/Build/Products/Debug-iphonesimulator/PackageFrameworks -F /tmp/voxboard-notelet-verify-derived/Build/Products/Debug-iphonesimulator/PackageFrameworks -F /tmp/voxboard-notelet-verify-derived/Build/Products/Debug-iphonesimulator/PackageFrameworks -F /tmp/voxboard-notelet-verify-derived/Build/Products/Debug-iphonesimulator/PackageFrameworks -F /tmp/voxboard-notelet-verify-derived/Build/Products/Debug-iphonesimulator -emit-localized-strings -emit-localized-strings-path /tmp/voxboard-notelet-verify-derived/Build/Intermediates.noindex/Voxboard.build/Debug-iphonesimulator/Voxboard.build/Objects-normal/arm64 -c -j10 -enable-batch-mode -incremental -Xcc -ivfsstatcache -Xcc /tmp/voxboard-notelet-verify-derived/SDKStatCaches.noindex/iphonesimulator26.5-23F73-6cfe768891a92b912361537c460fe42b.sdkstatcache -output-file-map /tmp/voxboard-notelet-verify-derived/Build/Intermediates.noindex/Voxboard.build/Debug-iphonesimulator/Voxboard.build/Objects-normal/arm64/Voxboard-OutputFileMap.json -use-frontend-parseable-output -save-temps -no-color-diagnostics -explicit-module-build -module-cache-path /tmp/voxboard-notelet-verify-derived/Build/Intermediates.noindex/SwiftExplicitPrecompiledModules -clang-scanner-module-cache-path /tmp/voxboard-notelet-verify-derived/ModuleCache.noindex -sdk-module-cache-path /tmp/voxboard-notelet-verify-derived/ModuleCache.noindex -serialize-diagnostics -emit-dependencies -emit-module -emit-module-path /tmp/voxboard-notelet-verify-derived/Build/Intermediates.noindex/Voxboard.build/Debug-iphonesimulator/Voxboard.build/Objects-normal/arm64/Voxboard.swiftmodule -validate-clang-modules-once -clang-build-session-file /tmp/voxboard-notelet-verify-derived/ModuleCache.noindex/Session.modulevalidation -Xcc -I/tmp/voxboard-notelet-verify-derived/Build/Intermediates.noindex/Voxboard.build/Debug-iphonesimulator/Voxboard.build/swift-overrides.hmap -emit-const-values -Xfrontend -const-gather-protocols-file -Xfrontend /tmp/voxboard-notelet-verify-derived/Build/Intermediates.noindex/Voxboard.build/Debug-iphonesimulator/Voxboard.build/Objects-normal/arm64/Voxboard_const_extract_protocols.json -Xcc -iquote -Xcc /tmp/voxboard-notelet-verify-derived/Build/Intermediates.noindex/Voxboard.build/Debug-iphonesimulator/Voxboard.build/Voxboard-generated-files.hmap -Xcc -I/tmp/voxboard-notelet-verify-derived/Build/Intermediates.noindex/Voxboard.build/Debug-iphonesimulator/Voxboard.build/Voxboard-own-target-headers.hmap -Xcc -I/tmp/voxboard-notelet-verify-derived/Build/Intermediates.noindex/Voxboard.build/Debug-iphonesimulator/Voxboard.build/Voxboard-all-non-framework-target-headers.hmap -Xcc -ivfsoverlay -Xcc /tmp/voxboard-notelet-verify-derived/Build/Intermediates.noindex/Voxboard.build/Debug-iphonesimulator/Voxboard-8d6c3ba71b53f8320d7c577fe4b80237-VFS-iphonesimulator/all-product-headers.yaml -Xcc -iquote -Xcc /tmp/voxboard-notelet-verify-derived/Build/Intermediates.noindex/Voxboard.build/Debug-iphonesimulator/Voxboard.build/Voxboard-project-headers.hmap -Xcc -I/tmp/voxboard-notelet-verify-derived/SourcePackages/checkouts/FluidAudio/Sources/MachTaskSelfWrapper/include -Xcc -I/tmp/voxboard-notelet-verify-derived/SourcePackages/checkouts/FluidAudio/Sources/FastClusterWrapper/include -Xcc -I/tmp/voxboard-notelet-verify-derived/Build/Products/Debug-iphonesimulator/include -Xcc -I/tmp/voxboard-notelet-verify-derived/Build/Intermediates.noindex/Voxboard.build/Debug-iphonesimulator/Voxboard.build/DerivedSources-normal/arm64 -Xcc -I/tmp/voxboard-notelet-verify-derived/Build/Intermediates.noindex/Voxboard.build/Debug-iphonesimulator/Voxboard.build/DerivedSources/arm64 -Xcc -I/tmp/voxboard-notelet-verify-derived/Build/Intermediates.noindex/Voxboard.build/Debug-iphonesimulator/Voxboard.build/DerivedSources -Xcc -DDEBUG\=1 -emit-objc-header -emit-objc-header-path /tmp/voxboard-notelet-verify-derived/Build/Intermediates.noindex/Voxboard.build/Debug-iphonesimulator/Voxboard.build/Objects-normal/arm64/Voxboard-Swift.h -working-directory /Users/codybontecou/projects/Voxboard -experimental-emit-module-separately -disable-cmo

SwiftMergeGeneratedHeaders /tmp/voxboard-notelet-verify-derived/Build/Intermediates.noindex/Voxboard.build/Debug-iphonesimulator/Voxboard.build/DerivedSources/Voxboard-Swift.h /tmp/voxboard-notelet-verify-derived/Build/Intermediates.noindex/Voxboard.build/Debug-iphonesimulator/Voxboard.build/Objects-normal/arm64/Voxboard-Swift.h (in target 'Voxboard' from project 'Voxboard')
    cd /Users/codybontecou/projects/Voxboard
    builtin-swiftHeaderTool -arch arm64 /tmp/voxboard-notelet-verify-derived/Build/Intermediates.noindex/Voxboard.build/Debug-iphonesimulator/Voxboard.build/Objects-normal/arm64/Voxboard-Swift.h -o /tmp/voxboard-notelet-verify-derived/Build/Intermediates.noindex/Voxboard.build/Debug-iphonesimulator/Voxboard.build/DerivedSources/Voxboard-Swift.h

Copy /tmp/voxboard-notelet-verify-derived/Build/Products/Debug-iphonesimulator/Voxboard.swiftmodule/arm64-apple-ios-simulator.abi.json /tmp/voxboard-notelet-verify-derived/Build/Intermediates.noindex/Voxboard.build/Debug-iphonesimulator/Voxboard.build/Objects-normal/arm64/Voxboard.abi.json (in target 'Voxboard' from project 'Voxboard')
    cd /Users/codybontecou/projects/Voxboard
    builtin-copy -exclude .DS_Store -exclude CVS -exclude .svn -exclude .git -exclude .hg -resolve-src-symlinks -rename /tmp/voxboard-notelet-verify-derived/Build/Intermediates.noindex/Voxboard.build/Debug-iphonesimulator/Voxboard.build/Objects-normal/arm64/Voxboard.abi.json /tmp/voxboard-notelet-verify-derived/Build/Products/Debug-iphonesimulator/Voxboard.swiftmodule/arm64-apple-ios-simulator.abi.json

Copy /tmp/voxboard-notelet-verify-derived/Build/Products/Debug-iphonesimulator/Voxboard.swiftmodule/arm64-apple-ios-simulator.swiftmodule /tmp/voxboard-notelet-verify-derived/Build/Intermediates.noindex/Voxboard.build/Debug-iphonesimulator/Voxboard.build/Objects-normal/arm64/Voxboard.swiftmodule (in target 'Voxboard' from project 'Voxboard')
    cd /Users/codybontecou/projects/Voxboard
    builtin-copy -exclude .DS_Store -exclude CVS -exclude .svn -exclude .git -exclude .hg -resolve-src-symlinks -rename /tmp/voxboard-notelet-verify-derived/Build/Intermediates.noindex/Voxboard.build/Debug-iphonesimulator/Voxboard.build/Objects-normal/arm64/Voxboard.swiftmodule /tmp/voxboard-notelet-verify-derived/Build/Products/Debug-iphonesimulator/Voxboard.swiftmodule/arm64-apple-ios-simulator.swiftmodule

Copy /tmp/voxboard-notelet-verify-derived/Build/Products/Debug-iphonesimulator/Voxboard.swiftmodule/arm64-apple-ios-simulator.swiftdoc /tmp/voxboard-notelet-verify-derived/Build/Intermediates.noindex/Voxboard.build/Debug-iphonesimulator/Voxboard.build/Objects-normal/arm64/Voxboard.swiftdoc (in target 'Voxboard' from project 'Voxboard')
    cd /Users/codybontecou/projects/Voxboard
    builtin-copy -exclude .DS_Store -exclude CVS -exclude .svn -exclude .git -exclude .hg -resolve-src-symlinks -rename /tmp/voxboard-notelet-verify-derived/Build/Intermediates.noindex/Voxboard.build/Debug-iphonesimulator/Voxboard.build/Objects-normal/arm64/Voxboard.swiftdoc /tmp/voxboard-notelet-verify-derived/Build/Products/Debug-iphonesimulator/Voxboard.swiftmodule/arm64-apple-ios-simulator.swiftdoc

Copy /tmp/voxboard-notelet-verify-derived/Build/Products/Debug-iphonesimulator/Voxboard.swiftmodule/Project/arm64-apple-ios-simulator.swiftsourceinfo /tmp/voxboard-notelet-verify-derived/Build/Intermediates.noindex/Voxboard.build/Debug-iphonesimulator/Voxboard.build/Objects-normal/arm64/Voxboard.swiftsourceinfo (in target 'Voxboard' from project 'Voxboard')
    cd /Users/codybontecou/projects/Voxboard
    builtin-copy -exclude .DS_Store -exclude CVS -exclude .svn -exclude .git -exclude .hg -resolve-src-symlinks -rename /tmp/voxboard-notelet-verify-derived/Build/Intermediates.noindex/Voxboard.build/Debug-iphonesimulator/Voxboard.build/Objects-normal/arm64/Voxboard.swiftsourceinfo /tmp/voxboard-notelet-verify-derived/Build/Products/Debug-iphonesimulator/Voxboard.swiftmodule/Project/arm64-apple-ios-simulator.swiftsourceinfo

SwiftDriverJobDiscovery normal arm64 Compiling VoxboardApp.swift, VoxboardShortcutsProvider.swift (in target 'Voxboard' from project 'Voxboard')

SwiftDriverJobDiscovery normal arm64 Compiling RecordingFlowView.swift, RootView.swift, BrutalTheme.swift (in target 'Voxboard' from project 'Voxboard')

SwiftDriverJobDiscovery normal arm64 Compiling LiveActivityRecordingIntents.swift, OpenVoxboardRecordIntent.swift, PersistentRecorder.swift (in target 'Voxboard' from project 'Voxboard')

SwiftDriverJobDiscovery normal arm64 Compiling MetaSettingsView.swift, ModelTabView.swift, PaywallView.swift (in target 'Voxboard' from project 'Voxboard')

SwiftDriverJobDiscovery normal arm64 Compiling FlowSettingsView.swift, HistoryView.swift, HomeView.swift (in target 'Voxboard' from project 'Voxboard')

SwiftDriver\ Compilation Voxboard normal arm64 com.apple.xcode.tools.swift.compiler (in target 'Voxboard' from project 'Voxboard')
    cd /Users/codybontecou/projects/Voxboard
    builtin-Swift-Compilation -- /Applications/Xcode.app/Contents/Developer/Toolchains/XcodeDefault.xctoolchain/usr/bin/swiftc -module-name Voxboard -Onone @/tmp/voxboard-notelet-verify-derived/Build/Intermediates.noindex/Voxboard.build/Debug-iphonesimulator/Voxboard.build/Objects-normal/arm64/Voxboard.SwiftFileList -DDEBUG -default-isolation\=MainActor -enable-bare-slash-regex -enable-upcoming-feature DisableOutwardActorInference -enable-upcoming-feature InferSendableFromCaptures -enable-upcoming-feature GlobalActorIsolatedTypesUsability -enable-upcoming-feature MemberImportVisibility -enable-upcoming-feature InferIsolatedConformances -enable-upcoming-feature NonisolatedNonsendingByDefault -enable-experimental-feature DebugDescriptionMacro -sdk /Applications/Xcode.app/Contents/Developer/Platforms/iPhoneSimulator.platform/Developer/SDKs/iPhoneSimulator26.5.sdk -target arm64-apple-ios17.6-simulator -g -module-cache-path /tmp/voxboard-notelet-verify-derived/ModuleCache.noindex -Xfrontend -serialize-debugging-options -enable-testing -index-store-path /tmp/voxboard-notelet-verify-derived/Index.noindex/DataStore -Xcc -D_LIBCPP_HARDENING_MODE\=_LIBCPP_HARDENING_MODE_DEBUG -swift-version 5 -I /tmp/voxboard-notelet-verify-derived/Build/Products/Debug-iphonesimulator -F /tmp/voxboard-notelet-verify-derived/Build/Products/Debug-iphonesimulator/PackageFrameworks -F /tmp/voxboard-notelet-verify-derived/Build/Products/Debug-iphonesimulator/PackageFrameworks -F /tmp/voxboard-notelet-verify-derived/Build/Products/Debug-iphonesimulator/PackageFrameworks -F /tmp/voxboard-notelet-verify-derived/Build/Products/Debug-iphonesimulator/PackageFrameworks -F /tmp/voxboard-notelet-verify-derived/Build/Products/Debug-iphonesimulator/PackageFrameworks -F /tmp/voxboard-notelet-verify-derived/Build/Products/Debug-iphonesimulator/PackageFrameworks -F /tmp/voxboard-notelet-verify-derived/Build/Products/Debug-iphonesimulator/PackageFrameworks -F /tmp/voxboard-notelet-verify-derived/Build/Products/Debug-iphonesimulator -emit-localized-strings -emit-localized-strings-path /tmp/voxboard-notelet-verify-derived/Build/Intermediates.noindex/Voxboard.build/Debug-iphonesimulator/Voxboard.build/Objects-normal/arm64 -c -j10 -enable-batch-mode -incremental -Xcc -ivfsstatcache -Xcc /tmp/voxboard-notelet-verify-derived/SDKStatCaches.noindex/iphonesimulator26.5-23F73-6cfe768891a92b912361537c460fe42b.sdkstatcache -output-file-map /tmp/voxboard-notelet-verify-derived/Build/Intermediates.noindex/Voxboard.build/Debug-iphonesimulator/Voxboard.build/Objects-normal/arm64/Voxboard-OutputFileMap.json -use-frontend-parseable-output -save-temps -no-color-diagnostics -explicit-module-build -module-cache-path /tmp/voxboard-notelet-verify-derived/Build/Intermediates.noindex/SwiftExplicitPrecompiledModules -clang-scanner-module-cache-path /tmp/voxboard-notelet-verify-derived/ModuleCache.noindex -sdk-module-cache-path /tmp/voxboard-notelet-verify-derived/ModuleCache.noindex -serialize-diagnostics -emit-dependencies -emit-module -emit-module-path /tmp/voxboard-notelet-verify-derived/Build/Intermediates.noindex/Voxboard.build/Debug-iphonesimulator/Voxboard.build/Objects-normal/arm64/Voxboard.swiftmodule -validate-clang-modules-once -clang-build-session-file /tmp/voxboard-notelet-verify-derived/ModuleCache.noindex/Session.modulevalidation -Xcc -I/tmp/voxboard-notelet-verify-derived/Build/Intermediates.noindex/Voxboard.build/Debug-iphonesimulator/Voxboard.build/swift-overrides.hmap -emit-const-values -Xfrontend -const-gather-protocols-file -Xfrontend /tmp/voxboard-notelet-verify-derived/Build/Intermediates.noindex/Voxboard.build/Debug-iphonesimulator/Voxboard.build/Objects-normal/arm64/Voxboard_const_extract_protocols.json -Xcc -iquote -Xcc /tmp/voxboard-notelet-verify-derived/Build/Intermediates.noindex/Voxboard.build/Debug-iphonesimulator/Voxboard.build/Voxboard-generated-files.hmap -Xcc -I/tmp/voxboard-notelet-verify-derived/Build/Intermediates.noindex/Voxboard.build/Debug-iphonesimulator/Voxboard.build/Voxboard-own-target-headers.hmap -Xcc -I/tmp/voxboard-notelet-verify-derived/Build/Intermediates.noindex/Voxboard.build/Debug-iphonesimulator/Voxboard.build/Voxboard-all-non-framework-target-headers.hmap -Xcc -ivfsoverlay -Xcc /tmp/voxboard-notelet-verify-derived/Build/Intermediates.noindex/Voxboard.build/Debug-iphonesimulator/Voxboard-8d6c3ba71b53f8320d7c577fe4b80237-VFS-iphonesimulator/all-product-headers.yaml -Xcc -iquote -Xcc /tmp/voxboard-notelet-verify-derived/Build/Intermediates.noindex/Voxboard.build/Debug-iphonesimulator/Voxboard.build/Voxboard-project-headers.hmap -Xcc -I/tmp/voxboard-notelet-verify-derived/SourcePackages/checkouts/FluidAudio/Sources/MachTaskSelfWrapper/include -Xcc -I/tmp/voxboard-notelet-verify-derived/SourcePackages/checkouts/FluidAudio/Sources/FastClusterWrapper/include -Xcc -I/tmp/voxboard-notelet-verify-derived/Build/Products/Debug-iphonesimulator/include -Xcc -I/tmp/voxboard-notelet-verify-derived/Build/Intermediates.noindex/Voxboard.build/Debug-iphonesimulator/Voxboard.build/DerivedSources-normal/arm64 -Xcc -I/tmp/voxboard-notelet-verify-derived/Build/Intermediates.noindex/Voxboard.build/Debug-iphonesimulator/Voxboard.build/DerivedSources/arm64 -Xcc -I/tmp/voxboard-notelet-verify-derived/Build/Intermediates.noindex/Voxboard.build/Debug-iphonesimulator/Voxboard.build/DerivedSources -Xcc -DDEBUG\=1 -emit-objc-header -emit-objc-header-path /tmp/voxboard-notelet-verify-derived/Build/Intermediates.noindex/Voxboard.build/Debug-iphonesimulator/Voxboard.build/Objects-normal/arm64/Voxboard-Swift.h -working-directory /Users/codybontecou/projects/Voxboard -experimental-emit-module-separately -disable-cmo

Ld /tmp/voxboard-notelet-verify-derived/Build/Products/Debug-iphonesimulator/Voxboard.app/Voxboard.debug.dylib normal (in target 'Voxboard' from project 'Voxboard')
    cd /Users/codybontecou/projects/Voxboard
    /Applications/Xcode.app/Contents/Developer/Toolchains/XcodeDefault.xctoolchain/usr/bin/clang -Xlinker -reproducible -target arm64-apple-ios17.6-simulator -dynamiclib -isysroot /Applications/Xcode.app/Contents/Developer/Platforms/iPhoneSimulator.platform/Developer/SDKs/iPhoneSimulator26.5.sdk -O0 -L/tmp/voxboard-notelet-verify-derived/Build/Intermediates.noindex/EagerLinkingTBDs/Debug-iphonesimulator -L/tmp/voxboard-notelet-verify-derived/Build/Products/Debug-iphonesimulator -F/tmp/voxboard-notelet-verify-derived/Build/Intermediates.noindex/EagerLinkingTBDs/Debug-iphonesimulator -F/tmp/voxboard-notelet-verify-derived/Build/Products/Debug-iphonesimulator/PackageFrameworks -F/tmp/voxboard-notelet-verify-derived/Build/Products/Debug-iphonesimulator/PackageFrameworks -F/tmp/voxboard-notelet-verify-derived/Build/Products/Debug-iphonesimulator/PackageFrameworks -F/tmp/voxboard-notelet-verify-derived/Build/Products/Debug-iphonesimulator/PackageFrameworks -F/tmp/voxboard-notelet-verify-derived/Build/Products/Debug-iphonesimulator/PackageFrameworks -F/tmp/voxboard-notelet-verify-derived/Build/Products/Debug-iphonesimulator/PackageFrameworks -F/tmp/voxboard-notelet-verify-derived/Build/Products/Debug-iphonesimulator/PackageFrameworks -F/tmp/voxboard-notelet-verify-derived/Build/Products/Debug-iphonesimulator -filelist /tmp/voxboard-notelet-verify-derived/Build/Intermediates.noindex/Voxboard.build/Debug-iphonesimulator/Voxboard.build/Objects-normal/arm64/Voxboard.LinkFileList -install_name @rpath/Voxboard.debug.dylib -Xlinker -rpath -Xlinker /usr/lib/swift -Xlinker -rpath -Xlinker /tmp/voxboard-notelet-verify-derived/Build/Products/Debug-iphonesimulator/PackageFrameworks -Xlinker -rpath -Xlinker @executable_path/Frameworks -Xlinker -dead_strip -Xlinker -object_path_lto -Xlinker /tmp/voxboard-notelet-verify-derived/Build/Intermediates.noindex/Voxboard.build/Debug-iphonesimulator/Voxboard.build/Objects-normal/arm64/Voxboard_lto.o -rdynamic -Xlinker -no_deduplicate -Xlinker -objc_abi_version -Xlinker 2 -Xlinker -dependency_info -Xlinker /tmp/voxboard-notelet-verify-derived/Build/Intermediates.noindex/Voxboard.build/Debug-iphonesimulator/Voxboard.build/Objects-normal/arm64/Voxboard_dependency_info.dat -fobjc-link-runtime -L/Applications/Xcode.app/Contents/Developer/Toolchains/XcodeDefault.xctoolchain/usr/lib/swift/iphonesimulator -L/usr/lib/swift -Xlinker -add_ast_path -Xlinker /tmp/voxboard-notelet-verify-derived/Build/Intermediates.noindex/Voxboard.build/Debug-iphonesimulator/Voxboard.build/Objects-normal/arm64/Voxboard.swiftmodule @/tmp/voxboard-notelet-verify-derived/Build/Intermediates.noindex/Voxboard.build/Debug-iphonesimulator/Voxboard.build/Objects-normal/arm64/Voxboard-linker-args.resp -Wl,-no_warn_duplicate_libraries -Wl,-no_warn_duplicate_libraries -Wl,-no_warn_duplicate_libraries -lc++ -Wl,-no_warn_duplicate_libraries -Wl,-no_warn_duplicate_libraries -Wl,-no_warn_duplicate_libraries -Wl,-no_warn_duplicate_libraries -framework Accelerate -framework Metal -framework Foundation -framework CoreML -Xlinker -alias -Xlinker _main -Xlinker ___debug_main_executable_dylib_entry_point -framework KeyboardKit -framework LicenseKit -framework LicenseKit -framework whisper -framework WatchConnectivity -framework AppIntents -Xlinker -no_adhoc_codesign -o /tmp/voxboard-notelet-verify-derived/Build/Products/Debug-iphonesimulator/Voxboard.app/Voxboard.debug.dylib -Xlinker -add_ast_path -Xlinker /tmp/voxboard-notelet-verify-derived/Build/Intermediates.noindex/KeyboardKit.build/Debug-iphonesimulator/KeyboardKitDependencies.build/Objects-normal/arm64/KeyboardKitDependencies.swiftmodule @/tmp/voxboard-notelet-verify-derived/Build/Intermediates.noindex/KeyboardKit.build/Debug-iphonesimulator/KeyboardKitDependencies.build/Objects-normal/arm64/KeyboardKitDependencies-linker-args.resp -Xlinker -add_ast_path -Xlinker /tmp/voxboard-notelet-verify-derived/Build/Intermediates.noindex/Notelet.build/Debug-iphonesimulator/Notelet.build/Objects-normal/arm64/Notelet.swiftmodule @/tmp/voxboard-notelet-verify-derived/Build/Intermediates.noindex/Notelet.build/Debug-iphonesimulator/Notelet.build/Objects-normal/arm64/Notelet-linker-args.resp -Xlinker -add_ast_path -Xlinker /tmp/voxboard-notelet-verify-derived/Build/Intermediates.noindex/VoxboardShared.build/Debug-iphonesimulator/VoxboardShared.build/Objects-normal/arm64/VoxboardShared.swiftmodule @/tmp/voxboard-notelet-verify-derived/Build/Intermediates.noindex/VoxboardShared.build/Debug-iphonesimulator/VoxboardShared.build/Objects-normal/arm64/VoxboardShared-linker-args.resp -Xlinker -add_ast_path -Xlinker /tmp/voxboard-notelet-verify-derived/Build/Intermediates.noindex/FluidAudio.build/Debug-iphonesimulator/FluidAudio.build/Objects-normal/arm64/FluidAudio.swiftmodule @/tmp/voxboard-notelet-verify-derived/Build/Intermediates.noindex/FluidAudio.build/Debug-iphonesimulator/FluidAudio.build/Objects-normal/arm64/FluidAudio-linker-args.resp -Xlinker -add_ast_path -Xlinker /tmp/voxboard-notelet-verify-derived/Build/Intermediates.noindex/ExportKit.build/Debug-iphonesimulator/ExportKit.build/Objects-normal/arm64/ExportKit.swiftmodule @/tmp/voxboard-notelet-verify-derived/Build/Intermediates.noindex/ExportKit.build/Debug-iphonesimulator/ExportKit.build/Objects-normal/arm64/ExportKit-linker-args.resp

ConstructStubExecutorLinkFileList /tmp/voxboard-notelet-verify-derived/Build/Intermediates.noindex/Voxboard.build/Debug-iphonesimulator/Voxboard.build/Voxboard-ExecutorLinkFileList-normal-arm64.txt (in target 'Voxboard' from project 'Voxboard')
    cd /Users/codybontecou/projects/Voxboard
    construct-stub-executor-link-file-list /tmp/voxboard-notelet-verify-derived/Build/Products/Debug-iphonesimulator/Voxboard.app/Voxboard.debug.dylib /Applications/Xcode.app/Contents/Developer/Platforms/iPhoneSimulator.platform/Developer/usr/lib/libPreviewsJITStubExecutor_no_swift_entry_point.a /Applications/Xcode.app/Contents/Developer/Platforms/iPhoneSimulator.platform/Developer/usr/lib/libPreviewsJITStubExecutor.a --output /tmp/voxboard-notelet-verify-derived/Build/Intermediates.noindex/Voxboard.build/Debug-iphonesimulator/Voxboard.build/Voxboard-ExecutorLinkFileList-normal-arm64.txt
note: Using stub executor library with Swift entry point. (in target 'Voxboard' from project 'Voxboard')

Ld /tmp/voxboard-notelet-verify-derived/Build/Products/Debug-iphonesimulator/Voxboard.app/Voxboard normal (in target 'Voxboard' from project 'Voxboard')
    cd /Users/codybontecou/projects/Voxboard
    /Applications/Xcode.app/Contents/Developer/Toolchains/XcodeDefault.xctoolchain/usr/bin/clang -Xlinker -reproducible -target arm64-apple-ios17.6-simulator -isysroot /Applications/Xcode.app/Contents/Developer/Platforms/iPhoneSimulator.platform/Developer/SDKs/iPhoneSimulator26.5.sdk -O0 -L/tmp/voxboard-notelet-verify-derived/Build/Products/Debug-iphonesimulator -F/tmp/voxboard-notelet-verify-derived/Build/Products/Debug-iphonesimulator/PackageFrameworks -F/tmp/voxboard-notelet-verify-derived/Build/Products/Debug-iphonesimulator/PackageFrameworks -F/tmp/voxboard-notelet-verify-derived/Build/Products/Debug-iphonesimulator/PackageFrameworks -F/tmp/voxboard-notelet-verify-derived/Build/Products/Debug-iphonesimulator/PackageFrameworks -F/tmp/voxboard-notelet-verify-derived/Build/Products/Debug-iphonesimulator/PackageFrameworks -F/tmp/voxboard-notelet-verify-derived/Build/Products/Debug-iphonesimulator/PackageFrameworks -F/tmp/voxboard-notelet-verify-derived/Build/Products/Debug-iphonesimulator/PackageFrameworks -F/tmp/voxboard-notelet-verify-derived/Build/Products/Debug-iphonesimulator -Xlinker -rpath -Xlinker @executable_path -Xlinker -rpath -Xlinker /tmp/voxboard-notelet-verify-derived/Build/Products/Debug-iphonesimulator/PackageFrameworks -Xlinker -rpath -Xlinker @executable_path/Frameworks -rdynamic -Xlinker -no_deduplicate -Xlinker -objc_abi_version -Xlinker 2 -e ___debug_blank_executor_main -Xlinker -sectcreate -Xlinker __TEXT -Xlinker __debug_dylib -Xlinker /tmp/voxboard-notelet-verify-derived/Build/Intermediates.noindex/Voxboard.build/Debug-iphonesimulator/Voxboard.build/Voxboard-DebugDylibPath-normal-arm64.txt -Xlinker -sectcreate -Xlinker __TEXT -Xlinker __debug_instlnm -Xlinker /tmp/voxboard-notelet-verify-derived/Build/Intermediates.noindex/Voxboard.build/Debug-iphonesimulator/Voxboard.build/Voxboard-DebugDylibInstallName-normal-arm64.txt -Xlinker -filelist -Xlinker /tmp/voxboard-notelet-verify-derived/Build/Intermediates.noindex/Voxboard.build/Debug-iphonesimulator/Voxboard.build/Voxboard-ExecutorLinkFileList-normal-arm64.txt -Xlinker -sectcreate -Xlinker __TEXT -Xlinker __entitlements -Xlinker /tmp/voxboard-notelet-verify-derived/Build/Intermediates.noindex/Voxboard.build/Debug-iphonesimulator/Voxboard.build/Voxboard.app-Simulated.xcent -Xlinker -sectcreate -Xlinker __TEXT -Xlinker __ents_der -Xlinker /tmp/voxboard-notelet-verify-derived/Build/Intermediates.noindex/Voxboard.build/Debug-iphonesimulator/Voxboard.build/Voxboard.app-Simulated.xcent.der /tmp/voxboard-notelet-verify-derived/Build/Products/Debug-iphonesimulator/Voxboard.app/Voxboard.debug.dylib -Xlinker -no_adhoc_codesign -o /tmp/voxboard-notelet-verify-derived/Build/Products/Debug-iphonesimulator/Voxboard.app/Voxboard

Copy /tmp/voxboard-notelet-verify-derived/Build/Products/Debug-iphonesimulator/Voxboard.app/PlugIns/Voxboard\ WidgetExtension.appex /tmp/voxboard-notelet-verify-derived/Build/Products/Debug-iphonesimulator/Voxboard\ WidgetExtension.appex (in target 'Voxboard' from project 'Voxboard')
    cd /Users/codybontecou/projects/Voxboard
    builtin-copy -exclude .DS_Store -exclude CVS -exclude .svn -exclude .git -exclude .hg -exclude Headers -exclude PrivateHeaders -exclude Modules -exclude \*.tbd -resolve-src-symlinks -remove-static-executable /tmp/voxboard-notelet-verify-derived/Build/Products/Debug-iphonesimulator/Voxboard\ WidgetExtension.appex /tmp/voxboard-notelet-verify-derived/Build/Products/Debug-iphonesimulator/Voxboard.app/PlugIns

Copy /tmp/voxboard-notelet-verify-derived/Build/Products/Debug-iphonesimulator/Voxboard.app/PlugIns/Voxboard\ Keyboard.appex /tmp/voxboard-notelet-verify-derived/Build/Products/Debug-iphonesimulator/Voxboard\ Keyboard.appex (in target 'Voxboard' from project 'Voxboard')
    cd /Users/codybontecou/projects/Voxboard
    builtin-copy -exclude .DS_Store -exclude CVS -exclude .svn -exclude .git -exclude .hg -exclude Headers -exclude PrivateHeaders -exclude Modules -exclude \*.tbd -resolve-src-symlinks -remove-static-executable /tmp/voxboard-notelet-verify-derived/Build/Products/Debug-iphonesimulator/Voxboard\ Keyboard.appex /tmp/voxboard-notelet-verify-derived/Build/Products/Debug-iphonesimulator/Voxboard.app/PlugIns

Copy /tmp/voxboard-notelet-verify-derived/Build/Products/Debug-iphonesimulator/Voxboard.app/Watch/Voxboard\ Watch.app /tmp/voxboard-notelet-verify-derived/Build/Products/Debug-watchsimulator/Voxboard\ Watch.app (in target 'Voxboard' from project 'Voxboard')
    cd /Users/codybontecou/projects/Voxboard
    builtin-copy -exclude .DS_Store -exclude CVS -exclude .svn -exclude .git -exclude .hg -exclude Headers -exclude PrivateHeaders -exclude Modules -exclude \*.tbd -resolve-src-symlinks -remove-static-executable /tmp/voxboard-notelet-verify-derived/Build/Products/Debug-watchsimulator/Voxboard\ Watch.app /tmp/voxboard-notelet-verify-derived/Build/Products/Debug-iphonesimulator/Voxboard.app/Watch

ProcessInfoPlistFile /tmp/voxboard-notelet-verify-derived/Build/Products/Debug-iphonesimulator/Voxboard.app/Info.plist /Users/codybontecou/projects/Voxboard/Voxboard/Info.plist (in target 'Voxboard' from project 'Voxboard')
    cd /Users/codybontecou/projects/Voxboard
    builtin-infoPlistUtility /Users/codybontecou/projects/Voxboard/Voxboard/Info.plist -producttype com.apple.product-type.application -genpkginfo /tmp/voxboard-notelet-verify-derived/Build/Products/Debug-iphonesimulator/Voxboard.app/PkgInfo -expandbuildsettings -format binary -platform iphonesimulator -additionalcontentfile /tmp/voxboard-notelet-verify-derived/Build/Intermediates.noindex/Voxboard.build/Debug-iphonesimulator/Voxboard.build/assetcatalog_generated_info.plist -scanforprivacyfile /tmp/voxboard-notelet-verify-derived/Build/Products/Debug-iphonesimulator/Voxboard.app/Frameworks/KeyboardKit.framework -scanforprivacyfile /tmp/voxboard-notelet-verify-derived/Build/Products/Debug-iphonesimulator/Voxboard.app/Frameworks/LicenseKit.framework -scanforprivacyfile /tmp/voxboard-notelet-verify-derived/Build/Products/Debug-iphonesimulator/Voxboard.app/Frameworks/whisper.framework -scanforprivacyfile /tmp/voxboard-notelet-verify-derived/Build/Products/Debug-iphonesimulator/Voxboard.app/PlugIns/Voxboard\ Keyboard.appex -scanforprivacyfile /tmp/voxboard-notelet-verify-derived/Build/Products/Debug-iphonesimulator/Voxboard.app/PlugIns/Voxboard\ WidgetExtension.appex -scanforprivacyfile /tmp/voxboard-notelet-verify-derived/Build/Products/Debug-iphonesimulator/Voxboard.app/Watch/Voxboard\ Watch.app -o /tmp/voxboard-notelet-verify-derived/Build/Products/Debug-iphonesimulator/Voxboard.app/Info.plist

CopySwiftLibs /tmp/voxboard-notelet-verify-derived/Build/Products/Debug-iphonesimulator/Voxboard.app (in target 'Voxboard' from project 'Voxboard')
    cd /Users/codybontecou/projects/Voxboard
    builtin-swiftStdLibTool --copy --verbose --sign - --scan-executable /tmp/voxboard-notelet-verify-derived/Build/Products/Debug-iphonesimulator/Voxboard.app/Voxboard.debug.dylib --scan-folder /tmp/voxboard-notelet-verify-derived/Build/Products/Debug-iphonesimulator/Voxboard.app/Frameworks --scan-folder /tmp/voxboard-notelet-verify-derived/Build/Products/Debug-iphonesimulator/Voxboard.app/PlugIns --scan-folder /tmp/voxboard-notelet-verify-derived/Build/Products/Debug-iphonesimulator/Voxboard.app/SystemExtensions --scan-folder /tmp/voxboard-notelet-verify-derived/Build/Products/Debug-iphonesimulator/Voxboard.app/Extensions --scan-folder /Applications/Xcode.app/Contents/Developer/Platforms/iPhoneSimulator.platform/Developer/SDKs/iPhoneSimulator26.5.sdk/System/Library/Frameworks/WatchConnectivity.framework --scan-folder /Applications/Xcode.app/Contents/Developer/Platforms/iPhoneSimulator.platform/Developer/SDKs/iPhoneSimulator26.5.sdk/System/Library/Frameworks/AppIntents.framework --platform iphonesimulator --toolchain /Applications/Xcode.app/Contents/Developer/Toolchains/XcodeDefault.xctoolchain --destination /tmp/voxboard-notelet-verify-derived/Build/Products/Debug-iphonesimulator/Voxboard.app/Frameworks --strip-bitcode --strip-bitcode-tool /Applications/Xcode.app/Contents/Developer/Toolchains/XcodeDefault.xctoolchain/usr/bin/bitcode_strip --emit-dependency-info /tmp/voxboard-notelet-verify-derived/Build/Intermediates.noindex/Voxboard.build/Debug-iphonesimulator/Voxboard.build/SwiftStdLibToolInputDependencies.dep --filter-for-swift-os

ExtractAppIntentsMetadata (in target 'Voxboard' from project 'Voxboard')
    cd /Users/codybontecou/projects/Voxboard
    /Applications/Xcode.app/Contents/Developer/Toolchains/XcodeDefault.xctoolchain/usr/bin/appintentsmetadataprocessor --toolchain-dir /Applications/Xcode.app/Contents/Developer/Toolchains/XcodeDefault.xctoolchain --module-name Voxboard --sdk-root /Applications/Xcode.app/Contents/Developer/Platforms/iPhoneSimulator.platform/Developer/SDKs/iPhoneSimulator26.5.sdk --xcode-version 17F42 --platform-family iOS --deployment-target 17.6 --bundle-identifier bontecou.Voxboard --output /tmp/voxboard-notelet-verify-derived/Build/Products/Debug-iphonesimulator/Voxboard.app --target-triple arm64-apple-ios17.6-simulator --binary-file /tmp/voxboard-notelet-verify-derived/Build/Products/Debug-iphonesimulator/Voxboard.app/Voxboard --dependency-file /tmp/voxboard-notelet-verify-derived/Build/Intermediates.noindex/Voxboard.build/Debug-iphonesimulator/Voxboard.build/Objects-normal/arm64/Voxboard_dependency_info.dat --stringsdata-file /tmp/voxboard-notelet-verify-derived/Build/Intermediates.noindex/Voxboard.build/Debug-iphonesimulator/Voxboard.build/Objects-normal/arm64/ExtractedAppShortcutsMetadata.stringsdata --source-file-list /tmp/voxboard-notelet-verify-derived/Build/Intermediates.noindex/Voxboard.build/Debug-iphonesimulator/Voxboard.build/Objects-normal/arm64/Voxboard.SwiftFileList --metadata-file-list /tmp/voxboard-notelet-verify-derived/Build/Intermediates.noindex/Voxboard.build/Debug-iphonesimulator/Voxboard.build/Voxboard.DependencyMetadataFileList --static-metadata-file-list /tmp/voxboard-notelet-verify-derived/Build/Intermediates.noindex/Voxboard.build/Debug-iphonesimulator/Voxboard.build/Voxboard.DependencyStaticMetadataFileList --swift-const-vals-list /tmp/voxboard-notelet-verify-derived/Build/Intermediates.noindex/Voxboard.build/Debug-iphonesimulator/Voxboard.build/Objects-normal/arm64/Voxboard.SwiftConstValuesFileList --compile-time-extraction --deployment-aware-processing --validate-assistant-intents --no-app-shortcuts-localization
2026-06-20 11:44:17.980 appintentsmetadataprocessor[96702:3729513] Starting appintentsmetadataprocessor export
2026-06-20 11:44:17.999 appintentsmetadataprocessor[96702:3729513] Writing Metadata.appintents
2026-06-20 11:44:17.999 appintentsmetadataprocessor[96702:3729513] Metadata root: /tmp/voxboard-notelet-verify-derived/Build/Products/Debug-iphonesimulator/Voxboard.app/Metadata.appintents

AppIntentsSSUTraining (in target 'Voxboard' from project 'Voxboard')
    cd /Users/codybontecou/projects/Voxboard
    /Applications/Xcode.app/Contents/Developer/Toolchains/XcodeDefault.xctoolchain/usr/bin/appintentsnltrainingprocessor --infoplist-path /tmp/voxboard-notelet-verify-derived/Build/Products/Debug-iphonesimulator/Voxboard.app/Info.plist --temp-dir-path /tmp/voxboard-notelet-verify-derived/Build/Intermediates.noindex/Voxboard.build/Debug-iphonesimulator/Voxboard.build/ssu --bundle-id bontecou.Voxboard --product-path /tmp/voxboard-notelet-verify-derived/Build/Products/Debug-iphonesimulator/Voxboard.app --extracted-metadata-path /tmp/voxboard-notelet-verify-derived/Build/Products/Debug-iphonesimulator/Voxboard.app/Metadata.appintents --metadata-file-list /tmp/voxboard-notelet-verify-derived/Build/Intermediates.noindex/Voxboard.build/Debug-iphonesimulator/Voxboard.build/Voxboard.DependencyMetadataFileList --source-file /tmp/voxboard-notelet-verify-derived/Build/Products/Debug-iphonesimulator/Voxboard.app/Info.plist --archive-ssu-assets
2026-06-20 11:44:18.020 appintentsnltrainingprocessor[96703:3729516] Parsing options for appintentsnltrainingprocessor
2026-06-20 11:44:18.020 appintentsnltrainingprocessor[96703:3729516] Starting AppIntents SSU YAML Generation
2026-06-20 11:44:18.030 appintentsnltrainingprocessor[96703:3729516] Training 'Record with ${+applicationName}|Record ${VoxEntity} with ${+applicationName}|Start ${VoxEntity} in ${+applicationName}' for en
2026-06-20 11:44:18.030 appintentsnltrainingprocessor[96703:3729516] Training 'Record with ${+applicationName}|Record ${VoxEntity} with ${+applicationName}|Start ${VoxEntity} in ${+applicationName}' for id
2026-06-20 11:44:18.030 appintentsnltrainingprocessor[96703:3729516] Training 'Record with ${+applicationName}|Record ${VoxEntity} with ${+applicationName}|Start ${VoxEntity} in ${+applicationName}' for nl
2026-06-20 11:44:18.030 appintentsnltrainingprocessor[96703:3729516] Training 'Record with ${+applicationName}|Record ${VoxEntity} with ${+applicationName}|Start ${VoxEntity} in ${+applicationName}' for ja
2026-06-20 11:44:18.030 appintentsnltrainingprocessor[96703:3729516] Training 'Record with ${+applicationName}|Record ${VoxEntity} with ${+applicationName}|Start ${VoxEntity} in ${+applicationName}' for bn
2026-06-20 11:44:18.030 appintentsnltrainingprocessor[96703:3729516] Training 'Record with ${+applicationName}|Record ${VoxEntity} with ${+applicationName}|Start ${VoxEntity} in ${+applicationName}' for it
2026-06-20 11:44:18.030 appintentsnltrainingprocessor[96703:3729516] Training 'Record with ${+applicationName}|Record ${VoxEntity} with ${+applicationName}|Start ${VoxEntity} in ${+applicationName}' for ru
2026-06-20 11:44:18.030 appintentsnltrainingprocessor[96703:3729516] Training 'Record with ${+applicationName}|Record ${VoxEntity} with ${+applicationName}|Start ${VoxEntity} in ${+applicationName}' for tr
2026-06-20 11:44:18.030 appintentsnltrainingprocessor[96703:3729516] Training 'Record with ${+applicationName}|Record ${VoxEntity} with ${+applicationName}|Start ${VoxEntity} in ${+applicationName}' for fr
2026-06-20 11:44:18.030 appintentsnltrainingprocessor[96703:3729516] Training 'Record with ${+applicationName}|Record ${VoxEntity} with ${+applicationName}|Start ${VoxEntity} in ${+applicationName}' for zh-Hant
2026-06-20 11:44:18.030 appintentsnltrainingprocessor[96703:3729516] Training 'Record with ${+applicationName}|Record ${VoxEntity} with ${+applicationName}|Start ${VoxEntity} in ${+applicationName}' for ur
2026-06-20 11:44:18.031 appintentsnltrainingprocessor[96703:3729516] Training 'Record with ${+applicationName}|Record ${VoxEntity} with ${+applicationName}|Start ${VoxEntity} in ${+applicationName}' for th
2026-06-20 11:44:18.031 appintentsnltrainingprocessor[96703:3729516] Training 'Record with ${+applicationName}|Record ${VoxEntity} with ${+applicationName}|Start ${VoxEntity} in ${+applicationName}' for hi
2026-06-20 11:44:18.031 appintentsnltrainingprocessor[96703:3729516] Training 'Record with ${+applicationName}|Record ${VoxEntity} with ${+applicationName}|Start ${VoxEntity} in ${+applicationName}' for de
2026-06-20 11:44:18.031 appintentsnltrainingprocessor[96703:3729516] Training 'Record with ${+applicationName}|Record ${VoxEntity} with ${+applicationName}|Start ${VoxEntity} in ${+applicationName}' for pl
2026-06-20 11:44:18.031 appintentsnltrainingprocessor[96703:3729516] Training 'Record with ${+applicationName}|Record ${VoxEntity} with ${+applicationName}|Start ${VoxEntity} in ${+applicationName}' for vi
2026-06-20 11:44:18.031 appintentsnltrainingprocessor[96703:3729516] Training 'Record with ${+applicationName}|Record ${VoxEntity} with ${+applicationName}|Start ${VoxEntity} in ${+applicationName}' for ko
2026-06-20 11:44:18.031 appintentsnltrainingprocessor[96703:3729516] Training 'Record with ${+applicationName}|Record ${VoxEntity} with ${+applicationName}|Start ${VoxEntity} in ${+applicationName}' for zh-Hans
2026-06-20 11:44:18.031 appintentsnltrainingprocessor[96703:3729516] Training 'Record with ${+applicationName}|Record ${VoxEntity} with ${+applicationName}|Start ${VoxEntity} in ${+applicationName}' for ar
2026-06-20 11:44:18.031 appintentsnltrainingprocessor[96703:3729516] Training 'Record with ${+applicationName}|Record ${VoxEntity} with ${+applicationName}|Start ${VoxEntity} in ${+applicationName}' for es
2026-06-20 11:44:18.031 appintentsnltrainingprocessor[96703:3729516] Training 'Record with ${+applicationName}|Record ${VoxEntity} with ${+applicationName}|Start ${VoxEntity} in ${+applicationName}' for uk
2026-06-20 11:44:18.031 appintentsnltrainingprocessor[96703:3729516] Training 'Record with ${+applicationName}|Record ${VoxEntity} with ${+applicationName}|Start ${VoxEntity} in ${+applicationName}' for ta
2026-06-20 11:44:18.031 appintentsnltrainingprocessor[96703:3729516] Training 'Record with ${+applicationName}|Record ${VoxEntity} with ${+applicationName}|Start ${VoxEntity} in ${+applicationName}' for pt-BR
2026-06-20 11:44:18.031 appintentsnltrainingprocessor[96703:3729516] Training Negative Phrases '' for en
2026-06-20 11:44:18.031 appintentsnltrainingprocessor[96703:3729516] Training Negative Phrases '' for id
2026-06-20 11:44:18.031 appintentsnltrainingprocessor[96703:3729516] Training Negative Phrases '' for nl
2026-06-20 11:44:18.031 appintentsnltrainingprocessor[96703:3729516] Training Negative Phrases '' for ja
2026-06-20 11:44:18.031 appintentsnltrainingprocessor[96703:3729516] Training Negative Phrases '' for bn
2026-06-20 11:44:18.031 appintentsnltrainingprocessor[96703:3729516] Training Negative Phrases '' for it
2026-06-20 11:44:18.031 appintentsnltrainingprocessor[96703:3729516] Training Negative Phrases '' for ru
2026-06-20 11:44:18.031 appintentsnltrainingprocessor[96703:3729516] Training Negative Phrases '' for tr
2026-06-20 11:44:18.031 appintentsnltrainingprocessor[96703:3729516] Training Negative Phrases '' for fr
2026-06-20 11:44:18.031 appintentsnltrainingprocessor[96703:3729516] Training Negative Phrases '' for zh-Hant
2026-06-20 11:44:18.031 appintentsnltrainingprocessor[96703:3729516] Training Negative Phrases '' for ur
2026-06-20 11:44:18.031 appintentsnltrainingprocessor[96703:3729516] Training Negative Phrases '' for th
2026-06-20 11:44:18.031 appintentsnltrainingprocessor[96703:3729516] Training Negative Phrases '' for hi
2026-06-20 11:44:18.031 appintentsnltrainingprocessor[96703:3729516] Training Negative Phrases '' for de
2026-06-20 11:44:18.031 appintentsnltrainingprocessor[96703:3729516] Training Negative Phrases '' for pl
2026-06-20 11:44:18.031 appintentsnltrainingprocessor[96703:3729516] Training Negative Phrases '' for vi
2026-06-20 11:44:18.031 appintentsnltrainingprocessor[96703:3729516] Training Negative Phrases '' for ko
2026-06-20 11:44:18.031 appintentsnltrainingprocessor[96703:3729516] Training Negative Phrases '' for zh-Hans
2026-06-20 11:44:18.031 appintentsnltrainingprocessor[96703:3729516] Training Negative Phrases '' for ar
2026-06-20 11:44:18.031 appintentsnltrainingprocessor[96703:3729516] Training Negative Phrases '' for es
2026-06-20 11:44:18.031 appintentsnltrainingprocessor[96703:3729516] Training Negative Phrases '' for uk
2026-06-20 11:44:18.031 appintentsnltrainingprocessor[96703:3729516] Training Negative Phrases '' for ta
2026-06-20 11:44:18.031 appintentsnltrainingprocessor[96703:3729516] Training Negative Phrases '' for pt-BR
2026-06-20 11:44:18.031 appintentsnltrainingprocessor[96703:3729516] Application name 'Voxboard' for en
2026-06-20 11:44:18.031 appintentsnltrainingprocessor[96703:3729516] Application name 'Voxboard' for id
2026-06-20 11:44:18.031 appintentsnltrainingprocessor[96703:3729516] Application name 'Voxboard' for nl
2026-06-20 11:44:18.031 appintentsnltrainingprocessor[96703:3729516] Application name 'Voxboard' for ja
2026-06-20 11:44:18.031 appintentsnltrainingprocessor[96703:3729516] Application name 'Voxboard' for bn
2026-06-20 11:44:18.031 appintentsnltrainingprocessor[96703:3729516] Application name 'Voxboard' for it
2026-06-20 11:44:18.031 appintentsnltrainingprocessor[96703:3729516] Application name 'Voxboard' for ru
2026-06-20 11:44:18.031 appintentsnltrainingprocessor[96703:3729516] Application name 'Voxboard' for tr
2026-06-20 11:44:18.032 appintentsnltrainingprocessor[96703:3729516] Application name 'Voxboard' for fr
2026-06-20 11:44:18.032 appintentsnltrainingprocessor[96703:3729516] Application name 'Voxboard' for zh-Hant
2026-06-20 11:44:18.032 appintentsnltrainingprocessor[96703:3729516] Application name 'Voxboard' for ur
2026-06-20 11:44:18.032 appintentsnltrainingprocessor[96703:3729516] Application name 'Voxboard' for th
2026-06-20 11:44:18.032 appintentsnltrainingprocessor[96703:3729516] Application name 'Voxboard' for hi
2026-06-20 11:44:18.032 appintentsnltrainingprocessor[96703:3729516] Application name 'Voxboard' for de
2026-06-20 11:44:18.032 appintentsnltrainingprocessor[96703:3729516] Application name 'Voxboard' for pl
2026-06-20 11:44:18.032 appintentsnltrainingprocessor[96703:3729516] Application name 'Voxboard' for vi
2026-06-20 11:44:18.032 appintentsnltrainingprocessor[96703:3729516] Application name 'Voxboard' for ko
2026-06-20 11:44:18.032 appintentsnltrainingprocessor[96703:3729516] Application name 'Voxboard' for zh-Hans
2026-06-20 11:44:18.032 appintentsnltrainingprocessor[96703:3729516] Application name 'Voxboard' for ar
2026-06-20 11:44:18.032 appintentsnltrainingprocessor[96703:3729516] Application name 'Voxboard' for es
2026-06-20 11:44:18.032 appintentsnltrainingprocessor[96703:3729516] Application name 'Voxboard' for uk
2026-06-20 11:44:18.032 appintentsnltrainingprocessor[96703:3729516] Application name 'Voxboard' for ta
2026-06-20 11:44:18.032 appintentsnltrainingprocessor[96703:3729516] Application name 'Voxboard' for pt-BR
2026-06-20 11:44:18.063 appintentsnltrainingprocessor[96703:3729516] Generated AppIntents SSU YAML files in file:///tmp/voxboard-notelet-verify-derived/Build/Intermediates.noindex/Voxboard.build/Debug-iphonesimulator/Voxboard.build/ssu/
2026-06-20 11:44:18.064 appintentsnltrainingprocessor[96703:3729516] Copied AppIntents SSU YAML files to file:///tmp/voxboard-notelet-verify-derived/Build/Products/Debug-iphonesimulator/Voxboard.app/Metadata.appintents/
Archiving all locales.

[------------------------------------------------------------] 0% archiving tr
[🁢🁢----------------------------------------------------------] 4% archived tr
[🁢🁢----------------------------------------------------------] 4% archiving ur
[🁢🁢🁢🁢🁢-------------------------------------------------------] 8% archived ur
[🁢🁢🁢🁢🁢-------------------------------------------------------] 8% archiving nl
[🁢🁢🁢🁢🁢🁢🁢-----------------------------------------------------] 13% archived nl
[🁢🁢🁢🁢🁢🁢🁢-----------------------------------------------------] 13% archiving ja
[🁢🁢🁢🁢🁢🁢🁢🁢🁢🁢--------------------------------------------------] 17% archived ja
[🁢🁢🁢🁢🁢🁢🁢🁢🁢🁢--------------------------------------------------] 17% archiving th
[🁢🁢🁢🁢🁢🁢🁢🁢🁢🁢🁢🁢🁢-----------------------------------------------] 21% archived th
[🁢🁢🁢🁢🁢🁢🁢🁢🁢🁢🁢🁢🁢-----------------------------------------------] 21% archiving uk
[🁢🁢🁢🁢🁢🁢🁢🁢🁢🁢🁢🁢🁢🁢🁢---------------------------------------------] 26% archived uk
[🁢🁢🁢🁢🁢🁢🁢🁢🁢🁢🁢🁢🁢🁢🁢---------------------------------------------] 26% archiving bn
[🁢🁢🁢🁢🁢🁢🁢🁢🁢🁢🁢🁢🁢🁢🁢🁢🁢🁢------------------------------------------] 30% archived bn
[🁢🁢🁢🁢🁢🁢🁢🁢🁢🁢🁢🁢🁢🁢🁢🁢🁢🁢------------------------------------------] 30% archiving pt-BR
[🁢🁢🁢🁢🁢🁢🁢🁢🁢🁢🁢🁢🁢🁢🁢🁢🁢🁢🁢🁢----------------------------------------] 34% archived pt-BR
[🁢🁢🁢🁢🁢🁢🁢🁢🁢🁢🁢🁢🁢🁢🁢🁢🁢🁢🁢🁢----------------------------------------] 34% archiving en
[🁢🁢🁢🁢🁢🁢🁢🁢🁢🁢🁢🁢🁢🁢🁢🁢🁢🁢🁢🁢🁢🁢🁢-------------------------------------] 39% archived en
[🁢🁢🁢🁢🁢🁢🁢🁢🁢🁢🁢🁢🁢🁢🁢🁢🁢🁢🁢🁢🁢🁢🁢-------------------------------------] 39% archiving it
[🁢🁢🁢🁢🁢🁢🁢🁢🁢🁢🁢🁢🁢🁢🁢🁢🁢🁢🁢🁢🁢🁢🁢🁢🁢🁢----------------------------------] 43% archived it
[🁢🁢🁢🁢🁢🁢🁢🁢🁢🁢🁢🁢🁢🁢🁢🁢🁢🁢🁢🁢🁢🁢🁢🁢🁢🁢----------------------------------] 43% archiving ru
[🁢🁢🁢🁢🁢🁢🁢🁢🁢🁢🁢🁢🁢🁢🁢🁢🁢🁢🁢🁢🁢🁢🁢🁢🁢🁢🁢🁢--------------------------------] 47% archived ru
[🁢🁢🁢🁢🁢🁢🁢🁢🁢🁢🁢🁢🁢🁢🁢🁢🁢🁢🁢🁢🁢🁢🁢🁢🁢🁢🁢🁢--------------------------------] 47% archiving pl
[🁢🁢🁢🁢🁢🁢🁢🁢🁢🁢🁢🁢🁢🁢🁢🁢🁢🁢🁢🁢🁢🁢🁢🁢🁢🁢🁢🁢🁢🁢🁢-----------------------------] 52% archived pl
[🁢🁢🁢🁢🁢🁢🁢🁢🁢🁢🁢🁢🁢🁢🁢🁢🁢🁢🁢🁢🁢🁢🁢🁢🁢🁢🁢🁢🁢🁢🁢-----------------------------] 52% archiving vi
[🁢🁢🁢🁢🁢🁢🁢🁢🁢🁢🁢🁢🁢🁢🁢🁢🁢🁢🁢🁢🁢🁢🁢🁢🁢🁢🁢🁢🁢🁢🁢🁢🁢---------------------------] 56% archived vi
[🁢🁢🁢🁢🁢🁢🁢🁢🁢🁢🁢🁢🁢🁢🁢🁢🁢🁢🁢🁢🁢🁢🁢🁢🁢🁢🁢🁢🁢🁢🁢🁢🁢---------------------------] 56% archiving ta
[🁢🁢🁢🁢🁢🁢🁢🁢🁢🁢🁢🁢🁢🁢🁢🁢🁢🁢🁢🁢🁢🁢🁢🁢🁢🁢🁢🁢🁢🁢🁢🁢🁢🁢🁢🁢------------------------] 60% archived ta
[🁢🁢🁢🁢🁢🁢🁢🁢🁢🁢🁢🁢🁢🁢🁢🁢🁢🁢🁢🁢🁢🁢🁢🁢🁢🁢🁢🁢🁢🁢🁢🁢🁢🁢🁢🁢------------------------] 60% archiving ar
[🁢🁢🁢🁢🁢🁢🁢🁢🁢🁢🁢🁢🁢🁢🁢🁢🁢🁢🁢🁢🁢🁢🁢🁢🁢🁢🁢🁢🁢🁢🁢🁢🁢🁢🁢🁢🁢🁢🁢---------------------] 65% archived ar
[🁢🁢🁢🁢🁢🁢🁢🁢🁢🁢🁢🁢🁢🁢🁢🁢🁢🁢🁢🁢🁢🁢🁢🁢🁢🁢🁢🁢🁢🁢🁢🁢🁢🁢🁢🁢🁢🁢🁢---------------------] 65% archiving zh-Hant
[🁢🁢🁢🁢🁢🁢🁢🁢🁢🁢🁢🁢🁢🁢🁢🁢🁢🁢🁢🁢🁢🁢🁢🁢🁢🁢🁢🁢🁢🁢🁢🁢🁢🁢🁢🁢🁢🁢🁢🁢🁢-------------------] 69% archived zh-Hant
[🁢🁢🁢🁢🁢🁢🁢🁢🁢🁢🁢🁢🁢🁢🁢🁢🁢🁢🁢🁢🁢🁢🁢🁢🁢🁢🁢🁢🁢🁢🁢🁢🁢🁢🁢🁢🁢🁢🁢🁢🁢-------------------] 69% archiving de
[🁢🁢🁢🁢🁢🁢🁢🁢🁢🁢🁢🁢🁢🁢🁢🁢🁢🁢🁢🁢🁢🁢🁢🁢🁢🁢🁢🁢🁢🁢🁢🁢🁢🁢🁢🁢🁢🁢🁢🁢🁢🁢🁢🁢----------------] 73% archived de
[🁢🁢🁢🁢🁢🁢🁢🁢🁢🁢🁢🁢🁢🁢🁢🁢🁢🁢🁢🁢🁢🁢🁢🁢🁢🁢🁢🁢🁢🁢🁢🁢🁢🁢🁢🁢🁢🁢🁢🁢🁢🁢🁢🁢----------------] 73% archiving es
[🁢🁢🁢🁢🁢🁢🁢🁢🁢🁢🁢🁢🁢🁢🁢🁢🁢🁢🁢🁢🁢🁢🁢🁢🁢🁢🁢🁢🁢🁢🁢🁢🁢🁢🁢🁢🁢🁢🁢🁢🁢🁢🁢🁢🁢🁢--------------] 78% archived es
[🁢🁢🁢🁢🁢🁢🁢🁢🁢🁢🁢🁢🁢🁢🁢🁢🁢🁢🁢🁢🁢🁢🁢🁢🁢🁢🁢🁢🁢🁢🁢🁢🁢🁢🁢🁢🁢🁢🁢🁢🁢🁢🁢🁢🁢🁢--------------] 78% archiving id
[🁢🁢🁢🁢🁢🁢🁢🁢🁢🁢🁢🁢🁢🁢🁢🁢🁢🁢🁢🁢🁢🁢🁢🁢🁢🁢🁢🁢🁢🁢🁢🁢🁢🁢🁢🁢🁢🁢🁢🁢🁢🁢🁢🁢🁢🁢🁢🁢🁢-----------] 82% archived id
[🁢🁢🁢🁢🁢🁢🁢🁢🁢🁢🁢🁢🁢🁢🁢🁢🁢🁢🁢🁢🁢🁢🁢🁢🁢🁢🁢🁢🁢🁢🁢🁢🁢🁢🁢🁢🁢🁢🁢🁢🁢🁢🁢🁢🁢🁢🁢🁢🁢-----------] 82% archiving hi
[🁢🁢🁢🁢🁢🁢🁢🁢🁢🁢🁢🁢🁢🁢🁢🁢🁢🁢🁢🁢🁢🁢🁢🁢🁢🁢🁢🁢🁢🁢🁢🁢🁢🁢🁢🁢🁢🁢🁢🁢🁢🁢🁢🁢🁢🁢🁢🁢🁢🁢🁢🁢--------] 86% archived hi
[🁢🁢🁢🁢🁢🁢🁢🁢🁢🁢🁢🁢🁢🁢🁢🁢🁢🁢🁢🁢🁢🁢🁢🁢🁢🁢🁢🁢🁢🁢🁢🁢🁢🁢🁢🁢🁢🁢🁢🁢🁢🁢🁢🁢🁢🁢🁢🁢🁢🁢🁢🁢--------] 86% archiving ko
[🁢🁢🁢🁢🁢🁢🁢🁢🁢🁢🁢🁢🁢🁢🁢🁢🁢🁢🁢🁢🁢🁢🁢🁢🁢🁢🁢🁢🁢🁢🁢🁢🁢🁢🁢🁢🁢🁢🁢🁢🁢🁢🁢🁢🁢🁢🁢🁢🁢🁢🁢🁢🁢🁢------] 91% archived ko
[🁢🁢🁢🁢🁢🁢🁢🁢🁢🁢🁢🁢🁢🁢🁢🁢🁢🁢🁢🁢🁢🁢🁢🁢🁢🁢🁢🁢🁢🁢🁢🁢🁢🁢🁢🁢🁢🁢🁢🁢🁢🁢🁢🁢🁢🁢🁢🁢🁢🁢🁢🁢🁢🁢------] 91% archiving zh-Hans
[🁢🁢🁢🁢🁢🁢🁢🁢🁢🁢🁢🁢🁢🁢🁢🁢🁢🁢🁢🁢🁢🁢🁢🁢🁢🁢🁢🁢🁢🁢🁢🁢🁢🁢🁢🁢🁢🁢🁢🁢🁢🁢🁢🁢🁢🁢🁢🁢🁢🁢🁢🁢🁢🁢🁢🁢🁢---] 95% archived zh-Hans
[🁢🁢🁢🁢🁢🁢🁢🁢🁢🁢🁢🁢🁢🁢🁢🁢🁢🁢🁢🁢🁢🁢🁢🁢🁢🁢🁢🁢🁢🁢🁢🁢🁢🁢🁢🁢🁢🁢🁢🁢🁢🁢🁢🁢🁢🁢🁢🁢🁢🁢🁢🁢🁢🁢🁢🁢🁢---] 95% archiving fr
[🁢🁢🁢🁢🁢🁢🁢🁢🁢🁢🁢🁢🁢🁢🁢🁢🁢🁢🁢🁢🁢🁢🁢🁢🁢🁢🁢🁢🁢🁢🁢🁢🁢🁢🁢🁢🁢🁢🁢🁢🁢🁢🁢🁢🁢🁢🁢🁢🁢🁢🁢🁢🁢🁢🁢🁢🁢🁢🁢🁢] 100% archived fr
[🁢🁢🁢🁢🁢🁢🁢🁢🁢🁢🁢🁢🁢🁢🁢🁢🁢🁢🁢🁢🁢🁢🁢🁢🁢🁢🁢🁢🁢🁢🁢🁢🁢🁢🁢🁢🁢🁢🁢🁢🁢🁢🁢🁢🁢🁢🁢🁢🁢🁢🁢🁢🁢🁢🁢🁢🁢🁢🁢🁢] 100% archived 23 locales/tmp/voxboard-notelet-verify-derived/Build/Products/Debug-iphonesimulator/Voxboard.app/tr.lproj/nlu.appintents
/tmp/voxboard-notelet-verify-derived/Build/Products/Debug-iphonesimulator/Voxboard.app/tr.lproj/nlu.appintents/dbe6f98b55e1d7f397b8259e7dcd77a2.version
/tmp/voxboard-notelet-verify-derived/Build/Products/Debug-iphonesimulator/Voxboard.app/ur.lproj/nlu.appintents
/tmp/voxboard-notelet-verify-derived/Build/Products/Debug-iphonesimulator/Voxboard.app/ur.lproj/nlu.appintents/0d693d43b4729b8cc8f115e7321a597a.version
/tmp/voxboard-notelet-verify-derived/Build/Products/Debug-iphonesimulator/Voxboard.app/nl.lproj/nlu.appintents
/tmp/voxboard-notelet-verify-derived/Build/Products/Debug-iphonesimulator/Voxboard.app/nl.lproj/nlu.appintents/89c379fde4cebaffd649807a3d9d78fa.version
/tmp/voxboard-notelet-verify-derived/Build/Products/Debug-iphonesimulator/Voxboard.app/ja.lproj/nlu.appintents
/tmp/voxboard-notelet-verify-derived/Build/Products/Debug-iphonesimulator/Voxboard.app/ja.lproj/nlu.appintents/9880f7bf565687b9cec14ba02c576005.version
/tmp/voxboard-notelet-verify-derived/Build/Products/Debug-iphonesimulator/Voxboard.app/th.lproj/nlu.appintents
/tmp/voxboard-notelet-verify-derived/Build/Products/Debug-iphonesimulator/Voxboard.app/th.lproj/nlu.appintents/1f31b11a784d19d74f83cd826bbc0589.version
/tmp/voxboard-notelet-verify-derived/Build/Products/Debug-iphonesimulator/Voxboard.app/uk.lproj/nlu.appintents
/tmp/voxboard-notelet-verify-derived/Build/Products/Debug-iphonesimulator/Voxboard.app/uk.lproj/nlu.appintents/378e7655a1319703a3c4346a6f3f134c.version
/tmp/voxboard-notelet-verify-derived/Build/Products/Debug-iphonesimulator/Voxboard.app/bn.lproj/nlu.appintents
/tmp/voxboard-notelet-verify-derived/Build/Products/Debug-iphonesimulator/Voxboard.app/bn.lproj/nlu.appintents/4744bb1aa828646a41d08b4e1845a329.version
/tmp/voxboard-notelet-verify-derived/Build/Products/Debug-iphonesimulator/Voxboard.app/pt-BR.lproj/nlu.appintents
/tmp/voxboard-notelet-verify-derived/Build/Products/Debug-iphonesimulator/Voxboard.app/pt-BR.lproj/nlu.appintents/2059f50b0189084d6045e58e5fa20a84.version
/tmp/voxboard-notelet-verify-derived/Build/Products/Debug-iphonesimulator/Voxboard.app/en.lproj/nlu.appintents
/tmp/voxboard-notelet-verify-derived/Build/Products/Debug-iphonesimulator/Voxboard.app/en.lproj/nlu.appintents/7d22f7bf764e9ac1cc41ea844b6b7a7d.version
/tmp/voxboard-notelet-verify-derived/Build/Products/Debug-iphonesimulator/Voxboard.app/it.lproj/nlu.appintents
/tmp/voxboard-notelet-verify-derived/Build/Products/Debug-iphonesimulator/Voxboard.app/it.lproj/nlu.appintents/f300274f91666313e45fccb95b5cfd44.version
/tmp/voxboard-notelet-verify-derived/Build/Products/Debug-iphonesimulator/Voxboard.app/ru.lproj/nlu.appintents
/tmp/voxboard-notelet-verify-derived/Build/Products/Debug-iphonesimulator/Voxboard.app/ru.lproj/nlu.appintents/8919e64d9dd586950aa0ea71c069346d.version
/tmp/voxboard-notelet-verify-derived/Build/Products/Debug-iphonesimulator/Voxboard.app/pl.lproj/nlu.appintents
/tmp/voxboard-notelet-verify-derived/Build/Products/Debug-iphonesimulator/Voxboard.app/pl.lproj/nlu.appintents/f3e1289fc9be1852c6154f28872bba56.version
/tmp/voxboard-notelet-verify-derived/Build/Products/Debug-iphonesimulator/Voxboard.app/vi.lproj/nlu.appintents
/tmp/voxboard-notelet-verify-derived/Build/Products/Debug-iphonesimulator/Voxboard.app/vi.lproj/nlu.appintents/651a0961abdbb6e862b4bd697c0eff62.version
/tmp/voxboard-notelet-verify-derived/Build/Products/Debug-iphonesimulator/Voxboard.app/ta.lproj/nlu.appintents
/tmp/voxboard-notelet-verify-derived/Build/Products/Debug-iphonesimulator/Voxboard.app/ta.lproj/nlu.appintents/5e58df1fdc6880776e076b110da05da0.version
/tmp/voxboard-notelet-verify-derived/Build/Products/Debug-iphonesimulator/Voxboard.app/ar.lproj/nlu.appintents
/tmp/voxboard-notelet-verify-derived/Build/Products/Debug-iphonesimulator/Voxboard.app/ar.lproj/nlu.appintents/2f692dd80ebca18c68a9f8498b17ce49.version
/tmp/voxboard-notelet-verify-derived/Build/Products/Debug-iphonesimulator/Voxboard.app/zh-Hant.lproj/nlu.appintents
/tmp/voxboard-notelet-verify-derived/Build/Products/Debug-iphonesimulator/Voxboard.app/zh-Hant.lproj/nlu.appintents/561104fe78267a142034361cd924f461.version
/tmp/voxboard-notelet-verify-derived/Build/Products/Debug-iphonesimulator/Voxboard.app/de.lproj/nlu.appintents
/tmp/voxboard-notelet-verify-derived/Build/Products/Debug-iphonesimulator/Voxboard.app/de.lproj/nlu.appintents/91d8f0f68c557839d212483a1d52295d.version
/tmp/voxboard-notelet-verify-derived/Build/Products/Debug-iphonesimulator/Voxboard.app/es.lproj/nlu.appintents
/tmp/voxboard-notelet-verify-derived/Build/Products/Debug-iphonesimulator/Voxboard.app/es.lproj/nlu.appintents/80b61c0adf7cb9e0a709afb8f311fdc1.version
/tmp/voxboard-notelet-verify-derived/Build/Products/Debug-iphonesimulator/Voxboard.app/id.lproj/nlu.appintents
/tmp/voxboard-notelet-verify-derived/Build/Products/Debug-iphonesimulator/Voxboard.app/id.lproj/nlu.appintents/0fdecdf6a6dd56e787a8effd3996a3cd.version
/tmp/voxboard-notelet-verify-derived/Build/Products/Debug-iphonesimulator/Voxboard.app/hi.lproj/nlu.appintents
/tmp/voxboard-notelet-verify-derived/Build/Products/Debug-iphonesimulator/Voxboard.app/hi.lproj/nlu.appintents/864d842d0e8a24401979b3063c4692bb.version
/tmp/voxboard-notelet-verify-derived/Build/Products/Debug-iphonesimulator/Voxboard.app/ko.lproj/nlu.appintents
/tmp/voxboard-notelet-verify-derived/Build/Products/Debug-iphonesimulator/Voxboard.app/ko.lproj/nlu.appintents/d062d315e60dc8d6c50aac4f40d798b2.version
/tmp/voxboard-notelet-verify-derived/Build/Products/Debug-iphonesimulator/Voxboard.app/zh-Hans.lproj/nlu.appintents
/tmp/voxboard-notelet-verify-derived/Build/Products/Debug-iphonesimulator/Voxboard.app/zh-Hans.lproj/nlu.appintents/3892b88f17a7435435f683950156aa22.version
/tmp/voxboard-notelet-verify-derived/Build/Products/Debug-iphonesimulator/Voxboard.app/fr.lproj/nlu.appintents
/tmp/voxboard-notelet-verify-derived/Build/Products/Debug-iphonesimulator/Voxboard.app/fr.lproj/nlu.appintents/0186d5e678a548b6b63a6a4b6c058ad0.version


CodeSign /tmp/voxboard-notelet-verify-derived/Build/Products/Debug-iphonesimulator/Voxboard.app/Voxboard.debug.dylib (in target 'Voxboard' from project 'Voxboard')
    cd /Users/codybontecou/projects/Voxboard

    Signing Identity:     "Sign to Run Locally"

    /usr/bin/codesign --force --sign - --timestamp\=none --generate-entitlement-der /tmp/voxboard-notelet-verify-derived/Build/Products/Debug-iphonesimulator/Voxboard.app/Voxboard.debug.dylib

CodeSign /tmp/voxboard-notelet-verify-derived/Build/Products/Debug-iphonesimulator/Voxboard.app/__preview.dylib (in target 'Voxboard' from project 'Voxboard')
    cd /Users/codybontecou/projects/Voxboard

    Signing Identity:     "Sign to Run Locally"

    /usr/bin/codesign --force --sign - --timestamp\=none --generate-entitlement-der /tmp/voxboard-notelet-verify-derived/Build/Products/Debug-iphonesimulator/Voxboard.app/__preview.dylib

CodeSign /tmp/voxboard-notelet-verify-derived/Build/Products/Debug-iphonesimulator/Voxboard.app (in target 'Voxboard' from project 'Voxboard')
    cd /Users/codybontecou/projects/Voxboard

    Signing Identity:     "Sign to Run Locally"

    /usr/bin/codesign --force --sign - --entitlements /tmp/voxboard-notelet-verify-derived/Build/Intermediates.noindex/Voxboard.build/Debug-iphonesimulator/Voxboard.build/Voxboard.app.xcent --timestamp\=none --generate-entitlement-der /tmp/voxboard-notelet-verify-derived/Build/Products/Debug-iphonesimulator/Voxboard.app

ValidateEmbeddedBinary /tmp/voxboard-notelet-verify-derived/Build/Products/Debug-iphonesimulator/Voxboard.app/PlugIns/Voxboard\ WidgetExtension.appex (in target 'Voxboard' from project 'Voxboard')
    cd /Users/codybontecou/projects/Voxboard
    /Applications/Xcode.app/Contents/Developer/usr/bin/embeddedBinaryValidationUtility /tmp/voxboard-notelet-verify-derived/Build/Products/Debug-iphonesimulator/Voxboard.app/PlugIns/Voxboard\ WidgetExtension.appex -signing-cert - -info-plist-path /tmp/voxboard-notelet-verify-derived/Build/Products/Debug-iphonesimulator/Voxboard.app/Info.plist

ValidateEmbeddedBinary /tmp/voxboard-notelet-verify-derived/Build/Products/Debug-iphonesimulator/Voxboard.app/PlugIns/Voxboard\ Keyboard.appex (in target 'Voxboard' from project 'Voxboard')
    cd /Users/codybontecou/projects/Voxboard
    /Applications/Xcode.app/Contents/Developer/usr/bin/embeddedBinaryValidationUtility /tmp/voxboard-notelet-verify-derived/Build/Products/Debug-iphonesimulator/Voxboard.app/PlugIns/Voxboard\ Keyboard.appex -signing-cert - -info-plist-path /tmp/voxboard-notelet-verify-derived/Build/Products/Debug-iphonesimulator/Voxboard.app/Info.plist

ValidateEmbeddedBinary /tmp/voxboard-notelet-verify-derived/Build/Products/Debug-iphonesimulator/Voxboard.app/Watch/Voxboard\ Watch.app (in target 'Voxboard' from project 'Voxboard')
    cd /Users/codybontecou/projects/Voxboard
    /Applications/Xcode.app/Contents/Developer/usr/bin/embeddedBinaryValidationUtility /tmp/voxboard-notelet-verify-derived/Build/Products/Debug-iphonesimulator/Voxboard.app/Watch/Voxboard\ Watch.app -signing-cert - -info-plist-path /tmp/voxboard-notelet-verify-derived/Build/Products/Debug-iphonesimulator/Voxboard.app/Info.plist

RegisterExecutionPolicyException /tmp/voxboard-notelet-verify-derived/Build/Products/Debug-iphonesimulator/Voxboard.app (in target 'Voxboard' from project 'Voxboard')
    cd /Users/codybontecou/projects/Voxboard
    builtin-RegisterExecutionPolicyException /tmp/voxboard-notelet-verify-derived/Build/Products/Debug-iphonesimulator/Voxboard.app

Validate /tmp/voxboard-notelet-verify-derived/Build/Products/Debug-iphonesimulator/Voxboard.app (in target 'Voxboard' from project 'Voxboard')
    cd /Users/codybontecou/projects/Voxboard
    builtin-validationUtility /tmp/voxboard-notelet-verify-derived/Build/Products/Debug-iphonesimulator/Voxboard.app -shallow-bundle -infoplist-subpath Info.plist

Touch /tmp/voxboard-notelet-verify-derived/Build/Products/Debug-iphonesimulator/Voxboard.app (in target 'Voxboard' from project 'Voxboard')
    cd /Users/codybontecou/projects/Voxboard
    /usr/bin/touch -c /tmp/voxboard-notelet-verify-derived/Build/Products/Debug-iphonesimulator/Voxboard.app

** BUILD SUCCEEDED **
